age,income,credit_amount,employment_years,existing_loans,credit_card_usage,default
56,32952.264678517924,144447.00027965187,2.564927678726826,2,0.7010226500949179,0
69,59507.3122138402,117669.68987294784,5.101342988799296,2,0.6225683810552795,1
46,62649.08433284602,129982.18203625176,3.2055328317950242,4,0.5792499199404496,0
32,40516.4364979207,163584.83957612788,0.10729549998658675,0,0.5310196292654369,0
60,34564.5608521425,92501.68544145695,8.42035223971856,2,0.36753749886657383,0
25,82190.41331551946,44228.99982348969,0.6004297045312827,0,0.7687168666307302,1
38,54549.91751464107,165056.49260892865,3.1189445675098275,2,0.9220241650726186,1
56,62719.35501423476,73511.08739846408,4.336321917605078,1,0.4399891891984298,1
36,33558.47976344145,65483.09383280477,6.112484168171006,1,0.40908860594689456,0
40,25614.310669556126,10190.112233272434,2.644918570221333,2,0.1627275570844533,0
28,38611.00451015779,128564.15265821482,6.650486801467954,2,0.6707088053140171,0
28,47519.57225220006,18927.36877238893,0.7040754708561918,2,0.5580922633778134,1
41,28715.599863653024,62487.059615413156,5.298576624254646,0,0.987997996237808,0
53,49803.10382699234,129411.83972575294,8.75324869500669,2,0.584323166769958,1
57,16229.896238629997,136096.0626204186,11.011164266887079,2,0.2886108661948892,1
41,27599.051550602555,67414.79258908832,4.33234473758559,2,0.5629406617279221,1
20,63418.224965537505,93292.33365037973,1.8763422414262818,0,0.9846952327210784,0
39,62075.81040555788,56370.27367969234,0.8917861957576865,3,0.7233351800241498,1
19,42162.46469226267,72580.16060944086,2.119867326179662,1,0.12857730876994367,1
41,29644.71381846094,113310.76300764535,3.8823654025847194,2,0.3431626183319463,1
61,29451.92896947978,74917.66606017711,1.0928341026600328,6,0.2986849610525695,0
47,42534.63508117372,87789.24799121654,15.236697106267272,1,0.8568237789874162,0
55,62890.369832905824,26764.66591912166,11.371709996719392,1,0.6111628481612074,0
19,68564.91382688649,156647.80824030688,0.16756259299482068,2,0.8101019962326655,1
38,40069.36529036062,125503.3296585533,4.127245768784681,0,0.17624605343347766,1
50,26930.151480304325,139645.26859186008,7.786808391476473,1,0.90803490496635,1
29,55356.872757326666,164521.26623084312,1.4077840838488151,3,0.058310997095601946,0
39,33529.30058748301,58739.35622271418,3.7105972466708828,0,0.3748371871207484,0
61,39634.947222775954,82080.27584859882,2.6043114686769715,2,0.014149044286431933,1
42,76505.52180874076,5258.281620889451,1.0941783691475322,0,0.18427949410697408,0
66,66542.30857131536,257021.14550511187,4.769150287146339,0,0.9622258658374313,1
44,53159.48624502903,92520.73423413119,25.329822086557794,1,0.07849533139047571,0
59,24561.619977745544,151936.39499574562,2.272913804185172,3,0.14540657737161078,0
45,54227.93134941318,38091.94278322706,4.019042026089699,4,0.92484902624552,1
33,71253.14581575053,149819.42128215046,1.9864035712503698,0,0.7101745639395534,1
32,42487.32668468929,192879.5438324833,10.475766306347916,4,0.40696440864167316,0
64,77022.28179973431,96985.96254860093,9.997709313739243,2,0.06876581738833432,0
68,75854.90579036414,49455.925170519935,0.9847809403214737,0,0.7850389590792439,0
61,83274.65664286946,93060.17995272319,11.510369830111507,1,0.49272660547565583,0
69,56104.862530627055,1000.0,0.8214773038951029,1,0.32301686632399207,0
20,61747.833996120244,98105.6649489079,0.5015329836027862,3,0.36075042547508007,1
54,78283.7457666218,141048.3569656498,5.291210447061894,1,0.5052775379745039,0
68,58947.878741379514,98212.11778132428,2.43802091832365,1,0.5512328230781661,0
24,39975.31784419574,85793.02226555163,3.7829977890869255,1,0.8180987708704331,1
38,41029.14326944277,126378.40580560165,5.285971618766948,1,0.7717037220699862,0
26,54771.09907547478,130201.24234747763,0.27142164586765344,1,0.7670586915202087,1
56,24188.771561075628,17004.721874740862,1.7332918959922248,2,0.7292979863202854,0
35,47134.82169271615,104441.14811393942,3.0893295228360405,2,0.7577869151430114,1
21,71930.94236460507,221799.25621146217,1.5502342830321507,0,0.6776015251949387,1
42,10000.0,33249.187717598805,0.2510556337927643,3,0.8680234733881464,1
31,80689.6420358903,95729.05835834668,0.4533260746514939,3,0.5574542961060874,0
67,72447.48437406319,197087.30610258513,8.091078341142687,1,0.5208442596064341,1
26,40804.70768339047,155208.75782718378,12.11736993993729,0,0.701295978638867,1
43,60867.81655743619,74330.16596119692,0.8257490091676261,1,0.16600597307977494,1
19,50062.954538126534,110306.76898113018,1.4334924968686078,2,0.7769517138350426,1
37,74599.80736877366,99894.41600075884,5.281348682037123,2,0.9361558432172887,1
45,69653.66285539883,62596.40978391663,15.425197903689513,3,0.2962599648147055,0
64,21998.585536339815,96287.39462534589,1.7804449291805238,3,0.6110449571784767,0
24,61745.24826928353,86001.69335967355,9.662479536491762,2,0.03262251360104129,0
61,45887.442927135045,105637.44690383748,3.5263482529500454,2,0.765822862672667,1
25,51656.651410362,62580.84096544833,15.681716375679374,2,0.5596681731860392,0
64,35436.561980603685,36169.08998776694,0.7324096640548541,1,0.6736542846346952,0
52,84962.74138241672,97935.96133038145,18.185686961705095,0,0.1429927199418044,0
31,70801.23639805152,185755.910908939,2.9078378684738055,2,0.8094548053608013,1
34,35204.57672054065,104110.14631313982,15.28148846840471,1,0.25593633734362786,0
53,23307.787861795347,83420.31105342273,3.068817761402417,1,0.6847922032934237,0
67,42286.54738044304,137704.29025192492,3.775986764986172,0,0.5931417650302112,0
57,58690.052921826114,92084.01937023108,8.1680129475786,0,0.6537914461283671,0
21,54804.11687892446,193401.6462479555,6.411987593856189,3,0.05023728680615802,1
19,75062.65649536486,99804.37453524607,4.8327033855053125,1,0.7418505702312232,1
23,65798.39444361704,135024.85315790816,2.6976691418185372,0,0.7952497285276757,0
59,69391.38051505813,62269.78088033636,7.861634794171194,4,0.4748158231524108,0
21,56537.108012208744,125154.46266683312,14.80456127029618,1,0.40886104423708436,0
46,22214.025395780194,113754.6738471877,0.04929670452668024,1,0.3425447039548394,0
35,46086.02937706197,97174.6937670396,4.431780104056767,2,0.9278819064822702,1
43,71201.7947981733,74912.11194151398,10.048865840504027,0,0.7550682543415351,1
61,48969.54142950708,68098.49171738127,5.293774333768393,3,0.6986187272366482,0
51,60061.807372474934,114117.63319898263,8.067964106462258,3,0.9256066246254857,1
27,43625.033695077334,131446.95548482367,11.271885198185757,1,0.3487692306192136,0
53,29403.7630291631,93641.86018529342,6.950528391916305,1,0.6301380858165785,1
31,47533.11871907779,114363.39645603963,6.3118493607542785,1,0.6860568305268462,0
48,56180.94886065308,98104.26609336153,16.72586599732071,1,0.9962275433177508,1
65,36886.245610771126,104926.3012452694,9.963921926452246,2,0.4271861144071557,0
32,45285.77510286663,89977.75086613875,8.447220405076111,0,0.4001810519397775,0
25,31210.735160280346,100898.62896841542,0.45183059180988394,2,0.08448792431060081,0
31,72384.89835128191,234902.02284087133,1.365805950715019,1,0.09845248473997514,1
40,44110.88484823932,115581.71494037124,4.068174626890695,1,0.5117990605316475,1
57,79055.11090252367,132264.84792155214,6.181793129519452,0,0.17118195943770653,0
38,80574.95701081817,121901.18026640484,1.8063911376242343,1,0.07293083225695762,0
33,48379.080705565124,86859.15883514703,0.48987325394725695,0,0.9648930050352367,1
62,29831.025349053005,164699.4606645834,1.8632898798662167,2,0.9514173979083198,1
35,10000.0,85441.81147868294,7.370803548315495,4,0.3252767683489932,1
64,20559.25853946417,152752.72744712757,10.494183257240842,1,0.7898694069333043,0
41,22523.3035020268,83289.65009667756,12.203701414238017,2,0.8725490536191707,1
43,77569.39254923009,52001.37404279796,2.3810476636108566,1,0.46474706778399055,0
42,52316.49174453892,118269.81041180965,2.330365418732929,1,0.22369710576036517,0
62,57792.090481839754,44766.58219489467,2.610338490148708,1,0.12980482731078946,0
58,10000.0,126782.01125083046,2.35649809876539,0,0.14082237142510357,1
46,26040.671415654768,40292.06719543417,5.486015522781132,2,0.7969331547370067,0
32,67741.59552892574,84049.59847635734,2.2183531283641034,1,0.38441581502626276,1
62,55735.48224765172,28413.51517376292,0.10276862322858188,0,0.6935076504505486,0
18,47055.894426288054,241208.35047013647,2.8903911295723903,2,0.5386934343853417,1
42,61296.84717200245,17302.02201918428,1.2689936978612029,2,0.3946683804234553,0
24,82715.9561227163,100490.68701982022,0.14615104076327176,1,0.12381573918426048,0
26,45579.15072925899,157165.21371650067,3.182350065879615,1,0.33344898762893804,1
41,51387.39605316139,151819.29542935127,1.153072945718692,2,0.8401739208538073,1
18,53851.9383746261,142567.10610865685,3.0141729289848667,2,0.8113979369585518,0
61,97842.19270547986,84138.58058892623,1.6269196054845114,1,0.028368591965683976,0
25,10000.0,167554.4473168501,4.628030808888432,0,0.14027655837512798,1
41,63664.46029577616,145669.55454010912,23.484994944793897,2,0.7559012167332496,1
28,47703.95502481873,110614.98088302383,3.961876254247438,1,0.33573289636637527,1
68,61335.434523683594,112029.0378863296,5.20496206257228,3,0.6435910669585375,1
34,36852.54892010551,84803.86761923137,12.583581746018986,0,0.5626757389940499,0
25,49020.69938283099,54517.39870834808,2.3420278758736988,0,0.6520673153948854,1
52,64228.2115893099,161857.54877393582,0.9108985329893453,0,0.05369655092428727,1
52,112258.20402087682,165610.39968007657,1.6619837440897336,5,0.9311192055302268,1
50,66160.72378804143,55794.542948503935,2.57747370838038,0,0.020969549755315287,0
22,33038.68803938983,92310.74174269041,5.178436485507865,2,0.008032495984745314,1
59,41524.80635954594,92828.83917705355,0.022992933703117998,1,0.22615300238889735,1
56,40931.71783232292,98367.2048129845,9.59966499634639,2,0.9934959194307331,0
58,14087.1365473997,103214.74392937908,0.3957245747368882,1,0.0725324346003734,1
45,43398.196165971254,147343.07308230898,11.545790686910944,2,0.8745001740107142,1
24,64656.5816364349,62639.13457566282,14.922430863847087,1,0.1590890704433059,1
26,24515.3576184641,57682.650424367006,23.077513976129318,3,0.10910329319019085,1
25,70969.65302101185,161830.98710714874,8.290782736489607,2,0.7789703976190943,1
29,59755.49642168677,76867.76290593509,0.7649140449207391,0,0.8466787145536686,0
51,35315.333560579245,36848.23232114669,6.123719236754647,4,0.7921828884592114,1
50,47169.40725324305,75743.5028950065,1.1365190322376582,1,0.24102887918774918,0
65,81966.43615282066,83497.36323779996,11.371340918611455,7,0.879842726067651,1
40,64670.95627011731,177748.13638628824,1.9034180509167495,0,0.07188543219013832,0
41,50175.67309796296,146241.31061883687,1.9785342042949086,3,0.34197746323905953,0
54,45246.333660780314,157376.03083161212,12.484084232061113,2,0.46318312572777964,1
52,51532.18140903319,140998.6821173393,0.0665969061344159,5,0.06773527160702275,1
61,39764.728841153934,147312.1835807657,1.078147708396747,0,0.5798432785486162,1
57,10000.0,65595.8936709841,2.740321156495564,3,0.5593830170655902,0
39,90843.55821069461,90069.89223232579,6.031904629459577,1,0.9921825749081836,0
44,53106.49998398803,50504.23434882256,5.214461897200335,1,0.6216640027879551,1
52,57962.94530245074,89475.59847314833,5.534410071430882,0,0.3975456768189961,1
18,48841.84500246183,134205.24954673706,10.60223561570005,1,0.7901848475346278,0
52,35297.66398550824,106729.16424061234,0.6450249031820829,2,0.33496700417359726,1
54,46281.510381024586,165574.04094801476,3.692414401637128,0,0.5328686543725368,1
64,18012.104756113775,42929.21038863904,6.463613715101475,1,0.05546960679322077,0
31,95541.7299610661,125011.91753491199,5.054634284729374,2,0.3226657744660447,0
20,25309.76003155208,37584.8599065341,2.9738822627045494,1,0.528108014753994,1
18,29360.67432305641,104708.82345868212,0.08631366574747958,1,0.7023118937251868,1
22,41194.815912271995,137016.67112782394,0.31178326583996147,1,0.09903279037046275,1
43,75761.51449704755,89274.87165878904,0.6331552845687051,2,0.7971867291439169,1
31,50290.17998525308,127556.33020434779,2.102089881790565,0,0.9001589866512645,1
56,25277.284079390753,52013.38325835329,0.625851946681804,4,0.28103716556109415,0
44,75086.76721514679,16815.501090180856,2.7763464774689868,0,0.7653465807843041,1
26,64620.012535709626,127851.48112439015,0.9839809975912548,2,0.1803484911606943,1
32,60768.699144329046,187200.51170378661,7.551724426912466,3,0.5234158717566895,1
32,64314.68482341681,50197.7529915054,10.25865005645819,2,0.7976353650720744,0
43,97887.23801164902,161109.70900533977,2.468593164596353,2,0.3864916855784588,1
59,93701.89790072225,102171.17044082056,3.580357382206733,2,0.026300252038820915,1
30,36265.6931399341,33215.4239153462,15.341110715043534,1,0.5399673752141848,0
68,82477.69985622304,43424.734932391875,3.834052084947605,1,0.8446998729007388,0
49,57663.363795178004,100789.2386680325,26.56534402332938,2,0.10832737731459352,0
56,59981.91632275499,79776.88560379481,0.7665193222534623,0,0.029641402142510986,0
66,16154.583367133426,34354.351162088045,9.91071835128184,1,0.8090407759845862,0
69,46592.28469223608,15298.03593872975,3.437843870935745,2,0.26713257867135576,0
49,33743.5281932687,57664.033603674696,0.11488025378453198,0,0.36434370573888397,1
21,66561.17629786619,109690.45041655592,17.917724153039277,0,0.08698202990459991,0
47,71421.6100080561,99679.9623698431,16.76888359463905,0,0.09661898442446726,0
54,10000.0,74938.10212499609,2.4166265723424254,2,0.6145433569160066,0
40,49559.302719914594,110094.35971457414,15.411035818127408,0,0.5522296493464929,0
56,72437.23009588504,152001.3359931344,0.7599879100922198,1,0.29240177641425236,1
62,46266.4207537311,119706.32552170739,5.698892667189076,1,0.45273755628477486,0
32,64581.27290004729,93934.56643052096,1.065526684039334,0,0.3881977643430251,0
60,57023.309352541684,146403.60033303444,1.4161084162032145,2,0.6950529164212854,1
46,56833.20463905253,52007.48488918525,7.555603047405323,1,0.8620890248135873,0
53,44573.70043863405,88754.02302223242,2.3689185001202757,2,0.7651024194460166,1
30,25668.38391728581,89945.6032199816,0.035765124106313315,1,0.004407649668200508,1
49,27569.39705149945,38152.33707785774,2.67421219713015,4,0.09955346112119257,0
24,64187.050289106344,79006.29188578212,1.2943026327752707,3,0.4293767800534124,0
68,50389.16511037766,1000.0,5.749473919121827,3,0.8517988558811007,1
39,47229.755107855504,195608.90238314768,1.0811419358740502,4,0.23697418807404502,1
45,41522.19915355295,53129.310578184355,9.233830725393203,0,0.8789520865485086,1
19,43896.22309038496,179305.7065710656,1.5536823875915275,1,0.11001365854113165,0
59,70938.23588976279,101904.22528597462,2.49636521507285,2,0.07260712384847423,1
62,43295.11836263946,128243.20660779794,1.7693719229645357,4,0.9134196971455978,0
23,23178.705733968625,75560.01008245342,5.16304628082427,1,0.16197692599669145,1
45,64873.035510803464,110396.48459808371,0.5332708783004674,0,0.46377558163211574,0
45,45902.466722705656,132524.4819994218,3.25139039187865,0,0.32595704417649174,0
61,50627.91731065553,133227.6207197091,2.0357437372819738,1,0.14763643466486653,0
61,82151.56612799021,138738.66950371786,10.776775671963438,1,0.6321110149600365,0
37,49588.788852989856,81583.36449804119,0.38123178821785175,2,0.9636727141315075,1
47,55783.67346237451,75982.01637543224,8.850823565327284,2,0.6581094468542239,1
28,26421.530174033494,20291.183736619816,0.917694346270521,2,0.3536986827773304,1
45,45606.610952980795,126160.95055884683,0.46374444317865243,0,0.7117969558099174,1
42,62190.52090417202,154118.93556617212,1.13025673756304,1,0.14324815546973346,1
56,18892.525323175152,180799.08399589648,0.5415631332180224,1,0.5800163106934103,0
50,54016.90186231419,115258.6317290254,3.680105855362121,3,0.469457446146198,0
18,52015.821452896125,61676.011354571536,22.204618736676352,3,0.3599835714236381,1
44,50825.74911174879,15145.19283552724,0.17465187913929398,3,0.7395673024294248,0
69,70743.17797316486,152083.3366541675,3.0913893066316733,2,0.1184871454224401,1
30,56688.770296970426,10186.171661123226,2.439374499582188,2,0.532790475483174,0
58,79561.43796712888,82969.79611281166,2.074596398260093,1,0.8543973265533442,0
20,30128.209688119277,88784.65860281771,2.0163147514430544,2,0.20171015569583217,0
56,52718.49134436696,96527.24310744903,11.269582139429591,1,0.2645412419294888,0
23,51689.33572779895,101790.130001792,0.09579253999066903,2,0.6606717927717816,1
25,28614.910124898397,106907.37781837875,7.456416670821966,0,0.7725869583954947,1
44,69125.90004182691,1000.0,1.4580032255681032,1,0.28333560138177294,0
26,96493.46611705635,100732.79549350633,2.416826588246897,2,0.3598980085367667,1
54,49659.87851032338,1000.0,2.7249283963974626,1,0.7399124828894812,0
50,60100.42176547534,136610.90365454974,1.8172877126064735,0,0.28532366513703333,0
68,51690.36951630654,72243.7422098194,0.49114591986842715,1,0.6662475047064852,1
59,35728.306601856486,1000.0,0.6070590832925101,1,0.1588347508057827,0
61,13584.794443959676,59289.76613073121,1.7700433942279967,2,0.4113104594884124,0
41,35884.5303380927,71496.23304076731,8.624497835361542,1,0.6886772097232317,0
32,22160.832380965374,159534.98087775023,0.7229770273296923,0,0.459904556101958,0
49,84082.04156118236,109831.88708751225,6.786393738610592,1,0.019237348358529194,1
49,47697.80612153521,117222.24721752902,1.7044982217174243,3,0.40638035710451403,0
41,43081.613419056586,159061.08171103004,10.74781532550668,0,0.28833529088967413,1
58,67783.07649575612,95192.78560377553,2.795953551224342,6,0.10128218282935941,1
69,27564.97794288224,137709.39805162017,0.9420400886623159,2,0.009138011648651134,1
66,34662.719239908954,134193.0556965996,21.28824256725949,1,0.045515401566355806,1
66,51361.44538497242,35676.525321529385,0.9717754666036769,0,0.9492476577377409,0
69,70575.37982846961,173649.17888149148,4.192250171526981,0,0.7498192076782529,0
29,60033.700903375764,28984.910996465274,4.211560461176313,3,0.9397417129131407,1
56,54966.50285031764,145868.3324738924,2.3325562828453004,1,0.11478389662015809,0
19,51562.354704720325,24146.348154718362,15.129781517612713,2,0.5705097165983323,1
20,58004.7171105355,130061.83940758367,9.2854775386658,2,0.08328856504819304,1
66,54033.05810258509,193095.74390750861,8.854479989959836,2,0.026806391200702717,0
54,29400.554504461285,89351.06717248943,18.277597761886227,0,0.46628114444025737,1
66,50921.584432663025,87182.21785734268,3.0542366940065313,1,0.6463435472978527,1
34,28526.22682164495,130521.99996584246,0.5111923915721975,1,0.06356236092479906,1
66,51621.650858016474,83530.17720187285,7.250558787914124,0,0.36505971672699533,1
19,40387.04117023517,190913.93518714106,2.3967363628266662,0,0.09016700157450108,1
19,100787.63245565724,109609.61247293478,1.055736177327081,2,0.3621036419001563,0
45,49202.11232496576,83991.52458896372,3.300954695541869,4,0.4717956982955299,0
40,21915.208674768226,72985.72360521584,12.999496372606906,6,0.33753138532425475,1
54,47316.39578646151,53352.57649134897,0.9398293943489011,1,0.5762490243007071,1
49,60387.174912757764,68612.25066212552,9.442414138076629,4,0.5845900564236849,0
50,83467.27892305047,82466.33031707018,2.708185133117586,1,0.33293533278018195,0
18,38210.95200122563,75618.046325071,0.7355557982298376,0,0.38959841607776247,1
36,18351.4405195272,67091.23629314482,9.431965421395343,2,0.44106561791226007,1
19,66336.74022861963,204942.06151762197,17.469910063342553,1,0.37565330657612717,1
61,22388.025882006976,48495.246175525506,1.7214082652935807,2,0.7606476605576575,0
43,41276.8911698503,107331.62938230873,1.8086973770048171,1,0.13994750401555678,1
49,44847.59028978012,129626.0504880436,2.4759588838937976,1,0.8570354299756205,0
23,48607.33093399784,131505.39977918664,8.413548676004902,1,0.33125101741851026,0
49,63783.28914148671,97069.6462108764,0.05235917759993022,2,0.7239608542398344,1
21,36327.31435427225,87964.87140763452,1.2677338516867545,0,0.8837757950891384,1
28,44525.41495666478,122577.37456197533,6.119173955726831,2,0.8874527016712142,0
34,49714.59294101223,113326.08249891004,2.6013457902310404,2,0.4523650700145322,0
55,52991.95915037576,87052.05826162433,2.0045944613880855,0,0.2566031579018275,0
41,51956.54349415845,21906.071413778467,10.289687652087505,2,0.6057604287571362,0
22,58720.1155044516,76603.81388333763,12.464729600268388,1,0.1839630105909471,0
69,66876.79019283474,42672.49181462711,14.781232897382761,1,0.790596872154085,1
51,57852.68231301936,66642.02249668367,1.5910537152109319,3,0.7113448991499883,0
23,59071.71047018437,101661.16192584798,12.181303025108178,2,0.7956405243040684,1
39,18355.536665070445,117936.8071998308,6.677351423808008,1,0.4332575084152692,0
28,51004.553983313606,189022.6375646203,0.8374489570985576,1,0.5574282998979453,1
65,59590.15096003217,73129.6810548093,4.711505799709147,2,0.10272663649775449,0
33,64578.823891409,138731.28176375752,0.13343895713138446,0,0.6876456175996107,1
50,36152.98451532412,115298.00122189183,6.16148685015411,3,0.4868386805583007,1
26,36819.2145022271,164799.88353198947,6.613172178878058,1,0.509238302018655,1
23,38517.98649432803,128811.4359797813,7.787513699603174,2,0.8469921486916285,1
33,60728.277997826866,49575.928635684184,0.9468822453719548,1,0.7723211095888427,0
46,70677.62109848417,13847.698535438438,4.947667673959674,0,0.5351925411471611,1
20,41850.79785416797,115563.08498337524,0.9852881152177915,2,0.3551063267908019,1
37,68159.24627254097,73577.45010498047,14.654414321470933,2,0.4464354420690272,0
53,52469.596183291884,50984.31270247014,5.619814988750242,1,0.3507636712202066,1
36,47514.28445675127,36621.11477334612,0.5009022658001323,0,0.15160541670749905,1
43,45772.31540364062,108048.77487935778,1.0353190676186903,1,0.6457759748174168,0
20,64932.22729204314,175385.38496566826,5.445192789090411,0,0.6915150025807378,1
36,56511.5563357414,79566.38271469792,3.237719934185515,2,0.9712100345381447,0
37,95516.50855295276,129513.5155537661,6.664671677473707,3,0.4557044757953512,0
49,32955.507140053516,94886.68248912037,1.6480011079673684,0,0.9972924127590999,0
24,60362.034040599516,35530.89554483035,5.363517253270911,1,0.18709858550581937,1
69,39415.97980376975,136740.56717552088,0.9737534048565135,0,0.6566308329805839,0
58,32614.260260227125,45265.397798631435,3.923136419373416,1,0.9947686429684875,1
50,49782.657259300555,101081.33152967824,15.826626895383654,4,0.6403249693903407,1
57,52747.04958814072,82923.97924973474,4.947295009271682,2,0.45236989582771936,1
56,108363.47110120185,144653.87172828458,0.256432879971208,5,0.515252300963446,1
35,46317.08368633596,47092.45037646567,22.442333213481866,0,0.8455111384836338,0
57,27396.425410306332,119543.49539009799,0.8531488424190208,0,0.939110495786766,1
18,55460.21434988771,58010.12963256495,6.330466415488284,0,0.4539265311480527,1
28,10000.0,74444.73938356075,3.80210093500294,2,0.7723700283475132,1
45,48160.864347914685,1000.0,1.743255306392463,1,0.9336884198553487,0
42,50320.505645903206,204604.92858089542,0.9758820501486287,3,0.2821205756954136,1
67,65892.00765890423,127527.8466413116,0.9782643110456178,2,0.4931605942333668,0
40,69472.44498855693,61632.62570309178,9.773734231851265,1,0.995417554952839,1
48,39928.60762184565,43767.215583350306,10.314397824135495,1,0.353478565211064,0
47,46987.71970740134,75217.56235603297,3.1288028606125544,2,0.6196879558776626,0
59,34677.58338778658,135843.97674097258,0.5469624040515155,1,0.6570315557571884,1
52,27438.74890384612,5395.753720753724,10.777947053831285,2,0.15414842694784225,0
24,56197.89558761269,92920.77903528309,3.3375578556065566,1,0.8066170255444832,0
33,24528.289028068015,188532.09362313367,2.8880548722733663,2,0.41290060925806626,1
43,41707.46198856274,43302.68320160979,2.615815630585673,1,0.5003234135683277,1
65,30096.520802015253,104019.25193818274,2.270763006883413,3,0.6428424701678093,1
69,60993.66372580519,210165.49076288787,3.7327967868508622,2,0.41048469437114565,0
66,86028.60198532976,131607.58148453865,4.638543682141023,2,0.32508246564706644,1
19,23968.240343933376,106296.19102427276,3.1408456886274005,4,0.546430728191143,1
18,12939.630342048615,125331.82274545013,11.348081114313509,1,0.34678493418248335,1
65,47502.262292998654,79956.73324951489,1.911145060539568,4,0.434129723862405,1
29,50313.95591915517,164981.564265172,4.317446176320879,0,0.10840750885313977,1
22,54373.18613514595,80033.4988549894,1.7830455890550634,3,0.844743061362904,0
54,41073.5896953131,2040.9195632011542,6.99892523882566,0,0.4117072252702524,0
49,45987.21402349136,80434.84480297701,0.5386003712970349,3,0.08278400753822857,1
26,57350.208210812045,51663.27350616483,1.0455807152108567,4,0.7900237508387914,1
58,70808.61785289677,85940.29939012854,8.077315384863471,0,0.019625311333283157,0
52,10899.024593634342,87045.79704596846,1.0117903399377814,3,0.5993462005611501,1
36,42621.21121937076,159871.15999024536,4.914107463616753,2,0.7026637597298496,1
65,54276.17587882127,134764.63633321927,17.573530335746177,0,0.1912104075291846,0
33,31640.47790778528,113163.27437876983,3.7000474656926934,3,0.13125942920841271,1
20,84623.39263534598,99852.72943337024,1.0375596112050667,2,0.11388302750940027,1
37,37291.80239542526,47057.09955710028,1.9333962060166558,0,0.9933299901734814,0
41,49174.146259854344,1000.0,8.670984518212215,3,0.7550868248904223,1
50,61120.44193684582,105658.00056963916,2.1667071863599894,1,0.3127104703666297,1
41,38174.30422396211,139732.06017868294,6.427927701728807,2,0.3355576755469285,1
69,13068.53904391166,94583.30583777055,7.510772648244126,2,0.6486247546368902,0
28,41426.90946166933,73257.28386066499,3.477578388632704,1,0.4576719585501443,1
66,70588.81111854082,123225.10826071062,7.644208736648604,2,0.27134014406226015,0
25,43262.09746429723,95833.38996878265,1.9055920774002757,2,0.057096606567453745,1
53,33071.313970820425,184287.20959869807,3.6300013763256573,3,0.7838536449883658,0
55,68513.44419005443,161636.41710341422,5.80070893086145,0,0.8882258656128097,0
57,43384.50207953894,147975.4028511665,0.9200537972952101,1,0.20595928608054093,1
37,39796.78372699565,137886.70571049518,1.5984234679628708,1,0.0634051142164368,1
52,52989.12179326619,35491.62927742715,5.278289934526807,2,0.11862550571168584,0
65,65415.004192375745,133149.68510263,5.326276163545124,1,0.41425931173621144,1
42,97634.27063465092,118816.29788232877,3.399206947163789,1,0.2993482472255492,1
52,66544.72215314847,130321.23641955818,7.938023916047077,4,0.0734578159217818,1
42,73196.79932776689,124630.47434065262,3.2894301538320896,2,0.4548687439182266,1
46,39880.67602024289,122638.12939240328,10.656717860810518,1,0.20391890288336767,1
35,29482.637880610473,235043.32347747975,6.657202252848689,2,0.06694857935229037,1
63,51246.62699238246,96190.71650240404,1.8894554243696589,4,0.6579281387512655,1
35,52143.39830519192,146816.8690414665,2.514733789236276,2,0.5725062924018219,1
19,28429.745172708055,76450.50948679984,5.508385187631994,0,0.8263978978068721,1
52,46494.10940191974,139532.07919438358,11.242976581041116,0,0.3022814997152907,0
33,57986.35203438262,146965.99451162276,0.9843873053704766,1,0.13582267738547682,1
58,57207.867900361605,118221.3038567674,3.6145644700730877,1,0.3601607549354584,1
53,60085.75706768545,183462.347118825,0.6322649263868709,1,0.7787070515583997,0
50,55819.29460274886,55786.198181979125,1.638738122124067,4,0.24173935514896594,1
21,39859.826814598884,75638.9529165889,5.791514647638943,2,0.2550008499272288,0
50,39721.98746702314,110619.00430117449,0.40461141285828217,0,0.1475846840222682,0
31,26020.97204012248,144040.3426742111,5.4288541990343315,1,0.9865143618467019,1
38,85695.5007837019,108971.47606474666,11.553646886395443,3,0.9673098252436428,1
65,50269.00729238586,164287.9518255283,17.428924296375918,1,0.6580521383755662,0
37,45502.93888410296,66915.50645168402,1.2207648139456242,1,0.214818084286152,0
25,31424.158370950827,42971.075525572276,6.909479375446834,1,0.7665563375290789,1
24,108713.15804655556,115406.41682682523,13.043544108393066,1,0.5839334295997206,1
20,28533.43935554209,96140.98619431518,0.4790827496120783,2,0.7495661385656588,1
34,41423.04148787853,127143.186017911,2.672378888704648,1,0.8604103604409608,1
50,58316.73672572121,98629.8854566748,12.591889069430547,2,0.3184743672731636,0
65,62004.25931488555,82999.01046882715,1.1331700434887846,0,0.9136987435918413,0
29,69158.64110431368,96253.12141381383,13.572405459212497,0,0.8985583297308691,0
68,86152.17015538526,101442.44473965924,3.745330214559768,3,0.5471305011525952,0
39,60123.15310921425,84750.93500758348,0.5262086276657943,2,0.684571553188297,0
39,28879.384000666647,89843.39768382859,2.988069825926922,0,0.41103588882638165,1
63,44861.09749756437,79820.3331506545,1.974563867728475,1,0.655102740425469,0
47,56156.6474502777,142833.25599347032,1.657850482701929,2,0.5489584724202075,1
55,91364.52083011647,109701.05022528996,3.8987085927443967,0,0.32281989035609593,0
55,22043.89043151406,212837.62360843833,3.3042973293627136,2,0.32283856197795513,1
62,74051.53010450455,108035.2275639231,3.2885832015771888,2,0.6516660740469307,1
68,53598.28739092834,72457.12648356691,0.4613535394801078,2,0.9566280304339884,0
25,66756.6107045896,233533.76874315322,8.105482578706031,3,0.2015482805335277,1
44,47960.10566728136,120681.31888571677,3.283491096550708,1,0.3925366528956067,1
44,33151.34739747347,149506.23934464084,8.59921757422063,2,0.805709191300836,1
51,65017.45558802664,129605.14916012458,8.703278248150678,0,0.12301147388662403,1
38,63088.620542112425,131150.55146488742,1.9072928602776296,1,0.9941667904777521,0
47,69441.13931479443,126782.70256762371,0.0217788822163616,3,0.6781385752746263,1
50,49733.90729242729,44895.77176119673,12.109415735576952,2,0.9108004659626285,1
45,38003.55953360301,118376.4523780706,7.150075537453226,1,0.8380535433677244,0
64,18824.26009952317,33756.934807488055,0.5672544220764887,0,0.7771349355463758,1
50,66387.46536278812,91281.85817937329,6.048731092321908,1,0.03290106028955875,0
22,58477.78964887972,63719.12717183564,0.10113225569537915,0,0.40649611558819443,0
65,30684.347342720816,117873.5092924362,0.14075817032280297,0,0.20186239467081157,0
36,39228.52653406752,116706.31236691173,3.7308755728035514,0,0.8713333276176037,0
21,40664.82376097119,124057.29453825933,0.5048366173481904,0,0.680286266798449,0
52,20340.311360351636,114364.82863745435,16.66814076325578,1,0.10707331182262614,0
66,33646.35206789733,69658.73291068006,11.213626248331298,1,0.35959775006557615,0
34,27323.392863872916,86949.82553241603,5.246426075414328,1,0.06930816923429861,0
61,41750.41976224127,146019.80806272425,0.32914461120638194,1,0.739996628307898,1
45,35226.05003340874,153392.83386471999,1.963992776899822,1,0.418317975632316,0
47,17459.901582665025,42660.845068672534,2.3238706181347983,1,0.234371269219819,1
46,90451.80461138963,23453.61837436768,3.2780994621002195,1,0.5176905873654162,0
63,75050.81462058461,63655.5308397644,0.9250430625226012,4,0.04204443479474396,1
23,34419.61156960029,152260.37910161255,4.3079669474052364,2,0.25729461328798353,1
52,55448.4279330722,160744.20150915172,2.861472287508172,2,0.17530421446180866,1
58,58349.3017964259,53764.405979941424,14.715411022329771,3,0.9306436603526761,0
54,73821.71709546953,115365.46768681692,13.759636603309977,1,0.37710740602267545,0
41,33627.89946679843,191721.56665700438,4.167496971964827,2,0.5844729664013275,1
46,71842.13567964852,120765.5738620167,5.169031553868331,1,0.5029419508328105,1
66,39041.8939158613,171075.16426165466,0.7413195995887161,1,0.6592048739774018,0
63,23282.751916627734,149936.32850415492,1.2636551198673378,3,0.2791160308658899,0
48,64482.731186289944,54490.06468860446,11.548824239395433,4,0.12077957934348815,0
52,75815.16848244856,90500.9288251461,6.0059820253875955,1,0.08145160606053314,0
50,101758.17947061369,101737.7239145924,1.050089092417076,1,0.19339696425130593,0
69,26005.49469819573,105206.669401067,4.222296369131412,2,0.4828295529686163,0
38,63978.39370161577,145816.44767192856,13.648508344699152,2,0.23602738610486285,0
49,41803.97512412934,120434.23811377042,2.1169065412756067,1,0.4340020787080865,1
40,65667.17421048062,1000.0,1.027871342139618,0,0.02930255303534446,0
50,20590.20897537499,34357.98634536369,14.238740861027601,0,0.6275510976945484,1
20,24744.60448602872,1000.0,3.0926607447682004,2,0.8781615988681535,1
35,34482.50353667032,108768.26203276671,2.6999163542605364,1,0.04758993998091099,0
42,51579.28091336169,112024.38247338805,1.5569184131535796,2,0.2180397663988226,0
59,37178.37466923289,114161.24793053593,11.108957718539065,1,0.31777040904634235,0
48,63181.0868782684,52053.58661426919,9.34158620566299,5,0.28724057422982885,1
20,70537.89236515829,133707.20025599946,2.5791104218668393,1,0.04038515448560531,1
57,61991.55082490711,135813.12482342645,0.15545827376951726,3,0.10657847475567583,1
63,82375.75279321737,37242.54663974211,2.958835757244385,1,0.912461789021413,1
41,58316.532589106864,26698.089927556386,0.9974892411269674,2,0.7113618018186121,0
67,25662.065793196656,99993.41568865311,0.7700355265413378,1,0.958438072242095,1
49,77267.53027076679,189589.11368066794,2.496903602006987,5,0.440462106935388,1
64,37896.87528788005,184987.13710993214,0.5216770803967142,2,0.8790331356208997,1
39,68208.3699937114,128170.21802240262,15.787082102799985,2,0.8165392075742577,1
40,81474.68433110212,63500.16642099618,0.24353154277879072,4,0.8749410555097594,1
19,59133.76021460798,144342.13297442926,2.565554727283486,1,0.0391541609694499,1
44,20076.823736707007,77378.78675954792,0.8878803842705228,3,0.6525156567896154,0
59,31635.75666980417,61624.648166309475,5.836779337867347,4,0.5666289424426034,0
19,76454.88933770271,1000.0,0.4104526985003919,1,0.5452157580791216,0
43,46617.546287143676,105119.10991738265,3.9571702478496706,0,0.5043839663749734,0
34,51591.47069884332,68506.63254313124,7.416262384568397,0,0.7959765441591939,0
57,65176.488323272184,104821.51897642523,14.984648455758993,1,0.9680569265103341,0
50,63926.45724160647,1000.0,5.995383432306416,3,0.8289188325553815,0
26,55575.99624770921,108491.33362918436,0.523979806546372,3,0.8703953735205573,1
60,45826.63257559069,1000.0,0.463431150295103,1,0.4839027052391409,1
65,43746.631085352856,154397.0126634276,6.576348015942428,7,0.6906092702738085,1
56,67157.97650582687,126094.56170675422,1.2124563673742226,2,0.4155643325777265,0
46,61071.390621355866,86066.76142877061,2.9641505864684463,1,0.3602861443805907,0
59,44853.99998764421,128135.99300410396,18.77960715303585,2,0.8952813986031868,0
43,71642.24625986282,51096.28686682238,8.571403877260202,2,0.9052112575710684,0
52,47419.31769740432,103618.77578074462,9.373315439293838,3,0.6822201922917263,1
67,32966.75651331214,139738.70192301678,9.858136763919642,3,0.8378421896027927,1
42,34820.58602193311,1000.0,4.831941340506077,2,0.360363734932274,1
41,30425.18327380468,77638.78201612382,6.811598789475067,0,0.43376062989282305,0
30,44551.79966792626,98867.79349318129,2.223324241554338,2,0.8210162920323661,1
24,74674.48556672386,90185.31911271167,30.0,1,0.3980502802706275,0
53,33898.096379389826,172855.09131137026,1.6398972012207913,5,0.03996761920917524,0
62,53769.51522036206,43804.943753855776,4.458080881423314,1,0.353298349149453,0
37,36866.21308745173,68942.03782773855,1.656858082890456,3,0.39823030414678107,1
18,44793.81917457125,4206.548684577589,0.5943177554153172,3,0.1546362003395415,1
25,19799.175760294955,175514.33256365726,4.191856940603783,3,0.3441242849404804,0
63,45589.235416869255,87685.49286956,2.1797401685419096,0,0.9344220150001339,0
33,46125.89240390076,78079.55559816465,4.375975084374495,2,0.8585331039016134,1
31,60805.75888071391,97375.86588446429,4.08990795663141,2,0.4459239610045047,1
29,54465.61826510741,131811.79142151622,3.9072339800651967,2,0.7098895698897182,0
68,26032.157500959096,117368.17017580624,0.6579585012036836,2,0.15184996190188538,0
40,71683.96488087086,232394.21067785437,2.9007067935383097,4,0.7525508593137176,1
32,54206.060804439905,122696.79442018873,8.356671353103117,3,0.4757847699644099,1
45,53967.87034354973,76737.72854154595,1.8927297260567941,1,0.722568212030899,1
51,49816.352932297224,71932.16312380265,2.9334199130274086,2,0.6440232549431909,1
19,39644.851055555606,80362.05237915955,3.4044291980738044,0,0.23276460794952325,0
49,54356.04679497452,24908.1537685081,9.929075259404396,0,0.8346915717220937,0
40,59511.76871857165,101993.2103745793,5.329754181766736,2,0.5721766235167923,1
39,15062.086173088901,139173.40531044587,0.5279278984548126,0,0.7841974125137517,1
68,39224.78325307809,69331.8199688382,10.018739324146658,2,0.09398634552003082,0
42,44901.06059192821,59630.99718579442,8.920920439565165,2,0.6153503393155135,1
39,55123.41211388556,175797.2573147117,7.004928371555405,1,0.29188401952101517,1
39,73866.22011854252,28675.842168941745,3.137340472308856,1,0.860895367570206,1
66,34565.18370806435,1000.0,7.084703672570624,1,0.9495059661274535,0
69,40040.76306364316,42354.90281763087,3.2575513922059636,0,0.05582763560961801,0
59,39749.317787069,22978.364143785177,6.67085420953792,2,0.7242828964599223,0
23,33969.448197909165,119311.3032052291,10.6059099964801,0,0.10297781628104696,0
32,43056.27009775475,81964.77497752133,11.06105287369864,4,0.8575073663881266,1
60,65416.04439975943,89015.64774880801,3.0309826237873816,1,0.12452433218672687,0
54,28923.290092713087,157646.70884873866,9.80714348356366,0,0.19500687254923066,0
50,58556.287903058066,65433.25694186118,0.534905699176527,1,0.2516201622040495,1
25,15961.95539963329,138754.47058728203,0.5369206839196614,0,0.7278326865594151,1
61,38773.24007115588,175566.13996016013,3.973319320159497,1,0.2925344560583296,1
61,43410.21399564028,77216.87509931697,5.275532000848292,0,0.5960848594197047,0
22,83497.1934582813,136851.1427778157,0.8302361802175362,1,0.5719426671847699,0
56,44503.95390494624,87909.10437355099,3.195000236891385,1,0.4022616196442157,1
21,10000.0,146204.90644203944,0.4955817434069681,0,0.5394895646246132,1
23,10022.221862775004,21425.540621186345,4.607766343228087,2,0.11819181376173027,0
62,50680.59172693362,17724.38774373269,9.6583513813883,2,0.8761742517288794,0
49,62275.41711579818,80436.61425462297,6.690168848023179,2,0.20707663971772494,1
69,57509.117152545055,55553.75954701147,2.3764201497105404,3,0.8802266228135913,0
47,53351.4021160198,74164.54452850574,25.411029723701386,0,0.5187374394549914,0
64,73245.19195011334,89023.670877643,5.437397095350893,1,0.6139359178010393,0
52,39208.17558525737,136000.67659181257,8.44371622632697,2,0.25729702820899336,0
57,67898.2111205365,79616.97107170326,5.5387301825495205,0,0.2223294630592787,1
69,17359.702299471654,58806.93446884567,22.742196775553328,3,0.4907029679302678,1
33,31901.043341238674,82424.33116205505,8.611906841854974,1,0.26735939311486656,1
30,13859.172101363678,61542.73600966911,3.6638413353723083,0,0.42313903191789626,1
67,44503.09398660416,53299.72489686428,2.2854730542811916,0,0.4402199453252603,0
59,49074.77565467315,19349.159321151543,5.730954494421875,2,0.2709173246312815,1
47,52282.0298445304,103473.90581105393,4.460696313828879,1,0.29172998380693915,1
36,51237.66705774271,71564.71467014732,4.962493262255756,0,0.9729094104958854,0
34,31448.93338376544,148313.9369617336,2.100445848827968,2,0.5874552495434162,1
36,46195.183111735685,27630.195397052972,2.7994528084037062,2,0.8318746200181258,0
45,20051.06662788503,72895.82224760606,4.083319580028566,1,0.04574228479971498,1
43,77264.579502645,190645.36103293745,9.140563627302855,1,0.0019246180368852617,0
54,43927.47854203998,53019.52414510753,7.1965544921986355,1,0.5191023853027615,0
43,40222.27761912617,88173.3373951938,0.631535584729858,0,0.8268053042371657,0
40,81778.80656888166,39207.80085873158,1.4088595265340322,2,0.61091883707987,0
26,25155.069329015416,32578.62436095094,0.13509742858736923,4,0.6188296863274179,1
29,27488.25771936062,177365.54915438392,0.03996211226294939,3,0.13935841709830743,1
18,28075.593502628697,108551.97463185736,1.270433640292048,0,0.9785674786600339,1
18,48642.57236601036,106683.94191188116,8.030242016811709,1,0.5297006254229529,0
64,58632.63259275195,15184.188244188888,11.756128395909432,2,0.10260182317337319,0
51,64793.50936235667,117937.06940541515,2.4859974621443515,2,0.4141972947582515,0
49,101439.90634989938,157871.0972996913,4.1413832082990245,2,0.07197118070960429,1
65,10000.0,157473.85304142648,6.121772229334049,2,0.41814026606953103,0
42,62174.71178248834,133416.66148030804,15.281308794976114,2,0.711561795739014,0
57,38857.38854855538,43525.7211202298,12.20534290929864,2,0.32352616846691706,0
62,38271.69702222453,115656.17085964959,0.29446472189183026,1,0.31310226227965743,1
18,37604.55743492245,133379.24802383038,1.4261975776826565,2,0.5143392348753101,1
33,31824.606583840534,10277.820745554927,0.25196609764650707,3,0.498485947081172,1
56,83690.49669206903,43936.02042591076,4.792631398246109,2,0.4671426852137024,0
22,66845.94654027806,144407.86608717206,6.197884478926391,1,0.5168443470811483,1
39,50463.9195711475,143802.28883359642,1.8428948134184142,0,0.04795915045479071,1
46,77020.31504974,22570.84831893038,9.615674217510005,4,0.47426671963377576,0
20,19749.420694022487,139751.07296345863,3.014821070679379,1,0.99201075095965,1
29,23385.89737338148,104765.16995768089,30.0,1,0.7643355666516073,1
43,10000.0,139050.44773035758,0.0019988624384923884,1,0.28756918583787217,1
33,36011.70919753425,68273.93382830292,0.5798030961864523,3,0.6777139544463165,1
68,53233.97053409506,132259.1748240451,1.7962000326132759,2,0.3299025576487271,0
54,52057.17155864668,142191.43872428124,0.12919278418149982,2,0.19151412251613076,0
39,52986.838221197606,82433.25322721442,7.624092876962778,2,0.7735517284233819,0
46,21778.863378678365,100887.6273086643,0.2710761526584354,3,0.2095863391415156,1
31,66063.09485228044,67573.91852476733,6.911106004432698,1,0.8586259674204981,1
45,54792.550364779956,182581.94743429398,0.2700029832824562,0,0.38040961572196264,1
22,64661.08562931997,93986.4030337117,1.4566252646267763,1,0.7568434191835384,1
64,12144.756448198961,53898.783741140905,9.202967865057772,3,0.25959651275778595,0
66,56229.817175955795,64208.704306262494,15.089408273869845,1,0.6527352109525871,0
47,26244.69520164946,106338.53005710566,2.676670443454797,3,0.21253177036071547,1
63,42053.53494897277,137666.5585889106,17.522627206219465,2,0.021834476328825403,1
69,60687.29797272767,33208.65774247391,4.929288355155462,3,0.814604165713378,0
22,51821.872125118265,192383.00014712242,2.687860056994279,4,0.8561627166193668,1
29,32969.20040441363,115433.76470278081,8.11771826044977,0,0.8805741953936403,0
33,50125.463123688365,123322.79864847062,1.7501178539478066,1,0.03629750531937226,1
43,19369.29369512714,95140.52280882819,1.5448435790258985,1,0.7609218215128496,1
43,73005.34791796592,100962.94836755628,5.343534871825687,2,0.8358704089580175,0
65,45894.31961007498,92585.84310362986,2.4754779759736065,1,0.31169813032137983,1
38,72370.99888510651,150889.798451798,0.7304381922872849,1,0.4704512988867102,0
56,39469.36625807914,99603.57062733149,0.3465587292343949,4,0.4079151496177139,1
53,39528.48023186834,138352.51092463548,7.752133575046667,0,0.44010233897308126,1
50,34716.26426724307,78307.62383237139,5.633681410048333,4,0.8467041886397946,0
47,67523.47863386151,109782.0264156158,2.6534261725846116,1,0.4178687515173588,1
54,35811.37685343048,59803.982788028945,11.327777892428605,1,0.3023638031348289,0
40,62891.90864830353,160826.41162747686,2.6454296010925993,0,0.13038318808710125,0
27,42350.9520466142,58312.63796404421,6.19446871260782,1,0.674839315890453,1
22,10480.734002167606,83751.02778693369,11.990816680021615,3,0.08420393370759383,0
53,38593.71864427068,84251.97937726276,9.185315541296145,0,0.06118225686037304,0
51,26417.835712743035,82302.43061631158,3.5780353950436328,2,0.6815792871687629,0
69,50678.05447364675,136124.78847214684,5.707124948632432,0,0.6942889489381876,1
48,26191.845286510197,84167.11176316782,2.669326525547335,1,0.19908004652782918,1
27,68519.50201429233,169696.22652705363,5.209229699211308,4,0.9571846394004219,1
36,48178.48279293945,59076.24569349159,1.4890151741674005,2,0.7878140020976369,1
49,46448.08010482522,108468.87349713534,2.8523660808236606,1,0.6864280426545029,0
18,63117.842755751655,61210.70053437001,1.1757374154268583,1,0.7543475693456857,1
22,69278.13868151724,121048.63912657334,0.19466552651557167,2,0.4118869849310288,0
62,49598.024964606964,99202.5136511615,4.440215528895003,0,0.4556424816859207,1
21,34575.99400901419,92246.89776507608,9.991311690188438,1,0.8702148788036813,0
33,14520.607677757413,159423.7483251762,0.1295554305829746,3,0.025419016531480154,0
41,36279.0048592964,67282.90644724482,1.0909650072209436,1,0.8024211553180449,0
33,37655.755067040765,129325.7578809,3.082644502561587,2,0.4475685454697004,1
19,52141.149059845935,61552.004366260386,5.481527010524804,1,0.4639684845015536,0
66,43097.062377239454,105634.26000801868,0.9390581605992263,1,0.32569963104990407,0
45,63758.65944102856,40221.23358882773,0.29182715745533916,1,0.6070720374090072,0
49,37740.33457458621,66874.14268466298,3.6599464913072968,0,0.675673355134575,1
44,48859.176662941165,95892.84772135675,8.538278685795134,2,0.1607536415293941,0
37,73679.74886393778,190732.45836615388,0.1793531830827072,1,0.5657168770680302,1
41,56836.50427909933,105040.1935229887,2.149066549708662,2,0.46491186269398155,1
29,48799.24916622871,182733.4157933353,5.446004715107895,0,0.7819086688788346,1
67,37961.11116129646,111016.1645845459,0.7005765591031234,0,0.5452872924928818,1
52,37335.37206570046,80645.78777625304,1.3455891424454347,1,0.4295732123074507,1
50,32987.73494096105,176967.8261300347,3.8338894200514995,1,0.528931058388639,1
50,39179.86268434201,121850.88110367095,15.312747891255132,2,0.4905675058786396,1
68,65113.31677488629,67863.92030586432,1.693772522778856,4,0.9351778536220976,1
60,45562.23457415462,123528.57297001488,3.3425403711095303,2,0.31188774587525936,0
54,23004.538612375378,85370.26250461949,2.553552010891416,1,0.0373489538766385,1
29,85363.38586119567,1000.0,11.384424552087594,1,0.6619967541970712,0
20,56399.30382290326,146798.6579632809,0.37302436118508164,2,0.6038431208328361,1
18,21861.131989736612,154746.70278209646,4.175254374665716,1,0.9099693095883152,1
50,41163.02145518352,191897.10149961378,9.357901231323266,4,0.11747661736359871,0
57,52217.72765656836,121107.18460976314,22.163475174412582,1,0.5226456209050302,0
27,84091.84186594754,87563.82879587337,5.99866730728836,1,0.1507710500307876,1
60,27837.750834822615,141749.47136892928,2.3896586742622885,2,0.45570896971503483,0
61,69520.81438711894,142491.0182659453,2.653648277555662,0,0.7993696809825839,0
46,77989.72853944686,181914.0591568211,2.1668715060295347,0,0.8573880362775477,0
30,37426.913898508596,97768.6188466779,4.626822620061042,2,0.8338603603355235,0
29,44449.72762279533,91721.05137162027,6.723953792526517,1,0.5474048335022856,1
48,29273.815052524595,64222.779012073624,8.559224071227275,2,0.6339601234981093,0
63,45930.7771783939,126873.10433626009,2.694352054981704,1,0.551564537696068,1
19,49268.200513141375,22586.916588458233,6.306394420499326,0,0.561235778867926,0
68,63192.99996164741,138804.36864312823,12.397959512343338,1,0.8851508885227243,0
67,71803.66942040893,129391.75609328947,12.68046045210969,2,0.2092728948690552,0
52,35038.07870756706,129253.51012291861,6.087469058013516,2,0.43876588040404485,0
40,10653.498715480113,106911.26182509202,5.0654151986114595,2,0.6100628502239768,1
34,49575.10441447516,176648.91237655422,3.7913741816163005,1,0.7653521484600008,1
43,55870.75059937281,143599.67327134317,1.0117907865732998,1,0.7618897234256313,1
25,54988.35375370083,69646.14043121501,0.6598325319492169,0,0.11724835531494149,0
46,43466.53504981912,70541.04751511767,3.324849639631288,0,0.22190996538224084,1
43,52495.04199327869,56016.30932926816,0.8684594359174246,0,0.9115182138103167,1
27,80308.89616704495,127564.16663877937,4.301914621066323,2,0.3575192887969747,0
43,57634.683379250186,49993.053938002166,5.18809486662522,2,0.0027126419283125536,0
51,42532.63149993831,154169.60717916762,3.728686551270269,2,0.1997970684133168,1
68,39996.04365808009,166148.66541727717,0.18553365101862818,3,0.9695520976644592,1
58,46602.95284644539,56049.18655247744,0.2973062750878228,3,0.30974856628882363,1
24,82734.7992366128,90722.57327035732,0.6014751040881893,0,0.6137145488867869,0
21,46333.98580947606,100831.04906812069,0.8340866838364448,0,0.7266499001887678,0
67,49604.11310958584,144199.15802348338,22.967499630421568,0,0.6465828362741388,1
62,40353.72858127394,180467.16878049384,2.1117468688390013,1,0.377566186755942,1
28,71979.66714883929,15725.380356571128,1.7263678907214204,1,0.4304151153593757,1
46,89196.7450948935,84090.96412366585,0.268410387688327,1,0.8379853126516387,1
53,59012.260988627764,86699.16522198265,5.0436804678836875,4,0.6627851314178909,1
42,51655.45807570851,29966.507255672608,5.280505913391304,2,0.023435273270588808,0
38,50735.6566634847,75744.49903479691,0.9645795337612818,0,0.20345758552181037,1
53,10000.0,121388.44721753056,12.581462830071967,0,0.286297938336593,1
27,64903.01728569635,86066.05485802214,8.05954347640651,2,0.365486701563029,1
54,52683.32831991687,22768.941569629314,1.3088977364882965,1,0.576893723394609,0
26,58566.8410132145,243704.13490049567,3.3261985197556125,0,0.3665105963723867,1
41,35770.7561183259,113308.89326020902,3.0660533729251243,2,0.82501191638993,1
52,42310.862420458165,105584.70650533374,2.1425463166380165,2,0.4738355788370424,0
66,41779.50126993654,45103.68184664768,8.508717654986889,1,0.502178767052265,0
52,70432.45968146078,113035.30809856376,0.5785386845154057,1,0.42738918514664315,0
65,42424.803267938136,91789.31079792528,2.683403690861587,4,0.31046635039251314,1
53,91653.20644219595,5573.829364229692,2.793353565602368,0,0.7248001189847344,0
35,58617.24838030075,46487.22799927919,3.1623831953579233,1,0.2295629866493677,1
66,24486.346800085368,139746.30088369726,9.87901221360027,0,0.6894898143514939,1
56,47429.074134960865,197200.88250002207,1.2305697510598816,0,0.5297061496208644,0
49,36966.49755687169,118358.27025215223,0.5430688616630388,1,0.10226323455658659,1
41,10000.0,155154.16391466837,4.809166949050975,1,0.017967246549988825,0
40,81989.41880227579,92212.2345708395,0.9548006602410258,2,0.16944362163817017,1
49,64062.850844400076,95672.69196596986,0.38944061733585494,3,0.7610208856986331,0
54,60664.14635798625,154548.95138097325,2.781287845345866,2,0.38459756227189035,1
29,53308.073205994086,183138.86445897346,1.240040841167354,1,0.8048765095890777,1
66,22359.648626151247,165054.8346732811,2.2409493937023566,2,0.5019058152709047,0
30,40327.657208891265,46681.84623075905,1.5035736834440014,0,0.032746628324165084,1
40,66835.61549568025,96652.05548423772,0.4860604814858531,4,0.8460983748023947,1
42,28975.599404349945,113876.23422381475,4.1088498056309515,0,0.9362634356333166,1
52,10000.0,87016.10182462355,0.13695063050587358,1,0.07421520230828627,0
58,45457.87984438148,119392.87717077979,16.96247895194755,1,0.20835066811861436,0
47,47164.84891944923,141028.84058344737,2.0876671036527075,1,0.7155529202644326,1
34,52711.26832829418,150140.48759775702,5.93980031802465,0,0.9971755425613886,1
66,64570.372870290725,184293.50761107617,8.313214442170064,4,0.8763037238169338,1
37,62752.11624462417,83527.94476375826,1.6363074987506934,2,0.09894786099419428,0
65,55175.39610487843,31798.341758034294,6.9063094087658605,1,0.6072370942799142,0
42,73910.62776173418,117911.72970072264,8.931497671926053,0,0.6652037015151241,1
39,19620.604383733706,194190.5515592401,1.3808577590924034,5,0.6308320879207611,1
30,60091.63628954781,76151.20700229704,24.460713815004972,1,0.5680602646117217,1
36,62530.76726673885,134342.34885318598,0.1045284597364609,4,0.2922038985417139,1
66,25208.75427839521,134787.28962363215,1.2231159815958035,0,0.6685061670661111,1
53,19942.587826352214,109572.10236723044,7.571110418971553,1,0.7284512659615379,0
29,35081.157470487975,100346.23605218572,1.0791705589703573,2,0.5757662006558832,1
58,36769.171149694164,53828.539713930375,5.9909455327592,0,0.4971555264847729,0
36,65068.38927004862,1000.0,9.673431043383072,3,0.21903054850374482,1
29,37709.2243261781,44407.46466679856,15.997115391201426,1,0.544724032999011,0
26,32873.029634375926,80484.79254441505,3.2146236929537526,3,0.12825046653576655,1
24,37767.32526610882,154871.13437113535,17.721147039105112,0,0.07271599148777763,1
45,72372.64668308423,94843.59688243121,2.651930923607224,2,0.7778511956910956,1
31,50260.86748753904,74048.71405409258,1.230321427207969,1,0.6762726322920185,0
48,46414.97949286176,55450.72790232848,3.606929359429948,1,0.6490322100183676,0
69,47799.89002597897,132840.29142547402,5.246586178617951,1,0.9281277245887563,1
36,75841.20668653045,167917.85832153025,3.0621079863408647,3,0.380772716271079,1
64,35016.565467935165,153171.78609337297,4.1847695660250785,4,0.3997320215077447,0
33,76310.16581880208,130307.48498792345,2.6927760282500497,2,0.4137469045732455,1
22,54209.925978430074,26219.362680852995,3.7196972552599212,2,0.4652830906765194,0
52,46791.61236049305,82416.28785781143,15.24520872652631,0,0.5128429892060336,0
29,100018.00995868564,197365.21144448375,3.4640477131935397,3,0.778017432090168,1
42,28887.210204028073,156097.52459576124,1.4596529753448648,0,0.21770331025868572,1
69,42926.28480865988,23124.839088263747,7.1095376738406335,3,0.43408443862947277,1
38,25351.375216719996,97220.47384003643,2.0593110634615637,2,0.5051273668765754,0
53,69049.23941072338,118154.92163305194,8.469730420419088,1,0.16911767349849927,1
40,83783.77867303358,61892.076848689,0.2926072416624415,2,0.7019427212928785,1
33,83398.45562809278,1000.0,2.0186678687122845,3,0.056270741511361244,0
56,74478.9750629201,104941.20225082159,0.4955665079977084,0,0.585912498380981,0
62,46047.59064408069,60612.08711897804,0.44589311474383414,4,0.20214216022385179,1
59,42695.18045020307,60807.913045765796,5.370421265256545,0,0.00846826080090346,1
56,16576.604550118696,82265.9820034621,2.433387759279388,1,0.31577163211802517,1
31,90717.47070363586,93316.20426725941,10.258312562353826,2,0.42914068051340326,1
48,59379.56156296936,99545.86029521568,3.632538922597306,4,0.8173011795486068,1
22,40160.86190261034,55800.50505389993,1.7502221662823636,0,0.40784565430150355,0
52,76561.13777973935,88989.52351829613,6.3807266270505245,1,0.9154355671695661,1
40,30544.709664799982,12128.831479862245,4.891053975310337,1,0.8425388001724243,0
46,58132.44068445348,115551.95326840391,8.037065339810141,1,0.19273760450581845,1
60,46547.41731418331,1000.0,5.158343446314389,3,0.15571731313859904,1
28,62773.54279760602,85525.49597831903,0.9136887195325089,3,0.24384202544461786,1
35,48728.52921627757,145959.30768384767,5.5480128710898455,0,0.3596818932579673,1
64,20981.442177775516,47032.965636258676,2.4841961023269823,3,0.5834805685366282,0
29,51511.527453400755,135821.51018287,3.1101178526181923,1,0.12408150176017452,1
26,70977.28283750724,157786.6356060446,12.727398067949395,1,0.5320412841608176,1
27,49415.671882920295,1000.0,2.2311546327327743,0,0.5807732325101336,1
61,65502.30243178172,92431.85482121288,4.733223216663408,2,0.6608902425766358,1
34,29089.410286518938,1000.0,2.258710814541182,2,0.5500920503741099,1
55,49474.78413460296,94089.57772145269,0.4975962972923717,4,0.8251716704473763,1
24,37509.79089822845,99641.43945093366,3.021336719919152,1,0.6415904412488507,1
63,64939.6168020942,1000.0,4.544856726038659,1,0.924551548065956,0
30,50629.83124523992,196241.9181039933,2.6170498108494384,1,0.7009240999429119,0
57,63801.473526732254,114300.79038173125,2.4769451231346,0,0.43611021685175944,1
59,71754.20852315731,57548.828395898236,8.584517485824065,2,0.2096845788294861,1
26,63832.37150242776,173268.97137492592,0.15067347747194923,0,0.01052070834275698,1
67,55462.36868587288,10219.338967884163,1.751940855436798,3,0.09040283757930234,0
44,30035.754829771893,38541.44832408414,8.350115036740851,3,0.1896757410318879,0
19,49944.27778666197,1000.0,12.661887785301417,2,0.21644135239393492,1
22,39338.19195968334,190052.25982696668,2.657689803259504,1,0.7420440813504606,1
46,43118.72086591547,116617.31857360018,10.981865643431043,1,0.38605579806917334,0
54,42509.316984994985,132970.08949242474,1.1090354871148866,0,0.32453948226703033,1
55,30401.48850435511,115050.06169592378,1.2514630459662812,2,0.05236755379692781,1
36,10853.228217320204,128688.38805722923,9.360230772314594,0,0.5386605463227377,0
25,36637.13903344466,103903.88569479948,11.678524820650221,2,0.6129088813405844,1
65,53867.58903848318,113546.06713537207,1.2603249148574034,4,0.8778574160053516,1
62,23036.459091450197,105380.17181114753,0.30578357597330524,1,0.5028420568562586,0
18,50313.64472943249,69570.40972153607,0.4733346874492207,1,0.007720161293023442,0
39,88005.36848621929,97668.76173926654,1.5148641483544758,4,0.06527875775786973,1
69,70461.13110504478,113679.72866308388,7.165862392165289,3,0.2710053389880579,0
34,82870.83018241059,105527.45597760654,3.566666050248854,2,0.13918558358883393,1
24,57822.557538654524,26111.394612334145,3.040252564509711,0,0.7705874091394969,0
42,73350.19645972892,32750.66656957954,4.38703224151077,3,0.10785698112290965,0
62,35520.70539064425,154142.07169581956,11.046526385930562,0,0.16078348273836296,1
21,37113.194659560315,84650.29770582991,0.4739186796122425,0,0.6667873636785483,1
53,10000.0,129236.26735179703,5.932697058178786,2,0.23962836849499947,1
23,73722.90948084598,45394.00451388018,13.072174032408757,2,0.9690809909686904,0
48,80806.47959639772,26342.706167673503,1.1998595468977133,0,0.8631876978715013,0
36,38936.4550930546,57820.16937341435,9.093772367271676,0,0.7445401717583016,0
61,44920.9658720553,88871.74646142934,5.987050443309853,1,0.3431364683167796,0
56,34922.757726180775,66742.98503577939,0.07287113016297667,1,0.056779974302291314,1
44,57653.07102954983,164696.67615528568,1.3173002454549776,0,0.3364009582855213,1
27,72498.65090606481,108976.16507687308,4.655052197032247,1,0.37672986014582244,0
43,15144.560522379179,192446.93092809292,3.489797099073291,2,0.12743281090294067,1
36,58188.770612845045,120220.40770357086,3.7532062215516375,3,0.12064080432579338,0
56,44466.56456561709,1000.0,1.3193747848894646,1,0.6681083300081316,0
20,52267.88783933379,152802.08032292774,5.619703879064442,1,0.2324024254932967,1
62,59179.88003348582,24522.418876502255,1.5490820026231067,4,0.6780107046877922,1
30,46235.951224543576,111526.68336056695,2.466852330449733,2,0.5483013477960305,1
67,47928.26293188439,61265.79711680776,2.3015808498900996,2,0.9014638498259986,1
45,45722.496648907225,207135.55172320933,5.574089802294505,1,0.7971698777045275,1
37,69406.32403576563,171979.89637150677,0.47294239072583905,1,0.15137203265928545,0
45,58375.199202549935,62908.96791491209,1.1504751663807087,0,0.6101615477633923,0
25,54411.67075474722,93632.11659394442,1.118825413906083,2,0.653126749352159,1
58,24580.965578154344,112229.90348246087,0.5738267591395312,2,0.8620544973349286,0
56,42428.40513573692,143170.70357808052,1.1634131376259578,1,0.6409567626400108,1
18,67973.38320678349,101457.59561625063,4.670495161836328,2,0.1407142175425643,1
20,50753.93146247846,48755.25503095666,6.586979993478746,3,0.25844922884581045,0
30,63190.629391782764,64122.06803999736,5.398512754824405,0,0.6375989537603833,1
45,85330.23600655267,99775.91018116043,3.223577193374651,3,0.9119423743936659,1
66,70772.12138417634,161722.84893823456,0.2692964507875759,1,0.8915289668103288,0
42,51863.16675399485,121391.8930268022,15.971771096295287,1,0.35918614070877486,0
50,39780.21659608546,61329.25366924921,0.9200737121452939,4,0.8306733097204584,1
55,10000.0,132418.6388854895,5.519451520678608,0,0.5112878980093163,1
23,46632.30155054295,80650.75805609202,12.202953283749187,2,0.46434277302221016,1
61,43479.75008366302,144520.40025934207,5.982952205427998,0,0.3508871369210602,1
62,57807.323887907514,226350.52091643028,1.2298200947708264,1,0.6782027941643003,0
49,46921.895460506246,82058.68145282252,1.897497984356523,0,0.5995976131592933,1
62,43592.29881126411,140080.25798631855,0.15335732020797346,0,0.3746638355378855,0
64,14412.021389855588,62730.333398113515,4.743530401651089,0,0.7628381871361326,0
38,31200.64341699867,94386.81164043512,4.746562244299498,1,0.37934548079704755,0
33,59533.02081601115,101478.11434360506,6.4640306799076575,0,0.5843872943494145,0
38,84318.15262265388,90315.81699778097,0.055285976850626445,1,0.39238291008988657,0
28,48049.49232508753,223150.6844387512,8.514384662424053,1,0.11687666596292068,0
54,56556.221471482466,84670.34626608089,6.7106402075564455,1,0.16119437565696038,1
53,69049.5631390561,129342.5769392434,0.7592718141358876,1,0.6567388723093563,1
52,33782.12127599501,3495.6565338283835,2.1356909790338867,1,0.8112233891922589,0
36,57336.280865708846,121599.82816848051,5.087810498968031,2,0.46846296449876945,1
37,35190.19787335683,157102.72961761232,3.4238803309592445,2,0.3255871911257048,1
35,67296.48876982022,73620.13287104745,0.6113707626494493,1,0.33649748134748936,1
64,53028.06095903465,1000.0,0.4569887798786797,4,0.597647296541009,0
58,55969.036279628795,98067.41155863374,7.603846401813406,2,0.46768944689128544,1
66,34348.02805162822,100859.1925192764,0.8478191272527551,0,0.0007387055240245521,0
31,64140.6471922157,136203.75253721522,0.9442702794885965,3,0.7714719747262383,1
32,91694.25842462032,200545.1517706717,8.88700893969794,1,0.14231793782476032,1
48,29841.76609143588,80997.31746998466,4.735549435135715,2,0.6748100815949779,0
18,43204.819847049526,57185.59381698598,4.640748968923912,2,0.34421391174489036,0
20,54632.149483361834,41654.10993142784,3.2633456309896935,1,0.578002586265674,1
33,65728.12423991633,109903.93085157996,4.208178107166033,4,0.8551173764867456,1
40,38809.07429421062,123967.71294092509,4.603623868268058,3,0.15427259674128546,1
28,10000.0,72717.23028187078,17.18301952606647,5,0.777635207036862,1
29,77183.7898832805,138934.13728628948,1.2614028794048635,1,0.03830844978479664,0
27,65210.12239168285,123269.20384095878,1.2075714468567424,2,0.9213685806594213,0
49,15141.0493902667,102161.58448224452,0.2946035873658882,1,0.2015865312514502,1
33,37848.62416440888,54879.26396279373,5.3676299699911345,1,0.7944136944198734,0
25,81363.64859054652,75906.78422576384,3.981907355877499,1,0.06722049323822943,0
55,78955.92836915732,1000.0,0.589635751839397,1,0.32704842088585184,0
29,68772.8004535789,111789.35320990169,2.267022285673079,3,0.633547395253158,1
41,46477.751320802745,101317.06443737177,0.9841101435870471,2,0.6588246734526851,1
45,51659.7483762502,109423.94955447433,2.0134578426437097,0,0.6988095933196741,0
25,47381.48389747747,125215.95077822801,15.106703890174131,2,0.3508590752200226,1
45,72564.79566537675,119291.07432161114,5.749299060734698,3,0.6660082278874625,0
53,32483.151870097798,94480.84096769824,0.03798945905990149,0,0.42850143526269835,1
43,33884.00690231591,102433.40215813763,1.4551588741231107,0,0.5659199217467427,0
25,70205.49173672032,29784.179165191526,0.052078008116924694,0,0.5472264898017375,0
67,49112.77088976877,70813.9677155287,6.2740239865007785,1,0.1681398661616964,0
45,77569.34710907616,102523.55268417308,3.1689396378004013,1,0.8465982596671198,1
45,36569.75586038909,63207.32120438197,25.595579874042677,2,0.8671411451089294,0
54,48904.432793223496,143007.53979362734,6.613467541454226,1,0.20372536058994872,0
58,31551.740303120936,67068.39595224848,3.6481528222607915,3,0.4165334873458757,1
53,50147.25362847134,110815.27056241581,8.166231178451255,2,0.46487577040596706,0
44,20429.06126002402,105828.2828407668,6.1005727750571594,1,0.5489220167912904,1
34,40247.33158090075,137313.87968052048,1.3970894264602574,2,0.022272605074152296,1
26,21274.922701437645,145039.5587014151,3.777861281147969,1,0.758815134585405,0
50,63878.464663825165,134701.63054839696,4.059639222793503,1,0.8619583074243617,1
37,64331.78679519303,1000.0,3.000394820462477,0,0.14219387777989145,0
30,15394.745390313103,159707.40740065632,0.987334084283531,2,0.8966289517716616,1
45,76677.71491001145,176365.4112097299,1.2639500570356044,1,0.8509122164102902,1
65,99948.30252839708,75893.78578392653,1.649799248297895,1,0.5422567499970748,0
46,50920.12773472682,111832.34563364249,0.051540478576651914,2,0.274731710062316,1
30,37177.714795507105,55458.415993460905,12.441194508057604,0,0.20748967428035114,0
63,106486.61182006093,2581.074663392428,5.793340227456298,2,0.4891254428623719,0
52,23620.630033949787,63064.23672288068,5.849746388086254,0,0.5072041461106416,0
23,50402.129337381964,72993.04802681948,4.2470242203690916,2,0.6518683454464771,1
35,53592.445452638465,82257.46343240922,5.8448112483687265,2,0.8016374547923306,0
68,76902.95240904829,52054.2954997006,20.048882052640682,1,0.9344998699648972,0
22,57194.77950253577,63328.74165913805,2.431968783837994,0,0.7962808938631863,0
64,40027.32208423097,99449.68391857961,6.233107102684,2,0.9090453225361039,1
42,30976.312592240876,61488.6508444929,2.2277572131624517,1,0.49936849942003037,0
19,43163.563595077285,127176.21662750139,9.630643449267751,3,0.03888459391900645,1
27,29861.452781097116,134083.03256987198,9.760648493240678,2,0.05183018050662436,1
47,50956.50639569366,219019.38730822448,11.627550646294964,0,0.2684875256648306,1
67,38716.07640279027,156283.9966061731,0.027391513888699863,2,0.6139862169549561,1
62,20119.244134204986,112155.15291642072,1.7704731290955587,1,0.3352241500467992,0
22,75102.91576749808,68986.78516661606,0.7189150998209487,2,0.16614370459480599,1
50,40046.54953141921,114687.36758369993,3.0255551248363686,1,0.8504950967123547,1
18,24637.26390049375,116329.7979958178,3.4204381393751833,1,0.9849947719029213,1
35,46634.81731024917,74334.34554971696,1.4779263888712117,0,0.016641526694121223,1
49,51367.43131935318,139186.56983764388,6.426754789588807,1,0.08942409239035054,0
64,15070.665488419327,30095.099265906232,1.5719766933996575,1,0.49933875546185025,0
66,56632.953342515255,87780.00822312447,9.617024644998732,1,0.337667247832789,0
28,29056.848626194707,127792.92296587034,0.9780028788766955,1,0.7821512143919871,0
38,84220.57618381575,85620.79262039515,2.2882831981492533,3,0.6543022039703364,1
43,60479.210241534696,89662.27982853644,4.867451359002885,0,0.06851036552536816,0
42,42002.00019781367,93110.70694038598,4.64859076863802,1,0.5448832108719035,1
39,35096.64459365299,58219.93796561272,0.40620815383463954,2,0.3365325451613973,1
44,47900.64584872752,158695.0465787104,9.362416940572182,2,0.9651126233058702,1
66,62255.8148316658,49098.11640385925,4.557323646772754,4,0.4752790488315919,0
30,49490.117428296006,115907.96637049426,10.195705085862452,2,0.9276637093163028,1
50,45656.82385726287,120682.39491411867,10.110981946617272,2,0.030174590540794077,0
51,51167.40581635791,52568.904939551656,3.947395004431696,2,0.10327466643008376,1
58,37922.82137526091,103655.21271903717,12.0833319166264,1,0.386269037944338,1
52,43135.881463139245,54518.39136276489,9.432806252288241,1,0.886956705855573,1
18,10000.0,169552.12375279726,15.865086024747528,0,0.5446040794302353,1
38,69474.52461704735,43060.85315118935,9.502240871157769,0,0.8241405248822241,0
65,55975.95560643524,67305.14528840178,8.607544772562093,1,0.28352963359486083,1
23,34530.883119331396,38788.749582220975,3.168361798044833,0,0.11149430297597429,0
45,87974.69962710477,32115.0636566224,1.1914830331218798,2,0.24603882075199612,0
34,51740.32960784773,179560.76454411467,12.079257953400909,1,0.6453034111177451,1
22,29277.128560496065,127138.7336956281,6.4105580498016925,1,0.8714170992146502,1
48,67134.74842940917,107014.6712850272,1.6546730375433516,0,0.4549993281843495,1
22,57960.96433018525,67171.15183265392,2.08512626996661,2,0.19361553008450694,1
55,57891.599709684386,145380.59055233843,5.793061810501927,0,0.637612045911859,1
20,41484.887906968186,58788.87803162735,3.2486888416640616,0,0.19693397122856382,1
40,59009.9144755607,139681.96471650514,0.4249719451889584,0,0.5702877022583487,0
54,44764.83419557811,56374.43616971819,0.7625398326157016,2,0.10229172268589581,1
54,61118.829032916845,67774.6149062164,6.845194159182466,1,0.8111350681407227,0
27,11901.110919787221,137914.11930589605,1.9917240521131356,1,0.8051666566984043,1
27,41322.530740416216,143191.36720778834,3.5428213616520594,1,0.5412554980396512,1
36,84443.1019561639,129873.64669483805,7.275467933648343,1,0.038182606218306825,0
34,34658.65089199399,47516.29421216026,6.955039134457238,1,0.28018541613219305,0
38,37923.23405013626,77663.65671385857,0.913698382292643,0,0.13828485126405166,0
31,41040.773231000494,107844.93705992567,0.5178875552175926,2,0.5234558380679524,0
26,25703.877282227135,57535.95190449542,4.4720627335916765,2,0.10173430227093205,1
63,10000.0,168548.13800646464,6.766868681315543,3,0.8697265059530425,1
18,45388.27202952774,1000.0,0.8069503168607784,3,0.8501642883772289,1
68,52717.18848163314,61063.02423154236,2.325719582624926,2,0.15609807483565452,0
62,48949.898629226955,74521.67485650841,10.211807743771242,3,0.6948880350068986,0
30,47102.42876104226,1000.0,14.43198109459805,1,0.6965032882875483,0
21,50860.817417007755,30188.54348819045,3.026320393536419,0,0.3967543960704384,0
18,70456.82943101529,131264.4756271034,0.41427794324923306,1,0.15299909191315897,0
66,46191.07628141566,101514.1818276482,1.4899851539633695,1,0.13210772225683298,0
57,38518.34845825461,178656.80110214514,1.3261463053191234,2,0.7394759514842324,1
49,44377.49030223827,177261.32229424093,1.3653712442738206,1,0.22017741385707634,1
51,61586.93519513551,121652.31893019733,3.404924265911898,0,0.6034537578449289,1
45,78240.53757086498,115661.91245003558,4.3760516740124284,2,0.8658816165382949,0
48,37437.125216616434,103296.55542894502,0.653446254862004,1,0.593099438200347,1
25,51978.67574057767,1000.0,11.007187489961296,0,0.9739623410983492,0
56,56767.14883871919,30272.02433369623,4.837575712659574,1,0.6455018928287893,1
43,30148.43986542354,105033.7751549467,4.547217765341866,0,0.31460311343120684,0
51,50408.34334425836,130801.28543738357,21.82250490398184,3,0.8524673317659941,0
20,20686.522853158098,114483.49060690703,4.946242679493509,0,0.3109123712700944,0
67,14618.993925212024,55376.751614217115,13.222501027214538,0,0.9715703795219163,0
29,57334.92815784514,146870.3141234748,1.6861614334490578,2,0.4777319450607802,0
18,42322.50517338434,174122.20143773183,1.373036211266467,0,0.9532470682622816,1
61,54045.608152424385,146899.480014567,3.6337130695191893,0,0.18359823712147239,0
22,49642.100459833,149479.96647952354,3.552575137598291,5,0.011398505229599287,1
47,30471.999026724054,72038.71010223945,1.284042354196768,1,0.19613129595865497,1
47,49094.91396071327,153796.70613503997,6.014128261115373,4,0.098368368086868,1
34,25337.973899702898,107287.93196638286,0.1504088639029769,1,0.7339560224032454,1
65,77819.44716002801,125577.77642610024,5.866094174321857,0,0.264545655177468,0
64,22880.593102800725,118271.59214123545,3.054868057370856,3,0.6394741894562697,1
40,46084.294580628375,93925.64472797945,5.839932588608989,1,0.6686570401686123,1
32,29154.568239055032,56999.87624388491,3.2416399814460153,1,0.6882453404132697,1
54,61408.42346721591,95893.16682229769,18.934398479095634,3,0.8326081212627535,0
38,43371.37257436995,149338.08087414113,2.037472963871883,1,0.14896585439240673,1
31,39626.66560757579,77926.20973435452,20.248654681835802,1,0.050464031446086244,0
19,67064.03090103109,144667.3631304073,0.3359044053767007,0,0.029705131037502608,0
28,50588.61183355104,136853.5335308836,5.756281549502206,0,0.10379000383066517,1
68,60332.88891871934,85053.13014900849,3.027689307394981,3,0.37918553593813875,0
56,30373.481269650703,169440.00518097886,8.633726024393988,1,0.9673759386810711,0
55,21903.661121449863,82222.6664404647,7.794105890086912,2,0.35322509778753874,0
51,52144.15924080267,175477.34313063158,8.052446897057466,0,0.4529229291033223,1
55,43623.07289010537,121706.34907704862,0.4976576821945486,1,0.814396720093835,0
67,62528.693449078884,99206.70407732432,8.640141678299543,0,0.918598019419543,1
51,48401.830946749,55609.93098311731,1.2042478937674246,1,0.9714415031622033,1
35,54101.506784692596,95586.98849324793,0.1300787900842239,2,0.8264512246683747,0
47,17532.34940117513,89812.02432527898,1.2278323809560352,2,0.5025160580479662,0
32,87768.73879228513,37085.18073745473,3.262763064614511,2,0.22947644783591536,0
44,46715.16029935936,89119.22886411664,6.7761370740109985,1,0.5983669561516127,1
68,63951.73940678398,59809.840995145714,1.2335483235510714,2,0.1967950467570745,1
51,33278.16659560747,129299.58844893909,0.5995940319670013,0,0.055724732249211706,0
69,56160.19804434682,165314.02378641014,5.191829350969255,0,0.9193539351426641,0
55,23943.104729505092,38654.216185237965,20.644070246062867,0,0.48479030591605,0
50,59041.35676519342,185615.38641834614,4.592344287412327,0,0.5082402238871366,1
41,42880.51831228334,93572.44828074351,5.8729983186540835,1,0.6092190260638908,0
32,50583.81007871135,51248.93075307429,4.118186797505319,0,0.45140855743900676,0
47,63959.48060260195,137887.73901040916,7.6242993148333325,3,0.44443046490121985,1
59,25349.193775594395,77677.27608724759,18.607926578927408,5,0.9151453175644294,0
68,36310.16538774406,95913.16619842529,3.9277295372434775,0,0.8165461289600618,0
34,59146.48562173531,79786.08778939606,2.69604414558718,1,0.21259219845075594,0
22,91964.42949093494,59163.103406755,9.842831502324863,4,0.2917776292205596,1
46,47238.35330677037,136199.8516200952,17.487717209425313,0,0.6606226401293537,0
21,61822.72235847865,85684.92985529064,0.6916093339097029,1,0.5710919190204653,0
27,47860.5706028304,28167.4103910377,4.315775892443659,2,0.7661593537709837,1
34,88844.91189512599,127553.00621079664,7.862155754445125,0,0.7276326213854861,0
27,15055.566660694887,39720.88244881223,3.81076531590475,0,0.7085472124462104,0
34,51892.42089338716,42336.99136623707,2.631362983201473,1,0.8802179108805163,1
37,17489.11932875878,159630.3102488658,5.324386160723485,0,0.7665530942153159,1
41,10000.0,40183.005039489406,1.5744311608639758,2,0.24284738853983678,0
22,55949.241062356334,1000.0,2.1472555009068546,2,0.8728371990202122,0
51,52789.95592294918,131143.0742480748,24.31754110590156,1,0.3355322051344013,1
23,44303.26124515597,84806.82852594348,5.05940310161579,3,0.9108944844680726,1
19,47876.11819920494,89117.24394309417,10.314979510347321,2,0.8242699647177867,1
30,111965.98868142515,84274.98033249,8.245274859576789,3,0.07408538955607702,0
60,44836.49723937131,111583.49695093634,5.2816815417624134,2,0.7712806145993083,1
60,60202.487225001496,62364.037904846606,9.185743214090953,1,0.5001141137920685,1
65,37012.70360772238,173805.74372828822,1.692480885072397,0,0.9771127582524629,1
28,55904.65150081206,26188.475984530087,5.068366459046882,0,0.45841893600901884,0
68,45235.32649888765,122243.74583385616,4.465355646493993,1,0.06700774772280249,0
64,41789.6303454054,132106.0501938292,4.86985877469392,1,0.2931365630727878,0
40,86377.9706440065,62017.411958331104,0.9234132728448147,1,0.43020942398506334,0
33,73543.69926368678,48813.277736109085,1.6234113412176177,0,0.5919176779904017,0
48,52734.93294798461,150858.7107085078,1.688973785377716,0,0.15210578397004748,0
28,10000.0,50456.96229916425,4.605840064640847,1,0.515082627268532,1
33,42779.815534948604,69666.80296247166,17.976377361514437,1,0.48347280208967136,1
25,104060.55128810168,144365.44812298732,15.402917328807499,0,0.8366625578379449,1
21,45386.76666720584,101737.06167695121,1.2886073889356382,1,0.30240291081530735,1
57,72064.35144107316,10142.816618544777,1.818103931793352,4,0.44951744397389237,0
21,78838.84803905201,187352.9572276757,0.18364095020912946,2,0.3886126636496263,1
42,54379.278317119504,73499.4620610017,2.544267763380276,1,0.6322313707591212,0
20,33163.56736263695,79862.13550467914,8.999183663752955,0,0.8361889846717717,0
49,10000.0,112789.21261631827,12.369936753738674,2,0.6756241324381823,0
20,63683.264172179086,131253.83985020363,1.3491877171055262,1,0.4650489957160312,1
44,33704.87994352904,198055.21456457334,1.544831403459988,0,0.6378296950517653,1
46,53523.00903775384,16996.592529715184,1.2477573079435853,1,0.322243962312318,1
49,25003.59320821272,141297.61044629727,2.15471131758851,1,0.14409984176356616,1
67,44695.249190595954,137150.48470250383,8.167613138040469,3,0.31971792444764024,0
68,50674.38109802106,93141.75445629416,5.204417677542631,0,0.4436895659334531,1
36,55371.871620885955,139363.68474081112,7.707516086578007,3,0.4392649330026619,1
38,27703.556252951716,146713.70088182733,4.3737182774701635,1,0.7376012424773637,1
22,73938.21897522705,30901.86075064978,1.4902318371462973,2,0.9363453609123943,1
35,38062.104305360575,187488.3252940415,1.2938159520049424,2,0.38895940259026596,1
45,16510.610790935098,22061.88734309291,0.045207284633102404,0,0.08644851877310678,0
59,47819.53160073073,43234.185938061346,7.593009928534842,1,0.03341318481876565,0
39,50687.5061805292,86910.61631879519,9.390549997606529,2,0.0039527704982638134,0
38,53211.788663435196,196247.02565935283,7.31118375825758,1,0.938100151746316,1
23,77242.64807370158,84587.16851233068,0.38657663117226454,0,0.995633351341769,1
18,45271.02326528281,98403.30549745947,7.182081228744761,1,0.051384077556340446,1
22,47607.60751262457,171603.93019522817,0.2342393871894367,2,0.3582087039266396,1
58,27936.31237533813,84984.09287172636,0.5579721179985949,1,0.6693451372953363,0
29,66411.07005775794,41078.164353466214,2.9033386799635323,1,0.17894539914167606,0
43,53686.18128156207,79138.25823808428,3.2327209270313952,0,0.5944371882052275,0
63,41599.44545411675,168539.59169028886,8.467322467775224,1,0.8136173598395464,1
51,11906.506130690723,103543.24985275682,5.689784563328317,2,0.858086429711447,1
66,78888.24390110176,196532.91295281297,0.8321633535430932,0,0.7064206771619143,1
31,25446.400710878857,136896.74631310775,1.281865328956392,0,0.08176417728222962,1
43,38174.43981260589,67759.55318032583,1.6820875084067928,0,0.34839578457648346,1
62,57166.890221520065,102553.81522325391,0.6600777815961166,2,0.9673427767710997,0
44,26068.84142766627,57339.09409290602,1.6958936839685603,1,0.1927550632417384,1
26,20129.80443493713,66578.3484675615,6.520773677545762,1,0.4539260735714209,1
43,10000.0,300000.0,1.3814129382537992,3,0.33417693465582066,1
64,64419.939058112715,150931.22550169055,9.019959315967798,3,0.20553828469295976,0
39,39096.27510547356,143054.89945033367,3.169836787462758,2,0.32353608755207564,1
64,108545.40184946661,68840.9842345968,1.949945615961715,1,0.18951867383388654,0
47,30112.89868738253,178479.20331405394,2.658698230830288,2,0.8772533541116465,1
60,31570.979531421573,154970.78008964687,6.180702413825667,0,0.17444328374868479,0
65,38692.14059429197,194081.06446788856,3.636547657886751,1,0.6235441683946658,1
34,54862.69310276978,191655.70741992246,0.036526413470742716,0,0.9423156128110944,1
43,40595.933224293774,26045.535595123903,12.776034872852989,2,0.9526457076278734,0
53,62246.64428005024,44508.02553650464,0.34137280660589475,1,0.600424668043393,0
18,30428.232200226914,49810.60922681818,13.95346602425462,2,0.2708959232689697,0
25,22368.165630728377,52802.96783337815,0.14278356414775553,1,0.2478978113176964,1
66,14035.705211817847,116172.61821301952,7.369715195694133,3,0.7474706794318502,1
52,10000.0,71659.82739520911,3.825092828367143,1,0.9807073247870837,1
69,39638.61961049886,203629.92703812593,3.5233281254061866,1,0.07759497895118295,1
32,43980.39375213556,195233.99410408188,0.3778140093796844,4,0.7894685813654329,1
64,37371.259450336336,99676.92029604802,1.3639345270759886,0,0.12298537956513,1
39,74868.11594374324,197766.3108074895,7.515204304792734,2,0.29818534709712874,1
31,74560.6041921627,174406.7313620101,11.093970015953369,0,0.5666236519805916,1
43,43303.94025110996,77464.67204113706,3.7657459673755738,0,0.2972246973231305,0
45,14121.57773616074,1000.0,2.1796993854970466,2,0.6502611749467293,0
40,38665.89783889894,89101.58075196353,0.30907494295075433,1,0.417195874621489,1
31,38003.57212165877,67768.89344607636,5.731327282859075,0,0.21911373306782067,0
41,36857.30075443884,110325.28125729151,1.6317445292154678,2,0.5309307478544176,1
19,36045.621922035105,104461.41434373746,0.28292432406457524,1,0.024009735158361356,1
62,36930.74208550386,103150.88294496143,5.4808522982824925,4,0.741078349912359,1
43,42269.167682044805,126184.23706895823,3.3249350664978614,2,0.5222888661055365,1
31,37289.178023688866,39373.90264581607,0.06017135974790606,1,0.946700317994948,0
68,54166.450172511846,120568.01387848539,0.5878630089689117,5,0.10278946921999055,0
24,57207.37431809722,78019.1923491497,6.00658050321795,2,0.7322922382284434,1
20,31787.098256350204,109999.10999318435,0.32894362126374554,3,0.300950393953876,1
64,75421.30652014067,147870.4922616095,10.048199407558192,2,0.3731486833446641,0
40,30398.753963187715,38780.01133894852,1.86493836131565,1,0.3484867222874096,0
63,17643.98772369326,85935.31736652153,0.4642316752211837,2,0.3580219178588273,0
60,57615.561427301036,94073.28829855678,7.130529709901358,1,0.4308349530771063,0
64,33651.8373117132,74286.55142146796,3.7161768958151633,3,0.021004850918864393,1
62,56425.82941514776,144991.47480664786,1.8310299042758127,1,0.846757356662869,1
35,10000.0,63980.58205997642,2.6052076584578105,2,0.8817959426719559,0
55,77849.11882966135,72229.98002788307,0.10822483439467455,1,0.03955653492947386,0
52,63445.868160808044,64504.04335239677,5.433891005690353,1,0.7760031935908491,1
68,19990.469016739968,154602.77057194008,2.2767471538408226,2,0.07227260970566407,0
32,20424.457523074285,75377.79437938916,6.25947419738443,2,0.8078135982846049,1
42,83445.31808195055,123002.2695441778,4.94660800169234,0,0.612987721822278,0
54,35252.401930040825,198785.2550615037,5.267059742635806,2,0.30635276167105463,1
45,33316.30302534753,96259.07898247073,7.872591578318238,3,0.6138825989735013,0
27,10000.0,155603.03400165786,4.986935617066458,1,0.506646103975624,1
56,42984.43588796892,183567.70420465642,2.712664554405337,3,0.6357548248117024,1
34,45445.60770328494,151359.5780020207,2.4708878880522827,0,0.475371777998587,0
56,64309.86193538971,99159.93420111298,0.6367930277638969,1,0.7728745916575913,0
39,22018.43143631049,132105.38794993068,7.558004936710456,0,0.045269537391796844,1
43,19594.264155187808,35631.07034323273,7.1587278060432835,0,0.3442823086944463,1
61,59019.25269552954,60997.842092502404,1.4137935080198885,0,0.5592867480866756,0
42,70134.6014245413,69766.24091840404,9.92727619627817,2,0.588243031068094,0
34,18576.952977642337,212030.60600871412,4.445849955075981,2,0.16954498698396991,1
30,71630.28172599482,59370.77428723665,3.257021737695989,3,0.07452960449773915,0
37,50750.83682973643,58626.16243690852,0.08825585498473176,1,0.020978620456929553,1
42,71836.10678149291,47803.95098755082,2.412334355868058,3,0.4130136247362677,1
21,48595.59276964767,127990.58809653803,5.1175811531570545,1,0.3303871766913352,0
27,10000.0,107131.06963344415,0.47016808207708954,1,0.5678079933573694,1
20,46960.65235367922,154337.94885132823,3.076925902196243,2,0.4495148352372438,0
58,71202.8763734254,133562.98330386772,25.130738479545627,1,0.39406805489675034,1
62,32125.079618325715,30980.507663796627,6.30339725776955,1,0.8433205930452905,1
35,42240.700621850956,59636.11149948146,3.9578908877792744,2,0.6215161489093242,0
64,46477.329928980434,168266.43741379108,3.807482206105464,0,0.646100730419729,0
53,10000.0,89835.08777115974,0.22375833130963227,1,0.38182638178203443,0
64,83426.95150874952,159379.59090090063,15.769472642592726,0,0.7768443161142473,1
39,31972.48640205651,92515.95260423415,13.167798566150267,1,0.15208757116482763,0
51,60114.70864945598,51617.17858557393,5.734886909103425,3,0.4020007294230954,0
64,48265.977277035825,84836.9611166647,0.5213147559081976,1,0.04717390506861696,0
25,75152.3811271872,51597.5102225152,1.1649209141536792,1,0.11543735286477286,0
57,58121.12244856162,71722.36187987881,1.016150336326499,0,0.08152585623027753,0
66,45301.51456958051,110046.2853282623,3.665457021972519,3,0.44143613157115325,1
61,32129.698149614396,125580.25451845102,1.1647314230959434,0,0.697324357253977,0
36,65957.01402764278,20490.43383728509,5.950358725645284,0,0.3126967106493197,1
59,12531.173920907662,99131.5996245451,3.939816157993276,4,0.0266110617237183,1
58,62917.80840551785,70669.21322201237,0.08907971322584239,2,0.7072083925113755,1
54,28019.104968902546,67579.25955205937,6.814007208356539,1,0.2074330671679081,1
23,75045.6732391328,106634.23095665385,1.0463803582097988,1,0.722674687812846,0
69,53225.990853253905,72477.4063655394,8.711565307329996,2,0.00735462496149375,1
43,62882.47535700217,169106.89974233368,2.192877049098231,2,0.3123421011780454,1
51,51639.77627649439,159403.093812553,2.0671311695719172,4,0.6212307464157539,1
62,14952.458097180068,159091.41469710198,0.05943857753707181,2,0.8711507704660503,1
23,32785.41673209323,75254.49022548491,22.00257566167485,0,0.7541284425726265,0
54,63447.78675222765,51875.05825403389,4.733805614270187,1,0.44961971993486716,0
50,53333.11634719688,104101.49646940577,2.7472273609851214,1,0.7185148028491137,1
39,73619.79810611345,92482.58168568664,0.5080677463469832,4,0.5375414072859619,1
38,58065.49126074344,69558.84187883176,6.0056852136894845,3,0.8133955560578191,1
23,30665.962185946806,41213.27766665193,1.6615179774023763,1,0.7720655495541976,0
23,34078.71724558732,97924.10153659643,22.232641622674343,3,0.9758521690469177,0
65,52058.347810464744,79796.52748737633,15.033699089383783,0,0.10493806764270608,0
21,10000.0,134417.35185190098,6.6457281140197555,1,0.3407049066854154,1
47,83468.8377124597,133255.30257607397,17.714714423781142,2,0.19237680548489577,1
28,58834.934727551146,155039.99027113584,0.5582001891162844,3,0.630768083582035,1
47,74540.69194097744,37035.222405998094,1.641932595353537,5,0.664027697899851,1
48,18387.92118381662,120052.91538468163,1.4600791735162078,2,0.20381068391882773,0
41,74891.30320710511,63626.714688316395,0.3736859343505749,1,0.4215526000290579,0
26,94629.97822055497,38979.28945944577,17.918382389185982,1,0.6021502225529055,0
20,23582.43289245365,78569.8881525645,0.3092391835056987,2,0.6589532016326924,1
68,65428.03589807533,153435.24900673088,9.713687575726112,2,0.10264698441252118,0
48,50022.19889374587,81384.08232147578,7.308569725418734,0,0.9210728280045265,0
57,19111.323035035115,178272.7329979556,2.356959662235745,1,0.03408311503660577,0
54,59857.6794370374,127443.92577601668,0.09493235162651206,4,0.9729424035528168,1
53,66672.06409674697,80295.47605097115,0.030572804328065403,1,0.31632582021877753,0
41,37977.46894662306,158002.42144532042,1.1407417767299317,3,0.31634557272841757,1
48,73318.33040510445,122269.83860571429,3.404873632299559,2,0.44602599547365085,0
23,16664.731864216046,53372.03057766473,3.06161599712455,1,0.6949583598960435,1
19,20104.87707100712,192940.13177902577,4.400910055771857,2,0.1596017836848187,1
37,52731.947911775045,112973.94115432382,7.391155997753818,1,0.25498477999575797,0
45,50507.705559445436,100939.8095992746,2.3688906374327847,0,0.9615726847890749,1
28,35668.5302315179,57223.366504719204,0.8739322587407177,2,0.8768421435822575,1
21,66191.88871943772,158976.91338038692,8.048412632458996,2,0.21239168479810921,1
32,60617.886284318985,125863.77136806533,2.0225079721669914,3,0.5730114352341639,1
23,67162.78141868032,131461.90901476203,1.6905411552064489,0,0.20360175051479712,0
66,47537.27129295465,74623.43282371157,7.226232727819658,2,0.5500612576007611,1
47,62051.60535956682,141705.02859550342,13.601077350402026,1,0.3657732950128433,0
55,41086.99393940011,145590.6796785401,12.323243102236365,0,0.36242473988900614,0
68,91076.37380173191,66561.08806094388,0.7392668983756084,0,0.6350698517641826,0
19,33749.084597560286,29150.49301595046,3.4974175988152685,2,0.251840848167051,1
32,92105.94858916625,129068.6529669462,0.4873491112759869,1,0.404259605194918,1
28,50697.75894178817,21332.65251971301,16.21788692237545,1,0.9252588494034135,0
25,22489.782208625147,107600.78889188897,1.2118095191255993,3,0.7553647993250375,1
43,77361.58700977202,77637.74476063464,1.0996783526359875,2,0.38328344328237185,1
68,52518.02776789918,160933.26053944606,10.985978174066869,2,0.23026186562166318,0
62,67022.48196760476,80357.80546163964,17.186800475358414,2,0.6590116303008936,0
61,74477.11837085187,155363.6486001902,5.980556589654472,0,0.8076896856124818,1
22,56759.111082900505,74289.5277818487,0.644880539668179,1,0.8607646812891324,0
23,38155.18310374371,149999.55025298055,3.3262556981537275,3,0.5642812798695664,1
43,69514.267553385,203017.07719184158,8.480567476179196,2,0.516799857011912,0
21,50015.11014909191,46597.64308168798,4.248738102934128,2,0.7196424013330508,0
36,63717.15637216838,114601.7860865454,0.7112455788289296,0,0.17576683370575252,0
37,10000.0,237439.12079550326,0.9430328277630158,3,0.8521389353538882,1
50,58939.63434019704,103329.44134514609,9.980713351538041,2,0.07392350448948981,0
37,37228.2834970994,103089.41351148242,3.7436077461781965,3,0.6030169007129474,1
66,83066.1927435706,139424.94736755098,6.118102372177114,0,0.5896935140789579,0
29,62461.7469577819,102054.04320473771,2.334542330908119,4,0.3107023151888315,0
64,54797.154916985935,14638.700271472379,3.801625460263114,0,0.035462857364521816,1
18,59726.199867004434,156614.36874194694,18.883777563297425,1,0.7178548722322042,0
43,30031.182942465635,1000.0,2.000172181940282,0,0.02417412315198486,0
31,82465.13381056108,79160.4174430829,5.616398118329531,4,0.17961168058899024,1
55,89827.40836833809,160371.28745783243,0.9467644369862566,1,0.5442368279638038,0
54,57858.27021096433,82172.87856786071,0.6490623548859744,0,0.939983031860934,0
28,81808.07137147278,65315.17537677979,7.654060531050461,1,0.06593350871899673,0
53,38617.03602654932,143963.19525832802,9.29296583092782,1,0.5787869362884478,0
30,34057.72867550039,57444.26065828067,5.517797962335919,5,0.32889303484252774,1
60,50818.494974578454,38888.714020402316,0.8610393897474959,2,0.6694179714517258,0
20,58698.820767357975,113725.69937466417,1.3760539205909468,2,0.9529088157741317,1
50,42120.266375137595,90853.83507937046,12.105475544532789,3,0.2685903156557108,0
23,60755.36380736968,37816.3442905579,1.7033334468577879,1,0.9559269850484764,0
67,56127.789641468284,131847.62699974352,8.542439578764865,3,0.870626300917259,0
27,30033.864494178903,123224.38027886169,1.683922449208691,1,0.6070559158320884,0
22,60375.860349034425,82012.2491697184,14.022467081927728,1,0.7582366720884796,0
40,67270.56485043043,85433.39969375267,12.29344163790657,1,0.8648880043346862,0
27,53429.38635180782,123519.63710045782,0.22113461957699462,1,0.8034686319581397,1
61,73052.96206523385,159518.0709876033,7.357387674021929,2,0.3267076856436716,0
19,25651.92413006096,85860.33949453376,0.9284065335978271,3,0.8126040768415994,1
30,59359.00844263703,132734.42465040722,1.2120882067072971,1,0.31351884122019824,0
57,26594.385872064504,128260.01085422996,3.0794976833385523,3,0.8670792923398964,1
19,27718.37283533825,143965.36463544882,4.293862292943485,1,0.2554660506403249,0
37,37381.3833252442,101965.45993717326,1.971140296741131,2,0.5722608594657457,1
18,31158.7963285151,54383.72429668211,4.282842768678454,0,0.6929236445416613,0
54,39040.08362517724,76875.04234000153,0.9356155571951694,0,0.4257912305822382,1
26,45716.99378577623,117142.67328908239,0.1129545921907059,1,0.7829724953325222,1
34,66743.08972662769,190923.21891907963,4.234107733433505,2,0.9253559050231447,1
26,43576.81922588595,75799.01884018608,3.6429937330130766,2,0.18625309406668733,0
28,18287.485864608145,140239.37217636994,5.850336795623519,2,0.03344265167011862,0
32,72801.35692990321,83597.177466162,5.246569296548356,0,0.6265164169237312,1
41,33258.19732769921,105523.43779430678,11.388798067322943,0,0.6021868625845238,1
55,48825.59145790742,175769.8374631796,3.0760129326635024,0,0.3413044536832609,0
52,58930.73013881423,138214.62907102166,0.0420234770158361,1,0.7854629766263735,0
47,53992.20836805565,37935.03636295216,4.980089176737083,4,0.826142548700175,0
48,71883.59095042951,71376.24880942046,5.621688276976964,2,0.33198568031595,0
66,59580.06286785518,162811.06722206794,3.6854429833108835,1,0.6822724995992991,1
22,32773.80840605784,107093.90213142477,5.844715688831138,1,0.6420250716499077,0
61,93571.24347983324,42557.994019206824,1.954733657436625,2,0.34264417475720754,1
67,53886.669266764664,59052.37775131396,0.8055895756555111,1,0.9691482565592469,1
31,47053.19546756987,135174.67613555858,5.461466437720821,0,0.3464022512680025,0
28,69278.50846111141,149720.5140608815,1.406422431688338,1,0.6202840233040517,0
26,54989.01891860145,100892.76507410873,3.0469345820138387,1,0.3801264126433137,1
51,57984.56385878654,223765.69004680513,3.382657253800434,0,0.011833027704200139,1
29,99843.67997201374,141207.61817278192,3.2427771868927695,2,0.0916384947670561,1
52,44497.571434899066,87825.94651835498,4.562105439067042,2,0.23231633186193223,0
52,43644.78211965208,59214.69759503279,0.14948089670216383,0,0.8121681867134422,0
18,52331.570240249275,51255.78476804793,22.869566524740428,1,0.4420648515259413,1
57,71430.31871162077,116771.06602401848,6.299374284566301,0,0.5886236642753964,1
39,19869.31939619202,75561.14775432966,2.7702993441257746,3,0.943856572602534,1
46,10688.882170469893,183687.18769917125,1.0618219680003622,2,0.1470237116975518,1
25,38257.69458759705,173315.590145893,0.4178718465119654,3,0.8618193696255505,1
28,17321.540818814257,131653.32737486137,5.57661194936096,0,0.37923600796297074,0
58,41503.37304948723,41050.19135215522,1.9059771805171017,3,0.3374800023629234,0
54,60049.9939225858,66389.05637237975,1.3034383323427732,1,0.6255282909356904,0
31,32185.02272895473,162783.87628705503,2.3898111723771147,1,0.8986385505538822,1
47,21463.468464373153,71846.6900102449,4.4937656897367235,1,0.34853591242389703,0
52,51386.74323430696,156107.0866959762,5.569216722958514,1,0.7614082411877006,0
38,67250.8696923034,123730.19615173806,5.180583364505291,0,0.019242084525597947,1
54,16100.531229667744,102585.89424065937,9.948574001195762,0,0.623101612367986,1
22,66404.64796611968,64858.35935322795,1.2343479487325524,1,0.6305586694939103,0
36,66346.12407476653,95287.80782376241,5.0632670707853356,2,0.556060520273184,0
31,69081.70204313257,109482.39774374489,0.5329973930894268,1,0.9378226242614253,1
43,74369.60429743373,151626.94491505608,3.9696430910713927,0,0.9385912799711235,0
21,94040.27849319231,55713.21996831227,4.384850148523643,1,0.34206087680729336,0
42,42878.159027618894,86859.15787369425,1.2182449082983895,1,0.4563642523156438,0
62,52191.43160155716,102241.15659661424,2.4853790196766203,1,0.7923755503786389,1
59,41671.23133503949,133133.91788430823,8.777896376084318,0,0.8439114008682629,1
42,50039.536895116216,54576.783123861154,0.8032448874061903,1,0.41796880483690846,0
35,80657.46711272624,34171.51035563924,2.8502797150944597,2,0.3490265929433144,0
57,23099.710321386625,133698.2575855025,13.495432814904627,2,0.8206165297611285,1
25,32779.00655668849,24102.54425266484,3.5069949433655196,1,0.3768694883953222,0
56,77543.61873009123,164248.9857381084,6.457352622047573,3,0.4052321926026241,0
57,70400.73013804179,92203.6951258546,8.768448231500177,1,0.13553043110555074,1
31,42737.36706365844,22623.44588627768,1.1393634230758813,1,0.5429491375419353,0
49,67088.0400224144,75978.98902982529,1.2308918591404736,0,0.326448065451616,0
68,56824.31684984067,118956.18165346186,7.106322889074425,3,0.5906067294228793,1
55,80005.49218001976,73364.9456222511,6.99804784530108,4,0.44820906746415645,1
50,51490.19187653545,101001.48744121738,0.31035222347191854,2,0.7481364627635777,1
40,70512.64227745164,137003.91828526434,1.9467156473572622,0,0.2777728722071735,1
32,102840.2382098524,89890.48323061902,2.541913815809135,0,0.1719995588072769,0
50,61961.98310094932,53147.11617669332,8.831640140032576,1,0.702959760774412,0
42,50986.56331589687,85050.80013140794,2.739715631481758,0,0.38412720288018287,1
34,64448.93970441959,170742.006822963,13.013648533445071,1,0.5636035750358989,1
50,42694.382835922304,184253.2172666592,28.431349308742433,0,0.9410687359011349,0
64,97759.35411049463,1000.0,7.5871697264428315,0,0.4840936949781862,0
19,53601.42075391963,154551.39545957383,5.488863549573898,1,0.15239212924667667,0
31,44541.33359548974,112507.38580176781,2.487056382140311,3,0.4267035131904672,0
57,33286.21989959928,146199.1339560075,0.34696178877643835,2,0.47853097583229487,1
57,71944.40383212877,72475.58698661852,4.256481374972568,1,0.7659784108779331,0
68,67343.74825655477,11586.824524925702,2.2447728603814623,1,0.1951882554966371,0
56,40052.91257171814,129224.4394323731,2.160827632923365,2,0.346901767343339,1
68,61529.02690244845,52951.13693586415,5.819103213819448,1,0.050028319564352275,0
23,19828.880635742873,30585.378425757386,3.1147425286326125,2,0.7019779314082053,1
23,53699.411501463124,34079.930876326674,6.973525053836957,3,0.7439323438996529,0
20,59055.12704153389,130045.68912076672,2.5389281020224757,2,0.4571913688027571,0
24,84146.59619118445,106972.62330145985,0.8176759667512343,1,0.5382686586643258,1
68,34583.62394542621,139123.3010937337,3.093423385208909,1,0.7498138382317276,0
25,24432.947423953512,133453.76272481825,15.080952039426908,4,0.26830143047393706,0
59,32091.440781499165,78953.32177081172,8.085451313534604,3,0.6069652858904117,0
69,23268.6299937016,96476.32130612721,1.1517803396675375,2,0.9639193476849505,1
32,76733.14715517966,74428.12356087302,2.4821528380384428,1,0.6579678184122032,0
64,80972.78590048073,89483.61135672547,13.14102877298129,1,0.07811013672136391,1
46,56404.33155897658,51637.2631009467,0.6602285338785749,1,0.2902600693962393,1
50,74425.89891370296,119524.21469371676,1.4648149054488102,1,0.519126605763323,0
69,52679.16761160471,153756.03744908783,1.5205659403599883,0,0.0726707666846258,0
47,48097.76704598468,59169.34850895067,4.230709526527096,3,0.6765698118812816,0
56,43339.24761892477,164063.48227006712,2.6443821495325652,1,0.6542121992729171,1
44,43792.18017244869,105676.07482389708,0.4162052353759021,0,0.8763236906269641,1
53,19043.968873819376,112053.94882029067,4.960212159581113,0,0.49999278815421,1
46,55285.095272146784,15028.524019624092,0.521682226096933,0,0.6921385497664847,0
55,49193.32179571912,9636.884521713291,4.662290257311887,1,0.18201820865306007,0
50,64907.214481557516,107205.81813898409,3.5363155175699723,2,0.0028696926893532204,1
54,51870.469928772196,139486.6062316004,3.402820016476179,5,0.17225399436025612,1
44,46745.92596861816,66430.97781775237,0.34941050491755565,1,0.06221459830701659,1
50,32576.139399847387,183504.69502915448,5.097440816813825,1,0.42771802485928356,0
21,51443.064736435226,136746.79871271577,2.822189239666341,2,0.4683033372636122,1
39,64764.74461632324,54582.93741460074,2.6475464261184167,0,0.6444726975097004,1
19,27133.220178322787,101542.43335267536,4.537291717768019,1,0.14077186642191064,1
27,51749.47507361478,223846.4566861706,4.660170808672764,0,0.21471609749618914,1
22,54660.85903058968,37871.79986001472,0.07573720592712548,2,0.7983261625576152,1
27,35638.70432763471,126413.49694575527,0.6689479938026138,2,0.5765224947791882,1
50,38242.873901839994,83862.77236383288,1.3493300974990001,1,0.029363593684488487,0
55,54612.21697532429,135344.8145459256,5.665666712898774,2,0.8484046723239205,0
30,27331.57963414754,163363.68231591908,4.298856471446496,2,0.6298055982244036,1
48,56998.47430498785,80688.14556443163,7.086431075574827,0,0.1866391064364855,0
64,32092.912526816,155945.6135853587,6.747070491576391,1,0.2520657412569218,0
53,71257.07386066433,211060.16971359804,9.592837374145192,3,0.5535474138252426,1
62,96756.554907766,103313.73686721174,2.3645581571216785,1,0.5608011815260024,1
41,32784.86396596361,139244.43437470926,2.116087768621152,1,0.805188663940378,1
69,60684.157247493495,70477.96148983625,8.889738552704813,2,0.3585826381733387,1
32,35465.161902359614,100962.96545156062,1.356429692685589,2,0.5493031465525254,1
46,70819.08347595579,91166.24536458787,3.09179780977452,0,0.5825379784982245,0
25,24694.8318182957,139846.79628292978,1.0803782644330326,1,0.5586764177266628,1
22,59611.73516855425,160233.79678784628,12.257789298358615,3,0.07290584537773248,1
46,32540.220662212945,94517.25754412703,2.6195797564946313,2,0.4112528744338819,1
64,45860.308218032624,176681.14228664618,1.1943763562677148,0,0.3388841212892876,0
21,29379.49449705386,176502.37207808145,5.888494864133783,3,0.9927777182392672,0
29,66447.00941791508,142342.68715899505,1.4028350777774374,1,0.46568856348764354,1
62,33260.39291120826,74198.67341391358,14.367892078938148,1,0.4352278756905461,0
19,61039.28518663655,69408.55916300486,2.291300395734958,2,0.4836875664225595,1
44,43118.039434753344,59380.932265498064,5.462764103435184,1,0.9192825819693626,1
48,47710.55256402274,147458.30351190805,2.117470269892418,2,0.6114538546344244,0
68,52955.11814800257,39411.589625531786,8.231691755367482,0,0.38914338748805266,0
68,34763.50656682302,133841.88270555035,11.36138242384881,1,0.9125773965506846,0
53,54207.34227081774,45944.532608794354,7.753919906704583,4,0.9298429415670627,1
53,80606.69128708822,141177.30599209867,9.435815885038082,1,0.2643127338652622,1
43,34438.10428334572,100860.97913652803,0.5372625558746201,0,0.39339609215398375,0
60,73436.2028654769,166681.92809299135,12.889366573032126,2,0.9664586700483475,0
44,79961.95266975569,157072.72891606356,4.894831332250454,1,0.5410486888622195,0
22,33676.90021943912,171753.27060010558,10.171099434554087,1,0.43174507769064985,0
37,20898.90789818896,173040.93591445562,5.76698093305127,2,0.1954045352755338,1
28,56039.21800343529,107181.54169940989,1.127279041002833,0,0.3844388397446181,0
27,39051.84954466254,42060.34667876977,4.702342125126722,0,0.6312347247209462,0
57,87372.06438326005,47373.847250131075,0.4767552216736174,4,0.03870114739047559,0
55,50696.150809996645,1000.0,5.9490845377653665,0,0.08330628677966001,0
23,33956.011839296414,45816.70832859533,2.6297059617014655,2,0.0053764050237603556,1
25,27056.809779765772,103441.18288523245,0.8228001916028749,4,0.21892733452358049,1
40,71798.09918181661,72017.29095874188,19.371183879334385,0,0.1829927988660186,0
64,38576.32051831627,90993.21977950743,11.567442812337127,0,0.8508076809625169,0
43,50876.57598920856,124635.77097307004,11.200104162914023,0,0.18523802261180422,0
63,69116.05490224961,84796.7370967121,7.775229396368476,0,0.6611810258636206,0
60,40314.83296138339,43908.55997937079,5.887971079423307,1,0.11835913400537623,0
29,49081.42342519679,97338.31662182839,5.322206330752341,3,0.5935597702689782,0
43,49668.6318035496,55075.475661357756,0.5607723659613718,1,0.43562015170382806,0
30,63666.49023032184,86460.67515104685,11.541317690372313,1,0.4086681157269886,0
57,61814.88671020651,167138.84822115017,10.648556644552551,0,0.8565618926846152,0
35,45597.72537490343,86474.73479519127,6.888707735155096,1,0.16771946679903516,0
42,51272.98122993035,188547.87766738725,13.108098400298363,4,0.5952181582727776,1
50,42564.41976953023,171581.7993468985,4.02691696981625,1,0.8218640558900577,1
64,20447.751861611105,71034.73457104784,2.9677974908904843,4,0.7138968224944412,1
57,55152.017147962586,44443.81167921122,17.2018852162298,0,0.983345821144994,1
60,87843.83521666136,97372.29190399034,3.119329506110806,2,0.002105876469276069,1
29,32325.617186178744,157666.38816984446,5.126685173360804,2,0.8843593145170207,0
61,34539.405807945936,75490.45468856559,2.3345393052913157,1,0.6134513562538227,1
53,32585.444567125174,145404.51491310695,5.0574901926217795,3,0.002484530654127348,1
65,64491.83557446245,160421.99945680442,6.366596470672522,0,0.4654938213735075,1
21,58969.7090839288,61298.71748186971,4.8995553771763305,2,0.767437377139007,1
22,46829.246151670864,66197.44558557065,3.613528208534576,0,0.18254669511078414,0
54,31639.6187672207,135633.10160635033,1.7841661939423115,1,0.6784771815123953,1
25,51847.53583279849,107592.37748207853,5.161955740310564,2,0.13966842033211668,1
59,18707.557453283913,65696.92367281606,11.953197537592857,1,0.8034524387896456,0
66,52868.53133714986,82390.97759402063,0.03468296902783838,1,0.5684633683212377,1
45,67430.48772175869,96474.02236362905,0.7189420965430311,3,0.0338866526654793,1
48,24976.017267326442,21757.278752226965,0.6378781514801162,2,0.09087570749193663,0
26,19349.634463406725,138282.15532413474,12.833098446482383,1,0.8638650496690433,1
68,81588.7578338972,76065.39055304044,5.4346196566178815,3,0.03300141705578441,0
46,37764.8072099083,1000.0,15.160747673164805,2,0.2985425988942597,1
31,72718.95691887644,98806.45158452737,4.37110685674136,1,0.5669118875750954,0
57,46920.04669604337,62921.43705532462,3.0970018417047513,0,0.21343978037563882,0
58,46760.90366117345,184441.10961513384,7.859335871166367,2,0.2242321657352231,0
39,58768.253989932906,70727.74895400158,0.8773788188407636,3,0.7760340116507591,1
28,32320.022865071187,45117.831821069456,2.4009819272517303,6,0.29099458431204905,1
40,52649.94286991291,125396.6334981008,3.139365654957063,3,0.03858294947632501,1
18,42370.21170351814,66977.63159962084,1.772375359392448,2,0.7211218000062737,1
63,23590.13113189937,61027.189937388386,2.320390995928894,2,0.9543659583748518,0
54,56749.64149452798,125475.0691412203,0.4066207376756088,1,0.831933976609196,1
38,44733.843862441674,47976.63460552169,1.1031310464599848,0,0.5485620294750649,1
43,46859.50343110584,27136.317090027354,2.0435773264844546,3,0.4248837530408758,0
63,25796.781131716845,186299.90010471686,7.945491686628814,2,0.9251651708878457,1
53,81828.00735525608,128974.93688003224,1.007505702748709,2,0.7662254383182043,1
40,67534.28372772233,86789.53575028174,2.1281378616687547,1,0.5706572412350033,0
18,69283.11768343957,99826.1395149032,0.3356175003099659,1,0.879822318913478,1
68,43891.10595116636,125293.2179058078,4.072105390252701,2,0.6017123634777715,1
57,15416.342209931594,148666.87248067104,4.724105500490955,1,0.9735046676021065,1
32,89058.34764979022,62201.23543424941,10.031567461777557,1,0.8582904782951024,1
38,48778.04983988264,118307.32629828411,8.549496644331926,2,0.5504452306955059,1
64,35024.004079598926,74664.79118948807,1.6800074200002495,0,0.9228362096151493,0
26,58336.03148966228,90550.93777436878,0.7364346337716112,2,0.34243895368408506,1
26,73342.41576006595,108034.64337324523,0.8485067318229179,2,0.7009270213570987,0
27,49538.98887829068,99666.0713473664,17.363028113391945,1,0.17127560280475662,1
69,75571.5033587875,136778.3449151286,5.592429546733868,0,0.8953649150583347,1
43,71659.99877033738,124354.32795577969,0.21751745240447676,2,0.24805014988861895,1
58,28472.376251958834,24591.539531391114,0.7354241635504698,1,0.9490325116266806,1
52,36524.19788681047,32108.839646727894,3.325715553783244,1,0.016991457347478534,0
69,69150.74326559535,81514.16576203535,1.1648887716526992,1,0.6818368967363999,0
42,10000.0,191431.26312209124,8.139511295637359,1,0.15005616970155633,1
43,47010.886136700225,57420.40837491988,4.257399335643351,2,0.770811472185411,1
28,21383.375967506563,89588.86451936235,4.741903348980429,1,0.4919059302935537,0
55,40468.92397132951,73182.6986521739,3.1071618663109875,1,0.9096502525641686,1
19,44023.598219415915,72297.780795596,1.478993116409344,0,0.7150692097144772,1
24,42835.112441849844,108911.98719525278,4.4507228712369376,1,0.7682659886484968,0
35,38954.774957747824,170038.86380978258,6.311012714924821,1,0.12047936918018931,1
44,28057.127007423718,122798.41999402945,2.31770739100371,2,0.09656121033732057,1
51,95838.22533637373,59823.45192864539,3.515418226786375,1,0.8505577051866997,1
44,87349.24008322702,237661.47554016035,9.153041136553442,1,0.22577384358251995,1
34,26758.68359487434,103928.6610480563,0.8048463120407063,1,0.8669418260791785,1
60,81642.33502607135,71138.95218089432,3.9397560544127708,1,0.1425381374776442,0
61,42010.69019054294,170604.81873387948,2.1417191717397084,0,0.30845128065380956,1
68,52583.74946663421,76546.46910280907,6.066661645353754,4,0.9287387292602213,0
41,48734.520802061685,183145.68274937215,0.09494703037925759,1,0.839717833081473,0
42,36805.02717492069,56467.86045166667,5.5504894792938035,4,0.05424264390551503,1
24,69677.04687212294,171501.51944606844,0.5429270726064513,1,0.44809751028516365,1
69,52517.73061153316,110052.38321408472,0.3348019400880633,2,0.9098678421436106,0
23,40468.97153561517,164552.6116351217,6.448076519799364,3,0.014757842125113996,1
41,23908.21112399055,195088.2854350772,5.113010621027426,3,0.10731948676815573,1
50,32128.09972561759,43369.635473937306,11.265924664676314,3,0.6451958850455535,1
66,17172.397687958066,163788.59103791614,3.6662529562071526,0,0.10498348290230974,0
46,50244.47096830339,29554.804778729755,3.7753727741760867,2,0.4488382511404103,0
60,26066.688154312083,47640.78223758859,6.138217720463891,0,0.5078227819168705,1
39,44688.78974962918,59829.527010378144,1.9533572027253245,0,0.8602540635070385,0
43,77402.03707220741,125181.83180889305,0.18805481567577176,1,0.9573908202870169,1
45,73985.99145843172,101650.79384674298,1.3071213991314277,2,0.5122309479474788,0
67,49354.462117947645,91643.1957918582,1.3591316218212781,1,0.5103603217049822,0
38,48258.305477137,107311.76395111805,2.044797408718944,4,0.7267953384895708,1
66,87597.49098842016,129564.47946467364,14.364276330304381,1,0.19250661664810853,0
24,60415.122407174225,133412.40619706764,8.169749422447945,2,0.9408585406397818,0
34,43443.870802469544,154708.34178075654,13.74094380274277,0,0.0011989244531699361,1
37,21479.63765759096,191001.74063837196,30.0,0,0.0017938700722879286,1
58,57877.464363294865,98931.88137792615,2.843854124212626,1,0.6256663618033472,0
66,66586.47545165724,73945.55189345419,1.2878554091369367,2,0.3414846922807683,0
37,37366.96950972712,130676.80645925942,4.104950047564225,0,0.39811524029805667,1
39,55824.05510276065,42787.25918676899,10.648809766225105,0,0.22143717585733358,0
45,42728.53410169942,66064.79339441942,3.134287165584974,3,0.4078023974152605,1
57,46319.35201601995,149969.0473196395,3.520022569057054,1,0.8279831434226897,1
66,10000.0,93793.58125911478,0.7218877486918235,3,0.6992494481902861,0
24,45564.37192567729,39590.37708209805,2.727564079948921,2,0.09465375584306712,0
18,69387.38604816109,25509.846731741287,2.4469093810579343,1,0.056679838647157865,1
49,37371.948888668834,102435.83396969037,2.1669199633858143,3,0.5061927974768582,0
30,51050.52736430633,157094.8268484005,10.915070280456142,3,0.730160963366371,0
47,34880.98586616159,156427.28887655932,0.30566261782398807,1,0.6644890690964183,1
40,57208.83352585546,105544.02514464187,17.904105825129694,1,0.8641146937065861,0
68,45669.536049276525,200445.4709548064,0.04140509228291611,0,0.133264617858727,1
36,31215.169186359864,94758.98170297686,14.55640546743304,2,0.60575263687778,1
49,76651.02935330255,93071.61883012946,3.9708909972414377,2,0.7660145473300026,1
47,68578.6402706443,1000.0,6.060785092477193,0,0.9378407880301229,1
46,37901.864721436505,77631.85254193921,1.0359379477286732,0,0.10088303738469417,0
66,59955.76618835555,142600.75174542473,5.3096403766857625,3,0.23964185072178623,1
62,60748.240056407616,178198.06684298522,10.683559887791711,2,0.3545914321628617,0
46,62846.02470022352,58488.268316635775,0.7510929189934026,2,0.5407504250520415,1
47,16114.882080098447,123112.61646465243,0.6795660618082255,4,0.40861219440638397,1
33,70132.13082065256,152343.95161616438,1.8118693971182145,1,0.8611172840151745,1
57,38606.02074148537,100560.40765979496,0.8820506734999014,3,0.9505269378820449,1
36,42843.44133117466,1000.0,0.5862987584916696,1,0.07007865627221266,0
35,102757.63504520399,112364.49997871261,5.670975097924561,1,0.6996806323076503,1
18,56037.46761442024,138071.53120304467,1.2028895894666647,0,0.11427331874880942,0
31,42273.55049105649,52628.85524907705,5.4982876647579815,1,0.8979551539368731,0
68,10000.0,87292.27345628064,9.89994439149583,1,0.14209854344521022,0
64,77795.28267892712,42225.197893561795,5.278120207189302,1,0.9915112085490017,1
67,23095.80658382795,1000.0,0.6355719565280409,2,0.42775021193431095,0
19,29931.22193000993,151350.2205893828,4.261624069080703,0,0.381936882650754,1
45,43372.954018243014,99812.57330990741,2.501313741162266,0,0.5862804843597466,1
66,78328.23583400584,179883.74983524915,2.103180058011344,2,0.39435643649234364,0
67,65464.79973331519,142866.10959530887,1.9175260222533907,0,0.23469360667903127,1
47,46843.2498031948,82289.51191672756,13.25590833359115,1,0.6291438441942256,1
55,56165.84127277642,95840.96699477956,6.783822586346973,2,0.7283635985600678,0
68,37992.28614257788,128308.86953850862,0.7184788889346732,2,0.945321605202606,1
21,52793.07379130702,148344.17083778715,3.2313702611023842,0,0.40911860757906193,1
18,51466.73489556273,116133.53153710057,1.915263822296738,2,0.7057729355302871,0
25,69375.39791362706,155279.6572644742,19.069563871226972,1,0.8336035165419347,0
46,69343.56244877899,85166.56316627642,19.090153229922805,2,0.831383815868042,1
56,59879.5476441129,50142.82266071568,1.9248905923612698,4,0.03427013857978678,0
20,42753.04884907795,96759.53732194348,2.170195799102178,1,0.3557023200321864,0
49,64836.44588780253,110259.24453680919,4.574136605118509,1,0.013418359166276095,0
27,48160.630675939065,39923.23026303566,3.262973449306916,2,0.5590799207256321,0
27,28361.712625737342,33163.89579266889,1.198276058945257,2,0.865090426100416,0
36,41934.24416178123,122369.31482367138,5.400113262986391,2,0.8149180335383379,1
63,51690.539675686494,79682.15743147882,2.033293930355871,1,0.8112495727063341,1
51,68204.31567329491,91707.9547168999,5.30248735220875,2,0.351835997837486,1
50,46329.43655685694,82015.36671495883,2.419957199218566,0,0.04632965482070961,1
40,25816.02577520788,176030.0450881606,6.0233634769006095,0,0.1724177216537356,0
45,51134.833665936385,163088.05801975,5.5100824452891235,0,0.6706913590081748,0
49,52269.120801131045,38132.31549804159,3.5546493569047364,1,0.13384279446704428,1
67,53716.752578055064,73360.33934597764,6.099494617076075,1,0.12532836775372735,0
24,68397.4303190886,142500.21339847965,3.0898801482028566,1,0.35367523911272525,1
46,70378.46480179796,130096.81185516212,0.6172733807585163,3,0.09453482792954104,1
25,38115.78255236667,97927.10188351072,1.005114224358996,1,0.3297841421451255,1
18,37677.130839021134,43119.989751788235,1.411769025672446,1,0.969692653724781,1
20,29196.025780890537,65872.99769232271,0.3265817350321906,1,0.01995110878476447,1
41,63976.31340560953,74161.62162268552,6.213242820897831,1,0.8305428072183649,0
40,78976.40216675431,113849.71655595503,2.2895075951143675,1,0.9936216630143715,1
25,43698.36144182153,185186.3577348619,0.49094974159942695,0,0.43640527411765573,1
64,45171.38870550014,65655.9882605936,8.572828962590076,3,0.9430553687430488,0
54,79335.65113797953,48698.237622238,5.754598134546793,1,0.26114486847736285,1
20,60111.157064300154,94570.67615860283,3.0094463380740866,2,0.9822973012492159,1
68,58724.7140960211,151586.94902570295,1.4212753240660125,1,0.8615513109431835,0
50,26181.669880525464,27655.851661964844,0.8228751726560986,1,0.8846975700428652,1
45,63574.56138558838,172681.70754374738,3.0658995333194343,2,0.13039835881478368,1
64,31417.273189804837,91398.43189421653,10.824811663912126,4,0.8700624178454376,1
25,27319.596281300837,63283.999884331315,1.0437095434560117,2,0.9418229906707294,1
51,43064.568464665754,19990.535661892034,4.20428424643556,4,0.8190479790999954,1
52,38284.145531026195,135326.03867103136,16.30969894819771,1,0.09136402324708748,0
49,45568.00611229921,91441.44023792326,5.06836819448427,1,0.08477663240547428,1
41,21180.367309501627,108535.27413772534,2.8987775768584783,0,0.35760599362658496,1
31,69176.32612935345,54959.412949431804,6.300475944657938,2,0.70492566730886,0
49,72553.72589032858,84045.19828744882,8.702801588392147,0,0.012452828167165864,0
63,11053.150517183713,75670.9376822631,4.4642908798025065,1,0.950645746196961,1
60,69569.156113331,94970.34473108963,10.272080882990728,1,0.5254492661134333,1
33,33789.427403567475,66522.38368120947,3.6138250442875632,1,0.35837244268355994,0
21,67139.51073965573,23290.95196563893,8.86063728849596,3,0.5612289291905449,0
69,48631.070146671686,236424.98726483036,15.184775951090527,1,0.7157861966738137,0
54,50575.51128161997,31829.787633124302,3.478186060820679,1,0.2732790877325232,0
38,46298.047011575625,109072.95034712696,4.644369286722175,4,0.2911236472278631,1
31,74242.58408466972,11398.60857879788,4.701220982553221,1,0.4681768499123523,0
48,25208.239749499437,1000.0,7.603356008849703,4,0.6699307265601878,1
65,62156.80677470017,104891.32459261338,8.657062858406173,1,0.7063703349217948,0
35,72026.603297791,108718.37938841517,0.13803452063470847,1,0.32405663942364027,0
24,64326.801610808216,163074.94954011918,6.609271050797306,1,0.3224915594482006,0
27,96493.97828646835,119977.34205078529,7.658109439831615,0,0.48710874617307887,1
24,39421.064745506024,92509.46406271045,6.027026473556672,0,0.5419217005994221,1
50,69146.09645187063,52519.98779674979,6.253499528522383,1,0.6494141349392717,0
40,47878.18729317159,174950.6034116774,0.21142187463861933,1,0.6177096816998916,1
38,74668.12152705339,146442.56230251119,2.9173280282402088,1,0.37251788400668984,1
36,49846.22008557261,37683.526112578766,8.523680828895596,0,0.29688679026649856,1
65,42242.484362750605,101898.18641053177,13.591043721254369,4,0.3079211911312806,0
36,76121.44407743258,107202.61157632484,1.3033699526459959,0,0.6454010577034739,0
53,40168.7612196214,82717.31716971655,4.327927968772428,3,0.4331475543813502,0
46,21745.484821988877,138592.52429033973,8.156634682254927,1,0.13434936229674455,1
35,39663.06233652343,141586.65691740887,6.9798580320771215,1,0.005923059126252683,1
19,62380.65893177065,90475.7151097447,4.82333769280136,3,0.029677364065667455,1
18,77840.77503174182,85956.53771011707,0.09434038076204591,0,0.867516347099061,1
64,52222.58750593024,174947.92313337658,6.434704379995643,3,0.45782721138047167,1
22,76363.9413446805,146641.94461811185,7.419370644592428,3,0.6574272039930776,1
37,22836.50157044813,103618.01949541923,6.415973114735038,1,0.929037496128832,1
28,41134.730703641944,18539.54804599732,7.258094734078766,1,0.12627985407635378,1
59,44228.49765691798,117200.0053152518,2.8186264127071996,0,0.44761589538224356,0
19,47708.811450549605,134904.1732458834,25.37758611126911,0,0.5390673968786479,0
20,51681.88776500393,1000.0,7.365516048502383,5,0.8415349072337763,1
40,63818.219147843854,112593.47241590127,4.321813257729018,2,0.9937184246216286,0
29,41103.863236590194,79165.40066021323,13.605013854145794,0,0.7116784866578242,0
37,52780.573739062515,88957.28599352243,11.940624464133398,0,0.6418341029935551,0
22,49097.542193518966,54630.952361833966,8.425310002477213,1,0.9203125293738945,0
54,31482.201922177002,92590.5354798179,4.147067766132589,1,0.837380912950113,1
55,47726.66621837129,169599.57880906656,3.7443674221723366,0,0.8650441645445748,1
47,47126.80940205764,77680.07505922421,1.9927548197446012,7,0.0027057246703674487,1
26,46698.38869993908,148278.6779396592,1.4442669849493375,0,0.5144320915365168,1
51,50635.18913162901,59683.43905601949,3.590884298749042,1,0.7827285673853216,1
61,51513.470812267726,137937.80963280195,4.311164731410087,2,0.18145712247569956,1
52,41354.0964178534,100082.79278109757,1.4020524163348922,1,0.7514522916030558,1
69,75454.2946794253,117601.24143946404,12.793922831949738,2,0.0091601516523796,1
39,26610.387415939666,100357.66280487437,4.074021015375135,3,0.575166691124744,1
61,35580.59783060207,132081.26162206044,3.738073066332224,1,0.8513281199933412,1
41,105599.27248447112,1000.0,2.860300387785955,2,0.43134835822534634,0
34,29240.172900215402,29008.73432712152,0.2991284637221914,3,0.7394525277159709,1
27,22924.90650580483,120854.02490043224,10.702387955148456,0,0.5303986699108694,1
47,64689.53490002436,1000.0,1.9062598310789327,4,0.6472909784202843,0
63,10000.0,73470.98221763954,5.142544852333064,2,0.5166679158755233,1
40,45294.52180055122,97282.95794816752,4.675247397879308,2,0.4758367432659001,1
49,92916.49850152977,58592.99311935516,4.391204786650881,1,0.8416265796132119,1
34,19101.28155693199,65421.929865311315,3.729704863937486,1,0.09274318558907946,1
67,10360.71028522573,113579.11000767961,1.0010418827092988,1,0.5846512853510311,0
68,20016.375960846035,150464.74778899047,1.6467286404022987,0,0.1148104877978019,1
34,67967.19136693972,52077.53093725962,3.7136630526852468,3,0.5628079116451016,0
31,72495.53439971624,71247.09019063148,7.787607286684607,2,0.9635960426817225,0
26,39748.22406042983,63436.951333647754,2.828072212902644,1,0.057097891011298696,1
57,63664.24808002138,1000.0,1.1402940135122228,3,0.42200680319639305,1
19,77805.10655023978,107085.58951587544,0.4602717652554199,3,0.8019712002760803,1
62,85746.92828859651,146735.88729142462,5.438525002402103,2,0.3696915683703089,1
42,45073.294376403035,150832.16036579412,2.75251194986172,1,0.5203147674640011,0
56,10000.0,56461.68117796306,0.6697767988445591,2,0.11470780688144822,0
26,33582.42155180627,37415.09757399287,5.6114553565887615,3,0.2230732752393918,0
39,41463.916101294846,101080.27737958424,1.1633106154619464,3,0.6864252054507757,1
60,44821.22406843219,141463.68432832335,3.5567191832899328,1,0.8285875540145933,1
63,46242.81197982561,107742.5224155192,1.827771063116462,1,0.6464563496658862,0
21,72377.89195861339,114465.23179368806,13.418500267487516,2,0.8369208794785624,1
43,75488.56853375162,157091.54638681168,1.2957197071538515,3,0.6056574671741977,1
46,46566.52692150433,63043.17203846483,2.7229335260406318,2,0.8102082089353827,1
62,71969.69752103637,89001.4956663485,16.03147607177203,2,0.9828868009369462,1
51,57153.227332621784,181730.2755880601,1.91894750275142,2,0.08282473413794122,1
40,51290.119457251436,90159.44384511866,5.172460629993388,2,0.47964963012970985,1
54,68130.88314219928,36633.15170167144,1.904304280324369,0,0.1898926663527225,0
28,51445.040964758315,66532.19518748525,0.5864625374595135,4,0.4652285476146202,0
23,91156.22354195525,53091.007438937886,4.938225241773394,1,0.49958674483185495,1
35,21231.776664108816,117858.12928506354,12.386569853450771,1,0.621921276205751,0
38,39696.58201815964,55202.649820561055,3.0125546896851203,2,0.43929798698319156,0
59,47469.62206092099,113551.71264306223,4.919858161489461,1,0.3247124277622013,1
53,58789.053809159814,63196.73907296751,4.6939397004966175,1,0.043168295392455924,0
58,75359.20974206178,1000.0,2.6814839066657785,1,0.03479353370297933,0
55,49512.02865527687,115330.98934909611,4.771217549926069,2,0.1750083517959813,0
51,21555.407009875857,107423.18407734444,1.5009200478470321,3,0.448986409721693,1
34,66850.27792910009,125887.89078544204,2.3743806398807843,1,0.4175160362579643,1
54,65099.17532283929,66350.63904173716,2.919839535501354,1,0.19069549397230168,0
42,11162.826812411877,61022.776232031174,9.975821225043434,3,0.8223395717796923,1
55,49923.917326584015,120073.34292407728,2.1411071117043052,2,0.6834932116618194,0
29,18197.16338639404,175950.97862654907,5.041167350988509,1,0.3431649815841116,1
40,36706.97804995875,100558.40047531639,1.200201487423151,0,0.7969675520109653,1
59,31943.821460744006,121229.25480235725,1.455571305418566,1,0.9892459055414965,0
39,66185.29396483972,83920.61577871464,5.2267162121262505,1,0.24504242377830676,0
38,52336.60348344367,22818.47390631576,7.183938348782805,9,0.3625899058370542,1
44,24288.179984879447,148371.4709577029,3.100572713884961,3,0.9928982521122116,1
48,67601.31925914684,145420.7119543081,2.040590847659853,3,0.13788257130542736,1
23,21323.88352143171,135538.7012587597,12.054837289896723,0,0.07718776332617172,1
44,56602.275809418876,90902.72808287907,0.7298004931376696,2,0.5209911603079171,1
57,33719.78661416889,129852.80498692703,6.377598917592372,2,0.4684291028176325,0
51,42686.458349389606,144688.08986939152,5.858669694439554,3,0.07828874697913502,1
29,60085.41496076768,181007.93424783536,5.859870709484118,0,0.2900360230212816,1
62,60428.987981190585,149426.3052323721,13.699286977136902,3,0.41893666325447354,0
24,76739.38147111921,103191.06125168194,6.513265467521935,2,0.8222096215636364,1
27,48354.92600657094,34587.33722878142,1.794567161781814,2,0.707842354153918,0
62,56129.01725926681,107782.91488358706,2.180208397700118,1,0.9145266384595229,0
34,41245.253551913505,112828.86979246538,2.4805962493989844,3,0.3324999369680527,0
43,53639.79765245595,135451.48876591522,0.15646619915117302,1,0.3093784225005004,0
38,58789.720960170234,167694.59296617127,12.238650627150939,0,0.46318170077778686,0
45,48033.80305091248,95242.47439716103,0.3819900592043064,6,0.007528136907123506,0
63,13924.990318150078,205049.35949065557,6.016436564935285,2,0.2073200880819398,1
19,56629.417926617905,12035.648997971133,6.549649060421481,3,0.2114711102161071,0
60,57291.22954710914,120967.09362308127,9.280371697064094,3,0.061090033109455044,1
18,36396.530473040984,60073.98039079859,4.030037140675036,5,0.4551306897236813,1
68,24312.259278549715,4638.900015559848,6.459730925947222,0,0.9055202053067453,1
53,79517.58301007931,89911.28118504207,1.8028621067013741,1,0.004030416534486769,1
68,59828.91021788804,27141.365078952178,6.843922996527931,1,0.628414666712257,0
43,45418.37938156581,91928.60509835916,2.103521210042937,2,0.8793327178468235,0
46,27259.342337050253,101738.46240472284,11.65690257239903,0,0.10752110261991021,0
38,33563.703431573085,155927.07046679748,0.891937373861224,2,0.9172582831278852,0
28,76051.80793572463,24620.74326180313,1.8972130766659554,1,0.8185216434647635,0
57,52753.23881736092,145422.25828228862,3.453445536046789,1,0.2145713449138701,1
28,38988.25865998587,104904.02251398971,7.477211469938023,2,0.905343575594159,1
53,60193.78462449312,151442.45768047974,6.907511409532544,0,0.8040157862488417,1
66,33712.03625107353,78412.44124844362,1.1831509067201436,0,0.11138909293546662,1
56,80016.86060560757,33387.77066182773,0.7788014363215643,1,0.8305994473553174,0
57,77056.0106979345,39125.03368920669,1.8118097380503646,2,0.5421829386993777,0
52,40668.51857594447,35409.6273166442,3.3058608836322594,2,0.8159599085012466,1
51,37426.595059382795,123890.70764603277,3.8718408963412623,3,0.6176649968664013,1
64,10000.0,173846.10111073498,2.8030353162912096,0,0.39185700848145744,1
41,20368.38456897264,71752.42366723898,5.439698964204248,2,0.6011404695324961,1
39,23210.604500844875,131456.76491288916,2.7892275355137834,1,0.6361807406635489,1
22,52703.80681974772,23827.897093219013,14.624413228819472,3,0.7662061475869146,0
50,43475.32591117281,109016.06245886495,1.5120760231745012,0,0.830681758537759,1
53,23093.290251695173,133428.13081685634,4.935874999310238,2,0.6632106688780471,1
64,44376.71915070886,27593.761236156584,4.725739861587887,1,0.9896482090680171,0
37,60106.74295294697,89805.82655100727,1.6534678796185664,1,0.7785509388472289,1
36,60556.78699831174,135795.85702427826,2.652486106603942,1,0.9107649988387525,1
52,12006.594382822375,1000.0,2.274382078826156,3,0.3194943333646497,0
69,47434.730390323384,166772.65308508713,0.9467251790233155,0,0.31622743211258975,1
60,22333.18446056779,117683.9687945524,3.2436921719167193,0,0.36233507621636807,0
34,68034.57394280548,135836.38238586712,2.444197604565333,4,0.43971628933971907,1
62,65682.92832706997,79364.03604026178,0.9820052064093796,1,0.9614001350270543,0
60,32039.455473510832,13863.875921732222,2.9880946264768427,1,0.07353121934231777,0
51,34679.095951992,126703.14781584758,2.739557478152782,2,0.49844357969361186,1
26,40774.65899003386,95870.48372917439,0.7041652255466001,0,0.1611605216268247,0
43,10000.0,101605.77277161603,0.7031399524615176,0,0.8108933654192048,0
19,56719.363468811534,154380.3492599477,5.2136279634072205,5,0.03114426801096304,1
26,44543.10907319738,138103.1936931299,6.130764959089332,1,0.45514425716555396,1
26,69403.50165135719,196061.87085448063,14.16640242380742,1,0.39474102292625146,0
57,28031.815640748948,107692.71144367495,0.4551226790834239,0,0.09218099000079183,0
34,37617.54103500137,65439.378110444144,0.6270309859232327,1,0.37671895026165636,1
18,19869.494839217696,90579.15765456369,0.2660447375991269,0,0.8090304980256465,0
42,29914.188730114936,120783.16862693032,3.7988760106599835,1,0.13747465337430353,1
60,26360.360078635622,150792.82594964886,4.874191033382878,0,0.9835057563020331,1
57,69919.47357692891,26648.302428064067,2.583576770566905,0,0.0584543451302153,0
59,36034.763024972155,100426.88075895845,7.9950182202486655,0,0.2891027731573377,1
42,52483.513694892266,180477.08285191847,5.802961404231155,1,0.7748991141977306,1
56,42384.73192276391,87989.55644987398,21.286819595220187,1,0.35752128284449247,1
52,24610.69467974374,146550.59274345523,0.7418909331015304,2,0.48035348940458733,1
20,46633.99153656715,124655.87636080026,0.30042580357825593,0,0.18665851143025203,1
67,61982.06663727189,147793.030326249,1.6065645491755387,2,0.7154958821562769,1
54,25844.812149132955,59511.97292000338,0.09616994112603229,2,0.17954161291048176,0
61,66182.25581462757,59729.916496720965,13.48639914177607,3,0.8487310970845371,0
61,33005.58157044607,101013.5946061144,1.8116808257593666,0,0.5394995452960429,0
68,40340.321478543185,23388.91063798443,4.0196135099078125,1,0.5481568289756119,1
47,60613.662460200954,86512.96966941711,1.9141386367327957,0,0.9335115922420598,0
55,36731.27685561024,112643.83287578335,1.410545630946568,1,0.7729995812545661,1
51,50751.497186717315,189231.78034748862,0.8265241736816541,3,0.7431394864679242,1
29,43706.18342423815,120135.90946349109,1.9310037189029503,1,0.8580401662109294,0
36,52587.36013407637,131261.4235436551,4.778003340342137,1,0.09181728380510701,1
54,10000.0,158223.79235250028,17.810564402157702,1,0.7260443629471418,0
61,13406.363695838343,51767.12055524717,4.0832682735668175,0,0.2332079131024769,0
66,62319.340120936766,91745.86688145071,3.804016152445037,2,0.28094634072877234,0
34,70743.62811298101,221270.6295901946,0.17949886207822108,2,0.015146137231442425,1
27,31790.265929369576,96043.88888077457,9.166002516184015,2,0.8937210632455794,0
66,45119.432956577315,155821.53743911037,0.2293892640770852,1,0.7391129321080172,1
64,55894.38505804603,148186.89385865536,11.834672778873594,3,0.13928713113551328,1
29,63864.35203317409,26094.314280615537,3.8682269845068005,3,0.32792320331577884,0
33,10000.0,115523.96385029667,0.922419095399526,1,0.47993286706366745,0
41,32279.195060432456,107337.37361026129,3.004730891727054,2,0.49391078224269014,1
36,43348.4124030025,116497.93939202174,26.476091551136115,3,0.5956539407436364,0
25,64062.80394472099,62294.376010447,1.8198132604892199,5,0.47218370972853807,1
48,99968.6096744299,44154.02440439205,1.5698548772621066,4,0.648645315668746,0
38,45439.885463805644,76199.49999895744,0.6278495335967198,1,0.8838707959794344,1
34,21860.450757920225,95110.25014578986,4.545860011196876,0,0.3980725552206501,0
40,58045.36154402596,159249.2223800158,0.4673079420904481,1,0.8767109193908584,1
54,76419.91579081421,190865.54098628036,7.2623431245970185,1,0.21961021600197828,1
33,52160.28241959002,169829.89231115888,12.580346873759336,3,0.12138132506227062,1
23,31867.029096914142,143009.2605390922,13.431769722763336,1,0.23940129661156007,1
25,69159.87882960038,49782.98688502051,0.5709763195026281,2,0.20659265502831692,0
42,63270.9123699687,79555.19125052523,4.085198425585014,2,0.9850790834495737,1
35,29478.383116087512,110496.30262064989,0.5107719422495359,0,0.38105372644490343,1
42,57628.51235068684,68378.04809619125,4.243348989299398,1,0.6514732689346843,1
29,69945.31135317746,128860.28262639754,8.436472572985293,1,0.6960526529884028,1
32,73637.80085117788,136024.30541271437,3.8586814843330224,1,0.4452086227312777,0
43,48671.02049381088,126814.50312827343,10.280728099814036,0,0.2235717347882472,0
58,42838.41107641362,151256.73022787907,8.089224634012002,0,0.4380980134887149,1
62,74545.47644162526,54770.4393143463,1.6186078149024141,1,0.47376088630643887,0
43,25796.7899403823,146641.43520460988,4.972643758916619,2,0.9540076899205491,1
64,58771.585818420106,65217.72749399018,0.03719866392237266,0,0.5686237050361089,0
49,22599.467452711415,52953.20236785573,2.5212524034100885,1,0.9698726053410515,0
27,71307.52544519206,126605.80670931909,1.3587822570636647,2,0.5767126490246148,1
33,44839.08968777677,160793.67810994905,13.832345104819092,2,0.14499801560758996,1
24,75371.6647129494,124400.67431880049,2.5992394423655982,0,0.3843766382250049,1
34,59828.25512711054,101040.20118862721,5.307513652885236,2,0.7923133259374322,0
40,25535.5953987614,115507.69130507535,6.58349839356132,1,0.42162226787505763,1
43,78492.55464154486,106821.34590336401,7.418709969243274,1,0.09973384484161785,0
38,81024.9053285546,43702.45519323029,6.654774964033755,1,0.09607616058807777,0
39,67645.72985198432,37868.99275275424,1.7065751470929766,3,0.2370647560580953,1
24,34768.2426992756,96058.70602632726,5.792889554984043,0,0.564771783655421,0
31,43879.72091285182,103992.84178846519,3.981544823361449,2,0.8301549770996778,1
32,52908.54434811519,100566.61891838671,4.548719357017619,0,0.533712748836934,1
24,35925.792013371334,133805.08068249567,0.004074746448693077,1,0.7460803866727954,1
26,83846.93144926408,89226.164191783,1.4937663359404345,1,0.6455931035555189,1
68,52886.52943452074,128148.9590952428,13.345375719132168,1,0.5240991851430827,1
65,10000.0,92770.6616336776,1.712987371371519,4,0.21480792729199516,1
25,56787.116255124405,191167.9481018233,2.8814052456558077,2,0.8831685396886423,0
67,43036.852063653736,104035.68633632234,1.0331162195320513,2,0.2757153971469528,1
40,48501.46887763104,217036.13057628385,0.7459963443685038,2,0.25281992995543345,1
46,42627.61268428601,117600.57955454322,1.170194507319258,1,0.2577976245042345,1
35,66140.92833213374,89316.14147058921,4.033229484917195,6,0.09568544835794457,0
48,72393.75557106762,55027.60118701628,12.56829953874606,1,0.4986540409046294,0
47,55661.06324517308,27855.571297115326,1.974103654390137,3,0.3275302877095124,1
69,43213.77625723682,50427.88578019216,1.9534338794701611,2,0.5219419810615609,0
56,49173.25590381659,56019.68454180051,4.152177673092704,1,0.45311538113926975,1
52,50391.99233155257,119741.00102060883,2.2060525338496246,1,0.519791805816684,0
35,33951.399202703265,73691.73144699063,12.062895410034859,1,0.2976533518877297,0
59,61578.5729714247,109346.35262772487,2.3728545582338185,1,0.8151381130260954,1
56,59200.84647720932,164098.9181188343,3.371060456344698,0,0.5341930009163555,0
34,80808.82479553347,95609.58241825733,3.8112997672854627,4,0.20843466895894525,1
31,75106.9956057695,203957.8349233402,7.61785625698253,0,0.9018037002508481,1
48,36286.501648197394,41209.45098304011,4.149486618068247,1,0.10945510083365584,0
41,66405.96749017929,92470.82258125361,1.3666287643080883,1,0.7334344809016331,1
52,30980.932338110568,73034.35381945106,0.661872919222938,3,0.6784484047707735,1
61,63918.642018816994,146825.3303028504,13.884955728621529,2,0.07285892257024396,0
62,39667.716024797846,1000.0,8.086417912838753,1,0.9015076153454497,0
51,29534.93553248831,27844.235541109447,0.11616509430940936,2,0.31631242178177355,0
20,55600.90685394809,94632.65887745186,8.61664534054887,1,0.7408950156146018,0
54,10000.0,177568.88605047466,4.465286085818128,0,0.27700158585084256,1
60,14980.48851189544,111292.09170186537,3.658340737327145,1,0.5256917431475462,1
57,46450.162324514335,32422.62728678831,0.06152285358100325,0,0.9723336138120849,0
43,51648.83533269685,40141.67036548849,7.590314973231495,3,0.6107764098681804,1
40,42613.62459683622,183649.48514224763,1.1036386977014718,1,0.296322761460486,1
61,18411.274025648025,68943.26006018795,6.509420729659439,2,0.4583771464077431,0
56,33642.163157229894,52851.8313775118,0.0799774796978755,2,0.6760411510814897,0
32,57824.18654474788,173868.62803154302,7.956851831580485,5,0.44518889551605756,1
66,61635.63541256725,150554.85027934954,0.11654512626418925,2,0.9107485623653705,1
21,49675.537648081176,163702.9821633398,1.3452366086203575,0,0.8674607363964899,1
46,73136.67562073978,52497.90598670917,1.5617745450253728,2,0.14681017696052356,0
39,57947.94046918469,23744.71794928197,0.8569593487704439,1,0.7849408940633942,0
42,35050.88692083576,106658.32446813528,3.279817667505359,4,0.9424149119587709,1
30,44389.95893176765,116756.30665368319,1.6681969818407807,0,0.31690822437498967,1
35,21942.676855842907,118230.0901852416,25.019273467516268,1,0.2382197139544917,0
50,47837.22019217166,173909.19678195007,4.33713134477042,3,0.009588746306879448,0
33,72242.01238442677,13311.645499587583,4.179061653962048,1,0.11565743554470709,0
62,63705.80169421936,142984.75256488827,1.2478844583316178,1,0.960913070958255,1
59,78040.18651838244,45168.74779263411,2.62706957593344,1,0.39112162773753734,0
61,43942.29512402014,142786.76604304207,0.6618203388382757,2,0.38734153945864924,0
19,76921.99589028515,76252.16477393113,7.18855415231606,0,0.2666789179947717,0
52,46133.9154710406,59301.41020547442,2.0110464164642523,2,0.1640589106840905,0
59,79431.70165139787,69504.8646525399,6.970943868653043,3,0.5087901909482633,0
51,49562.865051157525,27719.489961171872,2.3236557654788523,2,0.7231876565842441,1
47,64144.62747608553,102021.44699167337,22.440154616365486,0,0.5507953336011713,0
30,79502.24728619712,61366.330466977146,0.9384092210259497,1,0.03545023695187921,0
30,46131.44742837589,139314.91154501392,0.007625280952935719,0,0.8034696409636671,1
35,54367.779750883485,132002.80405164586,4.517187712991243,1,0.9315941516942919,1
49,75777.26850412604,184407.85264513953,15.283062149415745,2,0.44037674080742095,0
49,47339.93672139873,118316.37417705386,5.20720181909855,2,0.3664645527996606,0
52,23582.15434987678,126033.88835400369,0.4481113087327288,3,0.22985401055599852,1
56,92860.1410916982,170004.9905913907,3.887868224397497,0,0.30187029983727987,1
63,40604.710713257264,68616.86519866518,12.011305433123516,4,0.6444475075898467,0
69,53175.121018750855,25587.089358848374,0.03263662294097446,0,0.7701461278628744,0
46,73120.13338902254,110004.70295641969,0.9130812780937325,2,0.3322157363473396,1
66,37830.12192537596,28868.32653927979,8.425161454167275,1,0.33967262337795323,0
46,29842.641735557398,222696.9336462695,11.217201078002928,1,0.45110131970238965,0
61,55074.74593549666,172774.91460394717,6.140655071840239,0,0.1702027765196945,0
33,14138.472041752211,208198.81666507904,23.873961795832965,0,0.9272081881770711,0
61,44241.878462641595,103122.34883315646,0.47273996443904553,2,0.7054560684534514,1
64,54900.77328630812,127528.6796850799,3.9447290723949657,0,0.43358342827445095,0
27,44600.962063496714,77026.2284023678,5.77582943398558,1,0.12227251188894417,0
47,19130.98113628506,144146.2402793376,6.064138136881132,0,0.8488255482246678,1
42,81883.55912408025,39222.839397447155,7.886901836954831,1,0.483714344976804,1
56,52070.76307898351,1000.0,12.482429866670643,3,0.7968828840523462,0
37,78623.04235523482,60464.46902557166,2.244275780167214,1,0.033394087250848914,0
22,44799.274996391105,27226.326219134207,0.21956818115567198,2,0.2736540962819548,0
18,32399.76036618472,173896.33680797677,2.2505494578028005,2,0.6220953766914041,1
47,55383.618405103196,190783.87275401579,5.56783928958772,0,0.4879233212276689,0
66,45684.25747343561,29853.54637934445,1.2005336251366716,0,0.2950719779766309,0
20,26444.77084017284,164585.78037606197,8.302944283682956,1,0.20113023747581849,1
62,79395.68517574991,147569.2491750385,1.2407971380301945,2,0.30181332915048253,0
31,37554.59554212008,21511.16576405619,0.050571903562927706,3,0.7423394008768032,1
47,13194.672304088628,80486.62345341909,3.547203756096191,1,0.1837073505013055,0
67,76563.32107914666,70991.81389377402,6.48156580119659,1,0.5938132076422075,0
21,39914.039683747535,137399.76993136,2.151264056474428,4,0.4236808334326603,1
35,37843.522147687516,38561.032454749315,6.90943642354977,1,0.7630379038607417,0
54,14692.24825940052,95056.36871702588,2.884865718761265,0,0.20161852261891966,1
42,84818.82973193983,65703.2748025191,0.9419875944588032,3,0.27008957623680063,1
65,24210.38825580625,123667.05916925718,0.47462243686032424,1,0.3986875319088483,0
18,51168.989614113,89160.39841560353,6.199505575339829,0,0.1665756087060637,0
63,68252.4064508088,73237.71480298025,2.436479716920355,2,0.46119477214474425,0
32,58434.33866006194,89335.1712183961,12.196250833720867,0,0.41605080815015794,0
26,48806.91376015617,201802.1416420056,3.885417092189777,1,0.9900855442807112,1
32,15966.682834251675,79155.01819403053,2.1418707760591453,1,0.5938637092780872,1
66,33805.50328465432,47949.73908581065,2.146158499174659,1,0.06946202510714716,1
41,53756.00676085044,129171.67845779826,0.7045807616991361,2,0.4599416475170336,0
21,34256.518600260075,92823.76652885217,4.504414640242352,2,0.8785015307431553,1
29,54067.18919997536,29238.303456676367,4.363368859480695,3,0.866767587389204,1
54,63634.868176302836,211574.8167601233,8.047031863069765,0,0.9618052198709154,1
54,69250.05771600203,82376.0527206676,1.123204374138109,0,0.8942308668532413,0
60,25476.412843746333,81106.52730193244,1.7180155018535963,3,0.17629970151435548,1
23,93932.92109957908,107991.76759540488,0.5114814598151709,0,0.0035702744930703467,1
56,65349.58689108261,186505.83846044197,1.7502149365027746,1,0.6162526892361183,1
63,49965.71692661872,16012.733674050221,2.793974137929043,1,0.7024443668399497,0
41,71790.73166153282,113799.29247102699,16.62512853135267,4,0.1312121500010761,1
28,97308.15543999948,204363.60808968137,5.293103635708282,5,0.16683529919818696,1
30,21225.59797886261,106436.43403698242,7.63638562689612,0,0.9630765633887007,0
51,45494.74715017293,38233.301034826014,1.9689912953441893,2,0.9438332547452586,1
42,10000.0,69080.15735196737,0.7804208137201984,1,0.156971548699678,0
24,53853.03065296049,110344.12648783953,1.4834118824998672,0,0.24700840426667747,1
69,57307.88483850282,166540.1957819931,1.4817152937304103,1,0.892113662021926,1
21,49216.75769114481,83033.20777919696,4.374728310429246,4,0.4349933306333682,1
25,36909.328580033805,141332.58987162157,2.0887346021129343,3,0.7980726258613222,1
37,10000.0,28231.558647655547,9.738519035157008,3,0.39598603075930094,1
46,57470.67366823537,27814.081520247273,22.346434971030043,1,0.7363829153080952,1
68,79108.6896783065,75859.96556575251,2.1026277868930427,5,0.39682580305342063,1
62,38179.63088533136,171901.4360936631,6.104921305505427,3,0.8991790949245622,0
63,58801.1985804629,103443.73197568845,5.357222225862076,1,0.3255726790386321,0
27,18637.113731598987,114490.55977833096,1.0812275364234951,2,0.5231181319941288,1
60,59144.26127385028,113903.97977867635,12.505704260485643,2,0.5217559077272106,1
51,42132.35404510686,155460.39912933653,1.1122351396422685,1,0.6488713786172771,1
43,34751.64098794171,69488.9653731073,6.677191313166987,0,0.30670004456317435,0
58,34792.72717567739,134414.25542441162,2.135560940207416,0,0.6426605072649831,1
66,42127.7683593398,58455.866807243496,2.287068614874614,0,0.14103581954443078,0
20,57648.66631385071,199163.632796038,3.038968871037255,2,0.8936135233121308,1
23,23756.735976089643,59980.44478516551,9.994212595157563,0,0.14417348756113113,0
22,42057.69336864294,55880.53484606896,0.7555794394997484,0,0.8402949347783525,0
22,49170.56444001705,127483.49067440248,0.28057490997042667,2,0.6931480693838076,1
64,28019.215509362817,103989.42157161619,2.571163932072033,0,0.34106707251747226,1
40,85933.30403350035,116342.62031304672,0.2859484788689353,0,0.3274332379284801,0
66,32930.09039877317,111365.68977461591,5.817368438544755,0,0.9660450740822316,0
26,36611.26172733019,45480.390059628066,7.142358765282095,0,0.19498386222368824,0
52,30433.841003550042,180667.9464539742,9.64520008304648,2,0.7229587654330322,0
37,85969.60174276234,144677.11029445546,6.809808978568702,2,0.18368230025637244,0
66,61058.10457198963,167947.49756335578,12.405652563442242,0,0.905397520620535,0
59,31268.159875127156,73583.45554447878,6.897609187059443,2,0.7419390049014283,0
52,72124.63117719938,120826.17723575857,13.750273838426402,1,0.932704688513937,0
67,54013.97388577757,109868.42311173456,1.072844557994701,2,0.879107712617902,1
35,55145.06842223003,156400.13131007538,3.4643674187689695,2,0.5494988836328507,0
34,43110.45582495094,158012.40659148095,25.522477384821805,1,0.15222910928787825,0
41,35011.680260860536,109652.54014790575,5.721891525973037,0,0.2214595140398392,1
20,56755.32198109203,24102.443407837418,10.545015780784077,3,0.20181787385250494,0
49,39098.255400088194,188983.09435438446,0.15432631468814362,3,0.22063944272482172,1
52,86335.11259150208,127799.37168450694,10.26917692053048,0,0.47641414508095903,0
55,24614.177895137916,69578.1479304429,5.981895788759148,1,0.8677934744794119,1
30,80723.1354570989,120327.10691333475,0.9362007703544053,0,0.023114605071679173,1
64,47773.62302404398,24445.322577373823,0.13008234417833833,1,0.23848040659418135,0
42,55981.71468042212,152767.6533735522,1.5050293947832922,2,0.5968029810996618,1
26,66663.15533258869,26439.412786042347,12.371220031336081,3,0.8653234812577664,1
21,37395.01409991128,88958.27539814587,5.515104040130991,0,0.2974803868239432,0
31,67284.96769397272,112222.72248027749,12.595571852332233,1,0.38252715918680735,1
54,10000.0,151941.98559910466,2.954313999236196,0,0.37342540971450533,1
51,35600.209335561216,105327.2338217187,13.793594392642072,2,0.29369366292991594,1
28,31518.743853178694,131748.14368062752,3.1084117784973433,2,0.6987626275086946,1
58,24929.879752564768,98591.65457752235,1.142380749505638,1,0.6558147224506595,1
20,45700.90323842098,98390.70245278587,0.8207982218167714,3,0.8432750100100903,1
45,57714.9993636339,104273.86251741486,25.425565663054,0,0.9175773801692072,1
46,64053.19996998612,90547.10395738127,2.0312970784939344,2,0.9004757980921805,0
26,54817.53514400815,15671.487845928219,0.8720825725767444,2,0.5401608378787153,1
20,36686.13070212906,61583.825315168586,0.042219905837019706,0,0.18569746242451535,1
42,57380.32875650334,112238.74205558492,1.68134825142341,3,0.2221620495389608,0
51,52485.71389701701,87543.94982556405,10.996359821129849,1,0.5902537984609291,1
29,68721.12335872033,92209.54589090467,3.8179482325497998,0,0.9183981849842745,1
59,65538.73405863033,83832.31652806423,5.004276226999541,0,0.5304314355647037,0
26,50609.528278412574,56820.080363409106,12.780366088888888,2,0.9357285447667795,1
32,32054.939876774864,75345.02695118531,3.5958124983020974,2,0.26225001791893554,0
57,36940.996883358384,84658.41278057026,9.109439405177444,4,0.08634677775506727,0
42,39004.21280723933,100257.15702709247,1.9565780164140105,1,0.7962904060840554,1
22,43694.67332167488,119668.91722348562,18.88349859254467,0,0.8793835819395946,1
28,55361.008551795065,90972.48545571305,0.41046585705017313,2,0.44808125658649156,0
51,64303.48780256117,48517.23721537903,6.451822330770934,1,0.10244421767796463,1
41,48977.626139692446,30095.898004060844,5.402382996180876,2,0.042327294528695436,1
32,50322.49575800945,229871.86036876123,1.0639337545807521,0,0.06255791559583113,1
55,52866.126100000074,43509.248486771845,2.4620151568132234,1,0.43911445958314343,0
25,39681.8937373532,74068.74993678085,1.8758613968708848,0,0.23481499093858516,0
22,31492.15484714088,125850.01512569675,0.49630062872724623,4,0.46192323650675804,1
65,14891.242053785805,118043.03047828404,4.394830505444988,3,0.4884895024693544,1
43,36097.01283846255,126043.28462807863,25.312153229177127,3,0.45809285207537664,0
35,59462.909065355736,77864.14652339123,4.100224734122345,1,0.6199224069906447,1
23,35941.771239208654,111927.90353197737,3.9401462357620325,0,0.6794037852756041,0
54,45243.859251481204,103067.18321204318,0.20574413209151454,3,0.39594539578963805,1
65,59328.62574824634,84393.43162293563,0.7495829176759132,0,0.3370317121680766,0
30,60413.78992845338,112270.487088567,3.59970566038476,0,0.3684012844368808,1
45,28409.34295667922,152768.27733753534,21.05840390070607,1,0.07018153006372063,0
22,69941.18712907283,98889.98882823376,10.46193427776178,2,0.3216307528946637,0
30,72547.00178710971,99222.64231782127,2.079161723674087,0,0.1999126461765347,0
34,27403.002855628805,153408.0517437992,3.915405985821817,2,0.2908401720636167,1
67,33523.26260717692,148068.01799094066,4.022653683535553,0,0.714397100707578,0
57,73821.81366292383,179196.82204817416,5.7816404918148425,2,0.9885384346760928,1
62,47062.929574893984,12188.488276021162,5.820268746490606,3,0.9235529670092874,0
49,10000.0,145255.95915846946,7.798300428105241,1,0.82162531452743,1
46,22006.369905346273,130079.00227010896,0.1264404515635899,0,0.7371970667271741,1
68,45012.60749655037,55717.38011233674,14.383544760179545,0,0.9449376492010593,0
20,26739.146994307965,112579.39589994225,0.3631870558896202,0,0.7520418458033918,1
57,41731.524587271175,152556.08738789993,3.2328459880331035,2,0.47095467046433315,0
51,50647.924273671575,58542.05387573,12.60241689641225,6,0.6013619257170014,1
57,79245.09208069458,122128.12145114035,3.343920225655625,1,0.30578497109037983,0
44,44190.92167544422,143567.6837865509,0.3287594007098178,1,0.0033083377869728148,1
30,71450.83599145518,46449.0218734256,1.3018913181442826,1,0.35361289433166343,1
62,78575.20324073541,92885.7153777426,4.321656017348929,1,0.4048298516019796,0
50,78686.19338704152,115048.41883212056,0.4598178282922883,1,0.7330921575882825,1
23,55695.091867711366,60193.424722852265,2.75544313505784,1,0.8592205040229379,1
41,10734.217043220517,56042.3400453227,1.995625737427915,1,0.9626547178694158,1
36,59216.497308077305,93247.76990686129,8.442611983658136,2,0.35179175335625423,0
33,70967.99775627082,140081.9858451846,0.5834103628305232,0,0.9573969363651117,1
57,48378.65789129166,132186.7000596055,5.74108951613516,4,0.7993855566935719,1
45,84891.67740150497,56929.36354068289,2.60934076746187,2,0.03084437773572002,1
50,67196.67122934916,132608.3942557843,4.430634840870303,0,0.5952608470368022,0
65,61365.46754305568,58203.011191674574,1.1504114181787422,1,0.3656417997750937,0
58,71727.61422411675,19491.510100328276,4.7042452284233836,1,0.034011209254917074,0
30,56667.397025217564,81642.82144763843,5.603947895698598,1,0.5315030828643044,1
60,10000.0,156148.46857928677,0.36409859049138077,0,0.5848170808863692,1
62,40017.22097059269,132798.02760706868,8.696146326756429,0,0.2522307548315975,0
42,73943.36054495708,99921.40963134028,9.875555846163573,0,0.9398797509579124,0
59,33848.17319803408,79164.72582044713,0.32831739863961046,0,0.6104542371697033,0
53,45530.54989526122,80511.89319417844,4.62145686027827,0,0.1759636533705432,1
44,29103.273721938574,105439.24529303981,4.507152187234704,2,0.7212568590350434,0
55,85678.45190403538,46578.12570770856,0.06268334265025877,2,0.49913955363422924,0
24,83629.84914836031,82594.63273993514,2.0953847563340733,2,0.4732340454203948,1
22,32322.622097185413,89221.52693201156,17.356884148973514,1,0.8345332627840525,0
60,52945.96000778168,32446.277077425126,4.0534721830959715,0,0.1381797984582429,0
62,36390.119044719046,58077.587455121255,13.531144508988689,2,0.4909867381721712,1
68,62298.89278062756,120525.33957431908,5.629577806955114,1,0.7807630546162803,1
48,60193.66154484658,100475.5919970497,0.14400661485696145,1,0.66038843885921,0
40,66234.11143226532,84561.91044033084,0.4044951938640049,3,0.00541365745253275,0
59,56638.36895415775,54428.62812310181,6.403890484571109,2,0.7874505921442762,0
27,108708.12412776936,178842.49127946084,4.043551052918307,1,0.9446719148357704,1
49,29441.524699785223,58101.03926603408,0.6799673314950361,2,0.7046688348417696,1
60,15787.932911269716,112579.64036308687,4.760401509283374,1,0.8759009248945573,1
47,42138.19598597077,75606.54559631023,8.311223878662638,1,0.36081171896117314,0
56,18640.23468879465,101813.96463191675,6.991479059088242,0,0.3506031457915222,1
48,20150.754599880143,122880.48709701862,1.4128919921172218,0,0.32086453005382476,1
35,29973.70691604066,31487.170539605708,1.4933441431916061,1,0.7349694269510021,0
53,31556.22189136745,99669.1877923256,17.184817938439323,2,0.9420659566545672,1
19,30907.637960998796,159536.43244899227,10.919781060393392,3,0.8854007713128079,1
31,60364.37900890823,188075.09467460017,1.9161016971564346,1,0.15021390072313368,1
30,39876.218778293274,93499.30133724345,8.687904661360871,3,0.626107734984534,1
46,46409.7085025504,102084.06036084544,0.8821260507082049,0,0.9959582795273278,0
29,67884.65549001869,210566.65143007663,1.0960135166216323,3,0.2953684174458593,0
56,34673.549504371476,156746.2140799599,0.9995530288502841,3,0.6347847930149039,1
19,44709.082025905554,69135.77153723905,0.4590458400962385,1,0.9066238302153232,1
49,57315.19972185831,69050.82745569386,9.644020541656747,2,0.8995481401108271,1
30,11168.643987595577,147827.47308936343,4.3233193818008475,0,0.3214752822265887,0
63,10000.0,49448.14349771347,1.4984770052368872,0,0.09392491493193567,1
44,56922.346575954456,154386.33756694265,9.44096748157174,2,0.6460089590708924,1
66,59840.28561133797,116714.99818755042,8.113800281995651,2,0.9469674980767966,0
58,91284.40269704821,125886.03820135363,0.5320915864846751,1,0.5079837278591283,0
34,53161.8975173362,87163.30982599733,5.166080620207435,5,0.4577073946350565,1
57,66394.79434516189,68508.7597876795,6.3976789434589785,2,0.8639484072972977,0
48,46090.54712828052,173099.64154341602,6.290866285997696,2,0.42459667907424603,1
51,55944.544431701725,87663.13597232626,6.421265481798102,0,0.6809287043329337,1
41,83345.13683499067,79453.2461713069,0.9283826058864397,1,0.3886423577382374,0
62,10000.0,95993.14660600954,1.8923132964824165,1,0.3771374928732564,1
52,58272.32515143361,109651.10663589714,9.295221061059447,1,0.187807565341498,0
65,92711.73460154733,48458.74366402757,11.433152742932194,2,0.08845167030280865,0
23,55640.684384186854,71756.42528965442,1.6368907730581352,1,0.8851606759140292,0
36,83011.45926465697,69098.3963046971,0.11644301377905857,3,0.18121982423608385,1
47,37415.75700941115,142264.01523034243,9.82224788644744,3,0.062218402186168476,1
24,49359.05011672573,55701.871600005536,2.3667809165011695,1,0.582308108953288,0
27,50670.494047771754,12211.607112097307,1.9983861210509493,5,0.5459967483081921,1
58,10000.0,1645.2718546922988,2.130888295915239,1,0.5677567033058917,0
49,26636.443442995995,26480.993266214136,2.686673046206662,1,0.4681048881004888,0
51,28062.498412320278,168076.91014240557,2.3762196515944733,0,0.14193635221813483,0
45,66441.32156065054,100810.32997420258,4.178520466176691,5,0.020914833099567764,1
32,67443.0621136811,125062.45434036013,0.41115200318031164,0,0.04641392722443005,0
47,56480.72885413066,126824.38635606646,17.79631256884362,3,0.9431471458353586,0
54,66482.05793711412,102809.19591961602,13.779722797809765,2,0.5318542587261903,0
46,46717.01174556452,96260.9351674346,13.621404542617839,0,0.39972093548330023,0
39,74038.63339079087,152226.32149090705,10.571308917431043,1,0.410831816156799,1
21,50175.768852641435,107299.795715632,5.398849172449214,1,0.6521953481916019,0
37,51157.28094853513,169954.8739631707,1.2494180225138038,0,0.37666277759418176,0
49,44688.147334751775,131041.49726449332,0.25374872198477283,1,0.7964590664844106,1
53,63689.00955272856,69110.1863259486,0.5230321379450616,1,0.2599429172686947,1
67,41576.023667741734,75143.29880650318,1.957755545074601,1,0.3672591294815536,0
21,69528.62754396137,63626.75967728603,3.5047177218404717,1,0.9349968156907507,1
44,27357.017185679866,160877.40109753577,24.993339339885313,0,0.2602836741979576,0
34,28021.67490543612,79747.45235272236,2.858573986463732,1,0.6615858973776735,1
29,63748.535102530084,60076.360160018376,3.7184783986329744,2,0.36456727612317996,0
39,48229.11570833975,115988.902056341,5.939795999374552,4,0.47119711405159337,1
34,40922.17167693743,95141.64468137485,0.9967321273219083,3,0.045188286048121196,1
27,67801.15464950919,114728.4256287582,13.502419605810118,0,0.16723389000681144,0
18,37854.77171827831,194490.69519469218,3.76485330395913,1,0.10191278415858662,1
39,45995.974913992606,145653.54029644298,1.6165900890210285,1,0.8447151477310042,0
43,77984.55900142319,101350.52771509532,13.675230646240419,1,0.9616912582224874,1
35,80782.846916213,29578.83078969957,4.910158125309546,1,0.06797461431296348,1
67,81447.96420540655,75001.87513956822,3.305236990889673,3,0.07684577019424743,0
31,44357.48446132177,135552.30512726516,4.339359254070433,3,0.5521689419865595,0
64,74614.0580996894,41447.948016909184,6.897630962770231,1,0.5040349247756386,0
46,31020.943444626435,207048.5148165177,0.8393602992085069,0,0.6505721327794468,1
29,31861.94250555878,100720.82813177744,10.006126099366291,2,0.7368058354965477,1
53,10000.0,102442.41966047425,16.033107372603986,2,0.7972194656894259,1
52,83457.3640379706,66667.7403521011,4.185083733538127,1,0.14908338024503998,0
69,32720.403018478435,124836.88783878591,5.732779893051957,2,0.03783572923748413,0
29,47469.3484050588,42099.9096738884,9.824620703242763,3,0.889158872664231,0
24,31793.513161434323,208244.62945507286,2.34850342702128,1,0.46954089371378105,1
46,63903.30496660281,165867.56523260055,24.690499939910474,2,0.9712443265209896,0
28,42487.3267856532,149214.82225985228,5.705011454771594,3,0.5327694852023365,1
50,23903.662191341013,30478.549710509527,2.758226792468146,3,0.5100273755007387,0
23,58833.25128372121,110270.66352288754,5.655749329063805,2,0.622979358912807,1
64,21325.39950379543,160454.31990070024,3.687376911918631,0,0.17014398154237875,0
32,33251.88549369018,129655.26996788697,0.5918999088696506,0,0.2540405050386362,1
49,10000.0,49894.54476831126,7.944876161410538,0,0.905806459723717,1
68,21520.837756047862,67495.31223456723,4.154874147346138,2,0.21232774998883686,1
28,53570.58339440956,77403.19309970047,7.944392511623207,3,0.23297083198334556,1
40,10709.279237941504,69828.10827556963,0.8415722223591825,1,0.5099841626808433,0
43,20377.085507565687,176438.94178551537,3.8648187676943655,1,0.6411513535561527,1
51,49952.621677343835,3949.3430588371994,7.275527792972385,1,0.0009038666147412888,1
63,39127.86207813895,132795.95698294183,22.24278452888647,1,0.456781190591003,0
51,89840.73271918617,35384.831253577446,10.787978811701276,1,0.3990131255607414,0
46,86677.9309204875,51937.42562744661,9.98837245302225,3,0.8656191925432217,1
21,32641.55074497693,1000.0,1.4215065559958835,2,0.8396974670366248,0
34,61142.75236806964,72547.2784420567,9.100319485440552,1,0.9059234520086369,1
52,64985.651137589026,175536.58257696067,0.9273201111101669,0,0.8420506104869651,0
30,38050.422839511935,113241.2121232389,1.1039046260007932,1,0.7867113636571794,0
58,20089.169270035924,40081.922650045155,0.5833249880266135,1,0.8590049607907662,1
56,49754.031013838845,150857.38371896563,9.74545458668028,2,0.1748065244338488,0
32,46543.08650371778,161565.2131784343,0.57287248516875,0,0.3408490916843163,1
46,41284.71006058762,105202.32405195427,0.7431467176612092,0,0.6836183249699443,0
46,58846.337363289706,201737.45790762952,1.411066269238096,1,0.9231309585678324,1
28,34985.40785988802,141078.20623123072,4.2509048358152,1,0.6669087660239568,1
69,26960.04904841714,134132.6253646294,10.608831044086573,1,0.20794890441100888,0
49,52181.65940699664,59831.064641685494,2.708384637249161,4,0.9446650638195561,0
19,57719.401851377515,131369.92428106704,3.951440617053194,0,0.7603418039333262,0
64,26467.101121998938,110839.56388022467,0.9105442968218015,2,0.7165437561544412,1
31,68561.81221982162,125991.45013355133,1.5458624364068072,1,0.76250661731113,1
37,14590.37724447844,65770.71904293346,0.7189232474078867,1,0.6591446908495096,0
39,38437.73082568713,106404.94421794933,2.6374760023446204,3,0.022112583761142557,0
28,44839.82927604782,59156.9249892521,4.4620856714396755,0,0.25361825963934304,1
44,37275.5257469614,1000.0,1.6705119448827035,3,0.9565718399596519,0
20,38698.790528976155,149915.22842891916,9.353878825393148,0,0.2886042800899101,1
34,87421.48964616228,24880.55091552413,19.879702199169255,4,0.7716264844886526,1
61,32982.31821922203,105359.3232391208,0.6400467776673071,3,0.4244839704091298,1
45,98824.43444943828,116650.106472452,0.09010735815885473,3,0.9075277158512304,0
46,58742.53559462103,116328.15079315274,7.797929832077248,2,0.557669054576704,1
38,51841.10274623984,85846.0463200875,1.0575738781709456,4,0.6318859968545918,1
64,59524.80706775332,113560.57376399868,2.178177915221711,2,0.23962516750207696,1
33,100598.55498503905,123548.35348925811,2.5062845701540875,0,0.057523406443117264,1
54,30128.13992137104,136748.24078759924,12.42049821158738,0,0.7565562934849605,0
37,27591.641621272214,186672.06696921313,5.376992368207608,3,0.06764328949737264,1
23,34902.67606856158,111709.70757491027,0.2072854093886165,2,0.7217981913191236,1
36,50642.86293929122,103202.4422508851,0.07460503671662523,2,0.5554928619618247,1
22,15484.577503748536,54663.551732495296,1.1130190945440162,0,0.8200237129568554,1
20,50446.78478637216,121797.31619496684,1.91488882820507,2,0.20577308947418138,1
18,83870.94266827343,133369.15515702844,3.313321057427738,2,0.5415296219335746,0
55,53028.147812495554,90384.84078591864,9.095840763506233,2,0.6141713873506498,0
32,44146.29082049446,127230.62520920185,1.8903521326026687,1,0.07429779332681508,1
51,37636.79102632745,85374.19032253292,2.3623310487214964,1,0.738940683875285,1
52,67970.23409103129,133549.6326044462,1.9974494517262227,1,0.3890294352144792,1
66,33483.34453523905,145630.11570148717,0.045028832439065435,1,0.12891408937917825,0
42,86927.91841198495,144931.39333652426,15.527907477332644,2,0.38706493329050873,0
41,88667.19495428714,105892.21630706503,0.7482799711826662,3,0.09830148571663955,0
29,55135.01597323575,48001.59241914743,1.6960522579847606,0,0.8879958730374661,1
35,49769.6982384671,69404.34736790897,0.6923079280825202,1,0.45675990071564243,0
32,70613.19616483118,129757.86619423641,3.372050664320565,3,0.13802806205380302,0
61,71895.9700445465,222440.61528701137,13.453467146374313,2,0.2520956777277602,0
33,33880.16537881169,82963.9614233959,0.5306969702214499,0,0.7246491033662454,1
44,39468.89733726596,122791.883919407,2.9071071426475252,0,0.7860881671751591,1
25,23553.05130633409,72197.37212602983,0.11314480151055659,0,0.041316395167162456,1
63,58181.29876668114,51301.647787544964,7.3679446303513725,0,0.05988020739054556,0
42,63332.557669137816,66184.20682113187,5.125315076581285,3,0.9171851712224569,0
34,23001.48724277454,1000.0,6.014844270715566,2,0.330982227889448,0
46,40896.02190367682,167671.75314538754,3.196481227138197,1,0.19332386746836805,1
25,23054.921648373016,1000.0,11.909929134855975,1,0.12305763170323791,1
32,32024.003795123248,86808.58847996836,2.634414699937346,0,0.47595747808411504,0
44,61020.34120452599,41093.60523249728,3.608608607035371,2,0.7710526944379391,1
63,35330.35866643441,55780.98923188978,5.941961110033395,3,0.5211177675544634,1
67,43983.48087935403,168826.1329869334,3.675689300043405,0,0.020673679623888552,0
69,17453.76544105369,110053.3495015696,1.0495058986410457,2,0.48390496599414956,0
24,53739.804194493285,51730.192040914975,1.906819093366411,1,0.31165707722893754,0
20,49114.533603107026,70524.14337517446,0.4841762854821159,0,0.6828591701719823,1
46,35420.814999336755,61725.93897789572,2.8335727236241275,1,0.5235089683929264,1
61,46219.71404635052,97822.71639605597,4.700255088749466,2,0.9653371499344201,0
41,53605.89761006889,108644.58423938463,0.6308212369845362,4,0.5981641540368875,0
20,33702.63702181312,194778.73866142798,4.979201742260113,1,0.6324809661065655,1
37,20474.749119964414,4184.961700114654,11.168661011618193,2,0.5202307733585855,1
63,86111.4886537363,98259.38426210238,2.0603624416275093,3,0.3110054872914795,0
32,37334.54590579455,84221.61537327389,1.2553564791781004,3,0.6306031579174604,1
42,48064.79793626221,147327.42638583912,11.174915587728854,1,0.3329116332384875,0
47,70216.79470040627,117740.90590891967,5.8873885314332615,1,0.7173481476344775,0
31,120581.10375140968,129518.11040574728,0.5568642571049283,1,0.23684643730412136,1
24,25110.271002222686,117254.30930075413,2.6221888509686493,2,0.36766136831172136,1
34,58996.5442745302,53400.44373582302,5.605663906326637,3,0.5836483265428065,1
61,35848.95429411787,160563.27482465064,4.271087269633914,2,0.6284917023884552,0
37,39224.19390846578,139925.24523078345,4.81883973316212,1,0.6686128612581496,1
53,35595.7595798642,145776.48958623715,4.186648898981714,2,0.7003164687135485,1
26,27486.9006439883,163202.50852535822,7.998957081860593,1,0.31830637722377364,1
55,49174.17276430677,120883.75503259798,1.9314527782615785,1,0.8925764076347728,1
65,20509.94625903529,174049.62020587464,6.16293057403433,3,0.029933608254474553,1
39,68936.15133023741,118881.97858933205,23.596984168512623,1,0.18842993801833352,0
19,51100.05872066749,89047.07059876957,2.471144389144084,0,0.07014081956761054,0
41,58448.6994580288,99669.80447583177,7.828261119299418,0,0.6715369723857042,1
25,40676.22776107554,98807.81159319417,1.4125389915413349,2,0.2736652364752271,1
28,42655.92131576504,74030.43389547284,1.6557093276121244,2,0.19915350725387082,0
30,55751.27810334656,181594.44241851103,13.656379778135374,2,0.4806674875736381,1
34,26718.98735188349,114814.76827518338,0.13140344034945006,3,0.619047521747136,1
25,42840.19131173328,104736.92379164533,1.2258425543000766,2,0.619246089253789,1
38,32807.729722430915,119413.71274632169,3.297795135457791,1,0.5574525294462371,1
35,32188.623788179713,248992.72583685734,2.5695487214358708,0,0.9919863600197273,1
47,10000.0,43413.79057001703,4.960054088242886,1,0.8602147771551125,1
35,76786.53178959999,57748.074414186216,1.0704362333352058,3,0.23886020511652073,0
63,36269.22493692462,30971.44912765018,0.36579521309493773,1,0.7587162596515795,0
64,73267.521103271,88370.0380782257,2.304889601329222,0,0.5692972219797887,0
48,71375.84642788584,112275.92216636802,3.715420052010155,4,0.0705190488424079,1
55,24280.005869670127,76733.87408294613,4.127702814361377,2,0.04958108492272184,1
49,28231.775286543085,73013.6600924115,4.6001576439738185,2,0.7996190528452413,1
28,101210.05918711369,107120.24333140661,3.977693825532577,1,0.5449906896759358,1
62,85018.51883854286,74894.60875851513,1.4101700705004667,0,0.5713248888545308,1
42,49369.62973343792,115508.7913591419,7.231277904521899,1,0.33626905487276426,0
50,55147.46212834699,155711.71733713022,0.4593718842711204,3,0.9303480711250127,1
55,37383.07194105622,133851.52349004033,1.1054400740892287,0,0.7133477822503708,1
58,58647.0542840068,144050.6673582601,6.723421159464001,0,0.9277724952392585,1
25,35656.36198555057,154295.92057533597,1.6406188499791863,1,0.09926725741591202,0
28,10000.0,114141.40800593514,3.4008926077175095,1,0.5837293493614354,1
39,23568.88426977898,92067.94869784494,1.9815190625218078,0,0.6375272498276152,1
68,50421.85495701175,61387.34645584022,3.536039976766298,0,0.12599332275927766,0
41,27378.655289948245,80441.09181821396,2.1282559141519064,1,0.34626498810368045,0
58,48654.45070172931,73815.72336615527,25.75637940580163,1,0.214804347198167,1
34,28506.77921134274,136583.61633104557,2.211767912223215,3,0.9844589755824147,1
29,34352.92154996013,117339.12772970981,4.931546772180873,0,0.5434151911519908,1
63,67063.30612826384,134837.89313571507,10.961627780097455,2,0.31526091297902825,1
49,54949.61095280209,41983.157194992426,5.079657548498667,3,0.6644966520453187,1
32,49806.71157373305,171587.47421205393,4.171909468409081,4,0.6595476204252423,1
33,67579.27946141303,78650.98142466188,4.210898541331432,2,0.34733037594251437,1
39,59612.17186694695,44999.16789626687,3.430467689690659,1,0.9939228589844206,1
45,78931.26582502735,78039.11175890936,8.240384410680436,0,0.8089615824889931,1
37,40802.814753697196,224188.2996293754,0.25869896164030437,4,0.4003181697814371,1
50,41407.300429449824,80614.15667542162,10.819767116522684,2,0.6600593442969642,0
27,23977.814672173095,83745.17642645372,4.412977001936826,1,0.7105396227289024,0
57,41420.3856525516,90394.76596851619,9.448181000482919,3,0.1738165196630881,1
49,69295.39788604892,92568.98082842723,0.05223541892064189,1,0.8781591721274831,1
67,75999.74744524268,60926.196709937285,10.173350693876369,2,0.8260378099003624,1
50,69206.10336173336,107160.65416030653,0.6399482775469811,1,0.7556749307154439,0
19,14116.162669011275,153779.7454099165,6.386625937600411,0,0.22267606104312765,1
50,71662.90425321469,115714.46577393536,2.6937374548724695,0,0.1362498148074317,1
50,13229.62753455859,44441.73505500072,5.713955666457807,0,0.18054808371023612,0
58,67962.34648244694,82782.70475331458,4.946858011736346,4,0.09301880925796979,0
30,42644.3094685789,72423.62999491852,0.8920254632120999,3,0.9402908299681347,1
47,64050.66627867711,102646.97341174005,3.6140517150439173,1,0.8514944495937362,1
50,23351.033042108684,166522.58357811585,1.6233244053942846,1,0.09077946687890659,1
30,73423.35265412294,92555.86019895585,4.109869349506269,2,0.6779707060060214,1
69,20700.50507790222,95592.25655648045,6.697116530177983,2,0.24558735024077627,1
43,36630.901782936446,188882.24094097147,0.4237519361278155,1,0.017273653311937087,1
39,30038.107444619294,143810.29958358302,3.625898161125052,1,0.2923921375273961,0
56,14914.302943550021,128704.06410532675,4.806830420053189,1,0.44003006931279354,1
19,51890.55135176937,197906.5807650888,1.7503941141180541,1,0.02003815862086733,1
55,86121.78235673922,124490.56273970066,15.288408910302373,2,0.32372003082781664,0
56,103338.10444640018,1000.0,3.673001303226867,0,0.7003526292887589,1
43,51943.115741724956,141633.28789401802,1.0076264071977832,5,0.22842845903449238,1
63,72333.62550135044,20399.577144067487,0.5702589995327796,2,0.48489297532579867,0
67,54641.89275857074,122600.26842912238,3.9007151428820115,2,0.8875809130364618,0
32,59977.663895364254,14312.821293538,2.3519255590202057,1,0.028390983208982368,0
51,43157.02697745522,76657.22948000403,1.0693527549804127,0,0.785637145599726,1
59,53901.538508452046,81810.77351950645,0.155897781717656,0,0.3838928236362087,1
61,60749.57409212857,61494.044638412335,4.180471872771419,2,0.5411498910361231,1
66,38430.80542247337,82557.40014044,4.563987163195807,0,0.23087172766139863,0
57,48450.11400214024,151628.08601802762,0.7646056870140934,0,0.5789484606603936,1
28,48831.39762005024,64302.35439202233,4.603226618939747,1,0.7306996495265502,0
20,66528.06634661049,127257.04397552705,15.179934094228258,1,0.20153792967743744,1
23,28679.356567446386,51717.51801963499,19.151203671381197,1,0.3432688177663501,0
26,48969.15582784697,90525.02118039354,10.968336704119572,2,0.5673789977078711,1
23,88240.10938105395,116191.96331637251,8.22736163788258,1,0.41678099692522386,0
26,73281.20305171875,50173.579169072014,1.1746122341188128,0,0.29315287788881084,0
56,76983.58097777411,34413.97835446551,0.8505926821720639,0,0.4516874328968764,0
48,50488.63680356069,124593.9075289444,2.943463796977077,3,0.2908277671805992,0
49,56419.951273720464,156154.01996703196,4.833077100173588,0,0.30187358337478365,1
58,70044.72333405851,96046.74902563139,9.508274058718985,4,0.6106336772932547,0
67,81205.11059061861,77134.35467216479,1.3195871173628735,2,0.4770652716716981,1
29,10967.941742342264,107783.76938441934,3.2662479108060163,1,0.6770722246435351,0
25,23691.173859003087,102773.99593826903,5.212675723671131,0,0.837444998970784,1
25,76188.88202805296,112145.12703556257,2.949288731366271,1,0.9429653286288974,1
67,44462.21288462393,1000.0,3.0274554304532773,2,0.15135133078026752,0
45,36565.584214838454,46544.78544170184,1.2752171828866044,0,0.6261903451864209,0
37,24916.780260087922,57738.49472815731,21.58528037604503,0,0.5823995382612611,1
64,38899.665969117814,107543.38142557813,3.223626215244747,0,0.8669452562076814,0
24,21952.614331523502,109293.89418111331,3.8043679724877,5,0.8958899051158327,1
28,91821.88545464954,131809.0244342018,1.2330800028398512,2,0.760502591515349,1
37,49551.27896038853,112879.08746052184,3.609140040488237,1,0.595461829015076,1
33,48840.989164745646,34963.246480633214,1.4742018840025786,2,0.19926279978566397,1
21,61761.53350335664,172350.230879253,1.1303406899053798,3,0.27663839738933704,1
23,69246.90338533139,163595.9151711183,1.6129016443490078,4,0.602767088802969,1
39,68917.76313109278,37090.13549865371,0.013817316776318925,0,0.139343764293967,1
43,71472.43887815143,116635.26471870915,4.221607776589416,1,0.18396417341056293,0
20,37383.088984182876,70228.78073784921,2.4508684652586132,0,0.9114322696086902,0
58,44042.663900862775,106943.19946002742,11.447802373634575,1,0.95631200866921,0
59,65380.63310884551,152665.51398209354,0.2077945257596076,1,0.0052347049271832535,1
31,39452.2187672076,206505.21331604794,0.22080605112678675,2,0.8624819278530844,1
28,49897.8673594555,137563.88525713052,10.852239741834026,1,0.938013574165115,0
35,57975.27528849628,114746.7367555068,0.6770637618155155,2,0.5257394715645294,1
29,65703.70164620753,83008.94158458515,0.010812202570426612,2,0.448900508809563,1
40,14446.380752595978,109106.74355055882,0.9856362936366578,2,0.918799496321553,1
29,64294.9129977789,167988.59466641568,8.682839903689402,3,0.007533156736765245,1
30,45325.51884296549,97764.56216202074,8.115506229482017,2,0.8404858362467178,1
42,64149.15421728762,55694.36743261749,2.0785789174403146,0,0.2965760660430491,0
62,65538.63384709657,19015.506724168677,5.513567193393229,0,0.6411622060432031,0
68,82158.30122238315,125652.39337051254,3.538763695045012,0,0.3231980283578073,1
36,77069.07295242406,112364.40628138697,11.755463452356098,0,0.5229447410391561,1
63,76931.43325220593,67704.59133688518,0.2903890516339531,2,0.808317162239063,1
53,78873.40638332476,151300.70628536487,8.38802514448418,2,0.1812689576743719,0
62,55827.57969631892,78911.15678061848,0.935255634559959,1,0.6639186190254209,1
25,50643.7017407368,93267.79540876024,2.484785336826728,2,0.8983368355371911,1
46,67456.34166356668,99166.79333510282,1.0657009573229315,0,0.901051708548984,0
49,64641.61902866045,82452.36289309559,6.063628490134083,4,0.8941209370088473,0
68,43818.67526523479,111793.25328747854,5.671086137247514,1,0.5184634350954728,0
61,58096.46817616536,157575.75729665006,3.9692328994683628,2,0.7677012532329965,1
35,49298.070664308114,42875.90509407886,5.989341321741262,1,0.4468577452934135,1
23,32921.341830798876,124426.00692370044,5.102215174750252,2,0.4601633871770425,0
35,75809.214827527,108607.93348032206,7.490423199234369,2,0.28385427161657273,0
36,51103.98485060179,107688.19147723532,1.3682821416025959,1,0.28522746881586514,0
39,90974.16515397701,143592.22849370455,2.8010652120131505,3,0.0378243219650638,1
54,17490.154596003347,102464.87126085794,0.8221716332321056,1,0.5314716239068339,0
49,38864.42454313267,124011.46309528514,2.8070306351088954,1,0.3087609144092144,0
58,50652.77673381743,135793.23147855734,6.048139679418868,2,0.18768643295974108,0
20,72747.62195257828,74781.73998096967,5.878403482545678,0,0.12171281877621498,0
45,57989.3874520437,114959.17304068992,6.179500552862812,1,0.3469988299574538,0
27,56209.45508361503,87460.61963946841,1.8463954218064798,0,0.8990105620065529,0
68,27454.72414891706,93365.91101400522,5.42671321259161,2,0.5164015754536818,0
52,26861.172055410574,83896.9301760834,2.290109050682084,2,0.556935973447102,1
46,56450.0932057981,123554.02020484432,14.456144775378055,4,0.05432788012310674,1
32,22717.880123632833,104082.23545091269,2.103145252772719,4,0.5198463415299011,1
50,39362.44499421343,119727.20171583371,4.619324644662918,1,0.6676117409566431,0
24,60018.34658171715,99124.13185521257,6.934386939078165,3,0.1507152198594892,1
29,30353.514554464484,19793.949376483753,11.844021342940469,1,0.983553795981712,1
66,82107.11924723613,101568.42080498542,2.8806319851988107,1,0.9151144877879656,0
47,74478.72688475781,103176.89775784085,2.2352268580855887,2,0.9931022618236406,1
38,18571.600033233994,112129.796857673,2.810841748776217,2,0.3603169804885008,1
48,31352.575136360258,70313.5403157129,1.955565598470963,4,0.8222991561214585,1
41,10000.0,40226.5141667244,5.305491454674643,1,0.3287357165715541,0
37,34348.17274903734,131230.3322447139,13.494220835493502,2,0.7491295736618664,0
54,65327.769531447986,86319.67217329156,0.6737807487492407,0,0.9478297826450094,1
21,41722.10115450286,108562.20238424979,4.115391763330043,1,0.15502061629319708,0
45,59215.94487231935,85926.99600558521,11.396722566092217,2,0.140319872271352,0
61,19553.313634365117,99696.90871132025,0.5274389779879683,0,0.10440449375645144,0
37,65959.5050916381,77535.73260320959,3.4047632921746986,3,0.7983507642811442,1
41,38897.815441433006,51595.8205423086,10.02091329235142,2,0.6666336051002972,0
67,50243.39364565811,123686.58303843286,11.535587329082492,0,0.5223151586336727,0
66,48142.50997213895,69843.995588694,3.611357645825737,1,0.7739126539637214,1
68,24569.029582154322,108197.57404474053,0.12634229969022603,3,0.8499231777848663,1
49,26938.313365204354,120523.0110951039,0.5582299084316431,2,0.9495284295795903,1
58,69355.88938006852,70659.36421984591,4.418110371165315,2,0.2012510496157084,0
53,57979.843150033914,39805.71828135075,0.6611389646359832,2,0.4416766263583114,1
51,71000.98083106853,221304.28069265262,0.809170978209184,2,0.9230133417659938,0
53,56493.16471005037,73611.4062027287,7.394616843611049,2,0.4613237084975723,1
19,52859.81269618433,131170.85793005791,6.9453321703414295,1,0.48765502401575556,0
32,15479.78762666467,196973.1774785062,9.250315639509129,0,0.9424452306970122,1
51,44592.666064776604,139495.38734269465,0.5587663989851293,3,0.7346762954955773,1
53,49452.31359192512,84977.85955862243,1.1041366859070447,1,0.5520481591867035,1
23,89062.14396545148,96644.18062324444,8.94765267151027,0,0.35728619865239997,0
56,63739.13264197354,58369.63901305758,6.384287780708182,2,0.9153494688670134,1
59,80721.22363419057,144084.8213478871,8.19835500134748,2,0.008938503294808386,1
68,61950.75411789457,128313.53540293442,22.900278510975838,2,0.3210061980830644,0
68,35773.93546101041,74278.70908691284,9.991395071940977,1,0.9460731579518614,0
29,52342.48432299703,47891.25964507778,3.674673735158978,4,0.4982037968748033,1
20,54724.47292528466,33938.31311681542,1.8608880644129213,2,0.6238546330825986,1
62,31216.888604586366,149325.70019021005,4.216091143766722,2,0.5326155972072614,1
35,42312.252468141574,106018.65644777803,5.088663428922447,2,0.3973607047323061,0
57,45884.66012645656,110749.22681663759,2.0421886693744264,2,0.6652824394537331,1
38,82112.39665130236,58852.568706882135,7.368791838683631,1,0.7664747268552259,1
32,10000.0,26824.844834779695,0.48670706643329126,2,0.36442638183386,0
50,74116.36841432087,148130.67873558163,7.556858820867093,2,0.5905214487053608,0
52,31264.095300812343,102101.95184986154,0.16260830709743807,1,0.0827581449309982,0
43,22558.416254607717,145361.73300288102,3.4454377672560628,1,0.5475979147588649,0
25,73598.84260076928,80703.3436742218,9.882131555669645,2,0.7477496315366798,1
53,64637.961384687624,88159.10784815709,0.45233364846198965,0,0.5852438399176223,0
65,75090.3740476238,135664.90883103161,3.6463484301346716,2,0.8784476300163263,1
47,66014.03895091153,136617.40398252622,0.868145860124309,1,0.28619318720594866,0
40,91196.90003474805,139878.28113429772,11.260208526475639,0,0.49175606990855003,0
59,61174.47673888971,85239.93734486519,8.929250630209305,1,0.08747995280775378,0
61,46870.45247753683,130727.3618825434,13.58423716463005,2,0.7000209125620629,0
31,56858.52754642685,155454.97327383593,10.396501419489674,2,0.44289151160500084,1
31,74869.38256691927,94761.39941592328,6.6695212297549675,1,0.5303654744836348,1
19,34412.49349479766,74325.58181129732,1.022156093246868,2,0.1283946631401096,1
54,36962.22834937238,167137.3801658383,1.8012825767829397,2,0.9973518258794984,0
22,43820.79970804185,67277.71332243465,3.434385973417921,1,0.7719200266050015,0
55,10000.0,131473.82485572385,4.444554780746937,2,0.4006297733009594,0
62,52761.56816835094,97078.88447400693,7.620509165789518,0,0.5699597173854625,1
58,12277.425920979476,7921.719175771985,1.2871200215808363,1,0.6187171385551994,0
64,51061.18625865238,156429.70337392902,0.6864200911777296,1,0.9607660308321099,1
31,67305.79512270499,1000.0,3.2947933327146255,2,0.7683886101161989,1
56,40462.47078712329,1000.0,0.8589346717158476,2,0.3496668191002218,0
42,83542.31740373743,126366.50397403358,5.916552118088445,2,0.9777057083552767,1
37,20789.982011630244,126353.55993390577,4.28575830107894,2,0.3017963078337914,0
19,73825.21363263665,68121.00710612322,6.7567175431296835,1,0.5769460651385186,0
56,63502.74112813841,107391.10451516224,0.3276900871653457,2,0.7006676785452025,0
23,15679.335033786221,1000.0,16.71901604100733,3,0.27112579239169754,1
34,104215.88598081065,135348.77322352998,2.7683455327197288e-05,2,0.9563610946762986,1
42,48725.09428992068,112486.27435267984,1.9684911632360114,2,0.21610990226372784,0
45,32450.319556887367,97717.85733331022,5.691468316061133,3,0.44177322390059925,0
19,21858.256104319662,101042.0741068886,0.23096359005269207,1,0.17987330164687754,0
52,45599.63944680652,124662.7088096516,0.43514551132055457,1,0.8749875387729167,0
54,47451.86255220081,98554.92382510695,0.39890482797444216,0,0.2216012200830617,1
22,52052.91057079329,6297.224863438983,4.3555081559442135,1,0.03474143320147438,0
18,44044.0768755208,209816.61172612614,11.313232564697175,3,0.0389404025303941,1
57,62664.50620230187,160040.04097142257,4.053317258268741,1,0.41375337536595214,1
29,42247.403346735075,35752.76690225859,4.626296047046294,0,0.5227776086213014,0
53,11300.71765519058,82743.13847617048,2.1232522615549203,0,0.04163863172413773,0
62,47012.77008700718,88198.29049219796,0.09459499819377809,0,0.09286534643481825,1
40,10000.0,153942.47832544817,0.10925868697634365,2,0.09746295449339948,1
64,57075.41261782779,1000.0,10.960139011606064,3,0.6685012848318432,0
48,30413.995394347294,75049.58677851054,0.5411143677120469,0,0.29981502050720854,0
28,53267.20709831601,11968.17783312482,30.0,0,0.5625726533508772,0
27,76281.4996304921,85745.22420858308,0.8981615493781181,1,0.0736959710746754,1
20,31025.026094639998,76374.95534575477,5.614029704610518,1,0.8921155602807018,0
31,71225.12517024236,103984.7033691356,14.875284663455279,1,0.30443326842306984,1
33,41332.208666276936,69756.28004954083,2.2493525584611236,1,0.7782007235370306,0
27,85063.8960413117,62448.83043047379,6.62944413411608,4,0.8267030708436713,0
46,42696.947736035734,130982.83458815739,2.160508491458824,1,0.9879086373459112,1
27,33190.140289866176,122733.63704712901,1.8187931329917915,4,0.7410389038657531,1
29,63744.769007905765,127569.9171389121,1.127006005540096,1,0.44280554809232264,1
47,41284.20540752728,91154.99547545786,8.600029453179085,1,0.1526278163932404,0
58,33171.00971741983,71413.07088874053,1.4879015849422528,2,0.04787222888411735,0
18,40443.202985924174,94057.37589896146,1.6645002627144483,2,0.8862598172467037,0
22,49107.86935633997,125058.10350342261,30.0,3,0.4466633918877,1
37,76843.60262489709,1000.0,1.9823566342412302,1,0.7499636801553958,0
25,11318.245090808457,119705.59651854291,2.747611274582285,1,0.4963304806607789,0
60,50461.61317900841,115456.9093667399,23.05365699193857,2,0.8796644771580013,0
29,62498.07189308086,103107.54530428635,2.304627564928924,2,0.7496653424750589,0
18,53868.97149983592,92534.32890641624,2.279730561694076,5,0.08545775934710997,1
37,76197.30338867068,1000.0,8.793010492133371,2,0.7521469056415742,0
45,48513.09340482952,78007.3368449797,1.8693261878828336,0,0.2668141487415848,0
60,46308.9711562811,189471.93555386865,1.3314695507824763,2,0.7730562115461422,1
54,61846.59094026686,100645.06477841528,2.7513873629981207,3,0.9485150012507841,0
64,51986.27629902699,84635.5080662641,6.030555453761998,0,0.9301322089969728,1
54,42191.82523439058,100845.30977950562,0.22102932187752633,0,0.12500023246398828,0
29,60322.88079172759,117738.64343140043,2.341353875274363,3,0.05467223920654729,0
54,36949.43413566709,132941.01223447322,2.1251123273130563,1,0.7769816399166084,1
66,37776.45695961346,88555.99184210291,1.40398479509815,0,0.7099617122642987,1
66,39440.11956468773,121245.98011968419,5.31073649765061,1,0.17617247702018446,0
61,77061.38320332815,183832.54013806797,1.7123816889801557,1,0.6845673333709928,0
45,10000.0,150312.53997163576,4.66631422165071,0,0.015487865894023845,0
64,57911.97669525885,217015.01079284897,3.50929349398383,1,0.6311620848425216,1
32,50685.43628400444,67161.48208241418,1.2243255193669462,0,0.8323055559011369,1
23,16382.590815237592,183809.47537510077,1.5500887138586266,1,0.6418390009055488,1
61,56194.53558272005,60466.31800387027,0.9352639772054756,3,0.06539642073935881,0
37,59515.03983663064,117678.30733702317,0.29147938114813593,2,0.9909723706649283,0
67,61792.784627148,136623.82646190497,4.827253400278306,2,0.3560914791332198,0
31,10000.0,74461.14040477638,5.585745603994886,1,0.3804781915554206,0
19,77327.78823708877,104398.21387371379,0.9076093447996249,1,0.08475133730803741,1
26,35245.26590630318,145523.05512259205,4.777658227076267,1,0.1671176816619362,1
54,63731.35493506352,64486.4550844046,20.110512092832465,2,0.27117579351541077,0
37,64821.47561364572,183469.17297738238,0.3865768321738573,1,0.7992023695299788,1
43,32466.05828761414,30770.16876363255,3.3703600939040874,2,0.6917488078194305,0
46,63209.199047031005,196984.5721364192,6.603248765432403,1,0.5836488297641262,0
18,42290.135181752834,150066.3067399796,0.23550624455639543,1,0.863893214548839,1
52,10000.0,95513.72118361107,7.531553057671962,2,0.9978051900130605,1
23,73354.83851055558,79866.58943816343,19.439393469999352,0,0.3847744582159668,0
54,34499.1007396752,74648.58686044882,0.4632518506119401,1,0.39122342799138765,0
22,32910.130745238916,93210.21798714926,8.636320836351246,2,0.7360893755328096,1
50,41938.68263926556,97575.20692255869,2.3787529130621317,3,0.6443488277075152,1
66,55444.734506547764,162761.31233172907,0.7781033128117607,1,0.013393447900397315,0
68,48854.59178355795,198432.7050192292,3.3981271562456516,2,0.6554273047345044,1
31,60961.338494143405,109968.99603270038,0.3710253847015876,0,0.7196083899631894,0
29,23210.212669426823,57718.57560052979,3.6917835998762794,2,0.9859365920753632,1
59,35152.27259138531,72713.6979681903,0.09773291921116636,1,0.5867710026453947,1
37,47680.05855356933,90845.46076943577,6.521018452194163,3,0.6844178110941063,0
67,87957.74585317411,48493.89473516122,3.346857241480386,2,0.7887477052745633,0
41,47723.74923172484,41052.92989463107,3.0711223694381,0,0.09595962056739515,1
60,71704.44527323263,204856.36061865135,1.091971072338866,2,0.7346521759088477,0
51,50771.103375686354,115130.6762973127,2.241313669162578,1,0.5468657139087001,0
42,40326.82725124863,58343.34331598266,1.0036666852528777,5,0.10007558293073726,1
67,45065.51151771119,140830.17851788562,6.647493075299279,0,0.6698808430641064,0
46,46631.605759422375,41082.69375965772,1.1096295861142984,1,0.23450427468768298,0
56,62072.91477921477,45199.397606447325,4.795382212102228,3,0.5378978534010095,0
48,77492.22535153109,59847.87994678775,1.639795390497768,3,0.28096020971591584,1
64,57193.61695372642,182725.66404325166,5.349864631171199,2,0.10453637697002982,1
60,73741.55357483511,87355.9967110813,3.887591600281323,1,0.2508644173008785,0
67,30704.205247406288,1000.0,2.7533674753661086,0,0.43880662210825816,0
40,41707.389823719386,160503.29665877967,5.588988283720038,0,0.49412885867243206,0
61,35513.949315846665,84680.93179188213,2.686892522901224,0,0.14848091929982232,0
55,56288.89181749705,7529.599706079709,8.612210124203852,1,0.3209786243327396,0
37,42820.832296411725,84165.8256018295,6.539236165184637,1,0.8593906433865881,1
40,64595.45874068391,126050.19483024516,3.889594368626218,4,0.9103821318439043,1
62,31379.96576735117,120202.45832664847,10.480321998533611,2,0.5351820865306982,0
69,50860.619466425625,189920.74895824096,8.82641993597577,1,0.49036160808129914,0
33,63737.158220245125,57361.60687150347,3.794719340236793,3,0.5814091246550603,0
67,10000.0,102336.00601324861,0.3545146887674945,2,0.21456945588660914,0
59,92432.62614660407,65021.5360710789,4.173511699230942,1,0.9935711490896145,1
25,44336.962302402484,22890.35529063885,2.1945173750442577,0,0.7452727209723394,0
67,10000.0,144276.36861529775,3.8838717374004714,0,0.23874587943954684,1
38,53161.87797153572,123163.47845737601,5.208284334197466,2,0.27214640730242157,1
18,50668.86935946302,114183.92248494264,5.1759143706468045,0,0.6484123875646826,1
25,48362.11240855014,121339.50966293222,5.596994865774342,1,0.3228465291898984,0
46,69823.82225853333,65726.357365579,5.685756721715474,3,0.355316771979564,1
49,64948.89942854112,49715.24563409033,0.578633736598953,2,0.780942670160249,1
55,55957.523820476905,101882.36860846801,1.064186285808648,1,0.266927049685282,1
22,59003.11267893296,158060.5701205807,4.978577589014313,1,0.7052411965292109,1
64,47912.83101123827,180403.85677267733,2.622699418425341,5,0.9348848634303774,1
39,85509.81698480097,139771.63534037163,7.195346822549974,1,0.12413515699823774,0
64,20416.079632844667,101458.7213384048,0.6671386029237407,2,0.14428419465909392,0
51,52793.03348431793,113489.19646999681,1.0630152060557734,2,0.9428731008118159,0
18,51300.4926237756,100579.69296626857,4.087485885315799,2,0.20351925723588538,1
43,66265.60812129187,48702.83301502859,3.473221696393785,3,0.020900831598747116,0
60,33122.92245150202,101232.36891052715,1.5489373925863412,0,0.8685079160200994,0
27,15126.547952069275,33258.659120575336,2.6241430773359493,2,0.28230288699847095,0
47,53136.46032196387,93796.13869484802,0.1780388842689304,4,0.2983539350617844,1
67,55624.609844372084,181805.25552981597,0.1887072006573468,1,0.2269211461851217,0
35,79791.98818895298,141142.9611391676,0.49869839336511207,3,0.9176668981384791,0
34,24592.759073498277,53844.040788173515,4.299462829475795,1,0.7744186470009599,1
43,73093.8753343344,96378.54651788584,9.965086887812014,0,0.5967924559760044,1
25,97348.28728054243,58281.1844122631,1.5070344027997047,0,0.45325831567575714,0
64,42444.70224955046,96874.3115911395,0.1726457931922343,2,0.1435301187602761,0
57,24181.15561013552,152055.39082622816,6.165756979514947,2,0.9259867705171417,0
66,41860.512672532575,132650.3969154952,9.667268632283035,2,0.7496635971591542,1
29,50280.09934742761,224207.20403726678,0.7435023767578515,0,0.278883537971196,0
44,61275.757500138294,159623.87012537857,2.43674758287552,3,0.9474960654406981,1
25,38172.10540323905,110200.01905388458,0.8642537772965498,5,0.9351909411648991,1
42,81103.97068294685,133857.49870666466,0.5622469713958864,0,0.6595188273128846,0
63,27709.353699838764,89877.84129083321,5.223015102652848,4,0.9850035570515672,0
21,15215.896956543998,43624.78764567519,17.138190819442812,2,0.18724824548079344,1
50,72134.20848574635,165288.82891437603,5.668591155254001,1,0.7313903595877,0
18,10000.0,150449.57384658238,20.93712487554097,4,0.15217611363174222,1
36,45917.40462254568,87947.28927030179,2.849299061832839,3,0.6916912080143945,0
48,112353.62258416094,113696.78684656692,11.407533498547764,3,0.9198518197088097,1
33,49759.12894080137,162046.95936924033,1.1475955645832123,3,0.5360975615336193,1
31,27584.646986075008,142317.57131030102,0.6272740071388476,2,0.7630666375267848,0
65,48852.050724264125,26844.937437515066,6.062042271463987,3,0.1431217286104426,1
22,48983.984227609326,112181.00107449121,2.321367038745918,2,0.6331945703897671,0
58,53212.99880706233,91618.4237255818,1.9113383276411695,0,0.06319189613231446,0
43,63245.259643192396,155650.03495693405,5.5627535636838275,0,0.036897876175256195,1
45,29217.776632645215,151552.13693913305,2.0284559815920495,1,0.6340625826361445,0
19,83750.96110473588,165930.39140890224,4.249685376497808,0,0.5728085801661565,0
67,54902.28568745236,44105.28306398962,1.7794841356172462,2,0.32925114185428095,0
23,64535.88092803607,60794.42329718806,7.656776118900214,1,0.5129296101777527,0
26,37437.01200488715,155704.12180677193,1.8726552440205613,0,0.6843401501031771,0
50,75727.64273991066,70417.70923287772,3.828526404964092,0,0.6447278177077649,0
58,44858.95182373871,23928.35095428463,0.11724436072855055,4,0.07363251145112826,0
42,55551.05026987063,126629.82438070327,7.844618627009976,2,0.6781193214714616,0
65,31337.878456257815,72639.07798670136,4.842366513306219,2,0.6595330792736182,0
30,30061.367471957463,189489.53851542005,1.0674333162742502,1,0.669613991668419,0
26,63764.106129057654,114809.22769942318,1.2127365634201868,1,0.8473532613490187,1
30,41127.863395852284,108012.96433208327,1.522397943934507,1,0.5767026426862858,1
48,32923.53824991245,81537.80541921215,4.296364263241269,0,0.9379008581863693,0
58,37136.33315945939,179541.76669634855,3.9738659806816754,0,0.9800092796301229,1
28,63979.06143434842,117927.72299449105,1.6000878389075999,1,0.7518438318071317,0
21,37419.24277592778,79575.02409218968,5.921868831524729,1,0.35868175380763045,1
51,47646.90136795672,60295.81466972765,10.992980053624057,0,0.1430984156096068,0
55,50300.55500574194,96326.34727178911,0.22245335891879742,3,0.8201399190281806,0
63,11653.022279794022,51117.65814225972,2.6995271783533052,1,0.1466323359344146,0
21,20577.47189252964,151443.8720839472,4.501104216671002,0,0.14616942202626537,1
55,56725.55778495125,9582.897298788303,4.414705371725587,4,0.9190425561244531,1
36,35259.41277694606,93024.29858334646,0.09864341979678301,1,0.5598726743029245,1
23,71134.49822560837,130506.67725439672,1.1821956470336885,1,0.2933329732635075,0
51,69336.14208501088,117105.97100548286,0.3191243928697029,1,0.9629838856008812,1
35,64383.37332710874,64135.85134921656,4.20783076997299,1,0.7073306849843404,0
30,86395.43574625195,133012.93533532746,5.183681840890265,4,0.5348445092028395,1
58,48338.21344513634,55698.030580704624,0.8702324296919364,0,0.3294802547720813,0
40,62977.63851807678,98880.76717515949,2.0249095194162035,2,0.6766165313893417,1
36,38311.980468079375,132592.07859901778,2.000923445778068,2,0.7308951676547136,1
62,99047.39825737447,123145.63897465565,8.568504363958136,2,0.7121101804104166,0
28,89672.67304872039,66248.0494290266,1.082449955406575,1,0.1953376488156806,1
18,50237.60869035584,159874.72582821816,3.9738414971535856,3,0.6972442369649714,1
41,57731.72459810384,104334.7285742767,7.637803960874297,3,0.5814468756351512,1
24,77185.95198729611,137149.77054695756,8.847393484094269,2,0.8500762419230575,0
42,47057.20990371786,176455.05033366237,5.491553085148867,1,0.6247688010046679,1
38,36867.518584005906,155876.02743873035,1.7800026588993174,3,0.14627668164193208,0
32,67479.79502013765,156006.4703165522,8.659343578303023,2,0.3185327161308392,0
18,51568.7849216734,109633.99649247361,6.777197085488535,2,0.743817665273264,1
29,53659.88899290521,139696.7560455255,6.09490996772231,3,0.7399617815057729,1
24,33314.57313864069,110679.8287282158,0.34854813550130515,0,0.2227147894302386,0
32,15646.557032732075,39533.77661107933,0.22114354065245334,1,0.35459331693249374,0
38,54722.84819758202,115137.18962525213,5.943209587848343,0,0.015319641542071438,0
36,68099.24082988399,112818.04918692328,14.48349074794531,3,0.3317045481548404,0
46,45483.86501847916,129186.46807609097,7.429997339802881,2,0.026339017493530292,1
42,78728.59039117733,93600.15123933024,8.90337266864948,0,0.8728707077214075,1
50,35921.673491689115,61927.22216180747,3.9370945880108947,2,0.6666472443241764,1
66,28905.910900681603,132825.30415876134,1.8162406725531852,0,0.969147770477655,1
49,48655.393856077375,34336.385637387604,5.661934881443012,2,0.8919242403480362,1
66,48348.14849297419,172940.95679282345,6.223468385988365,2,0.6034752819198068,1
52,65399.37462670445,88429.09693975038,5.625160775309621,1,0.5029286633722841,1
61,34500.74351872031,112276.40860280841,14.659944409676937,1,0.883724490734674,0
55,77361.88473629796,127927.90766407861,2.287838649020654,1,0.29841508710680664,0
43,89338.33925016507,129534.40224220954,0.20232663939486056,1,0.22351824084023308,0
28,49217.11946063316,29550.785002413264,11.95404162486662,0,0.4100211181592719,0
52,74994.20840368637,141204.32902721319,0.8747387642854458,1,0.05319784537619199,0
25,28870.058587494797,115157.69141881367,5.975368254035786,1,0.30197182490998997,1
63,71504.43082363832,68236.93077206955,10.325896257860878,1,0.08368032668904068,0
31,70945.52817118925,62516.65245270431,1.856343135248252,1,0.05266093704206365,0
27,67268.74560379758,83297.34589715773,8.872012115968547,1,0.5513398158275484,1
19,49688.73822259412,35062.915669475406,2.0177706230398114,0,0.7081652139361997,1
63,10000.0,186113.36954935128,7.905659867574472,0,0.5366745204281356,1
26,37165.457126957415,174307.5662571672,0.3619388326393398,1,0.07057737656574192,1
20,37481.67964630796,122585.01004879696,5.324577270456171,0,0.3949693507974228,0
38,30434.90123879045,88830.07918289545,5.652652706065565,0,0.11095143539146912,0
43,52444.86009094132,90144.60060313024,3.3807210695782377,0,0.6500636449567052,0
25,41620.7310895753,137903.2853086984,5.809212152340081,0,0.8264064689039325,1
65,33507.75980469956,187891.3449750975,12.831690192163572,1,0.11670572260842271,1
19,28823.997035043605,71480.16302016284,6.6185667414150835,1,0.066852765505515,1
23,35689.74029029543,44120.69786883379,16.259065369974802,2,0.405951941536261,0
45,72429.98423699857,177382.03867976356,2.9765855630935976,0,0.3034736765166972,1
46,36779.49890745012,10643.070620777435,3.7569622008796917,0,0.26068985079831375,0
43,39701.22587133455,49573.45958736769,1.5308509616739938,3,0.21139613595384799,0
42,40866.04769953508,87657.10537445736,21.20321449306266,0,0.3169250166415214,1
29,56779.87027618839,21978.326609748445,0.28357527624915163,3,0.9653744363851433,1
22,59124.98977057065,155607.45314032992,2.220669125607875,2,0.8576709444814763,1
51,10000.0,142845.263525255,1.7669528937970163,4,0.6013570893529527,1
65,70432.70427655216,71260.33863923415,2.4429705365835006,1,0.8004745605632646,1
54,78727.36068487508,163980.70595888738,12.4880060605154,3,0.014735537752948669,1
32,28996.26925276661,172464.6214201913,2.2946290697729643,1,0.11145531872110659,1
61,30554.035105303305,94341.46758549682,12.443167089849274,1,0.29246154606387753,0
53,40994.932244434574,77466.59112159963,2.7525023345178514,1,0.6438989998123973,1
32,34879.9196108679,212980.10138712393,9.647140558522288,3,0.883413987604649,1
60,54478.53747893213,136058.09110420774,3.6881093831121037,0,0.23114015848701364,0
65,11069.494272822718,112816.23264844267,1.865131243081894,2,0.13920245658451758,0
40,27641.447839265205,168177.2973319806,2.9832775764488924,3,0.8479193534340715,1
23,80783.94400349815,115096.53175015107,2.761547163426804,1,0.40913564422126303,0
63,31435.600653039644,74718.97070404058,1.5049448360496698,0,0.699508440171436,0
67,74868.5655620585,104007.98802437767,1.7099080368002828,3,0.5480287180947836,0
61,57106.76391180274,151932.71436598676,1.031763557042461,1,0.17591140284918982,1
60,13814.645708234835,1000.0,2.0473698433707006,3,0.7005753176010302,1
62,62706.58390432413,85598.46302803895,4.896229911887689,4,0.42077818614410234,1
38,47646.65395614293,169152.86992908025,2.443349169244891,2,0.2877485381706286,0
40,40890.65887500519,74406.57994532412,6.2295884460620465,3,0.9026982850742541,1
60,54899.141863440076,177305.4280215705,21.70564037559803,1,0.00598582228052047,0
33,59492.66971133584,170737.19096799064,2.3668550986079415,0,0.4048697319847483,1
64,64151.83643949239,96723.54422555244,3.1054277774240235,1,0.30051199432269504,0
32,73565.05695096005,71573.03475554996,0.8962922063187746,2,0.05447949088672077,0
42,58162.718255567124,85632.05629251827,2.489672740864555,0,0.08042326966945001,1
53,22487.318224272763,233230.72460007173,6.4883496934350156,0,0.17228689391354302,1
28,40527.09084697618,193721.2223466622,1.2256985114851784,3,0.5049997266688925,1
68,108860.96670537243,106269.54859033691,1.004795093565149,0,0.28264355340141867,0
32,64489.82120763455,69592.32241897953,2.3610292509696373,2,0.8378590119956973,0
21,97385.74601622994,105852.05177906316,8.536617887012218,1,0.2399759006003529,1
38,77908.6816439837,112191.34633083823,4.886274107371932,0,0.7202211984559103,1
30,54836.04143111497,37832.0631195323,15.800603286565646,0,0.21037667656631287,0
39,56028.14139562235,104002.063460763,11.745262617695317,2,0.04255256277424435,0
36,49268.399202463086,166120.2162405865,0.8192885193599124,5,0.2646217252741866,1
51,15243.907683070007,10032.165939176324,0.2174233826479556,2,0.8375685256441098,1
31,50360.94504936448,141329.1982568624,2.546589922416855,2,0.0822511432742804,1
21,74213.49105084394,168739.89850273897,3.6915541699742205,2,0.34449566283776656,0
65,38007.200103575924,71972.13274528159,3.6239180345955986,2,0.008016814887079171,0
69,58239.05998123619,184708.7879095528,0.7199712193906997,3,0.6302445701818143,1
63,67031.82091786395,65483.14687758273,0.6666138271126564,1,0.9427597847265307,0
44,31806.391213750492,122054.13309302018,0.2399713727089352,5,0.384366176326397,0
46,40973.94271312671,84661.36576681848,9.514346605299945,1,0.576917932774858,1
64,29641.770190456817,84650.18214186982,14.758016021736754,1,0.4522845066088823,0
45,33556.68786621186,69135.04651209773,0.6147098391895433,0,0.9733307398886833,1
52,24247.89432693878,134928.774043101,1.1984126500503458,0,0.7359986616560087,1
25,31991.030772439462,142440.27288657246,0.47080007353131953,0,0.04422300168573001,1
33,78389.11361595678,96778.89002114057,10.498309863765364,5,0.10872466603291542,1
59,31690.45941819415,32001.589316386293,15.935521335728675,1,0.47048083206132474,0
53,52529.1843812138,120158.5083317195,1.5176792553207057,0,0.6317459292763924,0
47,39942.62492658089,121100.7179705347,1.8090392592537152,1,0.29039588884221845,0
35,73577.31874073879,89164.24943067862,2.2523360450382564,1,0.6746447096482922,0
19,76223.24593207233,193361.5643590404,3.4904343978536243,1,0.5765253961775413,0
66,67281.39964277894,21803.536754967296,5.735772831477345,0,0.4350925779242544,0
30,56122.691062055106,1000.0,3.509835643553882,1,0.5822970258211144,0
21,45378.809263182025,63458.255015116454,15.079836302497272,0,0.9164635295518,0
43,26162.505916175003,135521.22670457247,0.5262107162177997,2,0.24320413873967228,1
42,88870.57762244393,47207.76812830796,8.012448344295212,2,0.7912119336362285,0
47,34806.539644948934,50951.45407369624,2.0359561661276695,1,0.011957156279548187,1
28,63272.92694065683,147551.06680890772,2.370441304728583,1,0.08479832577619062,1
24,71191.31145246794,123127.39613988748,6.169230397069951,1,0.9496855278207114,1
48,38894.39006189341,118853.04548141999,13.25200482144634,1,0.6977286648424654,1
61,70760.25054631924,139071.4459732764,6.297441287888526,3,0.6333172087475545,1
27,65284.264066777105,78740.35233635578,7.477434947075812,0,0.33405526777338523,1
56,84559.2767076353,81050.79629709043,6.947080988098877,0,0.18433717991677556,0
30,40613.07067146578,140488.96362807124,1.9355132189784743,1,0.37991607252094317,0
48,24282.7196544057,32755.66096094002,7.072037967060893,0,0.5983901929100619,1
24,39890.20489110978,1000.0,7.674453546027754,0,0.6343818513670577,0
66,54177.070850686636,78335.79131860728,3.811418033007288,2,0.16955066486173143,0
59,51164.25454170113,146543.66445328458,3.8475094053901424,2,0.44550192024829893,1
59,42131.24207450899,112777.98494934017,7.1297685560010855,0,0.5667584694795451,0
53,11816.050820455144,142864.57520615077,8.492188931990356,3,0.9599608094339183,1
37,59409.65992258213,1000.0,2.056375583068551,1,0.5494231045854612,1
21,89446.889581644,115774.84041617459,8.086398333267548,3,0.5805994101076591,1
24,59285.024762460074,132693.2252321189,8.415664644436054,2,0.7651886847312628,0
18,62182.71038107027,32460.12886946577,1.3336857239077875,1,0.4189119457511381,1
61,61448.90612310204,143102.87952732726,6.310671758328418,1,0.38386784110584204,0
62,57940.933397648,94424.05517471036,1.032255259116299,2,0.5909092084329078,1
59,68633.3193373619,253566.83508030008,0.4883348958117533,3,0.78330781058458,0
64,57907.47362371332,1000.0,4.272957109888547,2,0.6375817163497141,1
30,43746.45660693448,168455.71838373755,11.965405331631418,1,0.18613114955121335,1
39,34080.22179982492,80292.09517369632,0.18051481429205568,3,0.39770028070173813,1
38,45020.526894386494,19142.41427799783,8.757935591136059,1,0.5125967983291704,1
39,56282.58992901332,73652.2428217504,3.530870424182459,0,0.5237443846830823,1
45,43678.340777540536,113873.9620668733,9.862647305572326,2,0.33959513894879834,1
26,56286.773662628606,151873.33347825217,9.272759503812097,2,0.5224146422290782,1
43,58783.00267400835,186098.21440660878,10.408693082337443,3,0.6729753919573452,1
26,66663.58862540363,171094.65443521715,7.323960335428574,2,0.46797271317528,0
32,75655.8993767796,51730.89896477528,9.257303888332991,1,0.45134736364222405,0
27,51560.14836957715,156508.23461330583,0.9680767040209213,2,0.8015828246494835,0
41,23844.468697046785,119564.24785604369,1.8109732395391775,0,0.756838028209624,1
59,43097.9180636162,67269.84895355061,1.3885674270262671,1,0.42240495317605886,0
25,50881.251348131984,89404.47032612594,6.782285827546697,4,0.9960133420451096,1
41,13284.624876458198,64507.8670277638,0.8340708180384258,1,0.06647098736753443,1
33,77773.29040204964,101854.6170968228,1.0058572675224893,2,0.32599573690704986,1
66,52847.558250209324,63517.10588529399,10.55836605800267,2,0.036830504433338795,0
43,57627.0566916057,48600.29633912804,6.118874437629568,4,0.8394693823886296,0
44,77310.52925052532,123955.9563891386,10.412429973400627,1,0.7556302263012027,0
54,37397.143397153064,131436.52741298184,0.7503673546107632,2,0.6836766019803885,1
21,61480.8386176806,90620.1499954194,2.5456387012758066,0,0.21447222323209103,0
67,47802.71753796129,168382.56519679862,1.6644514876913497,2,0.707718848332019,0
41,46318.26265968161,86978.47067524435,0.04864125823513272,2,0.3553117574647391,0
36,34556.15224391242,84861.27274372308,1.6740288528080711,2,0.8685695018126325,1
53,83312.06427373055,133024.44911728485,2.386819262608439,2,0.19950164489388322,1
56,42489.999198488586,93378.72075283316,0.4837641043885718,1,0.2178407620704519,0
27,63989.28493791404,104239.88645130717,4.179173907525949,4,0.9605862903449571,1
42,12499.852250561271,1000.0,2.4158306808638215,5,0.51702014775966,1
35,73599.77059379572,100835.36923689874,0.23787823692517115,3,0.44638573982998,1
36,71044.22311914117,8640.203126437002,6.086622123670303,0,0.35174870387691404,0
53,51948.68220594606,38952.471450056466,6.5333479439892885,2,0.8312125208057458,1
27,45461.150677241516,33233.87306222475,8.993057745082194,2,0.35270754761409306,0
50,58000.00011227133,47870.842323308694,3.3231931906389116,0,0.3561569706362414,0
67,95775.81321760578,72557.30701838735,17.314108340071115,3,0.12333415072376863,0
22,14735.2660219303,75675.36922272574,12.270770638410122,0,0.52072638438525,0
64,65640.54775148255,133213.7602128563,4.007579137224285,3,0.9237499910166088,1
66,31767.65395692195,111119.39070673485,2.9435027915022833,0,0.9575392293586598,1
52,49601.63207400538,4946.278559100712,0.015195205569698519,1,0.9955155419605077,1
61,45042.39761842674,104164.73187734038,6.206548348655902,2,0.4730705386422389,1
51,41433.634844044886,115912.76232917137,4.161523324854613,0,0.7749480833836053,0
50,49790.69741894541,83571.6741873521,13.866476497920303,2,0.552534732285385,1
38,27316.57709444419,96955.70115466487,4.509870099658767,1,0.547957746254994,1
34,70583.60872255934,109515.50626985283,24.70747789186815,2,0.806240910714474,1
39,14117.129776027992,138229.979881779,9.61455779422819,6,0.8353579786972213,1
65,60795.29025656684,21256.00062686327,15.352056669963668,3,0.019793254416408335,0
54,43469.282949308574,87784.14806801754,1.9849761794394472,0,0.9427898542388701,1
32,26581.502123850925,175416.80490288645,0.8086902591768308,3,0.8229835316062867,1
52,54047.667411973904,170833.0654148978,7.969597584952343,0,0.7211087642950411,1
45,18860.97826587044,142546.846388789,7.7135036514592334,0,0.8520323727212364,0
24,50794.27643439269,126841.2341977838,1.1877905902810637,5,0.5372632579692072,1
49,21542.461843768913,182731.73742010444,7.2354188829371635,1,0.7732635213230862,1
28,59225.44168635662,195892.4000803333,4.3610505587271655,1,0.5986490042562098,1
27,31512.853327392488,93546.00059765737,0.5800020674310304,2,0.5429307239840149,1
26,40980.11965941381,51528.377835584,3.4836037665612785,0,0.21160772232050795,1
31,55878.987758863244,86485.38411877524,13.378253946173349,2,0.8474150296349755,0
30,34549.15776315528,254834.77568860268,3.530731981710714,2,0.8838710166161918,1
42,48840.72000663395,21532.182863740294,7.772357861622875,0,0.9711926244543028,0
19,19723.389975102928,76473.04302352914,0.14668056639893562,1,0.1204386659356167,1
52,62617.51207192311,29365.44237536844,6.511262847418723,2,0.29157419446390265,1
24,85298.27611101542,106238.19314386927,14.671999383109897,3,0.6854056795619486,0
38,105844.17735819923,39865.44855525662,3.46101598019718,1,0.8552293495203315,0
35,51823.36293332878,94562.44885831911,2.060258105896105,0,0.7513041753377596,1
20,65764.08281594374,2495.2419990620547,5.201488203520382,1,0.455592099581824,1
59,14387.486541850216,130881.03325423252,12.400265144023715,2,0.7259773988662549,0
56,80054.68652611176,161117.26282339875,0.9725961373551342,3,0.07212490649743442,1
58,65524.57009448212,80802.81889682706,2.5850083653036156,1,0.662538447418253,0
66,40321.33110097534,93243.4996462149,0.849733891789653,3,0.008012861309172226,1
28,74743.61600578019,91829.63846343438,3.4323896697376597,3,0.047548770736504875,0
56,44910.47846709317,109045.53376125127,3.887233151087994,3,0.7572955581393032,0
41,40839.49633970887,98091.52065167858,14.430230958256256,1,0.4776270455086328,1
63,59506.69850854982,138405.8476215347,2.6595241347175507,2,0.05955098408711135,1
36,28732.910003393627,161651.95667254727,4.184586781609642,3,0.48186119426701157,1
21,70432.49528799896,59296.43887539086,10.825545069297666,2,0.0627543304705318,1
43,28880.203761463134,84533.57536128515,1.938653975147808,1,0.3460322432117042,0
55,28998.904203536276,145080.97244623723,5.606803447694308,1,0.1573726055311332,1
59,31806.20423183331,28916.547597048382,7.076800510415825,1,0.21937246539189192,0
49,65190.00075032244,1463.935907721505,2.006331437681689,0,0.19560560418311468,0
56,37664.492769605844,111315.79764492394,0.8976743293157836,1,0.3717679249556919,0
62,23040.084312656625,124817.32055352461,3.4949163060103827,3,0.10790831673317236,1
63,37886.40000128404,63884.99060232039,2.206511255024313,0,0.5277364499400188,0
53,49359.152586390264,71067.44729397724,1.5493823248841219,1,0.4071010137537614,0
57,26380.550326712288,61990.38391295506,18.138227691017555,1,0.8398650434200675,0
54,26966.37781931313,56653.73803277828,3.487312578212199,3,0.8259250922704733,0
50,92225.9266819917,134674.79103023,9.706324061313657,1,0.8242777822407227,1
53,32788.69192372226,40975.075650118066,1.0865368906570825,0,0.469639276134729,0
20,43539.15262453986,86723.85692833256,14.02083163214525,1,0.2907886087762608,1
26,42655.25998401428,54733.19162425738,7.909878244814774,1,0.4154012740996672,1
25,41572.863844591164,27235.551204939227,8.269357003530317,0,0.6873717386847091,0
50,62426.93479938204,143508.90873733856,2.4695547279163113,2,0.529786356482415,1
23,68962.85900944099,74008.73889132305,3.324130118240067,1,0.6243041050681296,1
58,43880.91136936816,109422.00402103784,4.499065261588427,1,0.6937177386160651,0
56,25270.43426815302,24596.2060099495,7.797659384096263,3,0.9183632949425639,0
21,75488.80455697807,62903.02731217621,9.454256771365838,5,0.9439758329498322,1
30,48093.17817606635,137804.3940347503,0.406295995486054,1,0.8404699985140113,1
66,84606.43629714337,229363.5727922655,11.72028584454332,3,0.0650614965109978,1
19,10000.0,1189.196780484417,13.862675818711192,1,0.9793350046453114,0
22,53908.06442566641,89944.61023552869,4.493327420137275,0,0.7036307261702739,0
61,88372.12667752415,120614.02990717499,1.0335873385407814,3,0.6933921491260452,1
44,42934.71729123683,69194.99233803581,8.530152470167076,0,0.02310598220936666,1
49,45490.13153330728,142476.0993497062,3.9768698855711664,0,0.47939992129530384,0
38,55910.23383180678,56663.36646698434,8.49671610174637,0,0.6264996895156622,1
25,38824.08362230085,107692.38301083207,8.431814189023601,1,0.27850940385040357,0
55,43758.56135894534,73896.40477508202,0.4536148221867767,1,0.08324003278844272,0
25,43243.69811617194,160971.5541477386,4.670000968578088,1,0.5324448611250153,1
67,37451.58531147253,66181.77484821972,3.299957761344068,3,0.446294558245209,1
20,74577.13100401119,82406.3101856742,14.604930454026556,1,0.044080324138582205,1
61,59221.5606459287,147284.45187485777,1.7594413199986692,0,0.5194180965915223,1
20,55012.56464206604,48598.06704535682,1.1533597573836472,1,0.10771683678860311,0
39,66171.42013780234,103437.50283817861,11.369349544100345,1,0.4245507755273954,1
23,44712.88333593066,8873.28281566991,0.8050448732097855,1,0.27041291023875647,1
19,34515.92363294199,45603.32706854626,5.800089950660344,3,0.9704708113777909,1
40,37947.51390770885,119106.56379454018,1.7835162491382075,1,0.03473323687771834,0
61,50035.66082209218,50465.12452318838,4.1948635350238,1,0.5600232360909704,0
19,28815.765832541958,72771.35340881042,4.788421647095405,1,0.15192032210595696,1
55,39994.77966826649,124654.32010239689,2.701008550311432,2,0.3192941115712613,0
34,39677.667162571306,71040.69294265349,18.437398218947735,1,0.1839009715307931,0
52,92491.12459658028,141142.1036608179,0.7068569006163916,1,0.9951468797123554,0
51,10000.0,110783.13937430322,2.4829627235135088,1,0.03236206711320766,0
40,46407.60557188733,121784.15559622514,2.8140635734728154,1,0.5413564591406672,1
47,84513.8758562954,162048.2799369266,4.985429380442018,3,0.608042714658387,0
69,52436.88928264908,115991.15313070329,2.61499508376255,1,0.7721678956955529,0
25,65068.34946842185,176942.3645234672,0.5103630303188021,1,0.6259835163317904,0
39,51996.526301995356,145563.11415189118,14.728048147729956,1,0.23134690678373016,1
61,36653.33237567039,73827.37850827716,2.689948595440272,3,0.5980388829968575,1
53,10000.0,164657.40375106357,2.097873868738981,3,0.9749668766753669,0
22,54109.113740726054,113193.30104514727,2.9594745786665575,1,0.8484517686047601,1
30,34487.867907952175,80266.01456697483,1.2205317302941663,0,0.4534971138552021,0
46,33993.291876693926,113919.28476604413,0.5280343114858457,1,0.4774082177737754,1
48,40020.254880417764,155616.34121951315,0.8042397442244896,3,0.13290839762233442,0
64,84897.22813246987,122752.25471211108,0.9115367464957653,3,0.569925122835963,0
33,98096.75084507946,191119.6416275699,1.1011978486159153,0,0.2802433929964514,0
59,54344.15875056802,154326.5278949411,2.723292890922522,3,0.10811425542469877,0
47,40704.655521765446,126158.00167010812,4.889491349965604,4,0.4742094054142564,1
33,26455.471650975793,48696.595862942115,4.956254693435632,1,0.04507128402216243,0
29,59370.80323092138,91013.37429949395,0.0004878716107310139,2,0.12013174342988941,1
34,85658.11200130288,103583.20698754257,12.6888585399617,1,0.21904398587395313,0
33,45053.192259496864,134831.57506088735,8.653712660446374,1,0.9906346168791987,0
29,10000.0,131866.65206360962,16.61258346595376,1,0.8084816002702894,0
25,63400.99343631048,108477.02051091431,2.231328832484814,1,0.5417583363656534,1
37,69707.994229001,106017.49576885856,5.465128762643381,1,0.2325653842314067,0
20,18283.087192283052,136022.84475380348,0.9197388874082142,2,0.5189198888498054,1
33,53529.68367325906,57070.68871850071,8.49224809521219,1,0.6489970860780717,0
47,59024.520322721975,184775.7909624928,0.8799147789158535,0,0.004563917022544994,1
62,48537.85395982123,1000.0,1.9725197643805235,1,0.9878936040816121,1
40,34184.58161829293,172770.47410860145,3.3749143350610407,3,0.6267810005280847,1
45,70318.74447127113,97740.72357874189,4.513562533785089,1,0.9882464745678939,0
68,41932.40508062635,150128.9907135797,4.1007343198618615,2,0.46906579309813234,1
57,20296.276746001357,118192.02171463064,0.5384606683385413,2,0.6235073505622747,0
22,10000.0,117301.7205455401,2.7381050934001268,1,0.46146074221843913,1
37,75216.99039998619,127712.72380132605,12.81386081972009,2,0.009483642777262435,0
57,62333.27952942236,140452.71445438894,10.29304145385616,2,0.8498917160952997,1
61,51759.47094258338,83558.458670638,4.467554899820923,0,0.4490016105023933,0
18,41194.50726298393,151739.9565263118,4.246953624798227,2,0.47093619192677616,1
47,39420.03171593746,45776.46882106082,0.5920890878414691,2,0.35996413935292737,1
38,28485.267031167772,99733.47133369377,1.1173395965184887,4,0.432656467539011,1
37,41370.8871088023,141798.49621361383,1.4560396891077387,2,0.7255507166350357,1
23,10000.0,149750.87898079446,3.349065046520914,0,0.7006244813591657,0
39,35278.72693062972,123039.44241307005,6.571841874899178,1,0.808378955676464,1
35,43781.24967297813,80330.37810221322,3.0876514675664968,3,0.9746670691763248,1
25,62197.60094380838,144835.38891843517,0.673723738424407,0,0.39116523252295954,1
56,49201.470732532725,66531.68804406232,2.8932822553267865,0,0.33895951786252343,1
49,65898.46227751118,187570.45368744555,0.8874656844799227,1,0.4935250647767212,0
50,76982.7021022686,95766.45512501679,6.9544716577585,2,0.15438956247763125,1
33,71163.40187648204,23018.71528970197,0.9106130453543009,0,0.7580296120286251,0
29,59410.19694757114,40265.826599172404,3.294057181394001,1,0.5811379250931314,0
55,50237.25358361568,102182.18184397937,5.911278398385045,0,0.21134072633695755,0
69,30384.239831728817,106991.26356630266,1.2951366069445114,2,0.8640350520056262,1
51,64798.88102758632,198482.83424755477,0.3953789594720213,1,0.6190625173897032,1
31,83594.94764443059,48075.03311928868,4.142538093770524,1,0.034039320325389255,1
53,56842.12079300836,101973.10996519653,0.2786348245773026,0,0.19651688871592077,0
50,88345.18296852245,47028.929645897166,4.430852705234537,0,0.8910934871926031,0
40,19488.565838778326,75367.25733932984,7.00193676401906,0,0.38104555641165005,0
67,26916.73230440917,184198.6015034669,1.9972858970872844,0,0.9843515857275805,1
62,67104.03015496525,43183.18884220046,3.3505666326063217,1,0.5297522869609391,1
19,55285.804203065025,129352.1212033917,13.20863312081735,1,0.20791514692247504,0
58,76275.64353143616,119645.36795071958,3.1848633034717313,1,0.5938945598565543,0
38,49690.56718546521,98791.42868208956,28.35279478438165,1,0.10235093851367627,0
19,32640.49154943336,125971.83115958687,0.8539559071619163,0,0.8075147175000643,1
44,45728.13515589915,41998.98090283557,6.171024491850856,1,0.6278402091012841,1
26,19346.320581525317,182816.12539017788,5.286659810030853,2,0.9639466197949512,1
18,27428.186538059308,196242.27475617605,10.290546053369354,1,0.6901077906924965,1
28,69448.87995836021,102355.23488796566,0.48499569240991997,0,0.04915035566549075,1
20,67455.7482893922,221155.3065306777,1.6439552039324732,1,0.47642824053523425,0
69,57260.08569612154,80048.60342250398,0.7088503346634613,2,0.5313102423893735,0
40,15578.449580790613,120021.59969281401,13.522417018861013,1,0.9167759658120743,0
43,42831.92848974223,171594.4531887257,2.781166665102423,2,0.43246679155663603,1
21,25500.002226798988,77049.77698885452,12.043387467352806,1,0.5935135727652595,0
35,73530.6650757553,30922.54705602808,1.7435834348937043,0,0.18595610469037227,0
23,38325.55732874798,19414.146719057302,0.6754808032450927,1,0.24462614079332723,0
52,28285.045784369013,203041.32819513296,1.7587019302156088,1,0.5485867645183811,0
39,50595.92330242849,73548.76746806112,4.5462573203821295,0,0.6969845637682128,1
60,37196.91086330776,90713.16182907506,9.329159406187783,0,0.4354607009209911,0
32,79674.87820407414,44361.79608394728,2.433842432919665,2,0.4326685647154924,1
39,35303.782049316185,147416.9639664594,12.314277423712808,1,0.25599428703976745,1
54,22015.434815507375,60922.00703877075,1.4001045358477995,0,0.6981307656215898,1
69,10000.0,75436.8486169339,5.9133514027697744,4,0.00547287571078825,1
59,49384.269951731694,114976.02097080802,6.653604856278072,0,0.512768640308113,0
29,38761.39772284147,46797.70363772138,1.60077095079729,1,0.0035647550316522114,0
64,21421.907869765466,91070.88652428873,0.136701198609462,4,0.5934679098254814,1
66,73784.52922511571,170110.4794751635,2.2725205848340386,1,0.03090649159133907,1
59,63344.90294858484,121412.71987584316,0.23124674723073818,0,0.9400670798976386,1
55,49435.642421255405,106527.11462141792,11.55075699727501,3,0.4779537622211818,1
35,77286.52488341733,110743.23547319326,15.344232014640948,1,0.6840227313787992,0
62,63250.72066797226,80543.24520117181,6.6473006336376725,1,0.8535984745650939,0
52,33542.88196963135,199807.61598774628,6.485643927835297,3,0.23542211414466074,1
47,29215.596720184676,59392.14347329663,1.378060505296519,2,0.5400539021346633,0
41,66359.63088907723,110546.3080981965,0.38400338338963413,1,0.8634495842408936,0
59,57927.33912934702,105751.27831714036,8.10008425958955,0,0.5377736080092311,0
47,53394.95535941324,150438.12535665676,4.095388313488371,1,0.3927724962045982,1
31,33070.04394262185,155158.69693968198,5.722666473952175,2,0.3688698076136945,1
23,62158.951340115076,98399.05977564646,7.562487766976565,2,0.3841083600922499,1
20,34890.02233732102,114533.32465565248,2.633371676591488,1,0.61543128833449,0
33,47960.26690812644,116426.73769569742,0.7806182324399403,1,0.04566114551783074,1
24,78938.8829277396,1000.0,7.9246241252235405,1,0.41538287458220535,0
69,36783.315283797085,20550.519876111226,3.0235358157430454,1,0.560589128746821,1
31,18540.214858542782,69746.81546390147,8.77012904217522,0,0.7863807874336549,1
26,28949.056162597793,71920.06618115655,2.8785912313726003,1,0.5299937456079619,1
32,69885.97653375246,40035.87890179339,1.223217695475414,3,0.9261727351144866,1
38,55094.62274760419,137479.12856868148,0.9377058765862091,1,0.4437729923703895,1
52,47422.45242622493,100105.92105087363,6.811361213798685,2,0.6507941511563512,1
19,39818.123893768614,89265.27263065815,4.277026282697102,0,0.017581112794190834,0
44,59707.1981510638,37192.23627463066,2.5926335093398203,1,0.2384480673905105,1
19,33017.90298019553,97772.75678776058,3.387518464210393,2,0.8154573463985902,1
52,56113.31137285192,1000.0,3.988524595831332,3,0.5862150551551009,0
35,35374.90862374086,91852.18445970795,1.3683465031847573,0,0.9461730610306095,0
31,32046.81229449892,103159.1834403878,2.3754071349181474,0,0.7528764373162871,0
37,37250.25130349977,112095.74921607492,1.7294625981986136,0,0.4496638582502889,0
35,42491.851070320765,21794.911826035997,2.4585789822108763,2,0.7787112680783531,1
27,49023.40328132594,111240.83683457374,3.471361201190595,2,0.46778678162401155,1
42,54709.115902222286,47928.43650677287,0.9519150501703568,2,0.33016887142159523,0
19,10000.0,59376.508385383306,2.5003769313573034,2,0.047096071982964505,0
42,33846.988845064705,135896.56929113323,2.4346865369595454,1,0.8656233638198734,0
50,42168.60045287921,200705.6861679872,1.684388311871479,2,0.4189417358894446,1
53,80101.2407721666,102567.937940134,30.0,1,0.685170285024421,0
48,28399.947832357357,59145.22706798839,0.38239433557271196,1,0.15305948529765023,0
31,53255.93236199825,109433.52237549993,5.149413209108923,1,0.828962356951751,0
18,79900.60619471675,146951.45787495727,0.958458235706844,2,0.82420044603869,1
63,23740.629401054543,131049.87829363676,9.148054067672534,3,0.482147596249793,0
33,57879.50451728805,237155.6436231873,12.278479502256053,0,0.6721447081076867,1
63,33954.56332130959,64233.121545266666,2.5664598351998498,0,0.5214538418828122,1
69,39907.32515421531,112611.5739959649,8.671561552314783,2,0.5522659720690399,1
20,33937.78332093371,177445.89767091017,1.437806727698242,1,0.8888015671887535,1
52,35362.85383168228,174307.9618509266,0.7545127629638637,1,0.9669157313406077,1
58,104438.24295812985,2496.1036737809627,1.8980970204966057,0,0.36749894310333286,1
23,66889.1174414333,99832.11899800094,2.090275253590664,1,0.33173312624376716,1
42,72034.75723572419,174226.038292435,2.532156006874965,1,0.303807436079506,0
30,59839.869736729925,244532.14951995687,2.333716285861461,1,0.7707587938091672,1
51,17874.864231960837,135189.79418754092,2.6478718821451546,1,0.7228974596306105,0
25,57899.15940646614,81606.83531517582,6.189947085606712,1,0.04380007604925862,0
38,71458.59229014693,49539.8423781305,1.4090310649802156,2,0.08844089070575578,0
51,32932.01051921777,210937.16787654246,0.09375144439478277,0,0.6462049003064708,0
21,69306.53334322253,136437.07932328797,3.3635918975541617,2,0.2749586242239288,1
42,64086.72419708158,57596.653655729126,2.973674941283333,0,0.0915803160649502,0
32,87040.8008962734,89842.18168331095,0.30972272119773614,1,0.4136637118025832,1
21,41644.339749727624,115509.3258414352,0.7182053409557999,2,0.877482829262491,1
62,28047.780354485465,127190.3326944059,3.5659423074441072,2,0.3663117835134724,0
29,42767.43781254909,55019.067122710505,1.3377684716109537,0,0.6956300387833838,0
49,78711.41986327246,69290.47909372537,10.502234861240714,1,0.9005748695761311,0
49,13431.882383160737,17353.271881352004,0.9515215908549778,2,0.16931308134390222,0
45,10000.0,151988.1144802391,0.10163924843400712,1,0.60970173184192,1
30,51787.905578632264,82919.0766614842,2.9670863598196155,3,0.9076592420778726,1
48,41148.214144516875,123316.08245916461,21.4020855449277,2,0.19341309438911303,0
31,50154.55786351369,171112.92542881635,5.023868587195547,0,0.9887126137883723,1
37,68906.2354247173,110993.50711869728,2.1850089220166815,1,0.36508352984691317,1
35,38948.613077622955,94351.4762025466,0.08505948353492701,2,0.21752581020440875,1
46,12539.88338138759,109696.07384419671,3.3174413316219447,1,0.8378194514832966,1
23,90889.63114399888,103159.68019251134,1.1562944724365027,2,0.4679089853213132,0
49,30055.434251224477,162308.24989389724,5.2171286320790236,2,0.6706781794550349,1
46,28819.25755975805,115541.91987693949,4.373447130254872,1,0.4896072140755521,1
60,72074.40027445192,72779.94902105437,1.5408783647076763,0,0.6435277979376846,0
19,42310.21757916964,152392.4528444875,0.3568502641819711,2,0.03536881499690048,1
40,48732.20295930379,161524.2178179176,7.032877154279845,1,0.35018022653248504,1
36,59655.80248120636,33083.468658976824,4.402978423698316,0,0.657311859302041,1
48,71671.66206219992,176639.19423840527,9.229798064433831,0,0.35078058204530416,0
68,43330.786136364564,118235.58866042427,1.5041744007753497,0,0.7757546200942937,0
22,80399.04011828598,114163.49750732993,5.290165350915792,1,0.9608845089316642,1
36,10000.0,150331.23157982575,0.6316753165850537,2,0.03741144785555306,0
51,65195.74473906154,71651.18044978606,1.7252136484148597,1,0.855318155245047,1
27,33209.44883964685,147708.22570954618,5.343410183094049,1,0.16906401749676403,1
42,77445.42633215983,81161.22651310723,8.731482889907893,0,0.9173370942145613,0
19,52840.889576610905,26252.466014483085,1.9351221991638414,0,0.9467927460984521,0
28,36541.89335981197,50112.18604465329,8.018610309293706,0,0.5691796046171994,0
67,63256.821860432654,128351.09164516133,5.6621763593234995,0,0.4790121214881128,0
48,67863.76694414503,52726.58300026709,2.1437308929297103,2,0.758499895309104,1
32,62837.88245717276,180503.80615948245,10.453399793675143,1,0.9180215118610634,1
26,29406.075207338792,159464.17267198215,3.5588889482507002,0,0.23244607206232293,1
40,40319.6575275583,166671.95830164826,5.224127748775201,2,0.38244144180352546,1
36,49918.5432575713,106238.9289838706,3.422239069116522,0,0.41753599490488047,0
26,49174.80694699879,112893.08086474797,3.0139732616870383,2,0.8458212472147199,1
52,64994.909508766956,40314.407287786125,9.418640858836904,1,0.13691702100429215,0
38,10000.0,149789.17550787452,1.7456914729499315,1,0.6230441822561943,0
26,56686.54109107007,118991.67275185426,0.1865845889027208,2,0.3509413035378325,1
45,44200.3729112672,128365.281264613,10.592269354203232,3,0.8855141253543269,0
63,33229.98767232096,184415.59057264408,8.715530945024959,1,0.3397908784523713,1
68,35150.26444460801,69701.8508026245,2.282953724094291,1,0.977946284826768,0
24,45709.24670964073,93692.92250613408,1.0256043171356088,1,0.015632109013896778,1
33,10000.0,116333.54607710839,5.627867123937103,2,0.23955362269668012,1
33,35974.208584169,53228.22972706466,0.41017835622696064,4,0.4573209132433972,1
50,32483.703507074133,90620.05893615802,2.756109686336275,1,0.2563245829841969,1
21,60655.664186452486,124647.49052334848,0.4488704299180643,1,0.7373935111403973,1
21,33889.46634978959,83728.93643135845,4.555392636824145,0,0.8145514690690876,1
56,45697.723996590204,165449.4704864556,0.13792693016365684,1,0.6975079945422467,1
57,80845.53255322605,24453.771909150295,4.960979724028717,1,0.9703984833089404,0
34,69887.03039630847,156138.5620116671,5.592119851354164,0,0.45603800153602614,1
54,68045.42799886905,133059.27374080024,3.3388055021264815,0,0.9797697953768585,1
56,40002.55139178297,71558.57062217046,0.9619038834201216,1,0.12461063044989906,0
69,60860.64558579305,53779.5715885001,0.5345526850869988,1,0.8459446542530193,1
46,45322.04399092812,1000.0,1.8792331023435362,3,0.038441288857789635,1
69,46078.135786461244,60241.2493793083,3.129374618675695,0,0.5319165664283612,0
53,58193.706874931,152358.83275014983,5.139021762867748,5,0.4844716128770613,1
55,38060.12823158135,97195.71368606629,0.006254547898790117,3,0.8562996167322736,1
56,79860.06208886407,158149.04401959208,6.207748945785142,3,0.7007324402289807,1
67,46797.39720804126,69006.4464687724,6.236349228977948,2,0.44105652024665687,0
54,62367.2113251933,135355.30800532814,2.939773653554428,0,0.8956715540147001,1
69,79112.00958514596,64125.06989577892,2.103450454096453,2,0.8858693971585211,0
52,70633.07549150349,51721.249689508055,9.235575481912274,1,0.024731833328095254,0
24,21821.617946189508,94643.63914146619,7.6760020047940145,3,0.8710185792233621,1
44,58897.91790019769,66751.67443400018,20.454578791789192,0,0.5265853566506833,1
45,67014.38788921294,22858.89254813938,2.325524680011533,1,0.838960832664477,0
39,67837.26044321497,90884.26496415034,11.86678728010264,2,0.18132359604617343,0
31,27734.103317707377,105321.77082156444,0.4572983849825312,1,0.15109551937925192,0
24,36859.29525965352,163417.93057480338,2.650603462591261,1,0.7222031457029517,1
54,69891.16471483244,146840.283856653,3.1309403204113306,2,0.27535769519009423,1
39,34764.79258634709,160997.15996164156,2.906904971268596,1,0.558840551505265,0
22,44006.07886671372,136017.8749196754,4.905455615565192,0,0.6888155387944344,0
19,81517.51619003939,116630.63794749873,0.9329000889381455,3,0.610407508972952,1
44,49044.014992304204,38552.75467640538,10.066478005401521,2,0.6989654734107645,1
38,35464.51724332314,107493.60989676372,4.012177204585436,1,0.6203572827750505,1
55,32447.6528627419,129839.6888665407,11.727961325407751,1,0.37912803116476035,0
32,56654.38659170376,172871.8974685218,0.013175564419115377,1,0.09049441567271221,0
38,23337.039830455822,134314.42708659067,4.971100742177717,1,0.8553451479566024,1
27,45053.280722071635,162019.17173027107,2.659036427517033,1,0.8460082198881138,1
40,56664.61069980043,48400.10543173805,3.5169883059372737,0,0.005679062535137502,0
56,75982.99641095335,83679.11869259525,6.809072480774629,1,0.8408654976200182,1
22,63350.96160739991,121467.53568306354,1.288362802902208,2,0.15098880607468568,1
18,35718.697640356426,158047.63453712806,1.1464333787107408,1,0.33286260306393667,1
30,73568.3863512744,92738.56770805402,6.070247314365798,0,0.4133486417031502,1
38,44009.69924905045,95877.70204254233,3.6840928093173844,1,0.6796308488782048,1
43,25285.939559011822,134357.01530014892,1.3305103442149988,3,0.09241548527305177,1
67,46559.17281469055,43706.45864274378,3.3084231392655363,0,0.8266455892134613,0
62,78763.38402291403,180370.22749117145,3.076843532669003,2,0.9427477862870044,0
38,53304.8010012985,56043.19534461576,5.879266569108573,0,0.9526958686313398,0
35,50250.43728659573,4070.528822034845,0.01332325324794956,1,0.09183800151895116,0
54,82744.23289405706,100503.35042612904,4.41863692070924,2,0.9193802535702474,0
62,21372.90305891146,184922.93511877826,4.652939131370661,4,0.5678288970415076,1
49,24288.017718944553,129322.65651668051,6.842471377822558,2,0.7269285625833536,0
53,17683.07058066336,137554.52715018165,11.001517533487,1,0.9305967064992454,1
34,57452.963729601106,102069.28811535571,2.9007873805709643,1,0.6609954565914286,1
52,53329.86254230249,92381.12513644114,2.096706374042225,1,0.456739445679299,1
66,80854.72734559551,22754.53152034423,0.5397102108333041,1,0.5251118333696205,0
28,54869.50154273541,1000.0,2.0536636250660205,2,0.684503479039147,1
38,41916.85681041394,109813.61692204316,0.35471312892492346,2,0.944698901255866,1
69,50035.89745756214,165627.4597170113,8.118196516133349,0,0.8898086980624091,1
43,52354.14836921916,117206.68524140328,8.22548472354055,0,0.5770672553159917,0
21,16564.774533436663,131179.97635260067,2.699879105936125,6,0.21101026907793308,0
51,104206.63288669786,179185.87728197698,1.5031019559244987,1,0.3467291246846258,1
69,60397.42036203823,116438.3425720529,0.6279299225907127,0,0.36180749825992775,0
65,54200.16616045178,93867.24498461903,9.527009797167366,1,0.2891740339853255,0
35,62303.27968557161,59073.75971749675,10.498028529737693,2,0.7467455841016601,0
57,64188.2196117321,201110.6281486043,1.5482044925840464,1,0.8359876016280009,0
52,47188.930289951364,126327.38895768402,4.8611390712888065,3,0.31983089417649346,1
58,37375.17727518599,52819.914204033455,1.4964368696569894,1,0.8461259865482451,0
46,61989.01372643408,41441.61660993816,1.2752782642052507,1,0.7344374078796595,0
69,57714.21681062905,162653.18634644564,0.10718086224445952,2,0.4411164796345377,1
46,33802.198018211835,48127.915179583724,4.303800223482629,2,0.6986630299108879,1
55,78380.71222734528,192691.70787511105,0.8122507956981816,2,0.7693383112842795,1
59,55867.040726459665,1000.0,0.062241714923680955,0,0.5610311042698535,0
38,64596.38724535261,171129.75988949882,0.5538263885134753,2,0.4431133892764727,0
59,77838.41775359838,124344.74055809822,1.8827062621666548,0,0.10171444692194787,1
30,50437.776423296695,105929.7211528437,5.530650233328308,0,0.001369671119481386,1
66,56339.04013968231,91227.07824791185,1.1321387753874461,0,0.9372513105826416,1
58,66200.54477012233,194536.4924297015,10.92803690902954,0,0.26748477911149915,1
34,35502.77832399896,135352.9429200602,1.7018178629697978,1,0.6629840205834842,1
26,51081.03325692002,54839.819555227434,2.0115476316649876,4,0.9433611585013026,1
58,52510.97173302297,14054.502198555929,1.2293567860775705,1,0.8182912783790818,1
18,30878.828966332112,108864.86065736543,1.463843852774679,0,0.1225828042493744,1
19,96352.73577347757,99946.4433231293,0.38513483513292623,0,0.8019124504453412,1
65,21854.13113015195,24006.598131224542,1.746160544234165,1,0.7263930989760119,0
46,24037.921926256844,97230.32372588321,9.81692075626542,0,0.32939710268723177,0
50,76284.53151407158,71303.26834628999,5.830568636899728,0,0.6896017983506721,0
27,64265.32501593085,100464.50341533472,10.407947388843727,3,0.825887225649845,1
67,29480.703650384443,136296.1805824201,0.5538702364002591,1,0.2914219088697245,0
57,62145.78030203386,174630.49737320177,3.040507788050136,2,0.869029274680798,1
38,79357.0088999462,145444.45181846438,1.3019876731164903,1,0.0788143840640756,1
45,49394.73884806028,63927.96250848972,6.386582609375504,4,0.5274544542312556,0
28,101976.45800149164,118445.75644145973,17.572584889001927,1,0.23321965646054932,0
51,15518.76378263929,103155.3560746012,8.446722371158163,4,0.7280104945350767,0
25,63876.469077182046,33393.55226845495,0.1795773744866794,3,0.17486599142830284,1
39,73330.56672442006,119911.63923461363,1.903811463050927,0,0.34145378917207914,1
25,67826.87803210493,192833.6168958857,0.1449802089247895,2,0.12738575679471464,1
66,45912.885467087035,101621.3302093502,0.20497966766605732,1,0.81191473895551,0
32,44191.17035977701,20290.866013729974,0.41427452186353547,4,0.13227478399124482,1
34,58882.90342174515,101513.43355543095,1.617077739658259,4,0.7231516059877334,1
40,66315.08973304139,39314.39005133749,1.813484969533862,2,0.7072302179572338,0
41,62049.46872564727,143180.2753443144,2.5579088248009176,0,0.1423683871615984,1
62,70801.15781586779,126243.24958625644,2.5953903626101082,2,0.5660510763517281,0
36,29622.600858665297,91454.49732626283,7.3791047514233545,1,0.4968793183125032,0
22,45444.58041752731,83441.78670720894,0.7622795047600759,1,0.5945045689824755,0
49,31199.681357524918,89388.28491922267,0.8583362747005013,3,0.9372276325135384,1
61,42277.74447827716,100413.72471711601,4.925378638311203,2,0.08053702243535188,0
18,70304.4178362861,61388.24893292289,4.240149083255009,2,0.8205037303723468,1
40,52159.678414504575,30612.34594992816,0.8362074071348792,1,0.8621074619474167,1
54,102137.18326299539,156934.9473347324,9.56165635572366,0,0.12627409032922632,1
25,53868.12734379434,80729.95117515209,1.9953734576811248,0,0.6561061383591726,1
30,51193.837611594725,108352.1552084572,2.2861663804502483,1,0.702123147889142,1
25,52123.658388804324,114264.09755837472,2.7276036652174502,5,0.5486662825182007,1
40,37243.82614280128,116101.0239827607,1.9482186740937073,1,0.5029299582923314,1
60,48843.267752448126,41309.100145078795,4.076066214538502,0,0.3178184261252458,0
18,72555.76054223292,16207.991772407622,2.4604096405680016,2,0.6890815862629014,0
62,52279.413362555446,70565.37376540039,1.5017075026849058,1,0.2855466580556282,0
68,34130.805402330574,119785.57662084766,11.741829503925842,4,0.460023187037104,1
41,31498.307590427296,63602.50662628435,1.8433815088491126,0,0.8573691673170316,1
52,40995.96216668313,82253.93231503831,5.994742660213932,1,0.08954001310625737,1
41,51477.268688217606,206364.87068747843,2.1326274234275706,3,0.5283702569689203,1
34,73871.73070952523,7728.805759773211,2.8565949048009642,2,0.486074060521,0
22,23190.227172671264,62248.30020447507,1.3455678514908274,3,0.37848139808695225,1
37,43603.47444222488,194830.20342869643,6.978282636501616,2,0.5975296928382908,0
38,52886.200388701574,97770.06640023884,6.681871823471174,0,0.01562650170645652,1
57,13325.884647411309,64700.741725054475,0.11245491205495792,1,0.49246957495019583,1
48,33328.034340671875,158438.44585055602,0.31040925439637185,2,0.4856905404317594,1
63,36402.22920527627,102761.52182405557,12.779422397898264,2,0.5161122916423077,0
53,34080.59252299003,82584.58024779969,10.983331791550558,1,0.21244025631713537,1
28,53837.79090043295,109618.44635187555,3.5269814048653596,2,0.20759650057094203,1
69,46788.807809964055,67094.55953086169,3.3997471913805803,1,0.6472025582623911,0
32,38894.27794797927,49125.44685559608,8.36786056017101,0,0.09272750588997392,0
36,58559.2525310527,94320.15361826259,0.7451117844106857,2,0.30592152257775584,1
24,84461.49435292499,49450.151996199646,5.302236451571861,3,0.8308159265355876,0
68,82785.13033483503,100534.66558982401,3.2311557095955106,3,0.10376377081321497,0
45,11544.56455875327,117720.32837371694,6.799840380752146,0,0.4680659893526772,1
68,61541.443676702795,142653.02280258056,0.15282591762351566,1,0.6686307477945304,1
60,46439.53419872323,156396.24927584137,4.4913399789594095,4,0.14164436104768585,1
22,53103.106857307124,79713.17491838742,4.0678609369284695,1,0.3124628640464947,1
22,42034.33932914903,124970.73039695347,9.189488147412225,1,0.5587561807982272,1
47,52351.77259774404,124626.17231031782,5.647981327168115,0,0.3272278548967431,0
49,53028.14792144037,116390.9357907992,10.608003749177515,0,0.10993777791777792,0
25,38420.964853021535,76027.02945247707,10.913945829154644,1,0.23240636209139898,0
27,32072.649043496385,48596.60937679446,2.6226285551222412,4,0.1094153450149965,1
55,41026.08634761031,125100.09445332798,0.7392188316392151,2,0.983555713045802,1
64,54685.18528913531,14656.871890347495,4.975096023589148,3,0.23564860381306685,0
49,61979.926833685284,86608.02837158444,10.34730153804605,0,0.5305539706303803,0
65,67066.97954680293,1000.0,0.38955552016666983,2,0.42852190996839334,0
45,40116.19953866175,33179.87883208683,4.081359108316515,2,0.5695135964159953,0
34,55676.891346054734,56143.30307762878,0.6108354956334701,3,0.4980911119868018,1
48,69250.05183906597,154836.21038146422,0.136835386670577,1,0.7271618406684521,1
25,73311.89790288257,134405.40122021345,5.691477065061845,5,0.8730138970481874,1
57,48823.342917369555,72303.26580788789,5.726155446758713,1,0.28529938728966897,0
42,45581.36550120775,136468.48975648754,4.589685995242778,1,0.18360676552431587,1
26,53822.48467672784,144381.14816901984,9.802884039524326,1,0.9843398476809011,1
19,27005.850542051885,91966.75758126393,0.4216735747487512,0,0.8660724599352974,0
32,46127.80977928984,30781.092789315488,0.5561119909527359,1,0.36391828629628253,0
67,64891.7279694626,89604.38449669429,9.99522603886134,0,0.8947868065729792,0
20,62838.94258887402,95105.37974139319,3.498610942002813,4,0.6705463113530141,1
66,44594.64791272222,38377.280458488705,1.5945072173966723,2,0.4374206400107381,1
53,54354.364021743335,118352.3396464984,6.700050537001484,1,0.8734219519460514,1
21,33506.993194186245,113990.59271511776,11.240660801334828,1,0.6752827186331977,1
31,64069.842964500494,122252.13499470934,5.849520388615977,1,0.8264512228572864,1
58,48443.57127727054,113946.15485837217,7.849465986722912,1,0.41775974305230357,1
58,44480.970966077235,136492.15175574916,1.6598924246895408,2,0.7987154527838223,0
42,42765.52327813227,91033.59860634842,1.7038347444225295,5,0.36692693919405917,1
67,48742.12266200284,110089.25536854766,9.980058466572096,0,0.7350790865007168,1
27,41042.447101360834,80112.9857877234,4.7707788543629945,1,0.43553054184624795,1
38,63162.86072005126,70775.03921890249,1.3339280068217834,2,0.40519460481774505,0
53,42094.329039676384,166912.48153810378,3.7133871549815782,3,0.7966329488715274,1
29,81859.28192054763,1000.0,5.789590167015968,1,0.12503678154392772,0
44,79304.21006962762,143837.99945771322,1.2330146749830644,1,0.928209021490593,1
57,32169.130202909906,68972.95622771696,5.3196980909170355,2,0.5086807323061816,0
19,51394.085388585605,62498.09111784395,0.2152935633524912,3,0.6360743987410244,0
30,36986.867573276104,113078.87420327036,1.8098132318905087,1,0.4052614928599543,0
49,43467.04873622777,25519.519382449856,5.60385717127843,1,0.6458746494792665,0
48,90048.54935289593,59198.84640268985,0.8087670863552093,2,0.7098514498098689,0
33,43848.57165768401,57543.0176743504,1.2564230549004383,0,0.8684773354970053,0
49,57204.52074154858,88930.08709074526,10.563680127260485,1,0.854378714587408,1
49,60826.42588016557,59793.11559196557,5.609216752981901,0,0.3578147000403964,1
51,29987.412550335186,180055.93428196345,3.4549346804124417,0,0.6158528709731044,1
28,32898.0905118159,189850.8258248977,1.1842692477732617,1,0.7805772983929773,1
27,25879.552571837623,1000.0,2.0882678571721303,2,0.7648634901018825,1
32,32280.585322044462,127216.1352382868,4.270460256954632,2,0.8909314488955629,0
34,10000.0,142933.17195387874,0.8439432684113757,1,0.8319435395305138,0
57,60891.64801587256,127149.26011955526,3.286430522383359,3,0.7178559262211771,1
35,91083.8768251214,67094.32534541527,2.6294796809149688,0,0.7488552349145273,0
26,52956.41478073054,87795.22189207292,3.2378808800045924,0,0.807443756421509,1
42,21674.622813187852,62586.26726111522,0.5577918653437653,1,0.8378885106523652,1
57,37144.47234200104,78986.79844205857,0.5630284211285873,1,0.3526690287367976,1
31,40822.46309950006,39501.748566641196,16.636615602321168,2,0.781810733836197,1
42,29648.304455732487,94260.55891827248,19.4044955227616,2,0.9492089863073983,1
67,67203.65276790313,24859.914434746504,2.777063921442287,0,0.23296338827113383,0
39,66205.20088750668,89993.27228859311,7.779377995298504,3,0.04823495839853564,1
69,26890.96412364681,37570.915545011776,5.332537441302994,0,0.07239629145940996,0
47,64501.62088895016,110340.8180895702,0.6216796021554761,1,0.21671818037377577,1
37,80536.25327154531,66029.02195285546,1.759706948343157,2,0.919790366610396,1
38,88051.1641045912,114529.01739372687,1.8818481482855753,1,0.12679608388349473,0
61,107304.24046171925,154079.0364182391,4.528911136362826,1,0.7476030443558185,1
49,31960.14701113605,179472.3468052354,4.337225611857672,0,0.8670438311189046,0
68,106484.40852790406,1000.0,12.852890938903984,0,0.8775210218837566,0
63,42915.872229824236,58290.295306310865,7.804103434571186,3,0.4167485849112248,1
66,38150.69089238971,84845.6961443993,9.719229666181462,0,0.4952617349823082,1
38,56541.4474975569,123016.39091907415,11.092534859485998,2,0.32324885566441885,0
52,38358.77331813975,17482.27479227353,8.079208679940098,1,0.14734438987681064,0
49,57980.88281293052,50895.37965998922,2.0239361475272553,0,0.21217127487341536,0
47,23598.45624525397,106517.8601328555,1.2104404266462248,1,0.13478514207200265,1
56,45224.94795873131,104244.41207633336,4.240443141721154,1,0.40752226816727577,0
66,75711.64468723358,118880.92032100464,5.848957113001811,0,0.17034558339886485,0
29,48858.774171376885,122183.78634440582,2.443429049123628,2,0.40340076264724356,1
58,52831.91573479766,116929.72165579312,9.430526020123919,2,0.8511891287399997,1
64,59505.17209434623,109682.76583157464,16.16570961959993,3,0.654515628177051,0
35,73413.2325863532,102786.98866631839,4.212828843675091,1,0.662751780095645,1
38,16895.505756211343,133238.15448621812,3.049474872354618,1,0.811866077287529,1
30,61690.48103674869,1000.0,9.253953658123164,3,0.041193507306971244,0
38,44637.21721516473,177216.67434856173,0.12284452953240088,1,0.7945108947770535,1
25,53332.75790623677,1000.0,0.690638932724031,1,0.19634884214127624,0
63,71199.00339524754,46041.90915477539,9.34291075148497,1,0.3459269046027924,0
57,26116.266971763114,88661.96016749277,6.584374835129059,1,0.3080428235540186,1
63,29747.11117113821,133630.64455449212,2.690441979103902,0,0.1056555479052359,1
24,11291.400805723875,1000.0,10.984456761907335,1,0.1737099209677223,0
40,39016.821164724475,98593.78380290828,2.16514478003587,1,0.9563471968931715,1
61,76608.64688757632,139619.75197078672,5.023497576638492,2,0.6002722567988084,1
49,47588.25623053061,149725.90580142385,5.030181083744047,2,0.4739717612944735,1
28,23197.502086904286,65133.51707512706,1.0187386895023745,4,0.757794782524617,0
39,40286.42510849906,84958.23565224839,1.6763269788817425,1,0.8137393757112773,1
39,20242.76593018754,69192.59355536861,12.385104482918026,2,0.11026285390554669,1
60,27496.277965376765,80366.26732369578,1.0131204503272495,1,0.7409054154641047,1
42,57776.37820527427,48408.67246357825,0.9532282618206721,1,0.9323965384882089,1
39,26522.533473879423,55537.3918764541,3.265936335469213,1,0.5854360817691904,0
45,72252.68610406603,121718.8461014184,0.48364144954470495,2,0.614156951487997,0
46,48577.59418339328,106580.76866363709,11.251205730433746,2,0.870407290102308,1
30,51711.89407889051,124579.32537952368,0.5276311931259885,0,0.6794825593918636,1
35,44432.54064784212,110700.71948504185,4.792827719145043,2,0.9952675116626833,1
19,65456.956770874465,135216.93005737977,2.075924890170745,1,0.28269363602310305,0
46,65663.19775554021,143910.69990774972,8.155169313376764,3,0.8454805779343398,1
38,56701.08703824343,12914.169006694792,4.455683150486852,1,0.6124092208771837,0
32,61295.78211815296,57284.51747928187,2.4576167607439814,1,0.3657355405859707,0
69,45758.20660159149,88431.20212549805,20.636297173208668,2,0.8830596705908978,0
44,60844.06013818097,98866.12372563295,0.3426309116531637,0,0.9962462561099985,0
67,43242.44449052386,66495.47130909833,4.311218513349334,4,0.05784936882546876,0
48,50044.63244324804,145601.1835494153,22.814535692559467,1,0.9255227566662934,0
32,44507.12501267405,198997.41841452994,5.871303778084654,0,0.20311100262741988,0
68,40855.62921361608,109308.0977790867,6.7309400405798625,0,0.2051880219064991,0
40,36217.764045564196,104217.05160991056,0.163086768810516,0,0.041756091937605655,0
41,59353.80207717771,142472.81275521655,0.10797329192036735,4,0.9221877339216589,1
61,76212.11825626927,6708.0122398281965,0.18389107471786337,0,0.7593980389483715,0
30,73422.03943339118,101423.44702192053,23.97191849496872,3,0.05344918720596015,0
39,24868.69328109129,148951.79127337586,19.44147398151729,2,0.6335352094020658,1
60,75784.06102813747,67842.30013994442,2.0361502667725624,1,0.12013443941842739,0
54,43636.829967641424,38671.97100490173,1.7193705288156622,3,0.7514052214522089,0
50,62014.660302911834,90709.71949501109,0.7888788950208785,1,0.4090538429544306,1
20,31875.69335905578,96965.72833990397,1.9959762676853308,0,0.05177683362962959,0
36,52839.59827748011,54567.38590422708,2.311367364575743,0,0.8294074490487336,0
40,56274.46365793814,204808.06380254755,6.897245552173067,5,0.5724132747533887,0
46,20307.904161606944,76065.18094960271,10.06054287770592,2,0.7728681786366239,1
47,62165.34332688378,42317.03242867156,6.866596901942577,0,0.6745308510669328,1
56,76918.70015676631,95318.93404646943,5.199006803763801,3,0.4343961747050934,0
61,46507.04108636744,145393.03188522457,7.260036190277939,3,0.6986664595350609,0
64,77203.36261656026,100870.71244991155,6.706556777843841,2,0.014753460913559335,1
42,46206.130130951846,124279.69600220011,3.228930124975114,0,0.3397375589820243,0
54,66991.69062093235,56424.47028334214,2.0462468153471045,1,0.7778533960269276,1
64,10000.0,174384.42232017568,1.6618682546943377,2,0.7630619068136955,0
25,98375.55558626927,128085.55139592217,5.687110599623992,2,0.8874093672096532,0
59,79909.16490485914,152385.07844388048,16.008142646945608,2,0.6110455203582075,1
33,44307.489914926424,118258.03162375846,4.350074808533013,0,0.9421968020942039,1
25,10558.219467123643,141244.20188643923,12.182097084474705,2,0.5577122066160269,1
18,55760.56736610978,56347.37201613863,0.07165789601573216,1,0.5004540067075794,0
61,21121.48905852486,75429.47916552187,7.910832084893249,3,0.19721660896071558,0
22,58897.07075114976,167324.02977780148,9.607154165423815,2,0.7788364191746733,1
20,58231.31438328564,177987.09736419818,4.984709678707323,3,0.6920571548710033,1
18,31171.936619959502,42646.72001404616,13.595125985378129,3,0.4607606846614418,1
21,72419.34047228756,112486.80339319061,4.456929646565164,0,0.0871087481047752,0
57,66111.49405612347,78452.80997573864,1.37571773024364,1,0.12570238078454454,1
52,69516.46674577126,65148.42653175692,1.2149282346785064,1,0.1144611959542261,1
49,50177.15407337791,114241.98476777249,4.057810079091403,0,0.37559930808919606,1
59,21689.51866172587,157048.1466182704,11.848109955520698,0,0.15897757404680202,1
51,69557.44544422274,122583.12366420969,0.3756005904536686,2,0.8608420992632065,1
60,44592.572017284176,84024.37750404826,4.63663848116137,2,0.8993461204826652,0
42,22204.397136146617,125743.058996758,7.344109348055243,1,0.8567690646256908,0
27,77040.78731948652,82001.19132095494,0.6131102658290299,3,0.6088549384353267,1
38,91988.15041005018,120605.71503653009,0.620846432333169,1,0.596355398476708,1
63,49175.03742041594,169823.28502278664,2.279541162091989,1,0.8909240864758278,1
56,93182.42309206584,1000.0,1.6002080237686926,3,0.4063081606638055,1
44,51826.294572226994,139862.61492700168,1.105192335882458,1,0.062344319190884456,0
44,42390.88191667297,23047.25392147657,1.1075629952719004,0,0.47039315711516794,0
19,37390.83091629045,161416.38552722306,0.7001568297749665,4,0.5537104626310506,1
58,82741.64815985484,68148.71950635697,4.719003590297227,1,0.549452144980179,1
65,34397.122372244565,39116.4311196758,5.825773739089923,4,0.15900407951108309,1
30,64705.38619949975,134763.46135443737,6.069042194582109,5,0.783412973328587,1
26,38816.723298815836,118208.50315712053,3.800218142595018,1,0.731966909271249,0
69,40793.86474851274,50040.65485191709,15.278077003694111,2,0.22985293373080495,1
53,70604.99387939135,37350.012141580315,10.62356617345711,1,0.551229279727182,0
39,42399.263074212926,90625.92562543589,15.806708417327084,0,0.7903282086868517,1
59,41904.09241159414,39795.65249144017,2.4616182140253184,0,0.007684622974177269,0
43,72656.09394349615,46926.351353818616,10.509792172485819,1,0.27515480679055215,0
29,81947.94586443246,105781.03952107168,7.195832915354864,0,0.47203786775337453,0
34,62893.79606568467,51706.418287245164,2.077371943976848,1,0.845031600224057,1
31,36904.604487521014,121326.96450132714,0.5635666210260698,1,0.798967269870568,1
31,39787.83001404841,174507.17979417383,5.738297115132486,2,0.15099252394785923,1
51,51598.30527480075,92572.22925497088,0.7335308527672963,2,0.46274189374552965,0
37,56418.60123851315,106507.55309927923,1.7391126903782559,1,0.30463670917372687,1
28,30242.68179720456,200904.83664177434,3.469382997043894,5,0.4014336595689192,1
33,64460.758791597276,40619.94413113266,5.695336364419324,3,0.5406248117973406,0
68,51710.26659279198,159561.7597590371,13.033856881931987,2,0.4993405641541294,0
48,15685.833627237414,153542.87989562412,4.497660291591595,4,0.1415746394333136,1
23,31421.470350785392,142715.86695868915,5.564769696371591,0,0.12168812270846696,1
36,39917.42652696672,164587.39253663155,1.8554187713743393,2,0.13026890684309733,1
54,48542.8462231789,114028.74829793094,5.812437012401576,3,0.8412882829415532,1
21,87785.57591007992,70853.52522003662,2.879400240727782,1,0.019935354890541324,1
64,54763.42612279257,154728.66456102836,9.722147629526837,1,0.2024046335913604,1
21,33184.562202027504,156642.11058564475,2.4916082424330446,2,0.9558917781176832,1
37,54412.616086143265,155265.6950746644,3.1581161965594178,2,0.06602133323292814,1
27,42958.24505092238,102225.10411596182,2.83334589655776,1,0.036321447812176166,0
41,56495.16479067084,64190.27431933367,8.333291960901857,1,0.3873293247425138,1
52,61611.35374071229,109568.11270558056,15.362979874424735,0,0.1512005628201284,0
43,74184.61294447877,147111.5008783918,1.9821029243739545,2,0.565763550057856,1
54,49514.270086599485,151217.58949299826,3.2220508105571994,1,0.3385809759176933,1
55,82779.21055199666,78516.19364627026,6.119623747632402,1,0.20896941261575985,0
38,68160.45325072383,115768.6448063695,11.287180226098057,1,0.9986017164717694,1
57,35851.20910375624,34561.0847757022,3.4031363817862585,1,0.3411041224626711,0
56,94197.11331496929,149247.50515029256,0.576456696334057,2,0.6410064486395823,0
38,56539.890265401955,60834.56216374682,2.2996438257957355,0,0.8741130398055963,0
27,33297.5099205553,139262.76797857735,3.9965610480941365,2,0.9223871531983777,0
55,83058.26102460844,42534.771130491914,2.7023416821813626,0,0.410127303278926,0
63,91555.5517039689,151570.7953217004,1.0323892858737942,3,0.9761562579660522,1
21,49339.49472560879,116091.75950113853,0.18845479490505673,1,0.7245653183985243,1
62,39926.99479248807,60932.115219152685,5.814292919817378,0,0.5832757513163708,0
37,46552.500850926765,134567.81905402627,24.624942898461413,0,0.6932793327116064,0
34,64294.63455035399,70481.91540973347,12.579302097533006,1,0.36013777314507056,1
24,75557.13310061028,137477.7518722564,5.748542394422663,3,0.4244053837063372,1
21,61409.74661727147,86294.42623096393,9.210943848506032,3,0.5862690537623607,1
46,52034.46416943539,13947.643718516862,1.4767410346903889,1,0.326834129427076,0
31,79960.23540608856,50879.18797595315,4.8700552305558045,1,0.7688117415554079,0
20,43743.270538969555,78479.26456563578,0.3125919636527446,3,0.25108680062791844,1
41,70618.38676733815,168409.4511874289,6.141053026715016,3,0.7968055098088141,1
54,44238.74403297443,145057.18152646124,17.511557799638368,2,0.15215733778438334,0
33,58620.45916021786,181193.07061610708,9.859120932848178,0,0.21739086777168437,1
69,47728.74870419097,182681.7608014929,3.8225808793830653,2,0.7530939205312629,1
21,48882.956346943785,73262.45977045425,7.77333357352754,1,0.2631415610381753,1
41,42452.2696507558,90575.65701205852,14.402991268166435,1,0.7953942519079669,1
51,76897.08062361389,79436.00378347308,1.21684339861958,2,0.7838699966561087,0
47,35341.4792378293,66424.46973494618,7.881430605745847,2,0.2573012392225995,0
35,35195.35494902583,7925.264533177076,1.5725056009723624,1,0.0730810161279537,0
36,92419.8713169022,99262.61409915789,10.47571775520618,1,0.166360581285678,1
48,69556.95129308663,35721.72031444447,0.5176692900113217,1,0.752526728467616,0
36,10000.0,98291.40592328363,0.9814031781073979,3,0.846994205494568,1
66,38694.82521579193,205788.54047814923,6.375848791377457,2,0.38305551208080624,1
63,13760.213248758919,74532.74518346458,0.9605111836045633,0,0.16421883124025793,0
36,30986.186131694896,109738.70028140336,0.8601987919539635,0,0.07546974939076134,0
39,10000.0,145332.41929046414,4.053653551332132,3,0.21581602519210996,1
41,47260.20844612115,114014.56459829534,9.008662304274727,3,0.9796848609457912,1
62,27161.16361677377,114624.2093971148,1.5630676405243955,1,0.1702730166304578,0
29,51198.10513592877,81879.878315596,9.198602641223646,2,0.08616700531945898,0
47,17497.574822349503,88406.10124693837,8.250086050422873,0,0.7854735229339901,1
55,51658.2370634408,51999.47389060859,4.326864176089692,2,0.6154114954165634,0
48,41701.67443759345,142302.25044447038,5.20024665221594,0,0.5348213507723067,0
53,80039.05930377191,12925.417169295208,0.20640834771017944,0,0.44785255195670093,0
36,78227.1372349125,148554.4169191101,2.2874951595518596,1,0.7018412875140863,1
65,65706.91206020566,29815.08076273788,1.5285169676863868,2,0.6983549936135126,0
62,43467.72438677575,148130.3637038326,0.8126173577020522,1,0.42442590717942963,0
53,89707.60790520586,82309.12368939095,2.4686900045653606,2,0.2342278450313916,1
47,18939.294443203587,38406.565593345986,2.191782202107951,0,0.8412634560270817,0
66,21928.82740872675,128964.93225398182,6.526184131337259,2,0.16462230260078514,1
50,48324.338002218705,146438.37675378873,4.557714360058574,0,0.5340063135258557,1
35,95080.76217842239,78096.06759482317,12.214990192244779,1,0.6926741155481225,1
69,45953.22186259825,136030.52743394667,0.7856531451697575,2,0.6388769649965699,1
66,46335.095135814365,1000.0,0.3080399916445524,2,0.6187943305368442,1
45,21161.792877763815,33970.18551266998,3.824373805764003,2,0.6625061951460653,0
64,68918.59170540757,164620.44652343646,0.005138332395707791,0,0.8756549164755507,0
28,69063.52508658708,88816.5362901042,7.749220711989839,2,0.3653925709863981,1
62,65781.50402799819,6889.333677557617,3.525824410478492,0,0.6274365066559733,0
50,37415.58654305275,65056.69097790032,3.347793701917103,4,0.6969666807822159,1
34,35865.86463253989,53829.976373745965,2.2509734704290123,1,0.5903265535401836,1
23,24137.55499190059,91701.91342635377,2.349808839799757,3,0.9030026421471025,0
21,51677.45003521867,81462.45080961763,2.820549039358058,3,0.6547787618179394,1
37,28391.853414429967,108946.58644690804,0.08081126410891086,0,0.42442907781660255,1
65,26451.669895014227,96526.69741937127,0.43621585862088474,3,0.8455871011442061,1
64,41526.18566178648,167986.96275185095,3.516472656214722,1,0.4895679976460119,1
44,40216.87649631568,121227.42998598346,0.8133139063950496,1,0.5301632739043748,1
32,39240.4294235609,122883.5805596793,7.542594917984999,3,0.5822795040222516,1
23,59328.89193680523,158257.85619472608,1.6043688565562708,1,0.32278468713790354,1
64,51580.956043005586,80561.56247852091,0.5151474915622302,4,0.7225398325950791,0
31,44236.87938977765,36906.12783207574,1.340769478797045,1,0.09812618711327348,1
28,53660.25856622964,160348.51623161248,2.2088166746540807,1,0.8688492015914965,1
56,30169.459177907356,106792.08740540562,0.1797766164260663,0,0.7545377522551885,0
26,52105.57247819356,106967.56039494643,0.7638653713952572,1,0.35363180194596366,1
43,53012.04985689268,68333.50392348818,1.9566776703530995,0,0.22639310502720378,1
33,19939.06281285039,69157.23334482113,1.8588013140103519,1,0.38789794553136747,1
22,69913.87508740724,142336.11693854217,8.056866334120059,0,0.8050525774819134,1
69,32371.32589546009,149232.78990688053,9.26569015151722,2,0.03157079314239786,1
27,51806.1959841287,139191.1702873329,1.0747522775196356,0,0.46792425689225214,0
67,73288.23481070541,139648.08027227374,0.6616028236505682,2,0.25411021287088664,0
20,68513.53515427739,128451.47686298794,5.027829951937292,1,0.8749513999200131,1
30,50686.66777137671,106576.13650390782,8.164135488970105,1,0.41384157389515996,1
60,42750.01994235863,91231.01578395098,16.582870136970392,1,0.6978983278806123,1
66,68950.23817151134,160516.19249707766,0.03409742332471468,5,0.3578924903331544,0
47,63493.8995561724,81313.95647547832,2.669431728593073,2,0.3296996681710821,0
62,37632.699599117404,118498.96069403735,6.621066173795236,1,0.32587287416916244,1
23,34102.127059966195,59799.35010228767,8.817589190991104,3,0.6781746111659592,1
34,10000.0,67035.04815747747,0.3215511289712028,4,0.9642408935724864,1
62,53080.63683367175,88192.27160713868,5.706782513973474,3,0.20814475389782983,0
68,48346.04509963203,59803.08116364182,1.70498330384003,1,0.6439012346666534,0
36,72723.82749285085,139892.59127391502,0.3876295836404233,2,0.2654344325611806,0
59,57181.10186960733,32598.28742274853,3.3579322800226814,2,0.5493500523413476,0
52,76684.5838834538,104961.48116905364,0.8607869957246248,0,0.5415988506671559,1
63,36052.715441676584,106625.40484210906,6.678149164994137,1,0.4500460193620689,0
43,72763.00661935237,9460.021084015956,6.7596926907279755,1,0.498644147502154,1
68,39421.6724179069,77948.80897381957,9.227946151408998,0,0.8802311481464378,1
22,65551.92123584544,112784.97690240713,2.370609971588321,2,0.08860452519433304,1
46,20824.83214938613,121436.39966470341,0.06699583229257568,2,0.8302831410221562,0
54,54702.705987323774,89784.6395699917,1.5037415820084892,2,0.46231333128603813,0
37,10306.241171081798,133844.41022403576,3.1537895200232184,2,0.3335940356999484,1
66,44657.2502811649,94534.18713819796,5.921035192729499,1,0.17714597443906355,0
38,58807.07987755827,100682.64560375284,2.406662481566278,1,0.8148064585899678,0
27,39580.62897537809,112582.69344932768,3.8398751703226597,2,0.59204223153612,1
22,28991.247424880654,146349.98143670845,3.714456666443999,2,0.7283757209067844,0
53,66922.36938591868,66214.0998792234,0.9015120793083116,1,0.3149632565649625,0
23,47930.744203061535,75658.90637408513,4.878207000508511,1,0.3929592622917767,0
43,40208.58705938657,66555.17541353925,2.8924159377000995,4,0.9136437288252001,1
21,50837.91842308553,83390.11419290333,8.24918283840903,1,0.9611822854373818,0
56,102733.38283891177,171311.71290398823,5.865782834337287,2,0.7398421789662738,1
56,73070.05699563088,128636.2659664911,0.5909297564411755,2,0.7494260152900298,0
67,73251.47336375681,43445.512741557905,3.3545651085485284,3,0.6944002770699375,1
52,58710.92637984728,69977.65172056627,6.061610455657504,3,0.5872099361405738,1
18,53329.70545154294,118638.36121382011,0.4551612081606046,1,0.595078329939338,1
41,10000.0,54674.61095336148,7.863048192408726,1,0.9638028903639676,0
53,36420.39307073736,63732.99795926215,1.255172788527072,1,0.7509115267716195,1
23,40388.51173595051,167247.98330870742,3.496679410385157,0,0.655341296096433,0
58,12502.158719049337,69331.21857634066,14.114047694224176,1,0.1890696028792601,0
63,26851.684195691327,147733.34080146934,4.235388829308883,3,0.9770739747605568,1
61,10383.270581547316,162766.15947654692,2.7587107848156385,2,0.5202933697240338,0
48,49233.52328605255,63326.89544155179,0.034090590152308725,0,0.9437132297461808,1
37,66375.31941697632,55501.87217214293,0.7159674479728749,1,0.7135575375715087,0
41,72135.49037248657,86193.39567594175,4.321621955704197,2,0.04008083929456974,0
42,58295.68924158483,45568.61396631875,3.404364500000697,1,0.5389954997549631,0
53,30732.07317602862,106051.69392513712,2.261440799780282,1,0.8926821186053077,0
38,11358.696829600813,89717.40440733067,12.833787506461556,1,0.05178068550843007,0
47,14862.626011969958,118029.00079431507,2.020948639451452,2,0.8667275503264962,1
41,24620.348454910032,169847.17281164107,3.8517694289414806,5,0.6133912922210016,0
61,32222.806039286508,140874.24903851596,4.204912333778166,3,0.04452726202053736,0
59,46805.03004016827,124461.98877061781,3.7482531747519348,3,0.3735983306686712,0
47,29716.715637460635,1697.5793516041012,3.246468686419945,2,0.030170594244007698,0
39,56779.51787336523,122168.79910511876,2.0553821308264966,0,0.0017162977563409676,1
45,45354.529944010545,186131.38303522748,11.971508504276072,3,0.8964251295111764,1
24,50210.91423482051,1000.0,2.996492721079176,0,0.7485783008770357,1
52,72805.0110534241,134469.12714878126,3.7586386800729326,3,0.28947200714947197,0
45,26395.3653159926,92032.07126217679,5.342520378603912,3,0.11371053057344294,0
31,58374.09156584737,57510.24984885277,0.3502673959743676,1,0.054432582006866514,1
27,49720.535430478536,140056.42919559768,7.600000649609452,1,0.9172223307171551,1
33,43330.2743806061,185485.2950303665,3.5923999185247006,3,0.6255568521927042,1
33,67705.1264173192,138761.53644188767,5.352704064280155,2,0.1605588876649,0
48,67580.28309114015,81440.40243692367,7.392312849545155,1,0.6814619634479463,0
59,31070.184080231436,52826.508779592186,10.361312494491928,1,0.9988907161325469,0
42,46356.788322841516,107231.38168947719,2.4897149531409974,1,0.7880274203907581,1
30,55624.23365168131,143658.4646190794,8.341427095649514,1,0.44653230698830704,0
23,44539.86503954831,80647.34868831362,1.4976728198070952,1,0.8141766706144284,0
61,61700.426645755964,85480.85041746017,5.398986788407578,2,0.7443066819104128,1
26,55623.84035820551,241100.01249191992,0.5418658049315799,1,0.08865319779397485,1
62,86651.22480712025,153932.5972979863,0.10116898504519459,0,0.9256966253051806,1
53,19394.417281404247,157506.4339196816,0.5033196213850376,1,0.884103247939733,1
60,47551.28020505205,26985.704697059395,1.9237739244811758,2,0.5905595230066324,1
37,31829.94976975618,64640.56603532698,0.15794156272230478,1,0.5081492057085736,1
35,62082.14910878088,103734.08197271195,4.977904591350175,1,0.2277413760641238,1
60,17656.56219908911,49943.12210574252,1.902968935842222,1,0.8344578896099744,1
38,56926.25420449773,180019.8649444647,6.6661584515838,0,0.43188640958033253,1
21,37399.031373033176,170515.61532953227,0.23501327898968108,1,0.5793066912111566,0
67,35316.76267757972,73322.7331307973,1.221207572719588,3,0.1700874849721956,0
50,21070.035929186255,189195.93033037422,2.621272150723834,1,0.21382275819043606,1
44,40698.48107597988,99787.3951640029,2.411608428085812,2,0.9852013242242857,1
24,71690.0106058185,229469.48586945244,0.7020531324350134,3,0.49399996989742223,1
23,49496.22632941041,107234.30652625182,25.69531032889647,2,0.8157428784034227,1
32,62553.60835748949,128809.63751642109,1.6734462013585456,0,0.8297300025354334,1
35,83292.8364393255,169995.1720584779,6.383292512621992,1,0.9815103305919716,1
49,55275.11169645152,163881.66749039045,1.2424779353938695,0,0.9829040154843145,1
28,38824.00855875319,125536.60330679467,10.51257696562584,0,0.4569554181914083,1
37,59345.0443036558,92942.98402780821,2.4531407818668196,0,0.9503203775181783,0
41,39114.07707371416,125706.63499965596,11.558254769480303,3,0.3654544194830749,0
32,39911.54633405661,59190.79140619425,2.091497485536042,2,0.6076391268666632,0
65,19602.144007620303,107606.6859432058,0.04340698001761971,1,0.8217124299654819,1
24,68525.14982168784,44534.62337510026,3.6389046329686776,4,0.9137865373453247,1
38,42279.948487011214,10955.917995984928,3.7199706218426005,2,0.5238392242252408,0
59,53641.96491631724,102521.33820697216,0.6382248030552764,1,0.41785945811458547,0
43,29280.76142786721,163113.8945335836,1.3391591492192938,1,0.7285180536398341,1
61,58718.95259430945,146290.23207980295,7.650721833823679,0,0.4559275683648336,0
31,34761.175237298325,95904.3852137196,0.1872417117228211,2,0.6718014293629487,1
54,47165.82556596352,187349.48490877482,3.362084591649435,2,0.8042189078923684,1
38,67556.52062478251,71546.93045767132,3.7794565459935665,2,0.8411272677215678,1
35,65815.18624465058,4108.366910098834,5.8351847261078715,4,0.25431404168249283,1
22,49559.39854966119,1000.0,0.19087888692505386,0,0.5714581210396483,0
20,14637.379345865636,40940.452970214144,4.405176937290776,3,0.025034263345733443,0
40,109856.21140121283,140831.23716311145,0.015514227140333429,1,0.7977562116013333,1
43,84917.17940546272,68259.86582663069,1.5406374290198008,1,0.12509517300750306,1
54,64453.49649776597,123047.9320928651,3.462579452492081,2,0.8716845005012508,1
41,34935.92436818058,182314.16917919886,12.111425053668672,1,0.40680960487157547,1
66,47728.15676596071,44995.151871109694,0.6767498891319061,2,0.16726827782306508,1
36,39131.59140446966,123924.98658979448,0.9273673683658641,2,0.7958149143997514,1
68,75277.11878192777,126948.15363278611,5.531963353235948,2,0.20028638703344714,1
42,55250.05781703668,56963.10057634484,2.348911819212843,0,0.394414673675063,1
38,34316.722832803345,167710.54626225415,4.883142468482403,2,0.5668761962167804,1
29,40584.89801750436,85614.64722252617,29.86648713412705,2,0.3600299385377119,0
58,72423.76285139809,80812.35095434953,21.6649106471562,2,0.17902874247449108,0
50,82001.95693640957,205580.66092089863,2.1825624903286496,3,0.40609379603943063,1
67,80566.63126972491,126138.33711833591,3.505144336298714,2,0.14424437058844397,1
21,65140.64130107955,146264.5274842749,11.753111031930157,0,0.7191554625952729,1
59,44947.502623947265,167744.64657609194,0.48347783830242624,3,0.17150496431882578,1
24,10000.0,67476.30002703915,3.0101735745487574,1,0.48238253637038786,1
39,55943.200476164435,162491.05485268397,2.370679563435556,0,0.5603782536948749,1
50,49963.424823117995,74905.2942501165,1.7469560503968093,1,0.945066939354006,0
34,52799.64192642707,72768.83053308513,25.75311909372152,3,0.07825835410090143,0
41,51077.94694066413,86400.0013845932,6.612830102431731,2,0.9304552750185958,0
51,23474.75676101686,68896.75825275226,2.461221588922915,1,0.20822635732528083,1
45,61148.17113702371,141107.82163285813,8.831098760550603,1,0.8409362646397617,1
60,62644.326280637004,113360.53275725279,3.3634503150154345,1,0.09049525417767512,0
58,63646.775641193184,75438.77926914436,10.310932838131484,1,0.9887023772824622,1
56,68931.54007146772,133725.2516577411,1.5488194258825219,0,0.8076327528888338,1
39,62081.032898432466,86240.8781306827,1.2654386028046392,2,0.06295109934795962,1
66,41799.411769221784,83596.48148176617,1.420354212310761,0,0.21411104343201548,0
34,48583.2630416782,102434.19424507717,3.8661556867758096,2,0.5485449931177554,1
51,51822.49734506754,123173.01778331086,1.7217093436174968,0,0.5235720111403708,0
23,52153.98898213237,119492.38246887099,0.7956802550114396,0,0.629269202956075,1
63,69964.3531194346,81837.54088735848,26.13269915122431,4,0.4635066771583849,0
23,62873.37506044982,142355.56037197012,11.534633894504474,1,0.7341643057962399,1
51,91546.86879139906,88880.29244601719,5.039460006518643,1,0.3484856037463476,1
18,94129.37959769345,67250.77556956405,11.107001677336365,1,0.17638683678438283,0
27,51592.9916522785,26598.917561632436,13.702562544676413,2,0.03377948502000916,0
38,10000.0,149158.92404995108,5.636730266061525,0,0.32476561279248706,0
22,74736.64932254533,100619.50380970037,3.656112448084718,0,0.4268788326106522,0
19,39192.473220258915,110543.61792552574,10.685429214458956,1,0.6590687148023171,1
39,33970.32156337987,152290.1457849758,4.194299432799219,0,0.8064563462240392,1
65,42031.09450021266,76129.6884201092,0.6779563799493015,2,0.24006280160390336,0
19,41067.13906370787,31280.037576293573,2.2852869764020083,1,0.4932025742693179,0
27,62245.39620210785,103489.03511076093,2.9522395800767636,3,0.23373387224547693,1
51,18811.28441747549,115398.07760401478,13.6953067839679,3,0.951165348729867,1
33,28445.585084167968,86857.54669198136,5.382084283624588,0,0.6475467568286077,1
65,56863.171083948335,173686.87890380845,10.40832256508962,3,0.6779024007160032,1
68,62458.88060826616,1000.0,7.085658939570285,2,0.5312241493569239,0
56,62830.83289872024,156002.83189498915,1.8543104398845385,1,0.28182976896510115,1
39,34259.27442133402,139557.68251821128,6.3418276682659505,0,0.2004298809392393,1
29,30434.6870146752,122838.53888502296,1.0864270683146457,2,0.6566455140829907,1
41,39867.30332424161,1000.0,2.622474890063212,1,0.9217071849899563,0
64,54797.4550456945,164194.43916351342,8.201853612726628,1,0.2128936970227756,1
57,79709.54738545099,48678.29446820574,4.732836918198704,1,0.5717643343734469,0
55,10000.0,74615.40108083066,8.72664632222779,2,0.5293249717969972,1
27,45585.42486083267,91470.36676049656,1.469866318470303,1,0.6416530964299325,0
52,23346.431179495925,120370.90173259877,6.926450975862481,3,0.5877899432544627,0
68,16955.146452930203,131971.4021096275,1.1302661606752629,4,0.27279460673221556,1
66,69339.13290689632,144642.02771596482,3.9406329717449813,4,0.6914416917188727,1
49,60892.49148998677,140792.6755039258,2.841696336884273,2,0.2726598132797404,1
24,58988.670318945246,112646.36021065629,4.065015215112712,0,0.6529936797693213,1
38,68420.51679461986,120796.13295287953,0.7282131872489804,2,0.2999333530963483,0
37,40405.62206467728,45462.31420888768,2.24103750451225,2,0.08242274374613767,0
43,41347.24967332944,62448.65965904889,5.496620172488057,2,0.1272233051605084,0
21,93714.61233445149,144773.01118374162,4.088235050692898,3,0.8340962474377552,1
63,45068.57891480852,141860.47433643407,3.9811044415841934,1,0.12135526111881867,0
69,64702.642261081826,136189.97082222105,3.575227154443829,4,0.3305132207324504,0
39,50127.6308192663,74279.16191717362,14.401752596793997,4,0.2876417514347761,1
32,13034.829398431699,145524.6065971848,13.633848967851634,1,0.057859709121094616,1
57,10000.0,41937.7773759821,2.2325682414264194,3,0.59951953337261,0
38,38420.3156012019,153867.99049311364,2.168512882966856,1,0.7987854708761457,1
32,71122.02503339978,86956.45993770548,4.04726417685216,0,0.992329786932079,0
39,65765.83313272007,184208.52031703162,0.5024524350468539,3,0.9360320849797318,1
69,68281.54328448066,23927.895396725755,1.8048974099726698,1,0.04932611167365031,0
45,30259.076421273694,188170.2022959261,1.3124605409033743,3,0.2575086985542352,1
31,82317.44980244627,81926.78354182691,1.2640827902999598,1,0.4121182615300186,0
44,30702.133996272314,81026.03719941279,5.0875426175874425,1,0.875014347363174,1
58,54256.48797339937,109741.94094927984,2.425386009092228,1,0.36008477835066566,1
57,49792.95420184526,65146.05435996516,0.9386671213852209,0,0.5703123439177584,0
45,46522.523593708276,96383.54993488465,10.92720441728521,1,0.6595929975455969,0
43,76771.84276591214,63118.686736457275,10.363270659258081,1,0.29795873657108574,0
66,35897.78959668079,64946.82345104065,9.91930875592725,2,0.5819405442136567,1
19,23007.89488576144,124344.2975150286,2.47759142461871,1,0.050885505396412456,1
42,50399.90972412839,54921.7252348242,0.2933519471394474,2,0.48018328407121114,1
20,42003.46531426947,61590.28824972589,0.5643992304608195,4,0.37853573855098444,0
25,117547.65838165292,31360.43751267955,1.6151514866272911,1,0.3557545973810129,1
61,63530.1495287995,74803.46600193303,1.2421145188348373,2,0.2348928993110576,1
50,41813.18849562752,165580.1014861961,10.356796263698097,1,0.8177342360339804,1
59,28877.76861625827,57703.317994851575,21.473076164585954,1,0.8819230045590193,0
69,12394.231788624304,63418.33674063794,8.482437241626196,0,0.8881284767717318,1
52,29495.618285251338,109696.09732407678,6.5438692853244005,3,0.39610698382856024,1
23,52298.835435182635,81460.17831002368,4.44123990497072,1,0.25916129800641297,0
56,78546.57303189539,211407.7216674825,7.346386751502055,3,0.09841229257412343,1
69,72433.78284775838,91873.60176618716,14.690460474854596,1,0.6724076692894153,0
40,54581.896632927586,116760.9173108686,4.598290348828809,1,0.3301677650916687,1
42,43536.646685950305,147188.4392399661,0.8398052847628235,1,0.2766662651846552,1
67,55376.247128243085,146228.89329314252,0.8947860165286965,2,0.37143812000443976,1
60,39627.24005030848,111664.37907786897,4.383701364606641,2,0.5547236785334687,1
36,84367.27991527751,91943.62566569995,2.0283396917701992,1,0.16192526266031726,1
22,46216.1963744984,201201.42681896285,12.053490034299903,1,0.9613375491022667,1
68,48273.24283506546,95011.98623428667,4.729142719818115,2,0.7326140945405608,1
28,10000.0,77915.49477857597,5.642666659946079,1,0.046785663544074874,1
29,46091.30306954472,67707.55058529908,0.02918858229385709,3,0.3067877856109169,1
27,66729.68275929883,13659.839864662208,3.4542346614295476,0,0.0502724371688561,1
25,28645.548459229096,141080.78761185816,2.8208218977090853,0,0.229489199370147,1
41,34985.59331014374,1000.0,6.118698726342466,0,0.28659088990557335,0
45,65854.22035467329,99713.85795475397,2.4115039342126967,0,0.7179797279347058,0
58,20466.855529638935,89756.96828643075,18.769764060517502,1,0.7187398554862774,0
53,71156.02015083836,211998.25961157237,5.54639257914899,0,0.04532530863217743,1
54,39357.12219653796,8417.438564318683,5.392847467875407,1,0.588127646837698,0
38,42228.63559017594,54944.835650782145,12.587633410126069,1,0.9609106311925408,0
25,27522.431897488117,93195.17706591754,26.700734653257193,3,0.6283650452977527,0
26,57560.925208557666,90123.53312654159,1.1021155831605702,1,0.9605473257452513,0
64,99197.4397005876,72522.77045949775,8.31770583993445,5,0.38055911696983447,1
32,65629.94478921263,95950.60452989163,0.8855925526601702,1,0.4597782911522137,0
65,32714.294761189285,37021.86355651294,3.0536299314559914,1,0.49548651199645855,0
63,72712.41170982952,117859.64394974695,0.5278327084679414,1,0.9239470947050151,1
57,43666.40908131501,1000.0,4.882473018858296,2,0.3802810528497932,1
35,77489.69962855119,98711.53220613714,3.1604312782061177,3,0.9834184083669464,0
59,66133.52804328725,69982.16528682134,4.953710426959484,1,0.5431260351434317,0
37,10000.0,150814.39713783178,5.665409272888607,1,0.2181207225336692,1
23,29918.40734089945,187765.55353166524,4.8304553121094225,0,0.10368804859719982,0
29,68887.7044567078,83447.39156248211,1.7409064624589623,1,0.17287275020088233,1
19,53033.14544290035,169536.29645707156,9.068772702526555,0,0.03928274292052547,1
24,29524.881045842987,84194.18596847946,4.01130921971426,1,0.6923102532649756,1
33,37328.209690123746,51693.6738435455,3.3652638930608743,1,0.5169041800773241,0
20,11875.267598212391,187295.181609281,21.738630117316674,0,0.7379238925560896,1
62,48232.53424947208,126038.82223670033,1.6669403347740406,1,0.7822621216757473,0
20,94213.79452031528,100221.92613049071,3.754202503721065,3,0.9313631547190794,1
44,66098.66781464651,134358.87375493243,5.733625524523146,4,0.11699832768883034,1
67,93808.34002376845,113710.75175650837,0.6689481751638793,2,0.18610324411884327,1
60,67647.9417957996,96539.0296029241,2.1866346704029422,0,0.5482743215433141,0
57,70549.58686705383,33678.25863460018,8.089586706902828,1,0.12952431288518118,0
55,89481.57375490048,86473.16314193666,1.3509021814427018,2,0.0927217265052177,0
50,57545.265186844525,131162.77117292365,3.3990857564722847,1,0.6663375988472318,1
45,46255.453569862395,93861.42871565947,4.979790339394995,1,0.7247115157685488,1
18,70653.15033244024,145116.2880565193,5.5609556255738095,1,0.8434004928947234,1
25,79076.8047424377,119182.75119333944,6.515475977793099,2,0.9157466783846674,0
54,40400.70714575582,56093.18409572965,10.048731087789172,0,0.44249944465459834,0
49,35568.61835319942,34041.40210839381,2.4949747732607785,0,0.979874338209716,0
65,52777.1206486176,92141.0750034916,6.131636164883228,3,0.03788699270258533,1
60,66629.97733863324,73788.57759477061,6.587100908427507,1,0.8701276220172703,1
54,65961.82097323124,116816.0904810843,1.7853331755341608,1,0.3214758580703455,0
21,21516.64799624802,64093.11706186351,17.234837711515134,2,0.9217145021280578,1
47,88232.12134126644,69230.38371225615,10.02052663715547,0,0.22260438702313656,0
23,37176.70141206299,152653.48587974563,1.711475081634331,0,0.7409936544478564,0
63,44698.70006222841,107410.14843139489,5.6207071593257565,3,0.4254567760313054,1
36,31946.912800243605,64863.64672863536,6.325707439135458,1,0.3814648400257188,1
49,103966.57671874175,100882.09043675098,2.8236259108476336,0,0.05941945128628978,0
26,54841.41340575935,168945.56215008412,9.966072845776925,3,0.7059117267174235,1
29,32980.4983863687,114689.33441373613,5.859615526781029,2,0.1753527602966264,1
28,67278.47099924892,129647.54047125648,5.3669847000214865,2,0.46299316819081304,0
63,65382.71558620066,62388.27317362787,1.2476967023825623,1,0.14130811416941802,0
33,46245.45952840232,151320.96885673003,2.619911568018516,2,0.6044778181320027,1
18,66812.13425566767,215905.1130231901,2.845121325796079,4,0.23106123471947015,1
62,33494.160783382715,60426.61787435732,6.614928540657647,0,0.5943965308312691,0
38,40141.63450101495,40905.30128140053,4.81684022555861,2,0.9466157803826566,1
47,10000.0,108777.1121917574,0.44886096245946283,0,0.9209185003835537,1
30,23520.978315608743,143775.25249222052,1.838664664422822,2,0.20046435910899807,1
51,86152.61611341371,95430.51639748694,3.203224378985003,3,0.09918560946031219,1
21,82828.57255444629,47339.68019786686,6.672931734985161,0,0.04266110233556686,0
45,51315.77297297925,94570.79191098051,6.804480818388243,2,0.8285046196765872,0
55,83258.62894379675,129904.61363887273,3.372052160177758,1,0.24930758225940763,1
48,46798.5102678339,79648.40865269703,0.6217675201442077,2,0.2839373643558689,1
44,45131.79394864184,130362.75088774608,1.7329399676285508,1,0.22624527834886554,1
22,51130.21296931113,158235.53926199552,1.4697911804543293,2,0.840083955221962,1
42,47501.568093528695,112011.53128852238,7.594020757262998,0,0.9789019954063023,1
20,45696.07352879639,98602.61143608537,0.9921712431305543,1,0.7551866509300353,0
50,72867.96214299105,141467.1962613141,3.1267064753328935,2,0.8235778604691902,1
21,53002.71307912406,57194.958628138476,5.554215963505692,2,0.6205004605193377,0
42,64249.63528867609,52264.50831535387,16.731579458156585,1,0.5287749083964787,1
37,70627.61050554662,86671.38575355074,30.0,2,0.721578004790515,0
51,57763.71591309467,75406.02725927664,15.279762638455681,0,0.03576287880622031,0
43,30594.573481835225,59832.90123547623,6.333539789273411,2,0.061400525603396705,1
22,22942.682220719224,191523.42374993872,6.860790414385914,1,0.6872734885761836,1
52,52975.612696146105,208599.66047471456,7.119152500094867,2,0.33506996458705807,1
45,46574.87390350131,82314.74788722089,9.924471957135026,1,0.48883435644827467,1
46,51747.828578402434,104585.94748741828,15.160473514106481,3,0.7819925636599101,1
26,49678.919215028276,90607.85899681045,2.950301539034681,1,0.5771579084069339,1
69,101671.47320333135,155374.96200590782,2.693647350875117,1,0.8052618746630578,1
55,23395.47488717324,165282.27809200235,3.085233125256956,0,0.4191552421706435,1
67,10201.074603577508,11136.810065517668,5.39136037443712,1,0.28742335297154475,0
23,56647.53667039219,123800.54000328129,7.468181888334284,1,0.23483690888386877,0
36,42471.548908236095,34658.93294194258,10.222086217451242,5,0.1316809510731971,0
61,56321.35739459902,187913.60789376392,3.04596761575909,1,0.036796522273958354,1
28,61677.66044568003,122012.4015105199,2.2578538251370297,0,0.05314901568340458,1
19,75682.09390357794,58832.523081868196,20.477510570301934,1,0.2709988271328142,0
64,19855.483592321234,87933.93060310734,1.3190961486284067,0,0.27841259434457,0
61,38865.642042856736,85551.13708669208,1.2551748490026784,5,0.3817845290332107,1
61,58575.22517761528,126255.64714429078,6.283483938594915,3,0.5916173712395055,1
26,65409.27191374453,152095.63020887392,0.9901654692063587,6,0.7592995351320607,1
38,93868.99100576772,42589.6354014145,2.5492055406872787,1,0.19770500805875724,1
41,69114.07942227734,191937.72504560568,1.7292884689895645,1,0.7592481765989892,0
51,48864.22808227446,180284.50539104216,0.9238855866241013,2,0.13898952779136775,1
39,32191.28494114677,56233.821620447736,4.3340188038207845,1,0.9886936206898731,0
20,38714.20294561962,103640.08971811547,2.3381242300138467,2,0.2850337830826134,1
29,38145.94354085787,185540.4272057158,3.1016603954672126,3,0.8373350147041493,1
45,63104.672570275216,161645.92933387414,1.089928161550877,0,0.19046582788915334,0
47,55139.94891171661,83162.84849760521,7.302219728242503,1,0.9506427804372567,1
43,23527.00858315642,140716.99072839366,1.8895810644884714,1,0.8266267852122119,1
65,41281.97061819134,249859.91458595693,2.0982120060899856,2,0.35938926054703413,1
38,67550.95106902841,105257.99909256061,1.4527907693927542,0,0.4214717260948545,1
45,57033.24709948118,68367.58742799904,2.849372400237147,1,0.003837993522976091,0
43,61372.892320255414,108620.99260456995,3.1141577757167695,1,0.25143224431296585,1
50,57658.43420114526,112327.6047748659,3.7715707330932737,1,0.2892964559519515,0
38,82528.61469217719,73773.1630499951,17.14309191934679,3,0.45273869895992847,1
52,54720.8612764874,122081.25339071084,11.75319756184978,1,0.1390498139951667,0
69,42279.54404258604,37279.94701362494,4.70026197418479,2,0.4787668881222493,0
51,31684.89917732879,66723.30664956605,0.19840212639165644,0,0.6684684854192521,1
58,54992.189164194235,137912.2388077399,4.7371057310442986,0,0.3712822981433185,1
68,10000.0,12256.45742288744,0.46973288686687353,0,0.232195275565526,0
64,46314.219963345764,145158.3795997388,6.195310452269984,3,0.5477164869538947,1
35,45883.20280157312,1000.0,2.4721180969685426,1,0.029003902960276995,1
28,22710.58292765438,13433.771056184254,9.09143593871088,1,0.340837450776448,1
40,31434.683226880083,75051.06284720573,14.282395369365366,1,0.527590242908014,1
65,66193.15060296483,114343.19214096753,2.6987868774705106,1,0.3358428161985224,1
39,54614.23498149925,166263.18015636943,3.086074967320248,0,0.34543142609752775,1
34,52035.76667414655,102881.13815797977,4.459790688862709,1,0.8482966626372033,1
22,56126.95067864045,87672.3196212005,1.0978293060458706,1,0.9339917871951645,1
61,51852.55175897847,128979.06239924021,13.109328636463838,1,0.8273926473486587,1
28,74857.2512571663,56455.058976603286,2.836979228135923,2,0.09886745007848918,0
47,52468.58363407297,106970.75796732031,0.9125298844875268,1,0.2897424443809963,0
32,20835.737723624992,40027.687102232005,7.192821364770706,1,0.7112943666916648,0
44,82602.59929748821,104129.52584377065,1.2368698333901678,4,0.9743927950026582,1
52,57406.80534657691,93508.18370752984,0.7746757084375978,2,0.24228154847008065,1
50,38214.92538409865,59786.60392752913,4.137646966506454,0,0.8982104790893005,1
37,24931.96563409963,108252.03182688696,5.566019988024889,0,0.7390149871630681,1
33,57918.28441916091,107927.48265798214,4.214768523971796,1,0.9834503663795322,1
51,47656.55990051249,158772.70061695675,5.342995845513254,2,0.09358548174173409,1
19,81482.93572064818,19718.329846860623,0.6137995681986085,2,0.3947457481930373,0
52,43081.85438666344,96197.55461514786,3.2314900934827406,1,0.47811500233450044,0
57,33252.38420635066,61986.880014826034,2.208197753184824,0,0.6720826252445783,1
45,67915.92436471856,143488.1029088146,18.128324590312527,3,0.653972036275129,1
64,68505.63785433663,137695.60325960664,0.2544875698025104,1,0.9063453447142307,1
56,53373.02735220391,125393.99225343106,1.771205277390797,2,0.8386731225883318,0
23,63527.140953498165,64808.33709652685,14.2246956131961,1,0.055372668916179646,0
26,49246.25758515524,144273.52914700477,20.520818013323,0,0.48654012300988714,0
37,54677.30202018494,23493.453562833412,8.712036107489759,2,0.40706123021909957,0
18,73299.81765127846,13234.46482036142,0.3952065346355862,0,0.9971445865253747,0
25,62506.36668043006,36206.4500049038,4.12032456849103,1,0.4272581942444913,0
40,46614.511233347504,98326.2594836547,2.55515316281485,0,0.6826191400026863,1
20,77047.25091852302,133758.2200494147,8.211163341810838,1,0.2844294331338906,0
21,10000.0,1000.0,0.2829799896224616,1,0.6146289559173769,1
42,91041.4662284387,166137.14159398933,1.097804580891165,3,0.20663308861843332,1
64,15880.818102185294,106555.60980892171,3.3588374797418723,0,0.6036066556496119,0
55,37458.14350455408,21611.382620511242,0.8577844985531989,2,0.8681902385879811,1
32,49181.64929609862,105047.34851447905,5.8999004382197135,0,0.01923779144588711,1
38,47070.386585436776,154626.27073392097,8.595349387110284,1,0.504586409539346,0
52,70128.2208005311,129972.05076531295,6.095768831615827,2,0.9823706243563979,0
63,28843.267627795314,154953.6531276983,2.90162627567006,3,0.15926252244832007,1
69,55215.336349661266,31687.668530144452,10.534584428751288,0,0.1834123280488884,0
31,38435.75803560492,79299.73824307977,0.7406797912926739,1,0.470823721101543,1
53,55902.81958674833,53765.3884738234,1.5078137164970837,2,0.8709931803269093,1
29,48704.55480404247,185879.0102522159,3.3622119120282146,1,0.5627596094371143,1
34,51858.71305365956,131968.1421743315,0.31650229994761714,2,0.5087086445705841,0
56,39001.50335071309,242350.47944788204,0.5028919611078799,2,0.08675705910462117,0
26,39798.72099807835,76619.52332913862,2.5328681459573277,2,0.961986014574681,1
52,55745.45028054854,63766.28941588476,14.401876156500542,4,0.3471159314796992,1
30,68874.31011512088,92858.66807024248,11.952367542001843,1,0.25180715214756266,1
32,38034.41331604304,168917.86107112747,3.1365617962731216,2,0.41174394474305165,0
35,32624.649108541806,81694.01553123264,0.7666799019042325,1,0.4141821617058198,1
68,62269.20331343674,106221.87989534721,0.9807293041116052,2,0.4585331087280595,0
50,49349.92213884621,104834.53514434097,2.3704281834400462,1,0.6885382018791651,0
23,66609.96267971904,101974.83806010947,1.179081278814972,1,0.8679465686144652,1
44,31884.05573257705,67380.0769768761,0.4331059622823693,1,0.0573128801268562,0
40,14411.221491531382,93135.44660448167,5.600877822839997,2,0.49076856466670526,1
44,39339.91836347331,90994.8699324321,4.3547783364728385,3,0.413978124826072,1
51,34672.94781469968,99621.76701626755,1.7215919928615266,2,0.010880112818823284,1
63,48424.231998394,147175.8409076354,7.546795208121278,2,0.816489450902502,1
55,37263.09571459221,188031.4017312246,7.479405366357501,3,0.1043132011207234,0
31,64820.33902672898,57978.26186651466,3.376555665955468,0,0.11474800950700492,1
53,44236.994751549675,80400.31876061425,0.5075760113150628,4,0.04829841805170332,0
25,53009.48997547802,58749.40507969067,12.533884351616596,2,0.20042163381448386,1
52,53152.69116881888,109355.07686111363,5.523059102723684,6,0.17681628155449824,1
36,53899.10184824375,73082.52712445115,1.4187877118666805,2,0.34786583608849486,0
47,49517.41779090053,111989.84168709944,4.713873624019092,0,0.6592703942510297,0
31,60212.01380820627,155181.34552223934,2.5961500076525716,1,0.05429422762847902,1
37,34086.89732348385,1000.0,5.044081507901198,0,0.8602757601747865,1
66,77988.35853307767,124588.99448003454,3.2110432549146433,0,0.32657861535655586,0
42,45269.252332629294,76990.64755510606,3.322527977077157,1,0.6066073310719251,0
57,23769.017242026366,123021.11339921945,6.656798269892561,2,0.012005112210754287,0
41,53761.46713983546,55176.52811248998,4.756038296898637,0,0.3658079150683671,0
31,32976.3903510503,159813.04941534376,0.4166509385026066,1,0.0020509119053683245,1
43,63306.6906901775,145664.0309020142,0.3380418505766878,1,0.16545827357721665,0
55,94192.11152084755,128417.60742713214,1.8192836243393522,1,0.44785043047131845,0
40,34268.558168842996,139661.28589050492,2.812752920914554,0,0.5350874219497498,1
39,56647.44666447969,62718.976641391324,1.6094532471661693,1,0.15292859972134565,0
65,14889.888225907445,69018.81226553551,5.270009352682717,0,0.7452162776156523,1
36,59078.104588826944,137621.81004087397,1.0852354361522307,1,0.18900366552060455,0
63,32285.724004006202,61613.542861569396,6.08936307659384,0,0.1158450921570573,0
68,37503.30763131035,172281.75233290435,7.41734771635869,2,0.33342451276117435,1
20,27974.27020320344,83820.44643594843,0.6637688044103786,1,0.5514286636609532,0
59,64643.02452109471,125094.7194930311,5.260641671114397,3,0.9889018164197482,1
36,70146.08714946525,204962.4759627545,16.27717727623992,1,0.41871572963515025,0
26,50467.70429317015,64688.83229659617,1.0710665820150398,1,0.4259964172421108,1
45,32711.465893285607,103438.08754223914,12.00114568209138,1,0.05933347011652168,1
37,81790.46072207725,152709.15823186538,4.657630378775517,3,0.7658196731593034,1
62,34991.79744490687,147563.86944382655,4.469526666619465,2,0.18178300186104335,0
24,10000.0,83609.23448803209,0.2665961065979271,1,0.7448035645453781,1
31,59167.780199141365,74163.4781239073,6.89759241433052,1,0.9106168777299414,1
26,27904.506527169666,88343.20337274742,3.253054586612821,1,0.7682207620913613,0
36,69772.17586998349,172392.8883075682,6.3858437646670545,0,0.6424534204122149,1
64,42377.246066531625,86044.70718200268,8.282152431660712,3,0.6039162954886297,0
69,62074.26481088392,103905.78462417325,3.709548645962374,1,0.4536328924145404,1
31,78030.00693104316,78660.67645382875,1.5302100349415446,2,0.14454269511637696,0
55,25822.82270758556,135277.42823979934,0.763265209027097,2,0.7788386091217523,1
53,38681.25738215189,107776.25187918282,0.8747626420918653,1,0.4773222703925938,0
57,48486.578546858735,49828.309462088546,10.084574738522802,2,0.6256458231356443,0
34,80751.02638068688,51558.79429825028,0.659538389988053,3,0.3740152289134424,1
47,36832.34564119109,1000.0,2.4281784632913688,1,0.20072271968043431,1
26,38109.926081019854,58433.92954371919,2.0343903765493696,0,0.8065084637882626,0
50,59562.81151111617,139697.2901816086,10.029307594638992,1,0.34239980557379013,1
69,38455.42548578858,166188.0269006134,3.247503499957976,0,0.8666800289714118,0
42,53050.51765795233,134277.9181608592,28.1989949334238,2,0.9657249025226818,1
31,18969.251580637465,127731.61003203406,6.679047146606541,0,0.8299885272070364,1
28,94286.59885113193,93673.69752356752,9.516480938918754,0,0.1281380452908507,0
52,23045.815393811932,138745.72774569935,0.5194317140719497,0,0.8550109273574434,0
58,43564.94592019583,114313.91115409421,1.4591349556206894,0,0.5193578254132324,1
31,49350.37928315811,190222.44859935623,0.7277086908445014,1,0.24141160089764646,1
47,88253.76268713591,95077.73429116257,3.1145804556452212,3,0.09315603362614566,1
58,23503.084381345197,167150.40418680655,6.334340948077346,2,0.27850983912991467,1
21,89674.08270957503,143705.704090893,0.9260099154257538,1,0.1374270821762149,1
21,65143.53642204045,136772.16431020794,0.6972790774598719,1,0.02564458220143273,1
45,58341.90648846492,1000.0,4.767481118898079,2,0.9877643491141077,1
25,30307.326259640893,146459.47807738555,1.3088551018201406,1,0.8315422484030264,1
19,61422.824840761474,93624.60105454233,3.263146850330716,3,0.7389492630968597,1
58,35530.267551604,77803.67527825541,0.2623527128760583,2,0.19301377119327878,0
63,75333.22506396825,25854.347941104337,5.706755784641636,1,0.027736438950848763,0
39,30578.759417845336,99720.64330159084,3.8969729560533377,1,0.48520388257469105,0
58,47736.83011087832,101677.57984091213,5.212429771442238,2,0.7416944299363228,1
33,38894.53823973657,34849.903909259774,1.610721527501152,1,0.9628373633597624,1
46,30249.540751460107,26335.991355315404,1.63282817474028,4,0.8438836886031547,0
66,64826.39633815829,124330.97400640557,8.08131910744399,2,0.8935023559945575,0
65,60709.17494819267,143585.25655306884,6.339221082103635,4,0.23866274774102803,0
47,74180.20397801994,109514.14549612108,4.334273538712252,0,0.15532601762336873,1
29,14402.49783583665,157541.73248421814,4.946235933459077,1,0.24778177009337177,1
52,71283.41404682088,95680.75078242506,0.4938236868718836,0,0.13857947325836095,0
28,100108.97810713787,97282.43627998988,9.695661509018267,4,0.7984838237117923,1
63,40967.17821646106,54148.598562960484,7.346359237151866,1,0.9030430609658255,0
67,87902.97224217938,21987.901122314142,4.4639885073945536,1,0.30734202626172047,0
38,44736.77455880347,192733.10669297923,12.54160096638644,1,0.8769261829390843,1
38,22551.80524877386,156564.9525124873,0.92344924111405,0,0.0550351801589134,0
22,43887.35115186409,30374.371643076083,5.802290368924695,2,0.6773565396271768,0
65,70964.07935350551,107787.59539156403,16.481724958433322,0,0.5274932098957921,0
37,33236.47035336937,94997.68444481667,1.855383368027753,1,0.2767432956197823,0
54,37993.22681987026,86300.37634184783,0.07705223702214646,1,0.7682010953414372,0
20,61870.78864586382,79549.10760925303,6.63762726685891,3,0.21204728144672835,1
61,50061.20233477146,119063.45734839895,0.03502400444843004,0,0.4161494874275561,1
50,61692.45904973482,140908.77627357372,10.299514321848202,4,0.709859336072883,0
26,54756.59081516672,120119.55845141027,0.28974143379141765,3,0.33822898114186206,1
26,59592.50639103146,93974.08128104031,5.288763584424475,3,0.8553601855897258,1
21,41353.97628380918,92138.664155444,2.367521904046736,2,0.8654270106396394,0
52,54634.61884060785,146840.71584613333,1.136640557663404,0,0.20253041972801933,0
34,31452.53988608133,123172.24690580311,11.426595059565873,0,0.4403899886650794,1
51,75768.67245006777,103634.47315177166,6.856947008367475,4,0.4320126432897782,1
41,37314.50566365373,98204.93511999461,2.0809159565739983,2,0.41004513530079567,1
49,72576.94975098778,117263.52548061444,1.6714447586163528,1,0.5019721381862785,0
18,45327.86078034269,76582.56557202752,6.659263728561876,0,0.0743663140853692,1
25,54039.980215146425,141076.94086541052,9.056875905723725,2,0.8700499953341905,0
62,40100.708982185984,46207.07190810666,6.291273226108613,1,0.2899147783531113,1
40,29680.09137663942,79427.17451167591,5.108106587618073,0,0.0018123934538119002,1
64,15104.792247893973,130555.3047723012,1.293366137392322,0,0.6851039326690107,0
57,28893.51682815081,43355.85933228634,9.579950666778094,8,0.6504720837608738,1
29,43521.822935681565,21349.572867524985,6.924716040858938,1,0.9831622132676261,1
29,54237.58357657768,103153.883771462,3.6415333717700493,3,0.7192472144074453,1
63,70207.58626566528,15177.092277676464,3.5829774013784004,0,0.3327061081562782,0
64,41084.850804063026,35059.82229740693,4.210243630566248,2,0.9526175517984088,1
32,32360.78471465652,137829.7059253216,8.8093451879274,2,0.3653457992623681,1
58,21145.70427994575,89760.73711971322,6.779011018338807,1,0.8212446859075975,0
36,59601.272358082075,164274.34748544928,9.698223875933769,5,0.3356740692451857,1
43,77663.89030658687,39759.28295312725,3.5390992141991418,3,0.04870831349019955,0
69,75326.60535912577,95302.38171838578,4.899469240107178,1,0.7337848609943546,1
46,64198.65496294475,119979.22766038796,9.64036416188099,1,0.3502109307518656,1
39,62770.866345351984,41474.253493554555,1.3219118885928502,1,0.3388876990352857,0
57,83952.47559418682,151588.09522498123,2.9351209006436685,1,0.7158516268665002,0
38,56641.62922833621,125533.94415830194,4.846509570450298,5,0.3220378610700598,1
68,62922.59352048343,19535.645665628297,12.3341308967712,1,0.11801270421302457,0
55,43584.322762960015,98112.91018956997,0.07981370187214508,1,0.4045102519056054,0
37,22759.13258290485,119297.83681293164,1.1949240593267183,3,0.8238440395488335,1
46,36323.02199000848,70497.16632359714,1.3358070624732286,2,0.13020448800646023,0
68,49816.81922930689,26006.754724559316,1.977173013200241,4,0.5544807757638369,1
21,51215.70745002606,113922.93947237052,1.6549428402065767,4,0.13225929394371383,1
24,88525.71709710787,210562.14751412807,4.459683389798093,2,0.04918284843948173,1
45,51625.543351821376,80650.79504211548,10.841156754103206,3,0.37870977456529276,0
45,73576.86888051288,178462.05906423542,5.066457013513364,0,0.6578833163302649,0
21,41298.45516847368,62385.558911926586,1.3822374795396177,1,0.2749873331962748,0
39,43766.48228469532,110777.28175049758,9.966423818015706,1,0.4457311477374176,1
29,23419.847255531033,138576.12654380596,4.998983877930888,0,0.4913309247431227,0
62,35153.43974246857,99579.31670143174,1.235658173921323,1,0.8412902813418962,1
20,60539.627827275064,85113.21755593843,2.244472315816011,0,0.8189792084053514,1
39,50151.203607882664,136306.3760675187,7.802400876761883,0,0.002347209850922294,1
61,68858.77239794467,194572.75576346106,6.7148561697587725,3,0.41391899421916933,1
19,53625.078966901005,115029.34623195656,4.296981404343821,1,0.6560910319600197,0
41,42950.92536724517,74196.99117348263,0.7819096019574646,2,0.8523961705615941,1
51,92965.93727573918,90512.42213701585,8.130105719274374,1,0.04889778331779282,0
44,48121.928625739056,225985.38228226872,1.8375422793953193,5,0.6282483184109164,1
58,73260.01939410609,106745.35581690639,7.383238887972977,1,0.8420194975661153,0
18,41975.815869106445,70279.31507110136,5.214464730605655,1,0.2550760205833743,0
25,64191.98958767133,42746.604175873006,1.5337827397501125,1,0.20525633136665666,1
40,68560.31318303374,8704.94529436971,1.1936293127730853,3,0.4678493876066028,1
55,54169.83941151162,118179.21369230951,0.7015425172941792,2,0.9625795817735429,1
23,10000.0,132732.09964122518,1.3850048393550987,1,0.6928863945079552,1
39,50365.04921712226,80165.19100173966,0.8588611206482543,1,0.4244850464717135,1
42,74609.20095519951,99251.4790984523,4.799270524943408,3,0.020862799944167176,1
35,60549.61666055461,41476.91453556881,4.5662657372582895,1,0.556725863437884,0
34,58916.777504584934,106646.42324137506,4.411524978648394,0,0.3487880017969158,0
29,15554.861320849617,124074.76602835623,5.1345727223969835,1,0.18571364215303654,0
23,35590.89858649882,73241.78664161812,8.431177251731336,3,0.5001481022022287,1
43,58227.15262302878,184522.63347929198,12.241102164358399,0,0.3413826339672049,0
44,58207.66553573784,58144.68366265442,1.3092629733255219,0,0.038724682791928755,1
25,74293.33560265804,114173.83020094912,4.430923627086156,2,0.7255060202316683,0
36,47102.66489707811,142415.86098523028,0.40787393529616045,3,0.7325829199625044,1
59,58116.481733476285,96135.52499253087,0.6399762318931813,2,0.6188314497587254,0
18,50327.484838625875,90576.15905527544,5.311488291989489,4,0.8408206534962315,1
46,30261.145269968863,28556.692477516888,3.3333107467109486,2,0.20318154378100617,0
62,10000.0,167867.07478581415,7.100953774411965,1,0.28620155161413063,1
66,58620.19384260153,91505.3399166202,2.772820803252787,3,0.4586557828766654,1
52,53478.944168256225,126868.27124674123,0.6825270923379234,1,0.06017518398717969,1
57,37636.49915799662,133636.02439300704,10.28072136746189,1,0.883545779908167,0
31,17616.538869682703,68585.07539911235,0.4326309525326338,1,0.49062860790651497,1
52,62594.79028817476,90123.56978543925,1.0472181422504259,3,0.32466324227745036,1
65,44681.59851608896,166724.1175371752,1.6215703002438075,3,0.4779634473630291,1
62,61137.494447362915,44140.11671297775,26.7803755160644,1,0.3251298217362385,0
37,87280.97060823516,206395.90373786283,2.696638379334026,0,0.2862634204326847,0
66,10000.0,62756.3607361863,3.482850465013456,2,0.44801843925703455,0
30,36007.983825952724,41024.12716797441,7.341791822279584,2,0.48190467238506807,0
55,45812.487733761736,106615.45103442673,5.058718907828169,1,0.4333453933722776,0
66,79096.52348293301,210417.41321699356,9.207502222527705,0,0.5479309532061978,0
63,17271.939615870302,4451.70322038974,3.3318783697703895,4,0.7833790022848519,1
66,88717.22051361209,92949.2140755154,17.90958486022876,1,0.05726819166468122,1
25,52717.11803132581,123813.25086282779,7.968126998532977,0,0.8115186866124906,0
60,48079.986765322836,101682.49792677657,2.5655193208737304,2,0.22853439235618134,1
37,46038.804735621874,119096.08350015047,2.4004461756383924,2,0.25209291655706756,1
50,41274.73935639943,64098.34589138629,13.260088207123497,0,0.5994664890668177,0
43,70962.3351853831,70013.90770343094,5.766646171884372,3,0.9756713027758329,1
56,28629.584918351222,92578.86764204002,4.856819416826431,2,0.017399333552498675,1
38,56908.28363287707,43505.59560486244,7.090589761440771,3,0.6731335896142853,0
66,42316.36668586049,97765.67992799052,4.114387069327235,0,0.6968972059160002,0
59,34757.33102971804,80562.73531642492,0.8668097099314429,1,0.573651796007669,1
60,101719.50351367792,76497.74074225657,1.9225470680597683,1,0.00969011439622025,0
58,58381.0146950692,116025.3206299319,4.081603309721401,2,0.6063517967866069,1
26,62265.31089322288,8967.025340034801,0.09167441153374123,1,0.1150213090526434,0
41,72755.53561337324,88545.49483084232,2.875493833603804,5,0.07806768925740004,0
54,21573.001093629056,215867.68828074305,7.048897540108971,1,0.696061584904948,0
66,85045.83818244064,45694.51568371875,0.897033073939647,0,0.700234555618202,0
58,10000.0,164275.0248242207,0.3336857492600277,1,0.8899118681936705,0
34,34624.67179922959,102732.80604563493,9.04033277155112,6,0.0033804689093162033,1
41,40819.36653642199,69852.10955592908,4.802178034208878,2,0.3787598541202084,0
38,61634.46729941012,33967.91702350967,0.9714381627686662,6,0.012271998955288854,1
68,54374.365322829755,106984.0982642616,8.207352108855929,3,0.36466254619424443,0
56,46663.70518603214,172669.8552907338,5.366615925979432,0,0.4916579383346227,1
58,49760.05310744552,80539.44274016182,2.033223540176681,2,0.5297291615500275,0
56,30439.539529548634,95951.92876316133,2.3595974924525525,0,0.35593271356659417,1
30,20055.352110316537,150518.54250951658,0.8473514254619073,0,0.725301368106488,1
28,64530.2324467212,117043.53956731404,9.016800309597608,2,0.41559492275121823,1
63,63874.1222507237,21386.21101377107,3.556623492076553,3,0.5171265423132403,1
36,81689.88750314117,104944.36079275918,4.071142861326265,3,0.8000876009861674,0
28,34199.65806369584,175611.7455332799,10.748973054700237,3,0.17430276633440045,1
30,63856.30420601845,98152.94067662509,0.07978629496482724,1,0.32089523256181973,1
63,44325.86543270537,1000.0,0.3463380953649872,1,0.5214296006680305,0
62,73809.49970386965,119410.74957955365,0.8811744819149774,2,0.767618224964933,1
18,70439.25553356283,90077.17802279821,0.15249095404823504,1,0.42535542748900657,1
57,54224.18798448914,8545.279303939154,5.367006222546214,2,0.07276677227003481,0
61,43209.39686668027,16039.595497310787,5.02396338952744,2,0.9888305318720689,0
36,69218.64357216522,148755.35716444044,1.1836895802459293,0,0.7079107226828931,0
29,62938.09046513132,63380.862720246,0.8091043653128484,0,0.722735135947622,0
25,36311.19195827635,54625.1809632004,0.7872747560424456,0,0.46510491152146904,1
25,23444.026530411382,98218.07195341657,15.313786838923157,1,0.547040056942646,1
62,44229.341986364074,67789.85008400306,5.912761494998323,0,0.9940484437835113,0
29,80308.27630696418,105002.43138888726,4.402553072994348,0,0.5951157036774508,0
65,72929.74317466076,89863.99852816648,1.9466317450328285,0,0.218929466084955,1
50,27753.450606588387,40000.220995317846,2.837360824723673,1,0.9643797397192534,1
62,26644.85168200158,74440.11007193077,0.46829007350084084,0,0.5377626824461089,0
43,75493.67699358973,122137.66606545523,30.0,5,0.020673348874929776,1
56,27287.281904843418,102095.90201193128,7.034229800988472,3,0.5733514779903137,1
45,60185.90647284016,95902.87588040844,4.857077268655862,1,0.07047560300619526,0
22,37678.575693273524,196869.21205896922,4.43083514546235,3,0.5275883103536512,1
25,82340.89849043365,136551.87626927678,3.5090668389279704,1,0.8253316838683724,1
42,34591.50401724242,142622.0632410671,1.4881733628805711,2,0.5388663711522191,1
44,72867.23060411657,91701.57961025376,1.2834396493914255,1,0.37345333390966473,0
63,53697.17308120729,111007.25951756375,3.987346257820805,4,0.882609750835914,1
40,55043.897084685734,78445.00052371537,0.3639332289160053,0,0.9275900779296463,1
47,10593.828372971984,138877.48827620642,0.38694797865275243,1,0.3474909823997637,1
62,10000.0,94480.00479504783,4.114156809268974,1,0.49895078397699666,1
64,45588.68119465372,111118.88744652782,12.616910012276112,2,0.9829222960897368,0
40,54938.12126833224,108030.5651077584,12.282870245404647,3,0.1781008458877097,0
66,27496.043445245534,99091.65592972728,0.054436766945487394,0,0.29815323600574495,1
64,28226.131790473155,246909.4033577885,0.5680512323338517,3,0.4284224556745372,1
37,61229.452596522664,66669.03612526387,4.374276952552027,3,0.10088829741580041,0
35,61257.08960914261,66214.42349206538,9.435047073835914,2,0.2720425685242448,1
35,47245.17879224146,134704.83734058784,15.444623020177282,2,0.544688686854613,1
19,65604.0344237215,70241.55004624104,9.851401427625824,2,0.22849806039044174,0
21,26515.95408559707,85429.68193255534,5.660015057071579,2,0.6862849854038433,1
47,42881.301658260585,45679.452332219094,1.119000568953669,2,0.34767148209558973,0
50,82957.55211567346,124577.89597012935,0.37696731163661507,0,0.08979493630683111,1
53,51366.44259879635,125212.86222420758,0.24340870933634595,0,0.7645330248695975,0
35,52526.25029173998,84240.39700382778,4.734739287312305,0,0.5674163041769693,0
54,96118.93171935479,135740.8344240036,0.18429825415930315,1,0.8248692827397954,1
36,22013.156683024583,7093.749313320412,6.720773339868183,1,0.36015161712986044,0
64,65928.6073328422,64657.32992428282,6.232153203986095,1,0.01937943537229536,0
45,83279.725596162,91501.04068945347,0.4147934091911926,0,0.04668849393279462,0
57,43502.841470029074,41385.87515485236,11.855517083882571,1,0.7954498218751572,1
37,67192.61573709692,12564.348129063903,3.6899831284263667,2,0.4106412121127878,1
66,30359.610055781905,84605.20174807764,11.739929821784997,0,0.9763857052217986,1
50,36265.35208865297,134701.0043530371,11.59408338591098,2,0.8303083713969377,1
29,57699.328320952685,164105.4195713256,1.0972149335806571,4,0.016121882644064556,1
68,65971.3334622118,72635.60583973135,2.394839465838862,2,0.8699802000990142,1
32,72418.73024812492,136660.79188107967,0.7229694046999989,0,0.21286617387519868,1
58,81392.57173878986,131827.1019037834,7.457785744128927,2,0.4862649294290312,1
56,48651.06882889636,160930.40871672484,3.5071561490908203,1,0.5061213479377499,0
19,73872.23510345176,82490.44848229992,13.211844311107999,5,0.059721202155363806,0
46,43153.90313101702,10074.975240766289,1.167328300247556,1,0.12566564642211286,1
58,68041.82623176536,103509.29262113723,5.829655941699005,2,0.42304740142540054,1
27,54149.77595704363,49310.31295151384,22.658124755178214,0,0.6426208765553482,0
19,58913.55814163848,63824.74454689962,5.473817451335008,1,0.2644169773403404,0
68,58470.15748044075,84939.04279734088,0.35626604651298527,1,0.526400965938686,1
28,17905.89980404376,83053.61843254286,4.438812177048364,2,0.37913537859535573,1
30,27517.562822784534,107077.96334478972,0.9912959421384138,3,0.6303635057524667,1
27,52050.82879635045,135157.81582098088,0.15488834549557348,2,0.4244373012958731,1
31,16254.418407176629,81613.22083620168,2.0395456913802743,3,0.8516330999216774,1
35,66624.22206399511,119784.87533040023,1.5469403147426266,3,0.983744068549565,1
68,67431.11932576283,100740.80049652526,7.774059734720127,0,0.9130518325239902,1
26,56543.4110575558,146774.71979392227,2.3394736014162727,2,0.1686042354218258,0
56,27577.319744841556,90570.40744468417,6.6017612595877715,2,0.457177678623766,1
45,77602.77877737029,96053.66621127221,0.08186144713404543,2,0.4588177206578854,1
20,90744.21279436717,81279.97760005467,0.07461464258715288,0,0.840466391747634,1
37,52941.53654891948,91887.57300207522,0.14875841057827627,1,0.35718932381962987,0
23,60210.70756902473,60825.593582706286,1.2381959341988418,1,0.5496018693821493,1
44,54034.77309592088,55870.13569282433,2.341926976692412,0,0.6092790032330994,0
19,60607.383779975986,138788.26926413627,4.6805007857071,0,0.11152078559720435,0
46,47608.82486747208,45839.91584076993,21.31282888633006,1,0.5579611305943046,0
55,49308.71520312393,84044.09551510483,2.18794990465816,0,0.24684148835463215,0
20,68114.35200994731,150767.13931354982,0.2863392525599056,2,0.20661688034146253,1
33,96912.48323792881,82364.96024981965,1.0839449323920949,1,0.2503155801522714,0
47,21998.575311965225,141437.02268427875,11.406654550282338,2,0.09935199866756084,1
57,47923.75031194066,70447.71396365791,6.009527881702624,3,0.0697302506219537,1
19,26390.790295358358,47441.819682490306,7.808022553807474,1,0.646866369400544,0
34,81840.49797152166,20258.707254958965,0.6629061104565674,2,0.94097886388748,0
58,38245.24061360203,165636.20346363308,0.7250536510337429,3,0.6879996211440641,1
29,21135.98412428412,43156.44091827923,0.5953030494746401,2,0.31185560861273953,0
52,62763.73997697147,137359.32950625467,9.73047158089856,2,0.33504659496639444,1
60,84886.22229486222,50002.64866033088,1.178406663539747,4,0.541389203224132,1
18,63271.957371215256,165869.19589699106,5.152223223254616,1,0.8663018763116723,0
62,54095.957545638346,210339.13623075502,3.6300708156920445,0,0.20246455034858224,0
32,58182.818455519875,15673.497015483168,3.9305895257367283,4,0.46851136179402997,1
43,78296.81325651109,45762.17829205931,1.0872698286783102,2,0.49894672244284366,1
54,32516.014599717004,138656.59319016122,5.0426619071752965,2,0.9312236222091098,1
38,47763.05791827374,125652.14616829075,0.2202847236404695,3,0.5361528781577578,1
66,40946.19702980934,138846.09273800958,25.158484905463716,0,0.7808586732681053,1
48,26642.693854165795,71312.2224797812,0.1356172191158728,2,0.08780117989925063,0
42,43432.49481166395,199376.70805116836,0.2572904383306229,2,0.3269236127593482,1
40,72154.42191964897,105902.47333448872,1.9626019179045817,2,0.6114234532780711,0
41,61332.04296785451,39151.87115782401,8.907818786066187,2,0.6776379319200084,0
55,62886.21000216401,87342.57499785276,1.4865696294180712,5,0.8852121506921019,1
45,52929.512233066365,39821.65518855837,3.1926796145446183,1,0.5904237448225795,0
38,60466.47565457177,179547.06792770524,0.09070443276074049,4,0.2895792106181415,0
60,33988.19315303789,66983.43685999418,0.4108210800285825,2,0.5390952386967243,0
35,43809.80228145541,124624.17423723111,4.682034160383179,2,0.7115300092915097,1
53,53840.08473937353,76466.342750891,1.0805819329229962,4,0.7843452057177921,1
52,55550.31717763781,69230.63451187435,5.925012142737809,0,0.944584270689341,1
62,56403.75709843746,4487.290935947458,7.694691633457675,1,0.19075264266504366,0
26,47233.29435967244,129908.73014952836,9.496752335223354,1,0.660945160740756,1
55,42451.5319773934,164959.0626314592,0.7181934297172181,1,0.20030875552698324,0
47,113155.42566088596,54201.620931742415,3.0395151871690125,0,0.3178723289884682,1
61,68135.74545864797,22738.544250066436,14.695006690712841,2,0.1427644990314486,0
51,58262.94951905245,140165.80213689146,7.393880657016064,2,0.7729937439058874,1
49,45335.83003587212,17687.932544687443,0.6219260585664734,5,0.9139995204779162,1
20,40975.623461122465,160976.64679741295,3.4908010744144797,2,0.02992880225111305,1
20,47383.988125460884,54780.24385226898,12.779688245303475,2,0.8135080348312418,0
45,55856.57687173367,44835.362858768676,2.8994389661555457,1,0.24175538311379774,0
61,12391.289118738372,112423.12105656457,9.08285191593858,1,0.4869692094347693,0
32,18612.208092506327,48093.03574942813,3.4243449098393866,1,0.7482191796815088,1
58,37262.35222122085,64644.445935339536,0.5647891629830758,1,0.5068543220343805,0
40,54142.78873557137,117699.09663355033,0.7999924603492442,1,0.2312498989031918,0
57,45214.537056962974,1000.0,0.23900097399719486,0,0.9061657009200169,0
28,79562.42452198968,182120.9622964161,1.0865203004922146,2,0.5935826429242279,1
65,20352.064260084622,102182.0066232869,11.203411142175458,1,0.9312555832051334,0
49,34973.090607932594,35351.6993798236,5.251940651009254,3,0.8466413379362253,1
53,80401.83481982202,49137.73153565793,6.713434398117205,4,0.8765876425546024,1
50,52622.386493502934,149582.3189130401,4.859829357341255,1,0.36171273499063983,0
41,67696.85165602317,130052.64675370516,2.4431953137373617,1,0.9873151305698361,1
56,91024.93886538927,169339.03286426055,1.2222262298275903,0,0.852394463692882,0
51,36123.91164196355,65862.85775978825,12.992476889976768,4,0.3376069915192076,1
45,48013.71324415936,114829.19185754014,3.6162774187950757,1,0.8964153574547506,1
54,44551.46198138257,121328.39558918387,3.280219318389613,2,0.7552928303212915,1
24,10908.139910334488,134763.37501261185,27.739138165384265,1,0.7251370257538344,1
21,43792.06392488062,156364.05617160347,2.4219733334668483,1,0.006225830459886561,1
54,67621.2437476133,64136.80470778264,9.625036735110298,1,0.02256791768352151,0
18,60811.790836244814,94291.48661197597,9.914989488511484,1,0.6947925338696838,1
18,62381.6633877602,69492.51272099275,1.3241929828454277,1,0.2786835448917788,1
64,42489.82038721001,97369.40633218121,0.49821607722086403,0,0.058518347167107576,0
37,36878.05527988717,134921.63910314877,18.569984506420873,0,0.2859510607711101,0
36,75385.11343797241,17298.22498696488,2.7747310979830826,2,0.8379094744354909,0
46,40053.65707284661,155468.57847296426,0.011113952898999151,2,0.4706117971613364,1
27,55881.64077586428,43040.893786812514,3.455923874979143,4,0.6155792586722861,0
35,53266.69361355077,84631.48401513843,4.828722855320989,1,0.8005054142712031,1
45,79234.34032514237,162197.09624830622,7.482516332860123,0,0.32337447188446256,0
52,69428.2471534472,116400.48589917026,14.3184452831375,2,0.011145908220815626,0
60,24094.827586657582,116976.497413183,12.335567196883702,1,0.3233210858109554,0
64,26248.936664499197,40968.69773524447,14.078384751548509,1,0.9566783898808188,1
48,61578.19636138268,47795.70320880796,0.16326242727827023,3,0.4822849857220396,1
44,48713.24705241667,147062.81983344594,6.22005424341169,4,0.5698076037779537,1
28,40896.56432092472,70542.82272578051,1.279999558207249,1,0.7604293598010697,0
66,70312.55767988942,75254.40633500753,1.0385210633619895,3,0.11493337857995478,0
66,53749.18764177822,148197.5625527356,8.05516012676731,2,0.7339359668307356,0
55,51049.14773778888,47504.32273152363,2.6989528439454373,3,0.2977544464474057,0
22,65596.572815101,113461.7566443129,12.42053939139475,5,0.38816149560412805,0
25,42497.82010112871,102145.36630838457,0.21680884966651884,0,0.26948986414332543,0
51,81370.37970945108,99865.7137068379,8.102009729101434,2,0.153545546126846,1
65,34239.047535339836,74078.21840612481,0.7357436530902329,2,0.36146137380946264,0
69,63138.58132684176,71007.24092683358,0.9714274093234907,0,0.09463894874199363,0
29,78676.6567731969,46081.791810256735,3.2442326868349025,2,0.8447780598969542,1
55,22454.090214558004,124133.25130206533,2.5175120277995164,4,0.30594635175158647,1
18,43133.29648295102,66592.54042416319,3.329336478295057,2,0.6536173183268514,0
48,72844.14785771116,148437.23105836258,14.069264241683593,0,0.29669555558645166,1
21,73144.8909546205,88772.24792046736,5.355796990595366,1,0.21070404175372515,1
66,46570.08799223522,47077.47552894811,1.7146307649311616,3,0.7136570983968322,0
62,35306.57812646281,88109.30589257897,0.9492010295614567,3,0.62400382054013,1
67,69118.71644661525,79457.14004317627,2.7240348166657373,2,0.21810493121894947,0
22,73670.98205163209,150455.17058640264,3.0041257338084537,1,0.6120961483863823,0
47,26706.733029752104,81549.99053742338,4.597660019371238,2,0.005001677739518873,1
41,25921.727020672395,86189.48093998371,1.5462496683554572,2,0.1769146066002123,1
20,54505.13363967199,170577.3352746218,7.294524136025492,0,0.727753978397809,1
28,62587.21266857784,125413.36607316745,0.5182556955923672,1,0.4101506665261754,0
62,44018.618295398905,183135.30080017482,4.110057275437309,1,0.20362888694892745,1
21,63585.876399646986,162952.25020319526,4.884606538189926,0,0.5059163770202552,0
43,35797.26786325236,55641.87058185727,1.1585984894299481,3,0.46521700102013375,0
44,10000.0,149497.54272000538,8.743826073258997,2,0.6339362925019291,1
63,41521.978553348075,176265.16460372956,4.778174890986529,1,0.07253831994026283,1
60,51264.64293026202,176640.656616171,5.18836984591811,0,0.8193496305255951,0
44,44483.20080207087,149404.79917883436,3.4432217254192823,2,0.05827677892914829,1
59,26827.934726810297,148376.1497454588,12.017235221708313,0,0.4538552745398071,1
68,13687.02048242365,84866.94781622251,5.919667716122974,0,0.7104730236683353,1
67,39718.223912642046,58130.895782521264,2.405003903479985,1,0.34481103466490737,0
23,67953.11543299488,82389.13405512716,1.3630208395162902,1,0.9101185300440596,1
32,75123.94878827364,16760.549928361856,0.36856465385992254,4,0.7552318563556685,0
47,73754.2676827691,167139.76577108528,0.9037789393329259,1,0.4260480648574394,0
59,33681.80929702894,85835.3520291144,24.5877416123485,1,0.18382639377285492,0
54,26925.87352739272,164566.536453248,2.610839322311489,0,0.04343890857041488,0
54,59932.69229959791,38425.02113892003,11.447713937975259,1,0.8016643274207074,0
59,62702.000231958504,154131.24605011052,0.9350789286448112,1,0.194274245856226,1
54,58003.39210400995,75255.96709103402,2.7700651877074116,2,0.2696741743788347,1
52,10000.0,35781.52958454129,16.159611181153384,1,0.010378363050580708,0
40,32662.308302330668,181355.90260798787,0.47777843249928725,4,0.018226884967541546,1
23,49406.22419428043,155365.5834670387,4.506817051540943,1,0.23041843416800067,1
21,59744.36389260854,110589.62100928921,12.577153051256126,0,0.8728684862716404,1
35,65346.147252049734,101696.89425674816,14.947098494644953,2,0.7808230484565093,1
26,52885.0704456408,121975.50094095591,9.354256152105476,1,0.7698731150124427,0
66,56615.67613076472,109731.42889587056,9.68743376102734,2,0.8270347743480663,1
46,51697.30916722208,60386.20229142644,5.2803933383742665,1,0.18661356892797698,0
30,63712.38748436966,79397.3865107539,1.2450197637566915,0,0.9790652893434416,1
64,56257.31302981822,198035.89160193515,6.559248054559832,5,0.2321926323466219,1
69,51314.75320094575,233607.8371314007,19.171714923988272,1,0.1499298509392426,1
34,44632.62401725238,178133.42526153417,3.732038513599197,6,0.2946446936990189,1
62,51625.828500849624,123911.19700813117,1.5102395711568102,3,0.5304533421568117,1
49,59691.827576785494,83112.54836490325,4.260375389633999,2,0.12443062040961839,1
65,55349.507777961226,60090.7053051517,5.865769067078532,1,0.7386210233842017,0
39,57616.52836690508,63385.87947848988,1.1677393792762,2,0.3715266890447765,1
21,76854.4372270237,72336.61706566197,6.35037335843074,1,0.568416535617164,0
22,55303.278454931744,207558.20207128848,4.4267816005576845,0,0.73423602365008,1
54,37020.02959053685,190314.11481912993,4.738260869756397,2,0.901893747595618,1
58,67672.13571988337,137313.9194967697,1.826329631604312,3,0.8193469667232646,0
66,22676.03324662165,51969.3411793587,0.8436722654794394,2,0.5374686744522369,0
30,28371.732385214258,144652.79633555183,4.883520801995572,0,0.9911728954846164,1
51,56716.94529440138,88069.14857446974,4.412261196526863,0,0.529739188008214,1
62,60327.93335573158,1000.0,2.062540668292086,2,0.5359721582608036,0
39,25098.9755299201,114355.03187006297,1.7541294690588813,2,0.15848819500154276,1
40,42343.650380265,57904.347958297236,2.1327629340790617,3,0.14872053611480207,0
68,37878.32335560683,59597.32854549814,3.365579156905403,0,0.1687011263154936,0
20,40266.47354236807,87479.60032159963,18.408473653051793,2,0.5918213609592567,1
59,68871.95552545892,75083.85135287936,7.210401758138291,1,0.41517191348542504,1
51,64130.10927094505,98287.1590447996,9.543930152252164,1,0.3858845016644289,0
49,49617.55640292585,95883.47249913974,3.522553192961528,2,0.12755829253030615,0
62,39080.76145770145,6209.545357618423,3.7340438782031087,1,0.3810902117787788,0
68,23007.006595597188,176013.89944414166,1.1428202123234286,1,0.3779898724567522,0
66,78403.69877563897,50831.16385256601,6.383538992374891,3,0.6208143764899094,0
38,61842.27800569837,52380.08074347635,2.7373097800704493,0,0.3884096991648074,0
63,35866.61791853719,83572.33741048512,6.782646033234904,2,0.4187620141519077,1
61,64391.98995249783,94583.25763153529,2.630164868858351,1,0.2725429592579276,0
38,48595.52758850749,172948.99084159196,0.5743456042420809,2,0.13150391193082744,1
61,44257.80990275314,113471.17260274505,0.950077523955652,2,0.3000108855544118,1
28,58704.23056579205,128323.27420547671,8.345145540954963,2,0.0427653403388879,1
56,35170.0350017455,113726.80937916409,1.496186148114067,4,0.20370996868493196,1
21,43124.869609797795,111573.07912493865,1.5350341431888195,3,0.32495245298119946,1
68,52429.22128399092,115486.47515435044,13.25136626813332,1,0.14564629192598288,1
18,40010.97614229573,3363.2928715530725,5.359398394367979,1,0.6649696553528436,1
45,63381.70420535048,87504.07575802357,0.6069275745982068,3,0.28076502822903593,0
41,87381.33007356522,158113.05552855786,0.7750026133099721,2,0.6155275737308912,1
52,34914.03734785714,297116.5505403343,1.5897953673609375,1,0.6438856123439716,1
30,16697.494073919115,39784.5533730245,4.5069574916007005,2,0.44728827842314,0
64,10000.0,121153.99801621764,6.9883029615296355,2,0.44910644331675453,1
51,46990.63717010035,71447.67110628291,1.6044465223447066,0,0.5814632624956018,0
28,36736.70819747634,202382.5951948425,10.225859068991955,1,0.26245635217183594,1
53,54157.21002134161,32310.86196042593,0.5780654646530434,5,0.02124496719173108,1
68,52651.95344052202,131246.974515794,1.1634395711901213,0,0.6450245979351994,0
34,17935.663067718076,29639.445024790504,17.61088304135725,1,0.608525383815407,1
52,13702.323410371879,84071.66659695837,0.7236543011366702,1,0.47638106447167017,1
35,55918.66480692191,98284.33346250954,10.951253604075697,1,0.8757656105084641,0
57,52708.57669439914,153484.58408698038,6.085882544292579,4,0.5086248327392646,1
39,41483.640032668976,46141.65869207361,0.3794783337103118,3,0.30349466370577827,1
41,16857.128297353906,133169.15244236926,3.3054025689816595,4,0.7135324537630495,0
36,59427.82525529982,100938.88616939734,3.6592254247137435,1,0.9624035203964506,1
54,75437.99090847887,113639.66931429898,13.451515440514479,4,0.7368788878177079,1
56,55559.64880437845,147916.63573425706,2.733167310373694,2,0.9088478840691755,1
38,33050.52218869871,35872.16534973562,2.9598495516043406,2,0.11271427828667469,1
25,50891.043311423025,140529.74865742962,0.5966422666701913,3,0.1209863320770892,0
45,22677.7183813263,71554.75734552876,5.096777249988275,1,0.15460570627440995,1
22,71159.21427677585,154793.6727488413,1.1842919555401623,1,0.702854436821958,1
34,51636.88669059078,116727.881726894,0.40351977996187316,2,0.38970706295753355,1
54,14636.861764935362,89523.58092414723,28.912505411726116,1,0.4777111290826047,0
53,43986.51279112635,70498.70154545893,1.5710175727383824,0,0.26192011521757985,1
36,59266.03020468462,141164.74971776654,0.7602412539889243,2,0.7361058067770009,1
44,43339.047580489554,163047.58427404638,6.011377471146355,2,0.8453479825677414,1
51,44482.08557119652,73357.42295699078,8.620938400816211,2,0.1602141351955242,1
28,25511.955859054564,43349.671710930146,0.3311129886681392,5,0.19273412646185173,1
62,61330.819741633124,134710.55214726127,0.556855534902529,2,0.3394007664586657,0
64,37030.61599961725,27573.452898314994,0.4725085632112039,3,0.2801665949052924,0
29,10000.0,34724.37812085142,0.2404883624289554,1,0.5315365919340473,1
38,42574.852586592126,46864.98622360504,5.386061727541578,4,0.7525792113728736,1
28,69622.99431140706,79227.47584806252,4.437461939890391,2,0.7932736944557736,0
56,42261.41106800105,33183.40553922775,5.435493968685535,3,0.20844968774921802,0
45,84759.6997024704,3060.0045309211127,3.522731150566602,1,0.17558185414201455,0
22,58579.35897097034,43227.79028314384,8.505236093288621,3,0.36369427545006894,0
34,56775.16324560732,132123.72232863092,3.9556559868969976,5,0.1477239628053415,1
37,47432.03468164782,36422.796393661636,12.550933664704012,1,0.09179706570246293,1
58,48634.27584471419,82986.5161022915,3.3242422915067453,3,0.24258155508871093,0
63,44731.52729760992,197334.9231182781,7.818945796467637,0,0.3939437768932923,1
29,43954.61215834947,97541.29349864548,2.6158437187897214,0,0.5878416657821812,1
23,60617.34324134298,117126.54948647966,2.856629501567849,2,0.7232787995118204,1
34,31283.37540418869,52697.999087422344,9.452113815055935,2,0.22281150642196856,0
68,28482.12342551481,208173.7426850071,0.569539343009269,1,0.8186638030341402,1
36,27536.098982492447,72935.27554307856,4.161100983803126,2,0.03367076155673354,0
43,90913.09095354308,88594.76577742417,6.479279558895352,2,0.4440459967372382,0
65,60606.8580334116,165852.9338983682,6.939891198581227,3,0.6330765459162652,1
61,56089.844033602894,90913.28775731905,4.476237597232393,1,0.2912640275985351,0
61,28849.70659413137,102394.43913376075,2.9716202932924087,1,0.6836919469416829,0
69,62466.84601349657,85915.58396054352,1.5108150437822088,3,0.8670534753046839,1
49,47668.573070933424,86258.38109713864,12.007953406563736,1,0.08936632049199689,0
23,54283.378822635,118525.1005414046,2.3084946249734464,2,0.5125604220620792,1
53,30467.59368272888,127647.15945990528,8.022055055835244,0,0.018770503129605154,0
55,53205.37714835154,67837.57843937165,0.16088905101158651,5,0.2795742861949746,1
28,41523.32923587033,61695.97719265352,1.3209295086711594,1,0.13694027813634424,0
50,34687.77685939625,69543.19555712184,2.120066278529225,2,0.6242750048273131,1
41,64682.12671614497,29937.299290011593,5.567219627822862,0,0.2486836670637934,0
40,19245.84382939995,20478.487074035133,1.9233942880653392,1,0.28239816975264365,1
32,61295.52528628301,114858.35736124538,0.21121815209659534,2,0.20563029201712035,1
44,63689.72267105992,146929.7901587556,0.9550006306809464,1,0.2438025049535807,1
28,32407.126488975187,143552.26465726088,1.4998891309205544,2,0.2251102153806609,1
68,33593.43077735065,1000.0,0.9682118600708447,3,0.6978713209118528,0
67,45539.48637467196,87746.74564783696,1.1390506150943376,4,0.9558103998258435,0
34,55640.724209244414,44895.40222037205,7.325755909099799,2,0.49023142490682114,1
68,46942.90016371549,107186.87189104284,2.655427751616615,2,0.6003877957126077,0
31,58671.249203837586,79108.82405953095,2.5974758518229994,1,0.818106143387792,1
44,85259.59305074798,129595.59531222942,16.996945586712798,4,0.47610614784696115,0
35,39845.66461700572,99042.34547993293,2.959291254348009,1,0.3020243677318214,1
45,15696.400585931588,5199.905254105543,13.131761188230861,1,0.9509748214929562,0
68,66518.47166061307,51645.70636002297,1.776687038601075,0,0.9061565523978422,0
64,83666.2915185506,100289.25574133267,2.5593496768827335,1,0.2203597628273748,0
64,57855.36726102249,104505.52146155432,2.5232516184322717,2,0.7030764472428945,0
21,28245.026492926638,29716.159614799908,3.9491586773871723,4,0.647139536527076,1
24,47522.15273529598,23177.014822693905,4.388323223219931,0,0.6496328496513674,1
62,27629.530315767355,102812.26687865895,1.4259261543982673,3,0.83060301894338,1
52,62857.109879258955,29816.634697473637,7.889314710836411,2,0.674105621170416,0
65,22974.19194603131,16568.52867496072,3.4311155833308877,3,0.5180038430270293,0
26,43997.424263436,77742.97436843292,0.03534238220735951,1,0.8460659327135871,1
25,29913.24347412187,75577.69543306745,4.474366571209445,0,0.2648409980340024,0
69,52536.49370269924,56079.97613303494,7.998909449405484,4,0.6792255218807519,0
62,42673.16645724485,64813.15216375186,1.441522916293554,1,0.7015202786914431,1
34,53535.24206500527,100691.78616111973,0.19303375701388925,0,0.8703202106435368,1
34,50447.01109932731,63991.854816009036,8.229955978637435,2,0.9983076368662595,1
66,30266.81944551779,103534.85108324197,18.706491323365636,1,0.5575512931970142,0
50,62537.541270580434,80976.57319413328,0.3982668301523781,2,0.48441392886948764,1
49,49024.68696313769,108382.50776933279,13.906073683853464,0,0.6006832308821931,0
25,30229.41984268199,143910.27827183227,2.225770067644996,0,0.6586776146438371,1
36,94818.53112411585,141962.39226952975,14.188483627024127,1,0.7129842247204912,1
55,59528.60333434249,164410.52355330417,5.232556969422694,2,0.2812205617724908,0
20,46934.78893201389,141907.34484485802,11.04749202788055,3,0.4870323891442093,0
22,78304.09053403647,111927.87657709021,7.704996557166273,2,0.3709205795912942,0
30,86836.31218773214,78328.41811799277,0.1419857616169654,0,0.03877328275938141,1
64,47093.011553722296,80611.9538591888,0.33841063118611503,0,0.609523436431167,0
63,56947.94972869524,56111.134678209484,3.730046473125303,1,0.8748145225729701,1
48,30239.943639941182,100226.4645525779,0.6941212748154666,1,0.9214727020489827,1
33,47056.14498463977,134869.37393559673,3.090516167867488,2,0.5174236528175256,1
67,46018.7489248026,63716.61985584897,15.464553829931141,0,0.7658845768531853,0
49,53696.54067243308,98139.10706681131,1.746066312229237,2,0.7124127404121214,1
39,56655.209572740205,66131.88856391153,3.3560744445747743,1,0.2288979765730219,1
46,61196.5689765612,110467.71650938074,2.4246494083920225,4,0.06291054361048032,1
39,54752.85312599918,72530.83080250249,4.9689235923538035,4,0.7478564049424932,1
60,25785.147467416708,63024.47143529737,1.0773958062412607,2,0.28269439063871304,1
20,31230.6578851783,66001.66525339874,1.5051152789498559,1,0.54938245035409,0
27,39071.84761072654,125166.43869227833,9.786751491402528,0,0.524064376359136,1
59,44355.18816153542,95162.52973348225,8.338944051894714,0,0.8178739055763553,0
38,71015.48580944227,78578.9134999982,7.783982746176474,1,0.6446456608877698,0
33,26741.22026294174,113070.22512736054,7.368411430091665,3,0.847147313331283,1
29,42851.699036586004,79274.18912661748,3.0757250140990955,2,0.7522359815777421,1
19,69060.18996428099,156325.89468428516,6.52616742959974,4,0.9998313187333344,1
58,44002.450510067756,51306.69231533717,2.4486226132475855,2,0.8638749688439841,0
41,59208.31299685648,90651.42435913591,0.5307462452950434,1,0.2110766006160164,0
52,47209.15914144193,29761.738916649963,2.499219402638601,4,0.9613889191433146,1
47,55135.66514649446,82656.28040549532,0.8638151920280992,4,0.34013430863090943,1
47,45430.54912380919,16018.225114668501,2.478467475826341,0,0.6078400236668663,0
64,63341.30945456708,137315.82612795633,1.7650171422035892,3,0.9413507232198668,1
52,19098.871851871296,138325.18835027894,4.570972989842192,0,0.21416528461812645,1
36,42733.7598322291,139208.50868622382,2.243484515414425,0,0.8572989620831469,0
67,55931.45353388616,101443.62400872339,6.113903909696823,4,0.9531526051089116,1
25,60673.90496012386,56006.4797644954,3.588702471141496,2,0.853750147780053,1
43,79859.05245507655,59982.968398202516,12.597010900471012,1,0.8191713289324091,1
66,42179.50666268847,176508.60276102606,0.4771908343987344,0,0.2646143662623349,0
57,79589.63523721746,171783.85518998984,5.819102188043029,4,0.4070996598985891,0
24,36819.52346680659,106127.75784753858,5.579761979108296,1,0.7603340337260827,1
47,76572.92823089287,74218.29829598364,15.04171198128012,2,0.11816541997185925,0
24,66349.34253396744,168431.17113492553,2.3225088974317085,1,0.8883725313109967,0
20,31730.828407355544,65274.8419307595,1.8223690215352408,0,0.21025696718380726,1
18,56140.784745036435,111442.46040479538,0.946087058494913,0,0.5648066805537417,1
53,48975.28328935617,167597.8652699229,1.5413869736541366,2,0.10505950625502414,1
42,62511.69187350001,58183.07501676861,3.4846794709509994,1,0.1851899466499609,0
54,45534.56823133381,141461.1792818556,9.091943359264304,0,0.5855000615955989,1
18,43855.075486765374,126028.0397921935,1.6723773817371659,0,0.6346421614802833,1
32,77381.89165525703,98024.17288842195,0.8583451843932768,0,0.26975151893089977,0
54,48025.58211088654,50328.32004334422,1.5881535880703077,1,0.11909731493209241,1
30,66528.44648383533,63778.01199483621,0.531955093488072,0,0.549555928670929,0
57,45492.970299116,114472.55364253293,13.065660693647308,0,0.8406378394583061,0
25,83333.26518455046,28833.160255930663,10.303065650643536,1,0.20144559156687913,0
22,36433.30741329013,106537.19295091249,1.8444007480978302,0,0.6915653096511528,1
26,37717.129375056305,127052.54920308315,1.418369353058889,0,0.3858810698667646,0
18,80490.34362231806,149261.00864045502,11.790347053894523,3,0.9430880632296454,1
53,41101.07218209494,30082.146276988875,0.008867615418485176,1,0.08257314836325091,0
52,82021.48612328785,165812.3648580637,4.588677975824723,1,0.03996835438844959,0
19,67836.81159189626,184768.17470899678,12.384916271519577,2,0.12430826191129729,0
57,46907.00586878333,120507.57838567969,3.5520515623738214,2,0.7824448401466484,1
40,13734.130559656827,48097.570928766974,0.014856848747924159,2,0.9227697328273375,0
26,49613.63391456329,83594.53558198795,1.235077598124796,3,0.8224766452295009,1
51,52032.60107066849,97620.13774407464,12.783619996281846,4,0.7178320109318842,1
63,73344.35466608746,113523.17543652783,0.0858448553935867,0,0.057584658074301354,1
31,81768.94352480223,101099.07763218012,2.510814320777877,1,0.21381159057480725,1
21,36300.25641712505,114058.25714473084,7.797164488020342,2,0.9353790625954098,1
47,66023.63527976365,95462.66213304386,9.103603954849738,0,0.6227930603638328,0
48,65308.043120266986,113255.35472561215,3.2466844305293168,1,0.4683242074591695,1
55,71468.25404820891,76973.8289419343,1.32297814682113,3,0.6523121069451119,1
28,59973.79824271089,83090.66415087658,4.577763992147112,0,0.17859376003514993,0
52,11150.046180764599,71198.74147616662,1.531118090818163,1,0.8928689621553996,1
25,46891.55134944481,195862.97672520357,1.4736291612297316,3,0.6563036282170529,1
20,26885.848501661694,173195.03930871614,8.240887555030165,1,0.4712444747291429,1
31,45947.88454163852,127764.7095006808,0.8377509743710656,1,0.4573755902317863,1
30,69600.08472267789,166265.44986338692,0.027683890539246962,1,0.8223775367373537,0
62,56103.01671749946,139923.06694889412,2.0532065352510753,2,0.3078685397377764,1
49,72961.81732794865,109063.55797570276,3.3762804738609713,0,0.13713180124089552,0
51,56835.078414270785,24721.432949015827,6.105262373403261,0,0.18566954436216354,1
62,24033.481206621946,86891.803993743,7.596049890677982,0,0.0811359929206118,0
36,10000.0,83248.10539908241,5.446071112815788,2,0.5078629269924753,1
55,52976.175233591806,43346.241345392154,4.924305253204254,0,0.6772581929956171,1
33,45721.47067297669,25691.886269669194,5.479311202388262,1,0.9339852012340072,1
19,30461.08521236236,124635.96732835125,1.5840202712898717,3,0.7508149740101938,1
57,15987.455006972443,116225.21611854064,2.409258287494404,0,0.5831107146439118,0
34,35305.135730545815,41630.1509966194,4.791250471525885,2,0.8639539354680342,1
51,46110.17030270448,62706.07467819053,0.3390963397559171,0,0.8922130602010315,1
59,63317.55647412781,158061.11365770816,1.7500953607342624,3,0.7123856414990997,1
33,53772.6216313596,56115.174324171974,2.6079075133063103,0,0.056284594220268325,0
55,82161.34494345458,108539.94519669013,3.8118505659796966,0,0.2917623138748262,0
19,29287.918879092114,90511.08502160094,3.332352028716926,1,0.3361859583687222,1
19,67621.17784114866,125318.17355310314,6.331579852280756,2,0.9973814137308765,0
43,50945.974862574556,57194.617367178485,3.206823445700267,1,0.4641625762680818,0
30,63893.38248237169,104504.17387700535,11.72381001587537,1,0.7618852459781745,0
64,41269.70273468913,108436.12886729385,2.392746939453725,5,0.8137972739239339,1
48,71433.60747781179,111509.04031146098,3.726116603047199,3,0.6532601189774285,0
51,55904.49516690485,103953.69289813066,0.0160777697937604,2,0.018276464141310234,1
56,36411.10030164501,117230.46602970551,1.8587830595673391,5,0.019349483884287033,1
20,49759.51942173624,209588.51660254056,10.071002985771438,1,0.8187779165950888,1
25,45208.88282125801,228064.8888385553,2.0291488324119284,0,0.739239973431368,1
40,59783.56701275587,68039.1929606639,1.4596978358866703,1,0.5361165286604228,1
31,26404.465012509827,1000.0,3.9212377571530084,2,0.24886571647485412,0
44,49412.96595768611,129774.76503609867,0.4100111646767191,1,0.08671369956021735,1
46,57906.14505298662,109312.62299506331,3.7922180150984874,0,0.16426836664808697,1
56,50660.46614386066,153052.09295917902,1.8096277947771398,0,0.5803237744050354,1
56,76938.82488777992,114244.29498576587,2.4152651364389484,0,0.5458266359108075,1
18,65480.45548142105,102930.19697628595,7.835844930215641,0,0.9412669281281582,0
34,49850.38406518507,156445.32979386114,5.423014676802694,1,0.9572767180753455,1
58,54333.78194995346,163439.0294206921,2.9539105720385255,1,0.5760068464239333,1
47,55913.31102963999,30671.99706095009,4.308022218911272,1,0.8414326002055262,1
30,58065.99208333648,59169.690643020826,7.280554043696393,1,0.8122495161110819,0
38,13486.840086707838,94720.35203556609,6.8478498866546165,2,0.7523765669345344,1
36,43969.47408461306,104921.88119622918,1.0248099027149675,2,0.43733801543255557,0
36,20311.218636131474,88700.83983238756,1.7899449059611494,2,0.38940631331286624,1
42,75565.61894918972,121710.3588930943,2.1403708707509925,1,0.264133973958233,0
39,48783.00959994145,149805.239465855,1.0384570768489079,1,0.9370950085740012,0
48,46133.18100640755,186135.4855360364,0.06118004787045374,0,0.834425349915305,0
34,67935.94664066471,128945.65118864497,0.9556044004129451,1,0.17711577542664192,1
40,58446.49594899749,57383.31607734451,8.257666270998554,1,0.2524630909441802,0
49,27427.309712415856,92631.1887401091,3.947414395461646,1,0.5813276010750644,1
27,48581.89274945262,96232.38793702215,2.090153834186809,2,0.41359977354440713,1
27,43296.6605354723,125732.01199905796,4.686862566471926,1,0.2138976458100369,0
53,15109.342227878922,119408.40167169711,6.732179359767789,1,0.7911565517268461,1
25,36194.475335255906,202519.83255557547,2.188090986856687,1,0.0015531287244644476,1
69,46329.19355967069,76924.34323725458,3.1374980126573297,3,0.34327653347126375,0
37,47700.98137016315,119237.52668834016,0.3318381202081554,0,0.9293499125660167,1
49,20355.371526453826,217735.5698872046,4.545216989441995,1,0.7607679981465143,1
67,73033.31166094952,70739.65515481993,2.2034444435527516,1,0.40128497802860785,0
31,47957.93882217122,107257.43480851776,2.8415997136150963,3,0.9287284185823506,1
67,50751.06153321126,52755.97494379923,2.7461054098857995,0,0.900803205731812,1
45,58012.83276679673,104104.34498137157,5.003925787169804,2,0.052583723913348646,0
63,34238.47492192658,60989.142593117926,4.248599694064349,3,0.12794109728725245,1
69,59127.11946265392,152340.04517456732,2.741824504024966,4,0.38723029790477137,1
41,42658.50707963634,107365.94295156977,0.0855020175712101,2,0.9293976515571535,1
32,32068.28918705617,53230.13700088533,4.85060218315481,4,0.8442051697664837,1
39,61468.94986710798,142028.38488958357,10.583743354344664,5,0.04776171420092412,1
47,79833.47717603616,108983.30194357937,7.338640897564898,1,0.5123309377442603,1
21,64496.58746971664,147640.93886117273,19.981272771363113,1,0.7202532954131515,0
30,68459.55130280861,42616.868602612565,0.7487413949379246,0,0.27592268614372706,0
40,39587.38786875402,118441.22061243307,1.2584871331418261,3,0.7225244997881359,1
25,18047.60541663087,138667.08473223544,3.8746879461057473,3,0.3697254883885569,1
35,79802.75044199682,78831.12548821318,1.3451633096897166,3,0.27405650068071585,1
29,91090.2977880952,37049.86365159244,0.1758036927407967,0,0.39256482703074014,0
48,80856.13547539365,97919.6252314803,2.5732335421351293,0,0.9508010002842705,1
31,43284.281220405006,161405.76468904642,1.6958926156444267,1,0.9052943759321139,1
51,26907.313225423117,156296.51653170283,1.531001375353465,2,0.9139512865151337,1
35,28686.346043608668,78578.57826222116,15.306457059307128,0,0.917379108457462,0
51,16325.348647719024,35845.728181177874,1.362024270251955,1,0.17827409112723402,1
28,47852.427631799095,78441.01398252137,0.6930503145430813,2,0.8960613990555901,1
58,82113.55916164909,76576.11746340439,0.6694816269239219,1,0.21227643576366706,0
29,47166.747362555136,122322.33916523887,8.207844993145569,1,0.8381356177314694,1
66,56046.4580069655,94749.92485479392,6.273665844549026,1,0.5418988859865167,1
32,77511.93928608418,62336.7894131429,0.6933583092457833,2,0.23996227754693467,1
48,41918.09376335201,155213.1533630334,1.2407244754876718,1,0.3985204129926908,1
66,90710.6291343919,107021.29337224171,6.878612373669481,0,0.4333781834356808,0
46,89841.88814994907,121770.78263654704,1.6052732880995078,0,0.7331712512848984,1
43,47377.773226390345,13750.728293436638,19.96130734975356,1,0.6060214715477952,0
35,38449.314719615744,1000.0,3.88884416649224,4,0.816782158815681,1
49,63944.76092780626,28122.710927779597,1.0660154243930797,1,0.3968049873974486,1
39,43049.50114962284,75972.82871966122,9.788189159340723,1,0.7435905356855468,1
55,26868.895658653273,128817.80088069044,1.9244576102180315,2,0.792804500850439,1
34,75624.7730704596,1000.0,1.7040596830123957,3,0.06314428333222577,1
40,74328.9477455416,179642.60321859937,1.9833289306088722,1,0.37563816608832135,0
41,53110.23207527122,108528.30133850631,7.309342384027192,2,0.8859894925012046,1
67,24742.704925436443,168014.7496474955,0.9510405687497441,2,0.7049759184234528,1
25,25409.474975652276,55701.495876293564,2.404601238530567,0,0.41844634742017817,0
58,52144.585768383055,125192.99670862453,0.15659052437607457,1,0.18297425252186872,1
23,40002.57930989936,104259.79649853938,8.76153864505659,0,0.09661083693871797,0
22,43178.141357167835,140884.3156527277,2.083025386277803,0,0.22935080898313887,0
61,70439.26310120006,88310.43162001415,1.4262446401387447,0,0.24469244218936603,0
46,64663.58634845115,123660.76045037943,4.336232075919856,2,0.3706619458512288,1
45,77562.85360995226,155109.76593856,6.103762051567912,2,0.17692164256329146,1
28,30187.535532454847,67441.18530541123,8.38045432858821,2,0.1460475340506331,1
18,43136.16862626576,112112.21162448249,2.136904666242642,3,0.8440067562274352,1
60,65179.63390920225,5606.888138882583,8.364574323485261,2,0.2495382421691763,0
36,58961.56682025784,135125.15095316787,3.126330638038062,3,0.5616053692068298,0
26,80647.60765175243,197733.12717312446,0.5331525395903767,0,0.19929954803464045,1
44,58410.73411808138,37778.197612565236,9.364006567624795,0,0.4917535061400673,0
51,86962.18208211105,95430.93697860284,3.966327106081144,1,0.27671201355069663,0
61,60800.35603446281,144024.06504570568,4.612418996287027,0,0.08679967811956202,0
21,71243.34895177321,101570.87367332753,13.862245235552864,4,0.9821758295739266,1
53,43529.70106431086,108254.97757466129,4.095269829048343,0,0.4578061165360583,0
35,50285.744237679784,80450.02792381807,0.027995884265922463,2,0.39304739828842883,1
32,68218.8880767895,78592.38734560428,10.22484661644688,1,0.19912213043017757,0
68,82259.56341186109,95665.29232073111,1.6756232873342172,1,0.49536588039156726,0
30,64584.73898621506,102083.5711069678,3.483436404477061,2,0.6352189854646604,1
36,48336.56456130761,40927.93692113451,1.1463526810607834,3,0.30465007811874867,0
66,77546.70059056683,96698.90070269856,1.761875069904313,4,0.4804184004116585,1
23,10000.0,178426.69693546632,5.802154130659724,1,0.2370810450137134,1
65,21555.30996986253,79043.31032055477,2.8068534559706624,1,0.5277130817235696,0
29,63632.68447336778,38137.25085626861,4.932635683570848,2,0.7872144801536947,1
68,50282.1671250625,92429.19660067867,8.674316702776213,5,0.06021344617059854,0
54,62110.27302248331,64269.35939378517,2.0838085419389705,2,0.5178389675652312,0
34,51288.150448638844,33082.90873390302,4.200585632194416,3,0.39936308231172946,1
40,61418.91389207746,106958.42308663104,7.516116409077203,2,0.07404134152831032,0
43,33711.94358013618,64485.8981424461,6.278492237469457,3,0.9405090649104018,0
46,61409.721721593814,68764.29165733626,3.8809424542297895,1,0.2598429844307546,0
50,69888.29056415168,107671.36901926945,2.417540108177773,1,0.5646115349848225,1
44,74411.01207862466,23341.270231883274,2.617038749158178,3,0.37262025107869245,0
42,90271.08589297399,12921.51748744375,2.838172364109426,2,0.2711327070255668,0
27,54881.968870047735,133543.60972509658,2.1450419109792795,2,0.5271806506222187,1
64,55478.22173694358,3458.319963795846,6.0044816225618,0,0.6890285964634723,1
40,19536.550716523045,51166.11523463226,0.6700303964768202,1,0.785535200864181,1
38,39371.7719772315,10008.023230578125,17.125522574392487,1,0.6339244750441213,0
38,46138.35851986775,75693.17665755839,7.547634888386825,2,0.5262959898284719,1
60,71006.3910455271,121402.93738255827,1.7702708498928148,1,0.7772616495150755,0
30,37779.977518207415,105616.89743661883,0.21739619930932808,2,0.5174558997864371,1
54,65926.80039497664,219593.6694728642,6.211890904350375,1,0.9742268368983705,1
50,49967.5656607324,154345.78088945005,6.628048375557116,0,0.5267407042619688,1
41,46456.63769770476,53442.10749216994,16.569039328422207,6,0.3172471445578816,0
61,54977.87938266513,40147.24975867947,1.463175308552385,1,0.44636199020064116,0
28,42176.87255494315,235334.39704877505,0.43174029537289876,2,0.48999007828912167,1
34,41419.255038146686,153128.6002866681,12.333453327335377,0,0.2834860877042754,0
21,15904.281884197713,129468.4803634786,1.4964056415862865,5,0.15874282526922712,1
64,45040.91585344221,103742.5906107809,6.392250713863595,1,0.4313834141955857,1
42,40400.63707702547,113676.07837375086,0.3128869621219216,0,0.8970328196377668,0
47,39680.380213018405,25896.336225878695,7.147780082974913,1,0.2555311724645274,0
26,58337.46125180081,107851.9585098384,0.6792469405767134,1,0.3618186649072821,0
38,63172.63905581019,103561.56987295073,5.946839026269531,2,0.757723015204918,1
37,54643.89009284655,54793.057844926,3.8001013004007547,0,0.08227329214048806,0
36,69908.3038089895,73073.67732157608,15.55999697151776,1,0.8250705509981526,0
36,61511.23851660731,175758.81967217778,0.18808174816706671,2,0.7202788184161599,1
29,44098.87620388716,93741.25398525687,1.7269001882938473,1,0.5497641407563197,0
54,40742.8742857124,203558.56512665554,0.3602139316242154,1,0.2094787943226969,0
59,56256.44473533693,12966.028175630825,10.567997089214426,1,0.09267856116679873,0
34,61475.342198038015,73893.49068871261,4.505793425620151,1,0.23171910866390433,0
54,77956.88614062997,22636.07243765406,3.8282626288101227,1,0.7614952393082074,0
65,73823.46089880192,39528.877305408285,0.7046960550889094,1,0.9334946190299817,0
56,39170.53986985662,58589.71471703514,3.3572440831409796,1,0.737888191841617,1
45,47959.87439745477,115765.48133852956,2.543336898720364,1,0.5276170217278547,1
58,63420.3560983554,113341.30855401936,1.89717330632299,0,0.9506827373373291,0
52,71359.95556117943,66035.48401861973,7.3961937290973125,2,0.8285673393728552,0
64,68779.38937409584,1000.0,0.31616907562873,1,0.6558373208754616,0
65,48722.44334337307,173884.64365160762,5.201986636819797,2,0.03790469721635292,1
35,24919.54695142967,85711.7641981822,8.65783087722219,1,0.28773350812184706,1
31,30021.272475088175,44185.49148494304,11.892326866270828,0,0.308210091365009,0
52,55452.67028638828,113746.53905350437,6.850463493797974,1,0.3472452627957221,0
61,56844.51158848691,110222.25852615871,1.659602808149844,0,0.3893856571022203,0
58,28026.4125313123,83866.17675000174,4.587800943013777,2,0.9393692721146227,1
24,50891.39221778543,107426.55078207524,0.7622816439222106,1,0.7418724080993608,0
58,62624.48713943566,42248.50797959908,0.6224936864887347,2,0.6919349870571638,0
30,26975.466849857115,137995.6421588242,5.089183523833915,2,0.42651495881173496,1
35,72099.94403608829,50156.64526215648,9.522658740818198,2,0.3375496083014472,0
54,42449.377028803494,69721.51723482841,0.348080287240061,5,0.1195781907752903,1
30,75152.26225153301,132440.09080757876,0.5602683923154239,1,0.4534954735959158,1
53,39330.95108448199,160197.9482505117,4.169031661973429,1,0.20534237547567202,0
48,29467.49034231642,179288.72840231692,1.2308574858122137,1,0.39101040374300944,1
19,40837.260203165606,152789.9119233286,4.731406467313982,1,0.15639126052775354,1
33,48097.037538453595,83796.39080991091,1.2074530782843271,0,0.3439959102135133,1
26,42230.40186457038,22948.346544976856,0.6192179241704608,3,0.042979369923949684,1
26,45679.97156853773,170252.77928014466,3.9436117811759748,2,0.006023200955492136,1
55,56679.30299352381,168534.7994452488,9.909583191214224,0,0.869909222881396,0
28,46576.412604072015,66401.19233232521,5.777849641595846,2,0.6412641068917574,0
39,48677.752120959856,146059.451891228,8.538704112196168,3,0.5876666541328815,1
50,15815.472015948078,83391.11030346307,1.5485149775909264,2,0.5137940163279677,0
53,57833.96032020945,175063.84417558642,10.856847893980085,1,0.7267291772963663,0
62,48215.93404616664,74256.7668798109,2.3663582135575414,1,0.7361656050283192,1
40,82205.85960965742,198932.56437742518,9.567861859684818,1,0.9352513679431235,1
62,31208.696654920837,139306.02737991227,3.185494153358877,0,0.24441050000085252,1
62,13834.093430009714,189877.24223429934,1.5589015655441487,2,0.785198809868333,0
51,62361.36987860084,76810.13651750603,1.5072746281306182,2,0.9911577402258037,1
26,56930.54036626001,120251.48022220965,4.192805999549135,2,0.029021859530037775,0
41,29831.339589377083,51536.040082781736,0.4115319696825144,2,0.3739854257309839,1
25,19405.02089991817,142199.46260595982,13.300315695844521,0,0.43603586760993895,1
24,80747.9346136858,144952.07664185623,1.5835877287323252,2,0.8218323316682081,0
53,78282.20781213563,219851.19591005932,2.0445412785613657,2,0.01374341536485535,0
35,10000.0,124101.98986098246,1.3283085747511545,1,0.5986195321350689,1
20,40835.539414869985,136204.71012530467,0.01506246783219654,2,0.8925788100152923,1
45,83283.84109567798,76458.4811748109,5.89721788409054,2,0.14762705845252178,0
23,40478.74884444266,127068.96863176192,4.464737842444008,4,0.11557361686297973,1
61,40187.755319466945,81005.43956562082,8.294310567986852,1,0.9997864387066695,0
61,44344.813447412635,105793.0379421,0.20937719104352365,4,0.8259589346989895,0
38,27582.060524636814,108725.78307728976,13.201185257400088,2,0.6974185154141039,0
45,15904.485115439114,82384.75633254148,2.0090111735876643,3,0.39898123259545226,1
57,71050.94621469497,103147.25482709968,12.213252501133178,1,0.8539629741688838,0
18,13141.261875046483,81235.24151432897,0.5665797265190082,0,0.9227730055410107,1
53,54945.42904217512,81013.44374830804,6.811338269896565,1,0.732408548065399,0
38,67731.589855153,153833.2325751136,4.329868567704006,3,0.39809477974649177,1
60,20975.474021976832,108770.68209132057,2.217324313643969,1,0.5835371078352136,0
52,31514.63194809857,117353.31361001385,0.41224932406890225,2,0.09851726297308983,0
30,74263.58376783179,27134.76155072321,4.641013363949805,0,0.15802047510762451,0
66,60657.8344045408,121172.91659151949,0.13397851342798914,1,0.7830373428921408,1
27,37654.28586242226,126521.1731987619,3.478573360195977,3,0.029315472153112032,0
61,74044.98006722343,80083.06886556237,4.634339565179552,1,0.049195997302384664,0
64,74130.71446908604,204251.48381303457,6.593622457467126,1,0.5080234915859527,0
27,55381.05386031414,1000.0,23.74210571881082,1,0.1705292762587075,0
63,31996.79544252674,139218.3567885273,1.5061587033939283,1,0.293704077650797,1
30,41731.025930564094,135640.2402477431,1.9459155708566733,3,0.3988314247870419,1
54,55727.734879107804,127079.1465999706,2.0862616271018615,2,0.5222554006522371,0
55,46228.10341705024,108810.63528193114,6.576062320533182,4,0.28353472127729795,0
41,68779.14356469703,127533.96613125187,13.427966399000544,1,0.48354646909248944,0
19,19404.518397813274,143408.77397779468,18.31094411282036,0,0.37068457915513164,0
39,20114.729418675226,63705.6208084003,14.576420538122276,3,0.08103110957801674,1
34,53617.42222964865,114959.78110900449,10.575675533653362,0,0.8671273830352563,0
53,40169.111723861904,90834.1578988348,23.540099182888245,1,0.281365903205251,0
31,37459.027706045184,45311.579988724574,2.3575896908407716,2,0.6093732661473082,1
27,14638.865616512056,135858.4987306645,14.813549808023108,3,0.5698002152718847,1
52,50390.91689596364,71781.97876579833,7.15687627604046,1,0.19916678234966345,0
42,48944.89783998469,25107.066261026644,0.9223785337171091,0,0.02995817043040072,0
20,63069.57963903481,73044.46696491755,0.23265582450866928,2,0.856931414811984,0
64,51378.12266241944,60055.05509534347,1.207071993345946,1,0.49768985547726696,0
55,47347.91843519006,151423.95045950552,7.542335383165016,4,0.41446751475271426,1
34,73540.01273580674,107659.65702790389,4.994244937702954,3,0.7629105150313491,1
29,23750.653931029003,169119.137284497,1.2703097936699819,4,0.03315892171728407,1
69,60727.784376951524,66672.18843834772,6.7724565017974605,0,0.7652152837183755,0
41,16577.056704093025,143708.49359482498,0.7618078030026937,1,0.4089144633737234,1
46,33232.76239998385,241981.14574039564,8.625405398489862,0,0.551623705320333,1
60,25746.857347533725,117801.62335635701,7.903304262122668,4,0.7524392405465417,1
42,65638.85070903836,143082.44311615764,17.981678341903276,0,0.546810592023354,1
53,48691.79532809212,134675.88321127032,0.8142394158050132,0,0.06177222346151101,1
43,49729.93510814047,28896.233628708665,11.855015349604894,1,0.7286008912297187,1
55,27865.340245410982,129290.86487337254,2.0859377187525703,0,0.7863416339967855,1
18,44006.13008134221,115322.81603247844,2.6897840480969295,1,0.4618931580385729,1
37,34730.69393381777,87012.63083008454,3.159743620730584,0,0.4390594063171548,0
45,57669.10029708432,55798.18128975597,4.929598311981666,1,0.25192555963553787,0
33,30178.177293367728,134699.16201635185,26.260385699292886,3,0.6441627574311359,1
64,76595.88730410152,51379.81301946894,4.580938724077936,2,0.8819885139891295,0
34,16488.391007518112,206682.28023409485,13.067055666789297,1,0.6559687408649841,0
57,33869.60335086877,105708.45417440642,1.4720445823319044,1,0.7713248890094715,1
45,83544.01019932193,38834.64761067482,2.5409094560026584,2,0.8374556446713294,1
29,41297.22504075931,74300.18608358306,3.51093487771339,4,0.22614419326398583,1
44,23702.42671191176,86093.28308550913,1.9496962259218527,1,0.40210433411708946,0
59,54381.431250753376,220618.8326961923,18.832497802224427,2,0.43595961519368787,1
64,40492.15515570916,55770.55265952518,6.467364631044773,3,0.5589003648810794,1
47,33282.59488763388,94189.13683743063,3.2588876610996915,2,0.04918212133593092,0
58,28082.583784025654,73108.58150674887,6.957634157434622,2,0.5884071710226527,0
51,105367.47211251887,124962.9242790832,3.1503220214245866,0,0.08852148338343291,0
54,44968.96199631727,73905.82931474777,0.08687704644908283,3,0.8065698912805918,1
23,11488.652793342459,43047.166693014486,3.917475947530737,0,0.963021987728105,0
24,79874.19518011069,90235.27101019007,4.906616458626472,1,0.2897590058957943,0
49,62221.41810221141,85030.30783338784,19.871465498578797,2,0.5066151248109416,0
49,34670.671379604246,70387.78111879932,0.20824109677409938,1,0.8231875450067684,1
42,31337.618226277165,73059.48205514412,3.5881928808941694,1,0.31465400604730287,0
50,63469.45592316461,159234.78989405016,0.5165617213477527,1,0.15777769334881364,1
24,45061.63345021091,84012.98928662478,0.8066916720251861,0,0.7390625237018742,0
69,11480.443631097973,43293.61687607837,4.713986473924022,3,0.6983616211557877,1
29,85744.79929209338,76894.20181000719,1.317014147679922,1,0.5699454606721711,0
33,41320.19075568086,102716.78297326963,6.914981255245784,2,0.9444367954338945,1
33,79911.43472964852,33186.518172432305,3.609777855884981,1,0.9551223034663017,1
60,75568.6991593143,181298.89800031992,1.2308640358416705,3,0.8615494303810376,1
53,29979.809110343715,143378.97387531362,3.4040349503796508,2,0.2930200854185935,0
30,70663.79728726296,171508.63718093897,0.004410579289697284,2,0.2253659307523257,0
24,36971.14900272638,119606.40627438414,9.929393297842203,1,0.8357406942938232,0
53,12665.988263921165,1000.0,0.06379716758251466,3,0.6513608913486458,1
64,41508.036679557146,176766.68583192566,0.03517288607182377,1,0.39612603038768956,1
68,57952.750035525576,56821.582014505366,4.7273612949025265,3,0.4097564765672521,1
26,40745.267040073246,60890.66279989506,18.157002551928226,0,0.8533321828885138,0
49,43859.03318149797,107816.25719777218,9.687400859235915,3,0.16324726322393956,1
28,72871.32089857226,168911.49233350746,1.4518879276890384,2,0.9439734097962446,1
25,52129.879605801834,152664.35669761998,1.0949286050872657,1,0.6332152935116366,1
50,33134.03377430095,145314.05600880104,4.918997373894322,1,0.7913577333744244,0
40,64040.60647334653,84408.64735627234,8.647805054511217,0,0.3708665544213604,0
42,53953.5113390849,83619.62369539442,2.2477015593060825,1,0.5868963602587237,0
25,10000.0,117297.18339900333,2.831291670097083,3,0.7499904939613866,1
62,58567.05827542897,93496.45793582336,0.6136045490138696,4,0.43512997220784055,1
39,57836.574154322036,144465.89536646765,0.8292483587164499,2,0.487936341606241,1
21,50402.4225916172,141505.88322476135,4.200719497455394,0,0.5820798288641306,0
57,67834.0116213915,129567.06605863528,0.5415807615275854,2,0.06340699093150404,1
20,36552.128313469955,1000.0,1.1285224184947893,2,0.8631865213579848,1
46,56729.995776418014,106399.4181838632,1.337286717094682,2,0.8666779357525394,0
58,18660.812576652945,94557.30596336494,2.9342563115604885,1,0.28141767280698426,1
46,58141.80766797664,108401.28008797657,0.23342472015511712,0,0.8798225367722,0
51,89061.19391079793,62283.76807267966,3.4634461441086426,2,0.7451948076587508,0
51,30102.872950649176,33760.70448003874,13.202500296833241,0,0.4831914078537357,0
45,34803.957360244494,123156.92399875201,0.12383934034521715,1,0.34776402472808765,0
30,35799.69114216896,82184.9341133969,4.984588100424023,1,0.3993789202534246,1
32,52599.964516031905,128734.64968537996,9.03464062351537,1,0.534418915431269,1
40,28739.274542925636,66454.28111576143,1.873182473856264,1,0.4125207018915913,0
61,58424.947573819605,170795.53202463384,0.7050452322920082,4,0.4202383241091522,1
43,66936.7989093833,150053.24212853817,0.22153502774615125,2,0.2031233736235467,0
21,60686.944269075684,114841.35542729402,5.162761401213805,2,0.7078120051561908,1
43,14631.691487238553,89335.57933070265,4.017426768112889,3,0.6095915729505708,1
57,69903.35330317213,142620.44388990983,1.3022479177451443,0,0.9919014870216227,0
26,68747.34828507359,119627.3907618703,8.907579796832184,4,0.1412442042024702,1
22,66603.22744692609,111929.20939653025,6.649690218355026,1,0.11373834873502087,1
49,57456.8449731165,152143.27047798043,1.6177815324966327,4,0.5159322991358004,0
37,54403.78628410266,171326.807720332,6.999188758304831,0,0.15199076351007412,0
67,70647.78796252793,37379.440775722775,1.4051493276254756,2,0.6106211510666819,0
28,88470.26975206909,47480.794632509685,5.62376697529173,2,0.19611510866900805,1
32,30939.190732703002,60986.9637260601,0.6309068719639801,1,0.4829984978710389,0
49,71562.50791589543,24878.77011782241,5.892166383780867,0,0.6113114498424205,1
45,48275.65803985095,96862.57372154245,1.3641276897666266,0,0.4580407890349235,1
39,47406.538959427984,130005.82276222532,4.248646535951725,3,0.319985304597185,1
58,19269.386192359234,98929.08525238317,0.9465125362421749,0,0.7823160826127934,0
34,44304.2118096921,73293.91791935521,6.472532752775775,1,0.8546580243258411,1
43,30054.700840631693,156322.8878564579,0.3140577960717683,1,0.2780498342465729,0
61,40722.91140988108,107027.82016033748,0.9041201141057846,1,0.8133937346704774,1
24,28036.272324437003,117149.14836831592,1.0175409637516832,1,0.3916340198383159,1
59,41021.83225373987,157711.740244988,0.2111127171454105,1,0.48762363849252466,1
43,41877.79285953193,93837.90305744331,6.832704090048377,2,0.23174968783433214,0
42,51935.09836877601,203010.70363123404,19.804098342325833,0,0.6257237757616229,1
27,17705.00275417338,77609.2498064117,7.534356720335616,1,0.10092671677695386,1
62,21089.637045093532,199897.410225645,9.8531854523155,1,0.5916375259707396,1
36,57238.28541461053,51263.240904378974,0.030128894665012274,3,0.9897180818337541,0
28,34051.237658598024,125874.24514402208,0.6270790024021831,4,0.7534663072226222,1
30,71490.59580459862,67873.39155968814,4.093782627244591,2,0.895039308634425,1
25,54505.39444030094,155978.30584905462,19.053853663969143,4,0.46419554019459885,1
57,62135.24300412815,76088.36960707858,5.404543594383241,1,0.14210534030233135,0
21,78213.8464084179,114543.5595322043,2.3431164616507214,1,0.28846189382469134,1
64,43805.783763868545,67472.90019792152,0.7899946562639548,0,0.04902967421812998,0
48,38510.265891674484,146861.25868333073,0.8293030888111805,0,0.5018109724269486,0
45,67434.05171197627,67212.43696804304,2.25299130475612,1,0.6496668718933538,1
28,60190.27127859372,184170.74223713344,6.255500213136774,0,0.42448330597889217,1
60,46253.393803573985,50200.14465193048,0.16168263151562415,1,0.5632048989835985,0
18,77829.15933911884,32718.60408359267,9.558718340167989,2,0.32070224832214067,0
66,45755.11380320139,147577.60390395432,14.198040770327843,2,0.08585809396551392,1
64,50655.47275111563,70417.81798682391,10.982864672395165,1,0.4319989924421884,0
69,50424.45301668517,99638.13432752322,12.210782557921416,2,0.547797795361043,0
55,31308.12210203058,83887.94230821395,0.07729071627573744,3,0.9826347930886228,0
41,51551.70778972782,34369.586642365495,19.036584608047203,2,0.3472734045923962,0
64,77935.20354796982,96150.3167930831,2.281348779701422,0,0.6777696574769968,0
48,58899.366307523516,163245.7947486151,10.173531016660927,6,0.8226244411622469,1
58,50621.26852797863,150156.85016527827,1.0339455283679433,2,0.3353907277090499,0
63,46764.65437668662,111589.63813129623,2.9577001839494006,1,0.9299312391371575,1
67,56617.34056812702,155613.41465175536,0.22584667672109202,0,0.3388312871699497,0
43,64995.3325697837,47024.07076529117,0.20450580515892883,0,0.9698043097478197,1
66,62184.77661779506,83727.28355474968,14.34779826937479,3,0.0021569178726476013,0
67,43362.70276356042,119790.24703651041,8.319645059378713,1,0.6341733233886787,0
22,56495.63188220229,93479.25865914441,3.7732626724318923,1,0.7899262477501527,0
37,59598.794822965574,87658.83347617213,3.7270275818778122,1,0.28006041895831235,0
69,29856.100249460433,39967.81338394524,6.90662600886287,1,0.11705027370359511,0
58,53364.61082367389,1000.0,2.0902355141616074,1,0.02436844088422352,0
28,10000.0,140893.3212474818,7.174677475075422,0,0.07440693636244089,1
50,59650.6741964237,112161.0786626113,3.3180232514119274,1,0.5430340427630345,1
67,63206.86109125363,145099.91891050464,5.079414622150188,4,0.839167403545615,1
55,64950.92251572919,78138.20289208129,16.73773098611596,3,0.06313086526548861,0
44,42099.06295660865,64361.1057586203,3.1868177108122664,5,0.11318037793176872,1
51,56180.9367004807,100327.39833183172,2.7099018236930665,5,0.0051030021140930915,1
32,78479.07691082334,142709.9824306408,11.808978440722528,0,0.28227739876357827,0
49,78275.39296582517,88427.38925061729,11.643644154250538,2,0.9212463861110514,0
38,49416.54601546879,140089.25921642428,24.41035419236354,1,0.2762879978632985,0
63,52786.3926145912,49684.59972034566,4.00213656872904,2,0.4408144470101548,1
22,72218.22289468866,91927.64334150664,2.1099663006280265,3,0.1789573957516517,1
23,19983.959694756504,96494.29279609845,1.3747510923915562,2,0.11628453642676884,1
55,43538.48514645951,161319.497196096,0.17345599070993345,3,0.18239444660798854,1
39,76711.40911073513,110381.36990079541,6.486449635143164,1,0.2104328340810755,0
35,69504.01083369533,187303.87591470976,1.329447483297543,0,0.1302888257802658,1
31,57385.27555299809,32615.760002625873,4.665161531510597,0,0.7915530115032727,1
27,19883.35189338759,106495.94522056398,12.420077157069226,0,0.477245638390396,1
63,49001.79533917676,108969.90195902229,15.000067865712822,1,0.5397694275614893,0
30,38201.69207500134,131004.65987934335,0.0220994365369436,3,0.3746505752925574,0
48,56620.77805634427,59332.003177555445,1.906851405240972,1,0.21074284085304962,1
47,33813.066304102394,184222.31697054178,9.081634854281372,1,0.0939016645423193,1
20,29485.53210050785,100648.19707358796,3.844153408286451,1,0.07592570306458868,1
47,10000.0,45646.6243532541,8.238522475109733,4,0.18514202574569083,1
23,74436.09369953403,99198.75047931907,9.59762158490389,4,0.8501761932985958,1
46,42004.58977113885,84341.92385599432,2.92259602381597,1,0.2165451895784174,0
25,53142.91567405069,239161.75711236644,2.2234960233483427,0,0.35481959170104194,1
61,49955.23767051638,152497.17997625069,3.038823920324302,2,0.5727516437501641,1
62,28651.32134079001,102483.06778541087,5.289202394824891,2,0.5114131050087121,0
60,24818.701771036132,94404.16574003977,2.2876815740617493,3,0.665820629731518,1
61,29893.69748005529,147552.84312407326,7.458014139500365,1,0.1943148295510546,0
50,35536.63122341214,149943.10801641073,11.716660122752893,3,0.5240489287058553,1
34,57332.1249402761,1000.0,1.6585961654096082,0,0.7677491594402841,0
65,34085.64672958777,132149.6577366667,16.760556902603906,2,0.3875069547543638,0
28,84929.81263189243,101398.32719893134,4.8739078422225,2,0.9718943983880618,0
30,70543.02071786302,34442.80891065119,10.525592813215267,1,0.5779494328927345,0
67,66167.19099331417,144010.70698120884,0.5486080307540138,2,0.6748265578186491,1
28,47606.821950537,212309.40067791328,1.4484146111282095,2,0.4590877396549543,1
48,80285.61471440968,127839.79734138904,1.9358112556492866,1,0.8578508439527347,1
45,45639.88737757752,155021.4221128432,1.803573687312524,2,0.4514869239966878,1
61,49374.77171691508,190205.95459822018,0.9428722669350337,0,0.9422803135846202,1
23,53399.49079498539,58486.892463997414,10.132384230252956,0,0.3074905429885293,0
58,64036.460810866876,7121.4277416541445,2.711685869631873,2,0.8658194057520885,0
33,62738.16158005971,132843.30316547508,16.501814146726296,1,0.6393531736763779,0
21,40497.49443110794,87619.42317792744,4.379012366669553,1,0.7990546694056512,0
52,39340.12561148092,31291.327381422845,0.7447896356020799,1,0.03770128459292155,0
65,62798.05914304169,96091.50319321034,3.947241063655439,1,0.2772796517532524,0
43,64304.73167782465,136377.368689531,25.21461570094103,2,0.847078853808263,0
29,42132.97750354254,92551.416761782,4.164020043940607,1,0.31833369342244866,1
28,18256.23860643092,60658.61846324813,0.009355472678359017,0,0.7126553533602723,1
54,45853.67807983511,88824.64698517449,13.521279810976907,0,0.992188814581423,0
42,62470.51597651717,99026.17673493273,1.3387071173802512,1,0.17716874966870289,0
35,86108.33692839561,3525.8868686958886,5.8322460669177,1,0.4175459405037415,1
36,26040.84075318676,92861.25234146534,3.6188583482613628,0,0.16512671076614827,1
40,41468.57494338853,32782.976392755416,1.9684269869723645,2,0.15428645451090994,0
55,42211.92876949247,132951.2976010548,1.6608840417167248,2,0.6330428265035916,1
35,77116.10678863003,21947.871220661094,13.208494452834081,3,0.19137603676747883,0
43,49301.169990827344,150634.6102275468,12.147883635221465,2,0.48265394893715385,0
23,31853.46881255469,79541.74653930293,3.5988403659906787,2,0.9779414736219691,1
21,61173.905658436386,72851.2146613994,1.495368190194751,2,0.3331294820387588,0
61,41907.229599181075,114722.7298650986,0.5398308269270644,4,0.8736298466854626,0
68,25512.25453284091,56698.2777388304,0.8514296788021853,1,0.39636506141809624,0
46,32144.533854476987,113937.28770650321,3.693356540467553,4,0.26286491061244177,1
51,84680.83908845238,63394.56126558147,1.8396181592123362,0,0.33625170311574293,0
34,57684.18443298925,72163.27438376154,0.2148931662439668,3,0.12768647734379102,1
60,52155.20110905086,120267.70846645677,3.036383302519299,2,0.678985155953763,0
60,45002.12528375908,43070.96331328087,6.855832678599413,2,0.5090199446862135,0
33,55842.97684237598,36783.13491188215,11.114025143348387,2,0.6138304631448765,0
19,55604.71892004988,112411.27537051709,4.400807202608234,2,0.30309277773012167,1
51,55843.37656414652,98655.00737553077,6.423964639922427,1,0.6534649654097023,0
25,52296.90180555506,108434.6372404696,2.263337625139486,1,0.16459888829164748,1
30,67375.96676611099,116381.96183607103,3.4282585021112144,0,0.6524727160011986,0
59,50462.08692001462,102868.77769034906,6.539761305794281,2,0.08113815818427395,1
25,30441.223288947225,130404.63119835344,6.50348742214682,1,0.40027315555301046,1
47,37751.54218198264,104871.81434893292,2.7628084484437556,1,0.6097530487071474,0
49,10419.626130205754,1000.0,3.922666106536767,2,0.8553175446092103,0
53,90536.34232084785,12605.770266907217,12.875601604782625,0,0.8124150260948385,0
64,67255.09183905373,196397.45901210414,4.998329162639774,3,0.5269500770175879,0
47,33398.59009741526,100003.59335294315,5.1441434090861815,3,0.8833706973681431,1
18,44363.103012058,147512.08258585483,7.676763633074354,0,0.5059029652524404,1
60,37262.47051587133,82714.8047186462,0.6120976297018118,2,0.5171667156215617,1
56,80850.94422748234,97099.24528030348,3.699981211752462,1,0.7205536466773473,1
34,21602.45671458142,77331.76728645782,16.023845997990286,0,0.8777823227711383,0
37,52289.52117637559,223296.36657306826,2.244424182973347,1,0.6027164962920855,1
41,47829.443148703045,112662.12111820711,1.7472636240419301,1,0.9441917559196537,1
67,66536.7726141823,73257.10472469013,4.596576075138153,1,0.23258606605261378,1
39,47919.8154455061,17423.014328490463,1.249487749128371,1,0.9243094290323951,0
46,14835.822466891295,198686.67213679262,4.059036014174561,1,0.2216529552412192,1
39,44977.643307151186,91836.08073858483,0.8459527997598479,2,0.5264154971449863,1
61,30556.7556411335,137211.45597807987,4.335044641680418,1,0.7960317962239665,1
26,51591.59093113121,142799.8645153273,4.611282252765175,1,0.8015841672968079,0
54,78683.54073040653,76858.47382848147,2.709865881871738,5,0.2781592621694644,1
27,15211.495115354439,133622.6387693078,2.4123767983289053,1,0.9858952202966415,1
53,33995.54529200192,69793.08566241912,1.4082235264288,0,0.08060342211948479,1
54,38946.14092433006,50478.68189802921,2.0092754690416674,3,0.034782747065574604,0
45,42367.37809173577,158223.2346256106,3.449222872772733,1,0.8415294590437338,0
45,64802.51328210488,92090.53100889003,1.4228273440783503,1,0.81901891057538,0
59,46529.11164877225,125925.64168013277,7.635476873265629,0,0.7128174464133533,0
60,58316.054514408905,120546.04969408855,6.172765616783128,1,0.8507740241149272,0
38,37484.53912536448,131896.59800276445,1.5688016485199436,1,0.13755925622735377,1
41,54598.48690835875,22173.15328991876,0.5125737495842282,4,0.09568754492975928,0
59,65555.9526175543,70735.4734341815,0.0009002759646309643,0,0.9694026331109296,1
57,35354.00900525823,83776.24212517875,4.540606617501834,0,0.6242379927925454,0
19,65627.1623961303,58426.06635492547,1.1872504328043116,2,0.9198467471931323,1
25,51047.45537455137,121450.34240081938,0.06331149860612846,3,0.9064432242122313,0
65,70909.20480964505,159344.65387979487,2.2242942917752773,3,0.6531398393695,0
44,45971.60199846053,167259.23276731488,16.35064327371875,1,0.6284745129296568,1
39,57624.89310324198,83039.76173950582,5.854992535013469,2,0.35994580397347886,0
54,49187.8753664294,114598.29312289535,9.751327702374116,0,0.14911005595199234,0
44,48075.75475918842,122282.17522450496,0.7817435418028273,0,0.6866049526758755,1
46,55178.608564513794,131062.80471017647,0.38056304073099767,3,0.8178605699463964,0
20,60736.14938449807,56093.24634636781,0.057983732984376826,0,0.5446237500375036,1
61,25008.701761519897,191029.0134132483,15.579598614680869,1,0.050869140115346934,1
30,78672.67217635756,146326.00921732222,1.7848230391045248,0,0.14491770569376927,1
62,12806.73918900403,147632.46718462204,3.076348929805347,3,0.10196033841520868,1
27,36303.75780522208,160173.00284501986,2.508698658909643,0,0.6578316486290033,1
53,48114.61858470199,126706.79711329922,6.555135534691133,1,0.5647890871368679,1
26,58247.11938171896,48634.32884745138,1.8550639348265652,2,0.46650029394368064,0
44,81523.45055482758,93051.36342224467,3.833461445445396,2,0.5434085559009647,0
51,12834.170235497855,17447.330246904225,27.11064073797536,2,0.27595484235425793,0
68,39846.117432205785,120753.62548495422,2.935506461216258,0,0.8047271715216602,1
18,10000.0,91539.31709172267,4.00668670945552,2,0.3285452513725057,1
49,50632.43947820496,97973.88082365341,3.491080653146776,0,0.6443011938862274,1
42,55433.671690000614,160200.05650428258,8.127484810813591,2,0.39087424663197745,1
46,81815.91484342505,77150.29807217703,1.5519542399733368,3,0.0721665249729957,1
24,52412.695217869084,87393.84206139618,0.9342872389133049,0,0.2569514244211959,0
66,70880.5025888476,101098.66479816081,7.014012534526667,0,0.9650983273954684,0
20,61676.74163078118,8000.387529318381,2.6860035965857785,3,0.1905371204414904,0
37,41295.036059896636,86696.81721189985,12.251135524785319,1,0.10492869356110734,1
37,21820.785064159212,1000.0,5.166360401307998,1,0.2911521922269835,0
47,55500.045965836216,70723.92190521304,4.154501494554151,1,0.8779259079646561,1
52,20157.959657092724,142759.45266964135,0.36531135220664873,0,0.30602642432635896,1
52,75904.14145339288,122363.32791255345,6.554300297209954,1,0.4173801396292133,0
66,46758.75795926352,70258.9844772962,5.792454269632574,3,0.31007692130236764,1
56,73903.54823022833,102039.91091119061,5.109255288674035,0,0.9889735627046801,0
44,40395.71131735201,46250.521643479726,1.5592558548974957,1,0.9998750991412935,1
43,55377.01572801984,99882.82984252399,14.662784812805647,1,0.4827727532503182,1
31,54186.977146693775,246516.01427462552,1.9404972908651053,1,0.7848257095685199,1
34,49099.11763978152,192290.06601859658,0.8257351747407949,2,0.22005983756639347,1
35,41346.809732068155,102631.10650086305,21.79200170712714,1,0.3742951466941641,0
62,57849.120369410404,108007.20824576872,6.856955425909979,2,0.6793396714287383,0
69,31476.734730335833,51021.73426827245,2.6788959718841894,0,0.28632840056518993,1
46,25811.293420818827,59910.54460244748,13.73783640015658,0,0.2246987428531778,1
37,74856.53786653656,118109.21610523471,0.4776965892863025,0,0.9222378819955203,0
44,64543.35977784201,73755.37171817575,0.4587194233520261,2,0.2442980759016512,0
35,51317.8321720448,145207.4797425791,5.7356160025607315,1,0.059277818940873805,1
21,83302.84765087563,178484.28404888784,0.9799044004939697,1,0.7510880139748173,1
18,44644.6896255031,116631.03923905194,12.452984957181087,0,0.2432682879288014,0
67,76454.06439977959,105086.86029199633,9.17414413272658,2,0.45018414737870416,1
18,53511.481698516436,15961.018754467412,1.8290629993810041,2,0.11155703396591798,0
43,29504.984998472195,137380.5122636025,10.983904580963564,2,0.06851557840669709,0
62,86960.803835417,42816.43492304708,0.21917267483143243,2,0.46044567173450324,0
37,69814.21693248171,79099.54356832901,3.977426372114887,2,0.3370883422037583,1
69,47579.57937980871,147978.79461925675,13.710318824388674,1,0.505925226932003,0
40,64543.42519067899,151487.9082154516,9.668331324067653,3,0.9657832552602018,1
27,41925.93132004186,76674.62363249414,2.2008520809690397,3,0.4073882862479439,1
28,66582.98070119084,79554.22325400068,1.0097880534572317,1,0.6026571037428614,0
58,10000.0,65034.05633716641,1.1820342843619709,4,0.09759538230173237,1
58,29603.973326108127,40107.31273370446,3.61296109057226,0,0.885917604994843,0
22,69585.19488573926,68260.2258947879,4.541277304480746,2,0.8058611034443959,1
18,45006.88923562161,19343.499054265572,0.16682390962362964,0,0.5224070055934384,0
34,54150.84589777484,134153.12907541325,2.668352623934151,1,0.18337687427663074,1
39,23064.28675769131,119726.18025809378,8.871182947145437,2,0.42594991938769566,1
51,86957.33991404207,128026.46424352564,2.9378939846629857,2,0.29738399590864806,1
62,73810.59287435353,52279.79747124286,0.9266828325530084,2,0.9945167553931823,0
58,45986.295632493406,40246.471824247186,15.4899649947701,2,0.4908382885334217,0
46,41906.08286273347,102675.71371567801,1.548108579205738,0,0.4222331049850023,1
21,70592.08722839385,103205.12824751127,8.008049795664668,0,0.16905831610996636,1
22,89649.40900337856,92636.50862435273,1.077080961639497,1,0.23910894936952576,0
28,69075.20511622707,85525.83654060753,2.751062073467556,2,0.7115877141878026,1
68,93436.05334793203,185538.7888847193,3.3708670301485606,1,0.5349093325747236,1
38,31552.97341876164,121301.25058964892,3.472092901713599,0,0.35803131270470434,1
52,33612.263390024185,198533.91957332456,3.633249590938868,2,0.29701368587745935,1
29,26221.177638933026,163448.25127158166,1.2741228124352522,0,0.20074024624364117,1
43,58835.21299298959,185163.54630086722,3.6274792304642545,2,0.03389789285636169,1
68,53512.0709960874,46276.8616821999,3.2861283061181323,3,0.9771499686073849,0
36,46960.97753056028,129658.5495499015,1.1705137801571102,1,0.7531103509106298,1
62,66185.17256246597,78411.72555033135,22.19470353458647,1,0.9278708151139984,0
24,74646.57210429329,16830.66443202336,10.03331256440189,1,0.4125508663942884,0
64,19486.75181426316,174800.15847777628,10.927404817488549,2,0.8693827503152008,1
24,38060.55944197769,85315.37371471855,5.784985718656389,2,0.2562499219098139,1
43,66402.8718824612,47244.918486665774,0.87115406073793,5,0.5098348139075558,0
57,40645.226322828355,79271.80683756532,4.197714121642126,2,0.20247943985405548,1
22,34035.87847283692,60188.79386130904,8.61414268386324,1,0.7703371653358073,1
38,70370.7485530079,65315.101619166635,0.1975335114024127,1,0.49760200693305656,1
31,24209.9986055204,88919.83049086752,3.4243387817736965,1,0.5362729383947819,1
21,43968.4038441779,186540.75965223715,2.5219227272249722,2,0.8594546297035658,1
40,56572.88051609617,66684.13917276872,1.1920774401127106,4,0.7392174174664894,0
59,38523.601721797626,182963.53321095952,2.3760860117731126,2,0.9662659567326525,0
37,65663.1131202635,142441.83979897609,20.52122026528242,0,0.4053359991826443,1
32,38622.46049605262,119813.5781793043,6.423082966817747,2,0.46145472247118935,1
67,78172.38986891838,137406.00161259374,1.7800692412314163,1,0.6153386857597826,0
69,47485.07405008455,100682.78319187288,4.648843914051957,1,0.4533124514941862,0
62,63425.40273410707,164302.5051931713,1.41616817575474,0,0.419615379668294,1
46,64920.479059656325,128349.01316335503,4.7188737684971045,2,0.34057174192995066,1
25,37449.19994511855,16766.700748724354,11.324842245906675,1,0.8318842193270926,0
58,10000.0,114812.59659449826,4.069537218167955,0,0.5334893636426988,0
65,57215.1150932767,139198.65714963077,6.608903741200438,3,0.6074031291775674,0
36,51445.76694249739,85549.93906993914,3.0196320519556252,1,0.2040755339175453,0
65,61116.520551502545,106312.79363569664,3.7129889493482837,0,0.2517764804111512,0
56,45469.45055234324,69357.10026627965,5.938448462645479,2,0.3397932084208005,0
63,41391.446023985685,31118.717196821977,8.367349610721819,2,0.46536897630816454,0
45,90169.460219634,22481.156453438,5.38598696366495,2,0.043927303610969304,1
63,20552.918769784446,23146.60064655682,18.969421029781184,4,0.8883913615873879,0
44,64679.00956728477,133452.2371235266,8.569066450784067,2,0.9037122544530352,1
21,38507.96283633218,1000.0,7.506510860064168,4,0.6616799200523457,1
32,43284.42764519156,66676.00365182594,9.324928625810555,4,0.3160528341559218,1
52,43657.94334852068,61717.33573773111,1.6509366881678713,0,0.3853183046622599,0
54,33931.31451657486,85892.02320062678,2.828584406109425,3,0.7340509988710859,1
18,61424.48420472479,7178.422503189868,4.155876695574173,1,0.2862910054802734,0
20,77812.87191899915,120194.40473703093,3.1030752038583214,2,0.6089180226130352,1
64,59400.27322493323,36341.930292005054,9.401570596862927,3,0.9062710781399254,0
41,52067.6399242419,156620.27703546346,0.1372080913384104,2,0.4104478320577828,1
44,30271.19001801507,68911.71562055839,1.1733955111073229,2,0.5870487639628532,1
57,60336.50531648902,95219.34882940399,10.6729340058678,1,0.9285897870687977,0
53,93126.99263458597,100188.69282776031,0.3045928064709418,1,0.3405815659089687,1
51,42386.10752409815,112212.0526430286,1.2873054967167008,1,0.7596397455130505,1
46,42480.32841296268,101850.7188748071,2.1635417687650706,0,0.7551218558958238,1
41,38778.217380380054,78644.47256336841,6.946305002464621,2,0.9284951938053967,1
41,40211.71531011159,117152.42653470216,4.10695654762799,1,0.8585893191831488,1
59,10000.0,123307.35652474771,15.461733823850135,4,0.7488281835850277,0
21,58100.70771711426,61743.26664451898,1.2930442224374512,1,0.6365154281042583,0
20,33088.956472907725,121318.39094867784,10.283330608694847,1,0.24118829099815775,1
51,17794.737624163998,159586.0151200848,1.6627939490103056,1,0.6706486726679592,1
66,65063.79899465098,135294.70980522764,1.4084884672811646,0,0.27644346615183524,0
40,28359.64429916128,146618.76208235935,3.449514226551806,1,0.4400196053561892,1
69,43226.61892232485,108596.04244537227,0.36933349615453087,1,0.7096986368343744,0
40,79328.8478237716,53192.47769625604,2.4250341870320535,3,0.6748942476569559,1
62,21815.68403950973,59517.777014817744,2.1977676215438864,1,0.4011990928864997,1
22,19348.03530804476,115994.39839272058,0.8723714704934872,1,0.18267568597605655,1
48,55386.12379124676,147138.1862576155,9.859032503482032,2,0.484142454087109,1
58,72989.74728020738,239295.59569970277,2.4379031680638104,1,0.2699729204722542,0
23,18513.16564536074,149091.0972219302,20.06479426460759,1,0.255434478693333,1
54,58153.79473674354,41478.212125124905,11.498344198873927,0,0.3267935854465648,0
27,61619.99079923384,61636.371382000885,1.0833893669730552,0,0.7062377584856249,1
57,10000.0,213925.86579779992,3.517221798403277,1,0.4972858319678406,1
24,65970.0267581444,89280.55340116109,4.604056400447516,1,0.37317097682414335,1
56,67532.11759684359,102375.73173806442,8.545200278704066,1,0.9005948141951763,0
55,43764.2885348795,51979.153979538554,10.84213977819152,3,0.7067806742984265,0
38,75046.92724596016,178255.17027871218,4.891070326729405,0,0.49465282733127647,0
37,72729.1114864969,125016.66036603127,0.17883128964030143,3,0.42128836282921167,1
20,52062.358514344094,61269.932605734415,3.2819209788000565,0,0.8188968312176395,1
68,40971.092193501325,50308.73555713644,10.805581136266964,1,0.1729244939274701,0
39,30543.44214834086,115360.1972948936,6.260384064294535,1,0.6641539254371533,1
64,49248.729812676174,102210.30874402262,10.206566410162377,2,0.0210152988980693,1
21,61395.17839408358,141605.51086105636,5.605513406615764,3,0.006960713063091761,0
45,43516.462779187175,127348.42365635998,0.22516993873337585,0,0.9317836931581412,1
29,10000.0,86775.98256156888,17.211137021376683,0,0.5139885782411714,1
55,75374.27789153141,72809.92022693167,12.506310808958194,1,0.3151174255636324,1
68,53804.46443689788,92002.8925850583,0.676691062061594,2,0.7946962043050462,1
53,42407.51006646332,72465.95766716187,0.5978109004744038,3,0.9848280059757824,0
64,67143.16776846576,93490.2233597619,3.8726376675785112,2,0.03441379141953416,0
58,80492.77192965512,100822.04643096909,7.0745152661670065,0,0.037960694246528814,0
22,10000.0,55103.455330997145,2.4077356951348277,1,0.8547820523637306,1
30,58685.27299844143,131533.993104894,0.7331246347286902,2,0.5567147997645109,1
40,21467.015783793056,81478.61427651648,3.572427139155711,2,0.8827417417420819,0
67,59982.21013597882,57905.78248573283,2.0591727717999224,3,0.6946430769738022,0
47,52558.54404749158,82419.6285859066,2.1675636204692568,0,0.4705856515505227,0
54,62714.530528810996,112112.90783101431,5.177983745209636,0,0.16134592481514798,1
42,40015.0477101069,104151.90999066517,10.840625000016981,2,0.38986114697189045,0
65,12535.197763616961,121105.9057452231,4.088925257164745,2,0.7871450925587021,1
44,40992.63617486664,144917.30625377645,5.817394491378257,1,0.2339175496161644,0
68,58136.952702795665,165247.01020040165,5.393268831168712,2,0.7123664939909262,1
31,70307.84657350447,114274.30813440266,4.0052902007645095,2,0.24734457912666807,0
65,26563.3739905495,46529.880638225164,1.8608152359335042,3,0.4635343781630348,0
64,70541.20853746035,86544.45987348497,2.3724217427425724,0,0.08543200431090237,1
53,37042.554207069574,49784.080780849596,1.8968220597652086,0,0.45499845873789513,0
56,57248.99763189053,184842.7036856141,12.474669564814441,2,0.612702544309042,1
33,39802.12094268735,199370.04412635817,8.761309467517314,2,0.5633180416101966,1
39,53643.41255424204,132515.55987481715,4.329739497771271,2,0.40646651439630743,0
38,67837.5526914055,142922.94213195154,12.165945072758257,0,0.3696952757372959,0
38,25459.71845422928,112547.15966183296,10.875741499065793,0,0.2753987574758803,0
25,36401.88206506337,118302.79577303956,13.134268471681645,3,0.7671040657074072,0
66,53699.251746841735,20127.289083543874,1.2536906282328704,1,0.7826380976922465,0
33,98031.67322060704,96303.38173715449,6.3204374079999335,0,0.4830275499337794,0
48,32736.20575666344,55942.34688268701,4.698110262484961,2,0.3825617648945291,1
59,90802.67771993838,114067.82687691851,6.618112364689532,1,0.6374229723027085,1
27,90088.46607350343,97019.50773057328,1.5284113002383273,1,0.5577323220951714,1
49,48053.77698596818,197341.09811730572,5.934088514718861,1,0.6672554664096588,1
51,44036.949476001995,145831.38443614208,2.6367106610115276,3,0.3060155322106729,1
26,36158.696026706166,114225.59912608225,8.98160316688916,2,0.788349559287096,0
34,48635.949393346615,86653.0156430187,7.932654591456329,2,0.3167428108520901,1
28,21865.61134880884,183801.07293799648,1.187211532925966,0,0.4187232718746602,1
49,48475.21965358805,98502.26769367351,1.0158179119754596,1,0.1324227282050664,1
27,79937.60547701712,116583.6980817639,6.32448658661235,0,0.8553693222929191,1
39,37778.29875046565,102112.48022134176,3.9978178753992353,1,0.6442737463709866,0
34,45185.51392021898,79792.30471463386,4.0732521333026215,1,0.23528705879041334,1
21,15977.190514655165,101825.31111927601,6.982033059285841,2,0.8517180538023115,0
65,57481.24176262087,1901.6574660842016,9.65410064704707,1,0.7047930079820119,0
69,55289.63369902748,22614.67993794063,1.365372427316508,1,0.4421802555022494,0
64,51274.04719531542,117481.52708348137,4.054470985718806,3,0.9898428312911868,1
42,45663.458995557135,178409.98452637432,8.829134503881807,0,0.33720975006103526,0
38,44144.84162455091,117411.05520720844,10.309744025936705,0,0.09954956673654669,0
54,60038.00467401344,63981.5572551673,1.6942410033178064,2,0.7334590483822618,1
55,49423.667968227535,27857.31229663323,0.5499329785224397,1,0.75704903977722,1
66,56299.43743110664,139226.36302378192,1.3251903296596956,3,0.058965106035546944,1
18,54299.65634909096,71640.24244924495,14.547728300940294,0,0.8194191220038876,1
42,72468.54574191524,132161.770927628,3.1039438769301975,1,0.7759415138734931,1
68,63539.88194750108,119493.25790328586,2.711356059952154,1,0.9295963718255849,0
53,53857.23686300381,123915.01961273447,0.06585351455495271,0,0.11854912255288841,0
34,80368.4406130436,101680.08536767779,0.2618097624244776,2,0.6008095582809007,1
58,58405.37058113123,119182.21924848206,5.523593416140713,1,0.21942254162336916,1
41,76099.25377580838,94027.27993718325,4.455882123059557,2,0.39944195305103347,0
19,62138.85216773276,68234.67328158981,4.2845496928754505,3,0.2650908291024313,1
57,13161.618421369138,51825.04697419742,0.5844833206362356,1,0.4492977020040493,1
32,76096.6952663866,1000.0,2.16979492281491,2,0.1128763284209442,1
49,52703.52482685338,90944.52187977452,8.366100628626775,2,0.3035155078592878,0
56,48960.90458198444,175968.90914759765,0.961321455314706,0,0.07091872867986293,1
23,55626.96694979154,136504.00462687988,10.714559209759923,2,0.49183198805116135,1
18,43100.336760858656,111385.45592379791,0.647573354309918,3,0.2966832096481694,1
64,54540.57720777891,63299.75028554245,0.9265259979069439,2,0.590308551814762,0
40,38162.478673138154,149866.96128795386,3.248044020814719,5,0.45644618142016824,1
56,75485.4451746874,94034.53440984875,14.529449113641286,1,0.24385308956767981,0
34,47728.23772757899,178746.71568945295,1.9990134356693645,0,0.1029402185959305,0
51,42348.32314555133,50945.636835265934,5.36791076607444,0,0.7533166884070374,0
58,31501.483685614523,62501.52360136718,4.44181260216458,2,0.6331325540857738,1
46,55375.51578297283,57636.50278901858,0.8103753547969205,2,0.03292999631956017,0
26,53742.14200250184,25894.08147829934,1.4262046150433407,3,0.9893655599706145,0
30,57768.49227355013,53147.76574041187,13.307224441617914,1,0.6424902745976204,1
23,29454.962249897424,105160.81298829587,1.021790684284703,0,0.207180786736463,1
23,17976.376023768542,64389.94875746862,5.937379641635209,2,0.8404968730739756,1
37,62511.826050131196,1000.0,16.718580134909196,1,0.8821007218066461,0
69,79692.83723753016,153713.6648710061,0.6363607826153437,4,0.5736853967913229,0
20,29472.927552202076,15795.313532629734,2.547316012977668,1,0.885572197876194,1
34,81788.82567123396,129461.41424433186,1.2675765994668973,1,0.029171763423279207,1
66,55678.221174727616,101560.72948347824,1.252326556300451,2,0.9451667111673736,1
29,49858.74190898341,205868.64082101712,0.6334079253512953,1,0.05720361408693553,1
65,42049.02606908444,149847.87407613097,5.242703072652492,4,0.6423900639604377,1
64,22309.639611500068,74769.77022575129,6.858871642533778,0,0.34589463693980005,0
62,69754.57031849198,64896.8218822344,5.647325548811372,1,0.039312351446165295,0
18,34487.87277124794,175136.38403996426,12.928485296149553,2,0.9292883069351798,1
34,34403.86648524799,26206.445144929414,0.7872402684929438,4,0.13535765925540744,1
20,69838.52619773909,109543.99679593541,1.92717557290386,2,0.853744187423979,1
43,12340.331066565472,93443.9768375164,2.1123402850431443,1,0.3303450090159695,1
32,19528.043786636666,82838.6965647662,1.3203622879999055,1,0.7411640027372566,1
53,49637.31512983837,117675.69922242127,0.7669503534010467,5,0.25422078980813856,1
49,55865.68858009704,109477.99302543378,3.334507905817298,0,0.5834339377276563,0
49,59694.69295937847,122870.03713958722,8.99209682735528,2,0.799553807144939,1
21,43964.03013207494,106948.7826181642,15.454582122866379,1,0.5661798303301319,1
35,100607.39337283379,120884.07025086238,0.6925223019420496,1,0.30655256364296535,1
66,45442.14882468332,104668.25964657974,8.662471176858213,2,0.23343573391123285,0
36,45384.276957945556,67028.65563918428,8.702892910300129,5,0.17480559678175467,1
60,34060.26662372245,100200.06301182977,2.463112564226727,0,0.838812522043247,1
69,52478.136330421425,64280.672014799,0.58283551183309,3,0.6109426251343064,1
52,62299.22464093549,60981.16976345748,23.02985591194939,1,0.5086779247574513,0
57,74071.5610906692,83192.49986411241,5.329656350367788,0,0.249580683828736,0
31,20214.31471119564,94028.84196320787,20.14157499664438,1,0.4337532485406709,0
50,45080.093232885985,101761.26531739054,3.3049056549377203,2,0.6200628083546562,1
31,58934.07221618288,145818.94136816653,2.5142294000255245,2,0.0718816535120469,1
51,61741.15069189071,75076.79587295782,1.4196819877641915,2,0.36071493657994314,0
21,50130.97315609078,109842.59632374102,20.543840953768203,2,0.23950365174781496,0
41,60848.47939064204,105901.38569719094,1.4601727836690088,0,0.6465149062621776,0
46,33820.72214148399,69568.58562669675,0.12024822231094262,2,0.6062690079619933,1
36,81158.10864636714,103687.03931032725,3.5920009900208387,0,0.2994154946451709,0
23,69852.56205958858,150136.07075886568,2.3664490585754447,0,0.04163072210686514,1
50,23101.444258696552,109325.31084417,1.5148754400651752,1,0.1828127508067824,1
66,28497.939037664888,111329.1964513654,5.033924239385445,0,0.1600620755949096,0
57,29061.56499786188,64733.58345286663,2.264895776626844,4,0.568394334962377,1
36,63559.39941793057,198442.94256024383,2.5729207937290366,2,0.16929145635436993,1
18,24305.444671650657,67582.18148387494,0.11657652752386863,1,0.48233435427289817,0
22,43379.51331583839,16610.82697262612,4.446673274668307,0,0.6145288373231816,0
44,59094.08792833549,143009.2060109038,0.6509479410878398,0,0.8795655829997133,1
33,48676.681309071304,94259.1480175787,1.2027512312084436,3,0.24502756297339012,1
23,55177.75031425412,84847.90895264625,6.31362397640145,0,0.1859129362492632,1
57,28683.945773024836,72722.31097942364,1.8788718120609378,2,0.1732538331330602,1
30,61897.08746794489,193585.7312157919,0.8909118598853305,0,0.3604293095120823,1
65,37735.76215048007,117729.51393023413,4.30693157359603,2,0.6491812193185408,1
52,43507.60651204117,127487.56108225424,1.2097495305028578,1,0.671862420719731,1
36,54754.634558119724,108130.78117911337,1.5802583129485648,0,0.21096190065662423,1
29,52061.56443061696,113502.48067225982,4.855573759429907,3,0.131233451860838,1
33,50479.60038031186,169931.2305279707,6.732710895412155,1,0.4486779337285698,1
60,34987.46356046489,87457.26693861526,6.7288280036979,0,0.1411912819562925,1
27,44009.01177601616,27153.122723963505,3.2912502712506675,4,0.8129207449497415,1
42,50043.671816740716,143402.73271138885,3.0284012210193727,2,0.08388144748525073,0
37,22498.295336658302,124835.08061211961,7.747483720152751,1,0.7520933221797597,1
48,40749.340673732426,105398.99064425213,1.0723732075860168,1,0.04264791551779734,0
21,57753.59758065693,123537.66207738932,0.8255670349251738,0,0.8069841159949945,1
61,24451.267923093146,81462.78898529129,5.463574552628973,0,0.627151675589833,1
40,73131.63303188479,101034.62914271299,2.6339869333194663,1,0.32237310585828616,1
19,75392.26525199685,93414.9873070045,6.189345238185101,0,0.4055184947646141,0
39,25096.98848079829,70425.58714645416,1.482606608576293,0,0.6736172405573119,0
68,77152.39266100278,159458.63915525013,1.964264001467211,0,0.18562814400131378,1
54,47128.36822575731,29387.068629109985,11.349507791293487,2,0.890320669089437,1
25,58370.2911831411,218044.10859064833,2.737936712748258,0,0.48288713419189466,1
24,40066.978957435065,143868.11046032378,4.469631817226809,4,0.7601394943946658,1
31,68460.89654453524,11101.223264882457,0.5640643788606178,2,0.5066960257744356,1
20,58121.88037697334,88791.68352545353,0.985120591635194,2,0.45227922846496804,1
67,33716.93486804793,91572.7042048221,0.18273763638028584,0,0.4696155623576074,1
33,26695.96000069423,119594.33144710561,2.761457980074801,1,0.3631247107734441,1
36,20793.951295815546,50531.08646301399,22.513070016755808,0,0.7327541956705592,1
68,53758.83552865513,101601.26716841086,10.352335767250242,1,0.8461524437415656,0
35,61449.428235594714,93944.03009386765,5.010726367740754,3,0.8543966643062522,1
69,63019.31357558883,63119.08187132806,9.86987886827495,0,0.12114571393407714,0
33,47640.37810785244,56162.3884264384,4.509096701389516,2,0.7613679053506286,0
25,26860.07088671272,145940.23233511785,2.300416041400409,2,0.19995461970527773,1
50,36358.50403952434,15170.87299787032,0.9530575249010078,1,0.012178345024572712,0
66,73046.97277923851,123893.94680480257,5.292854875346835,2,0.27545903527924664,1
29,40307.42870799838,139875.5153439062,1.0724757612428057,3,0.2928685982319579,1
28,52868.352613629526,89072.08308307918,2.701516060827859,4,0.809789054083428,1
22,28486.990328502252,102618.6419862498,8.737808947818774,1,0.7423963152427697,0
44,56731.6609091807,158174.74998486906,0.6918830017534038,1,0.08468457028813392,1
29,40846.30876641844,64757.42446379715,0.690689468858051,2,0.3259613077877195,1
34,70934.25427551527,69917.37855554381,1.2706073504983137,2,0.2512998466801655,0
23,65471.15412413627,75225.81594503458,4.013887406420374,0,0.5954551877860335,0
50,40085.88106850201,158266.27996116405,1.4499134392615707,0,0.5415119732513967,0
22,47466.71945304673,164614.68734423537,3.497817981541424,1,0.6789128055772071,1
45,38977.675199187426,30205.488276819044,1.7975563200406908,0,0.9107298319849904,0
31,21611.336069099805,150312.03736558184,3.528550876820736,2,0.4210735575840988,1
22,32851.15140905567,140945.4153173642,1.6260990594127356,3,0.6559240108994772,1
50,53964.3465544164,177679.7405224914,19.563209886900147,1,0.9183524917390006,1
67,56505.189964591635,119255.40160631898,3.393440110622418,1,0.5416805844305528,0
65,52970.95807185278,97786.99398607116,6.805929840417583,0,0.3082809800502456,1
58,43965.338920827286,157260.83432858295,6.028981644653978,2,0.40290015440895655,0
36,68661.33211441971,134945.18957508827,3.372209842826086,1,0.754613656657924,1
39,51270.83809121875,212244.92070743634,1.3647033911983006,1,0.7200111581060012,0
22,64065.07656191895,147935.3922480914,3.5740841830619168,1,0.7484154016865513,1
19,14524.497355949628,107677.39882119578,5.712376131495073,1,0.7432968902773425,0
47,10000.0,41294.780981191434,3.080183258203286,0,0.9204588986899616,0
64,55675.760556761605,70954.14114029409,0.4273815464789071,4,0.7640051458394751,1
56,21504.68692557021,28202.251098599198,0.09073446465202085,1,0.8554370861230555,0
21,45750.96594573888,89246.89819695684,1.9865681726389826,3,0.5737116506160231,1
50,43958.05917950789,146303.37966164228,0.8139120333377804,0,0.644171386741776,1
30,81748.01204831075,99816.44557597423,11.832432201902762,1,0.9677194740192528,0
37,57999.93105887213,151086.26343800363,0.9669084970167973,0,0.8703008759847547,0
24,53317.18053597346,116878.68667195068,2.506709632704613,1,0.7773602406366273,1
32,66739.82309267347,79845.38551229952,6.225319871038582,2,0.6855146423443877,0
40,57369.95173678078,104381.25775849819,8.448406493312806,0,0.35851823777615366,1
31,40846.46014023134,123604.83455275481,3.247691635215724,1,0.5481255637554632,1
40,71429.5186050912,106961.1699231808,0.9991802780725219,0,0.055128188472936435,1
36,27804.997442234515,107534.2114425957,1.5796891553385333,1,0.4161667496041844,1
46,56464.94375067124,61547.49462066468,2.7147510830940975,2,0.11189641773498094,1
37,19048.60411727378,78351.18673788919,2.2674602089994216,1,0.7286395359115408,1
46,54078.8771503199,212923.03980773222,2.143715429573307,2,0.8923176371198865,1
41,53859.79283545859,161423.32452117713,0.7069757367440238,3,0.17408299568920804,0
35,83529.09923829325,26307.95515951421,12.227098254937317,0,0.245683383799847,0
27,18700.522131164413,1000.0,0.1510415887066099,0,0.8569809425533081,0
58,37982.25648292375,103809.62107243612,2.8991114751914426,1,0.5858321753985994,1
25,66453.64853148288,144673.64472129953,19.641141144026978,3,0.5883088828251491,1
43,56706.34512794616,74002.90812888964,5.38999023092832,1,0.5628763646458568,0
46,53606.10102675006,151082.93640989688,2.1957092645824208,1,0.2182607607252215,0
27,30877.285940829217,102982.72825035421,0.7896917961608153,1,0.24330301520041708,0
34,38183.633038171414,91846.93601365126,16.603519275219117,2,0.9496431154787687,1
19,74900.82016446513,137805.75880875907,0.0704254635175314,1,0.7234701521068021,1
23,48969.81612492144,73406.21035488656,5.718899348767417,0,0.09043448706535495,0
22,57507.19392288946,85664.68390981734,10.607048941368948,5,0.22293827165861224,1
45,47696.23342447042,133508.36310652315,0.1274121327235604,1,0.6271155211808765,1
58,26338.289695004696,98430.20314669878,6.458101264931354,0,0.2834653869239495,0
22,68676.20852149994,195438.81366888678,30.0,2,0.2517336560066129,0
35,60064.64769064993,134691.2706428009,5.1032929876012805,1,0.20234799300314,1
43,96112.73674734379,131440.6914166381,2.677973875922616,1,0.18572686353665158,1
37,29688.3724069891,97524.7676967466,10.373293761616864,0,0.6133305817702374,1
58,66451.45842400962,143737.7338354803,4.039191527766129,2,0.9058488238817073,1
66,23769.120679259977,83869.61135991769,6.920301228874447,2,0.3611318559695591,0
44,53146.93135346155,114118.88755997576,4.430978229167443,4,0.12150860137617181,0
66,69530.13178126329,54185.34764977199,0.19521732525060853,0,0.12429934268542886,0
29,10000.0,151972.0696115296,1.1985563825727321,3,0.9336897048986453,1
24,45901.35051516784,114530.23486308959,0.41019284950558454,3,0.5287354781178689,0
20,38735.80531914759,199125.65318489383,0.5640955451612952,0,0.4662855106777537,1
27,35960.85403409756,219614.9191834879,0.07762695593083928,3,0.890741243950107,1
51,57704.253045187084,138165.9725716574,2.733688899299607,1,0.5071129373486559,1
42,72413.7141284519,103421.26556039517,0.9840396883513135,4,0.48059889284860646,0
52,47334.42569541689,52696.774393721564,9.679183502460683,3,0.9266525336023682,1
33,54109.7285512004,145237.49016294122,6.932222612780982,2,0.4744591229539643,1
19,52286.17506118496,110514.22819476141,4.256929297251154,1,0.3909610757740035,0
41,50036.07012712828,126901.7419577231,3.357137306868913,1,0.5816621319666938,1
27,28213.147245757875,186489.36937281216,1.4776885068400758,3,0.9772315315338098,1
55,72168.89203445785,58778.83556683266,3.221322873554842,0,0.9638290426003434,0
39,55903.907363176724,53784.79157593317,5.125358729757278,1,0.7756014040221038,1
43,57897.62980005155,88178.703081466,7.6215529251768155,3,0.49928085928743116,0
60,33869.80741948835,141060.05748759117,0.42605807635271065,4,0.8814617083697632,1
56,40815.59204021519,127743.3620107244,6.162970720745532,0,0.4193829783791647,0
44,46477.316045784435,55215.57441521138,6.788143414407118,2,0.640143044740331,0
46,19317.50613102297,137827.64503512412,4.09323684535216,1,0.1794268436357721,0
64,16239.313496046438,39939.359055336856,1.2060233521900037,2,0.6612876467619041,1
55,37985.041387228644,58112.91628255712,3.8737886144836393,2,0.27610591602835066,0
37,60450.4153288478,94227.13414054053,3.492858149750535,2,0.7717529816548947,0
44,36937.252201401185,72328.43770123899,3.2285524823893152,1,0.41404016131390675,1
58,29623.89604818573,144492.97443254673,3.0868593538419766,0,0.3984097845466673,0
37,33706.28693524659,114318.92415005472,0.5873092466009859,1,0.7465776474475811,1
61,40893.15153709375,188278.05888136302,1.0099229764925874,1,0.42531863916988,1
36,42922.82074359793,87640.73173227928,0.5120027725154468,2,0.7140213572496472,1
37,93310.42904413113,93889.89244796283,1.3885123581084087,2,0.8550655605465821,0
52,71092.41256974638,160519.13045308815,1.5290725989452132,1,0.13687863467913342,1
64,70495.48224563456,95453.95984381023,1.4056900679009032,0,0.47902299599733067,0
19,73371.60728546763,174700.2623853773,1.1844953063583072,1,0.9449115298370896,1
47,30023.58261331901,127041.41051922458,6.648096735206592,1,0.8121814514361916,1
51,25552.707700255218,1000.0,8.534300092876908,1,0.9736122659883045,0
39,27862.594169318865,158878.52070747322,1.9808612283774956,1,0.8603084567520753,1
20,76690.12266675675,145636.34065599044,1.8201445313872502,3,0.31021981791908315,1
23,39056.164222350184,147566.63030552724,9.290533317225796,3,0.179152610058529,0
32,24972.876355214263,4451.081072737099,4.889818834417225,3,0.21054180444486847,0
44,41380.07599560374,66850.50193644762,1.7367239191846329,4,0.2168927383229552,1
27,45227.88936570745,70564.7583221615,6.252043829296582,1,0.07573639485448636,0
26,55368.26547389124,57943.93162198038,2.1124928636680043,0,0.9067950929767684,0
50,55019.02041424086,187096.1265946969,4.416161350796045,2,0.5025485892881599,1
49,33436.38872252984,99411.6081088183,24.554422660391296,2,0.10127119776322757,0
65,63713.12785027422,98171.95286854147,1.794776103373955,1,0.7626416068033857,1
23,37216.12932499684,127600.41551578895,13.33401353659802,0,0.32564073210132005,1
58,46874.47326589914,128465.0833944691,1.933111870669114,0,0.07103750782530516,0
53,63735.4814100671,1000.0,3.885761270963874,2,0.18975655765503285,0
19,37163.57192111317,67682.12314253183,3.0807806030667444,2,0.6575498251634971,1
46,38612.97152837725,29360.57111043617,7.642967531278208,2,0.7940062955977409,0
21,61833.36099386262,120015.30465774098,0.31519263070116843,2,0.2536767105463116,1
18,32845.336467899615,85555.37928329763,4.932524030262234,1,0.577058270825001,1
36,42304.159527918586,100769.37822506344,7.14949579417273,0,0.0008725578125903244,0
43,61114.84356085785,1000.0,3.1946668632638393,1,0.2783874706068934,0
42,91081.84882871949,84507.3887654751,0.5562927442059358,4,0.18163382184152854,0
27,62108.090095254935,155756.51259164076,1.4038965139577162,2,0.07654622464937488,0
32,59452.79525980023,170472.4741551084,5.6920548176188905,1,0.48389529841038326,0
39,60616.03167345459,135943.17097703498,11.289846025999278,4,0.6310155148322024,1
68,28536.194518659013,33226.735327594055,2.7375224447727,0,0.04637635365675363,1
65,52311.93477359816,162970.09014960617,4.10958717083258,1,0.13789117919537042,0
38,49404.670233271965,136200.1127500008,1.2963480280624835,3,0.9322911787614354,1
39,56431.690807455125,94140.54829677306,2.6569558793899635,2,0.2231128431681061,0
53,52330.16104951742,1000.0,2.0533165350996585,1,0.7599877465540076,0
51,57593.99354834225,147679.74753312586,5.328676754236948,1,0.7477349949924448,1
47,43770.65610201597,70391.68350083104,20.899169674821977,0,0.3215825023761464,0
42,51172.17834743585,117308.29105273905,8.39135359042081,3,0.20411689924662668,0
62,25443.428678860157,103419.69303183313,1.0669846771255085,1,0.24395055361572648,1
45,43601.85443994172,176919.74922191392,4.309943138009075,0,0.5658989669835696,1
18,77816.67096353287,93731.65070012458,0.3435987311688269,3,0.3811590204199494,1
66,56376.16679256512,99244.3204957026,1.4178891110570286,0,0.4955653582353706,0
62,49581.57925233846,178930.7695239315,0.9450252647612509,1,0.8116124831636912,1
21,87922.46552508694,67088.88781249058,2.0439446617804737,2,0.5022963847963366,0
24,22783.300433978417,140716.14257038885,5.678673940151333,1,0.9952289257384755,0
66,27810.888891075603,90069.21385607679,3.459672749637023,2,0.6658338038175092,1
26,84254.22822552545,49872.90189975354,13.50854622481436,3,0.20724765812520662,1
53,50919.21872097868,100058.04933604364,1.1960397266300613,1,0.49951878212326783,0
36,45148.339274204125,134585.25568039936,2.264428080175233,0,0.8134177219636645,1
18,26015.913498087135,167685.49199882557,2.001287780815453,0,0.21830153488950288,1
27,58953.92532790024,173734.69926728413,1.3456994047442248,1,0.7294221386435478,1
53,60889.19739054925,85261.79628872337,24.932716108661527,0,0.03344903419087886,0
26,28110.112783302076,50637.53839838932,2.4487917392630982,2,0.9426338313999593,1
62,47194.48828899143,84063.05502112603,14.109649552942045,2,0.6633617494144463,0
63,43289.68335933868,40923.46233349222,2.475364049239223,1,0.1625703042015807,0
59,55119.54292837542,89130.69002917474,1.1413563703406773,5,0.874294699378396,0
49,27614.995155587123,82916.73581901207,0.6346594051155066,1,0.08182068088901062,1
49,75038.94909026314,136374.51020783826,9.674565950485622,3,0.4059289636462212,1
23,68316.47563195208,1000.0,0.163120325314075,4,0.7369493395994334,1
65,42736.48882534368,63319.602695668014,16.67628819867707,2,0.9374066273632651,1
55,45671.625767232574,63724.08477790423,2.7080671390974587,2,0.3488102668392269,0
34,47271.55699444768,159356.36262040125,1.4209366049737535,0,0.8305112309634005,0
27,34433.828939869934,44307.78112994915,4.8044290241088214,0,0.1967522576652706,1
67,41131.411635299286,111332.8679824497,0.7130797589997027,3,0.035110369164783606,0
44,44594.59264650782,93593.57927901094,0.3744021328410615,1,0.028760983292548725,1
67,82257.36741414256,152152.1263418191,8.79501006427685,2,0.6581704912143995,0
52,68932.36616660873,129791.59322552737,2.7640641808454265,1,0.1542073059355734,0
69,68693.09414673247,106062.18659101898,3.6517008405823126,1,0.050324310389726845,0
38,57398.51226008781,72266.65627059658,0.9721488848653945,1,0.9767475258316312,0
42,27653.45982137531,7382.874844506194,0.31695853238180316,3,0.24201226832967893,0
45,49170.17790845242,112354.28278437027,2.292558635344806,3,0.46255448297955104,1
64,69409.7691922676,126524.48992649364,3.527579315387233,3,0.6130811391199174,0
32,24834.707412654243,21256.61937626735,7.250019396608113,1,0.14445603662431183,0
21,62731.064137465284,38315.29178357254,3.47626698774723,0,0.3571688606886352,0
46,96452.18450525533,112616.4986685838,7.627943470982369,3,0.6477068447684706,0
26,71236.33291979463,116957.0843103935,0.6132838508147822,1,0.6397617174746266,0
44,78280.58271123975,50467.63449539703,0.3305001491908567,2,0.8420573087367015,1
43,54366.775008843215,71296.7643215981,0.8649915530425714,0,0.43742243275475434,0
36,69358.6389752998,8175.558071478677,7.392314197753462,1,0.889827625552956,0
45,35642.935712919294,168863.1951906617,7.121647687942895,2,0.6821927355252346,1
34,65917.27624682453,35006.27963157739,0.762073131182319,3,0.5621051949014577,1
60,63087.76268121527,127112.96956242753,0.1573948128410363,2,0.11713682606041431,0
58,55798.22348075326,98251.96519233099,5.780390382670991,1,0.574703912142932,1
59,76320.14839436997,164479.68098123797,9.664833799963468,2,0.5946720178062785,1
67,39224.30324305223,60387.29536126218,7.01430812766537,1,0.758804382860636,1
37,46258.849670526746,103062.63551701936,1.1332420596884474,4,0.7191390674835222,1
62,51909.24082716593,15078.654538132498,4.382561174744976,2,0.5299801793459549,0
57,29407.780578211987,3073.658153012322,7.080999962384649,1,0.5928291713896664,0
56,54538.63887600496,129816.6791932737,1.477420174126867,1,0.7723427120347177,0
66,15621.391740923063,10748.708046514905,3.750924728773615,5,0.351440262136801,0
40,70939.09068856419,88589.12327827346,1.887745096961598,2,0.13497111560052755,0
64,50932.74733131931,150564.772398646,1.278174996847241,2,0.874299380502617,1
49,39582.14192192473,137334.24280473398,17.464808195623235,2,0.965018775220905,0
69,33312.527754097566,66770.72560257031,12.185268073616072,3,0.42930483873409464,0
64,45308.419407616246,20574.84317959138,2.949955041978496,2,0.9903097892776931,0
50,63765.19421544827,125474.74308277643,0.735417247704787,0,0.3226949148337013,1
63,60954.779574751214,167112.83914300904,6.508062370644269,7,0.06657409409073045,1
22,35889.24105443078,66888.09606671883,1.4765630899735962,1,0.5724595811887515,1
60,33079.206547447306,59834.35707964417,0.9227269734760523,3,0.8682006845469478,1
65,63137.974126392946,73754.90185655007,2.4025250228046295,3,0.6174818182363937,0
51,35553.05190769941,128580.43554035579,3.773515401802304,2,0.009427148243593142,0
57,51198.19548159007,161425.88032074564,0.5126023720911322,2,0.011832681416528601,1
28,52475.09285048554,38019.65943097389,4.240199530407928,3,0.7243510728644192,1
67,56241.24263453477,25085.90953376735,0.07733690165804692,2,0.8453429957141313,0
20,67165.40860363744,216999.81609662238,11.122061921538759,2,0.2530367091228257,1
50,24740.741262653544,91133.86060549806,12.675215022896412,5,0.47013105676258604,1
28,11776.813494790244,112644.63978451547,6.603858625258747,0,0.9610909004874731,0
33,38651.05437543297,65403.45796911805,3.1419441233219416,1,0.4605740836098966,1
35,86030.56815664371,124498.1154726358,1.471159180757724,1,0.13581409940801303,0
47,90443.48200174757,148003.04373507612,6.815078923650849,0,0.9116530066718829,1
65,86623.54271131774,114989.80857864648,13.426348439392337,2,0.495167669194432,0
27,46140.37264478621,187042.90385072175,0.8630465975374553,2,0.344306942048876,1
35,14357.698360303424,83662.77050294541,3.135130710983682,3,0.09743272240601908,1
55,10000.0,86855.87634823119,1.8935923204948244,0,0.45826829707578964,1
36,37719.236769011775,111570.31756387078,2.2060453155360467,2,0.7696727690606185,0
53,46038.5273970128,123248.08227530486,2.6023413359336423,2,0.7171843434380811,1
30,76012.50802111917,111397.36310313047,15.161602089416107,2,0.49658765030960106,0
63,67356.10919084892,35779.24865224546,1.496325607632993,2,0.7195353460261571,0
20,54548.101579832415,115625.75830977807,3.393025545385111,1,0.350760568381173,1
27,32203.104581177166,81291.32075982813,15.129665990724266,2,0.7352682025301956,1
55,30784.408835102196,70951.14929626771,3.2318608483703724,2,0.08573415825035846,1
18,55082.55374142871,101624.10273766218,9.96080014302118,1,0.1992340334148739,0
44,63941.01957679453,51923.86563353929,0.30281098242773674,1,0.8777233221329369,0
63,57837.62524491169,43230.43380633843,15.29127544071362,0,0.2936554069642583,0
25,29308.040807866902,1000.0,1.038388501571676,1,0.20594139446762716,0
68,63013.35257584172,187361.86642549455,19.543900031017067,1,0.08900258813514561,1
63,58518.21934202823,127786.56595515012,0.9653568391981121,0,0.3929549943963827,0
59,28586.671876196433,94161.79393468474,2.938226904570626,1,0.06698207500928677,0
34,34313.580593994884,66638.83815566759,1.8452885573314424,2,0.49698045995495066,1
26,63769.91949123133,1000.0,2.839021043248713,1,0.9192047369666261,1
23,45309.84929708218,63573.55618892578,1.4419098527868115,0,0.7871343451951031,0
60,81782.94603272915,135793.31685820382,16.807587585200498,2,0.04067376966401526,0
42,60022.58552129153,147108.71517969345,1.824435602102036,1,0.29975816410493095,1
56,40267.376236214615,132114.5996801651,5.296115334107756,2,0.1876442829679863,1
66,49795.88799218135,107919.59778762342,0.7392962515262004,1,0.0669398551536089,0
45,51267.66785275436,165193.70729656896,8.697376647671119,1,0.10864054797965805,0
50,35432.1937351658,83573.13889557298,3.9099787863981077,1,0.908144372562899,0
54,31748.23603644747,154259.44580671808,19.423528842681698,3,0.3100832150637972,1
26,64027.79787618999,80770.87781398935,2.753051692247628,2,0.3922238762285959,0
35,66905.46594084191,55942.93455611188,1.087347614117204,1,0.48570086832169646,0
38,62075.62939105917,49714.35097887395,2.1233848953996657,0,0.7449290981477144,1
19,80306.36188647604,46775.17894135236,6.67735240022405,1,0.7983704740855817,0
60,39164.535279767966,132953.40144012426,5.380926143929533,3,0.9637295428719317,0
55,83485.4153214226,62862.721445146075,7.533220110112265,1,0.21067807061411814,0
57,31981.577628916944,48348.55774825281,0.38154584615669607,2,0.30106617847547357,1
53,29746.288732630142,135686.760983068,4.3418949496989825,4,0.31296071521487734,1
67,14800.822357014993,116398.51952361164,13.453656000528095,0,0.44525879330966656,0
60,41084.09372346366,148129.5991422901,0.5708959835433738,0,0.8074043514237499,0
54,39925.553263410926,125629.97556363992,0.4954304218612649,2,0.239456085531082,0
32,60518.745605093005,62344.420990134415,6.304556762035024,2,0.7829217665629822,0
45,54877.818832409015,103805.12082342937,1.8930141754819407,2,0.20404001837851438,1
35,26140.532579617266,106256.64953848386,5.373197876118304,5,0.710147617197332,0
51,42145.47523148365,54042.067076299885,3.941516504714121,1,0.7990013198496779,0
39,42570.75957824629,44768.75129530037,21.367353152526416,1,0.8537837408144622,0
28,14480.355060762144,65963.91954411477,10.993667338664274,2,0.5102855414405925,0
30,30381.06545973261,201829.11783360402,5.667148943405235,5,0.3287149866388732,1
21,34583.727387718216,79362.79528892256,1.5168533275213285,1,0.7723842333347591,1
39,78672.50039641892,161643.33956933572,1.518435102966702,2,0.32091645716034134,1
24,53829.01431914705,76566.9745260101,10.695694491877621,2,0.14808877618140037,0
60,63243.37507894999,144441.94097699958,4.401494703437436,1,0.834686448695626,1
41,20027.29005701576,145124.58277789236,7.786167489950014,0,0.4112409297570312,0
21,73884.28966027984,147629.52539760224,2.987950670119781,0,0.5708337663416274,1
45,76022.04126048186,119391.36710044793,0.5439075621762768,3,0.9184440464019853,1
32,10033.100657107476,168868.32893905757,2.0224763295830828,3,0.1357966212342272,1
18,35893.66552168303,118917.6984676364,0.8786120613535238,2,0.557183896445583,1
20,59915.31146031021,185676.48646701398,7.612468064888351,3,0.5587645916480961,0
31,62887.76907076364,19004.009840578336,6.028404472359926,0,0.8618913057982563,0
55,36430.105390255565,117414.31238334092,0.4628407860676959,1,0.34125897232365643,1
67,43890.01073892694,114166.17962678333,4.856182372765005,1,0.4012140896539307,0
18,38052.37877909714,53174.00770972544,10.362747015420648,0,0.5192931618447624,1
55,52208.36093892239,128979.21108818692,5.976127459293448,2,0.1671999822447755,0
55,73943.57062923825,25495.866221169097,3.578108383043782,3,0.4706613944326762,0
38,34579.156857175905,67290.78371198357,1.868838735190692,1,0.43608179423026716,0
65,70016.40995536829,1000.0,10.906120090181528,2,0.19739447501662788,0
46,34366.55855306225,177931.32584814072,2.7478745521798413,0,0.8330225187976915,1
22,33047.45575006232,88422.52530273523,9.668697867597512,0,0.43103376172083707,0
66,66371.89236686427,208344.2017408156,7.639285899518465,0,0.30606591051848064,1
27,68438.72756015233,140147.49632597476,8.470268948651231,0,0.1303742366021926,1
45,67028.19873525309,122404.91066755122,22.9256223341695,1,0.08974779437028302,0
38,23684.051835637176,70688.61528595004,6.90670357102508,2,0.9602268933900128,0
67,40680.98043855898,47682.498215629,0.17316911093934567,2,0.9951534380570007,1
24,66459.77184006643,126148.57869484727,1.1497957175588853,0,0.8979253838031929,0
20,50830.83681127789,96424.2995363509,0.1791471320514347,0,0.45863143214044844,1
62,28526.143076050717,33036.48422573495,1.0530716661620247,1,0.807915759812086,0
64,59166.35878250883,24157.07917458407,0.31703985923921035,0,0.8342821985912089,0
37,35703.85482017059,52064.81354282081,3.48193251939834,2,0.2998092106405821,1
36,85890.49696784424,191048.36126331153,0.14305825229256278,1,0.5860290501688901,1
52,80896.82924836517,210663.8959005652,3.1987818837654567,1,0.9568220167587763,0
21,62081.948527111344,110249.45736544549,11.455304122007002,1,0.2800678001993395,1
22,77220.13409539548,107447.13981206442,6.903072860015415,0,0.6628863741985809,1
18,51295.827002467624,83183.98140852395,14.408084100914763,0,0.6625411251474501,0
21,65308.749887500315,53275.732584524885,1.2850968986501532,1,0.45267065183854494,1
29,79554.4059060415,168758.9528803622,3.786677523441371,1,0.49032885525273784,1
44,54909.97363588626,193678.8196948568,1.9178781017937865,1,0.45638251229005566,1
59,44896.25656971433,55329.04570803572,3.404312690498533,3,0.5210769230149661,0
40,15907.560836457684,95858.08107876992,4.071783482326239,5,0.14877779599515517,1
42,48337.32948557012,77506.68496449161,0.18428542210352536,0,0.7947471119950124,0
38,66468.46369124623,78988.04625675114,1.3280123880218866,0,0.6610751127809227,0
69,68912.6685513526,159295.4127714931,6.100049896369715,2,0.9738222732912388,1
41,60087.3013143682,34401.92273169391,7.412441196239531,1,0.2456431890731119,0
42,39174.0181007552,123323.4845468153,4.213474969929984,1,0.14596824307427858,1
62,10463.568621048187,136411.90536529326,1.579235224541899,2,0.3425540658624918,0
63,40095.6980399053,92892.44131990903,2.5966762803691097,1,0.5097414031485059,1
49,43913.102578920974,144653.39134933864,0.5048332026340684,4,0.20500955443430813,1
49,43741.42065619972,107382.5920268725,15.30718316129057,1,0.46060103107191186,0
22,62371.12713955849,160856.4960578056,10.150494649175796,1,0.6426132477143695,1
53,89713.5282202968,23889.734753707293,0.33926589292277876,4,0.05617129512540242,1
63,52470.58403682186,82561.23694965654,0.9105518894189348,3,0.7580298631846681,0
59,45665.36421687077,96409.34285744827,4.350548905487539,3,0.9397112806630296,1
66,44815.56373991815,1000.0,1.3226284752224742,0,0.2682482149232154,0
59,52487.695338154284,45702.36332107326,13.620951117739882,3,0.776222371651978,0
56,33434.124793032024,59320.037282060686,7.044552563099744,4,0.4179342612335003,0
33,52403.9711749211,147410.2997411675,1.5961493124165762,2,0.6644326618979851,1
50,59016.246726635996,64657.832684269975,0.03060050430377945,1,0.7430160700801279,0
66,54193.72127148976,59096.05063470115,8.033393393190696,0,0.2949736492910301,0
38,59150.83868009562,140874.28903280958,2.759016881255356,0,0.7873975953966011,1
26,58674.95218697071,19104.46771049728,5.141389553026934,2,0.10511133524177119,0
23,14562.066355071125,1000.0,1.691192756133165,0,0.9867248477582207,0
68,62737.403167908065,81920.38499653268,0.7708474129428096,2,0.33702498496134725,0
62,36579.70308675093,27614.66159608224,5.624446502487471,2,0.22380276527749654,1
52,28083.21673992084,29516.03526701755,2.992136676176947,2,0.13865404569269302,0
56,27910.963442900076,128671.6895843991,1.3405065061393353,2,0.8121821253323727,1
39,58670.832209450586,143798.69189562896,0.7403427319196307,1,0.5858903733500668,1
58,45548.50145550294,139443.21079260626,4.34321555843644,1,0.9516702970454465,0
22,16360.624320291783,155438.83301536163,6.464929830617674,1,0.647678390465619,1
59,59560.75630384567,162056.7160007401,1.6695862517628655,0,0.34059298471843624,0
40,21207.837384023453,1000.0,6.6428173346694575,3,0.8364125340085606,1
34,52796.427170364215,122520.59799647333,1.0113288268060117,3,0.2812350412368151,0
29,54769.97851346109,73519.59002152206,2.065589262224706,2,0.2908406853803468,0
40,67711.5416339009,62628.78770047819,6.830151099726473,3,0.028280089355379845,1
33,85633.69572933702,128020.73161043526,5.396159335486409,2,0.25202268912706294,0
20,22706.473481989167,13485.226005212418,1.577141496745096,1,0.2614342183043924,0
47,48950.52287873901,12444.569706384005,0.6513122873668595,1,0.297521507598966,0
39,44473.29409911565,131678.63720408586,0.21700901844099021,2,0.3686285993525642,0
26,58674.993719219245,124389.3008755449,9.098177500125878,4,0.5766739828201319,0
46,54313.375418672375,106836.63279357551,0.3905750611901445,1,0.21639102013151545,1
64,42949.075145267605,56004.32976384316,0.6099634001061203,3,0.6367610170480911,0
54,41181.95622778289,137191.48172910622,1.3571452254377343,3,0.13331505932272347,1
40,27670.98289631905,134015.1446030238,2.949972840796851,1,0.9309108979514895,1
30,69757.23164813018,104265.2257523727,7.798171791410296,2,0.026110235486305977,1
49,59184.08363199059,41133.94793651143,1.421640688860581,1,0.9081978890347998,1
63,68355.36395590275,78737.58271352467,3.920923239032079,3,0.5472002596471889,1
69,43792.077270489724,141891.68387622215,0.47360064087039655,0,0.7100453452462073,1
64,36863.29062611139,166359.56114008935,3.122874702237404,1,0.29834273088840013,1
65,28433.698667415443,83673.16983118358,0.97787899765713,2,0.1737987849044762,0
40,57178.35167481319,87516.35160958688,1.1861588727366208,2,0.9472947088465331,1
62,29204.135509435306,91915.54459874694,2.285069286993987,2,0.44100381774671704,0
34,86973.261379331,113744.65044554861,7.1637379629424425,0,0.4805129013562709,0
57,23847.14837813119,70946.63499699881,6.812624138526257,3,0.9856784043163309,1
38,55473.202384250035,1000.0,2.6804861938750224,1,0.33606879898235953,0
19,81337.09414427573,159638.45008235483,0.6316222921896804,3,0.10019160200050226,1
54,61981.795185276176,189734.44735812745,1.647325559972466,1,0.5869142228630496,1
23,53513.474249835584,69380.00701971437,3.5195825764806568,2,0.5548075810196069,0
61,30630.327060762087,46667.3315540613,10.17853127648425,2,0.7731043679123186,0
35,22364.616228645922,93144.97388048889,17.25003956329449,1,0.9550780955043773,0
47,65401.002178351715,90624.80581356135,5.073253143286074,3,0.3076743767229351,1
39,80122.94481549892,149775.928858148,2.159198067136266,1,0.7217964475205391,1
50,41223.00019043657,102731.97208225189,5.911928355849488,1,0.4345030728729893,0
47,27218.76984767298,60368.85848144084,2.049098898365967,2,0.7837727896100272,1
34,10000.0,34079.52747209754,4.9104629656709715,0,0.16427696262124092,0
60,30384.703126749246,143281.70924098368,1.3970259143159875,2,0.500856417164145,1
49,47726.8631500192,129975.56205821248,1.552970813979877,1,0.07718692786921366,1
59,81982.46481673469,153027.99390459096,0.3910272562887165,0,0.5611745292023493,0
68,63462.673844659366,51590.66246394531,2.7248528547236943,5,0.16897360922478644,1
31,56101.70809413506,191921.84497641644,4.813958168282814,0,0.960045069716461,0
27,41997.60677397738,12815.274647138154,7.774628935729875,0,0.5543303316016042,1
64,38336.68565488087,135480.05107007397,8.312836689967133,2,0.5293745882884102,1
68,78112.95195015927,4520.8616401549225,24.42736410604137,2,0.9723307236853581,0
53,54014.77081516779,60483.43091507661,0.4592374014735915,1,0.4984152867767553,0
51,10000.0,178051.14652239793,3.3975703601548872,1,0.6767264640446135,0
26,36529.207042055146,141568.21272379946,3.6841849103276934,0,0.04668152898027278,1
59,32835.67936456746,72688.97922564091,8.161829465451637,4,0.7083388155935584,1
45,39074.7198164507,74058.14785891559,1.54867405275227,4,0.10431037378526553,1
28,61258.2132057017,105031.1055417721,0.359479978489371,2,0.7802346294801988,1
31,47851.10236411501,125707.04953803614,1.8826306225950762,1,0.8768458325453161,1
56,48462.69185992676,162578.96913413482,20.653330079513367,4,0.3154678685644212,1
64,76269.46322650474,77188.29976957527,11.485063131561601,1,0.8781300140506192,0
36,36070.77820426623,19410.74682563993,2.5146755209968985,3,0.4826367415561337,0
32,87283.99051774699,107848.431352438,10.448348304863648,0,0.5715760811861254,0
45,36573.84817257828,77128.45812458025,0.16651460678039753,1,0.41098287108628817,1
41,51783.96393225143,34968.31476257763,1.8858759226487811,0,0.4765421274622126,1
25,44375.92809194466,114883.44576563971,6.487972598383228,1,0.9082708970170565,1
60,52468.38267001922,89344.31229536055,1.2516247749637432,1,0.9472944031734087,1
26,58891.839901462576,115325.61032348972,1.1056713032525463,2,0.44586894209155725,1
64,58676.70480177753,55277.78999064098,9.895539854537786,0,0.5143614727662008,1
50,34937.653387588405,124335.52651627493,4.78496420275846,2,0.1161749835467174,1
50,27541.706451048587,34145.09016225109,22.55963721476642,1,0.3256211439023974,0
36,100063.43581811422,58613.43051517085,0.7232198390642015,1,0.5132371789178942,1
20,40320.31320798894,87854.28844563612,2.201279814361083,1,0.2025827500978543,0
27,63984.24877343973,187090.9207479857,1.864118696223748,0,0.5765332640354385,1
57,17847.173789536064,139241.2684274247,10.60683062409247,0,0.6852832338430006,1
64,44407.74560190646,153859.6252133895,1.4738457665575868,1,0.6499600454817133,0
59,47456.01232035114,170853.8516671572,2.1806087708317676,1,0.44251249298829387,1
18,59456.30139855665,280141.60679054365,0.770617675751719,5,0.7693191205602291,1
46,10000.0,102079.4533779217,7.4671930589752735,1,0.3195224107913407,0
67,53322.812261566614,171020.04615649278,1.3570970397921387,1,0.4692769344161499,1
51,27005.17089264214,150631.76272009706,0.3538308154417524,3,0.2701548882638084,1
68,56486.91422389848,149801.6251653763,2.8556100679828376,2,0.6036285900656577,0
30,29273.416063236742,188711.98090200906,2.4834477522665392,2,0.44070703324862004,0
18,32890.34608148837,79034.34845077618,0.9776978817471549,2,0.21711274654955315,1
51,44527.44779213464,75065.74880318102,0.7170288346407447,1,0.3081849548609096,1
46,28953.410607936094,115988.27567409308,11.34368302715547,2,0.2794680768472565,0
65,40489.3110652929,90865.01140390564,0.3512780914627107,0,0.9109127196543327,0
64,26132.484629133694,115925.04264990866,0.5229760245603047,2,0.5219542754458351,1
30,13336.590966025447,178137.43925265057,1.4055007785922862,0,0.6526558384621578,0
65,70359.14104858719,76092.66386468608,15.270960103022011,3,0.9347337737018538,0
66,24079.026143521434,84766.05187031347,0.4462562336929143,0,0.18221779526900284,1
46,46426.38224784033,108715.55017632885,8.46450052372132,1,0.9368937571976791,1
56,65057.821629875696,88584.07869874153,11.130535347962276,3,0.5396372099186767,1
41,37701.11794967914,4299.708599325633,2.3730128726154796,4,0.8562142092532524,0
43,33496.68200508924,70993.61786505302,1.7399523868258053,2,0.16799555490041929,0
34,54524.76177334843,134368.66211187522,5.656365387071601,3,0.2729358792121277,1
24,72358.67645454305,171877.33754663233,6.06396797701915,2,0.1941710295774126,0
30,26613.69469827062,42269.07162311366,7.570119663362149,0,0.6534217837378402,0
22,46997.04335965122,42035.88003845785,8.876482099686472,1,0.14076140254590042,0
43,15350.108100653451,101511.69013586678,1.5625757572864774,1,0.7925225513932529,1
66,42135.9799263562,1000.0,5.8071470914391865,3,0.25043629116419885,0
20,50684.09369076151,77751.48985064363,0.7245839436144261,0,0.25547546197949633,1
24,32907.507164898685,13197.897022430334,3.574217580702097,1,0.28112129639097183,0
66,40860.16332349537,168453.06499212325,4.745192116211118,3,0.746388095450015,1
56,21835.464633851,61533.44228247978,0.8820867250902219,1,0.9242159516096689,1
18,51541.57222762987,182641.70931695137,0.3979578040921019,4,0.907510014160477,1
66,71113.884977663,155676.06767291695,1.0829893944611393,3,0.10125422101072501,0
34,28057.122604590728,67684.13511512916,2.728713867454542,2,0.26243690330867786,0
60,37546.56466895234,46402.018157696126,10.939187868869668,3,0.6721819659232785,0
42,60050.92492908364,90322.71254162057,3.7955207311094465,1,0.6185506407577828,1
20,74241.81438645473,94767.66878708985,6.901420131793046,1,0.3500290649055665,1
32,20136.203755821374,117307.34719762007,0.9566774724465212,1,0.8628433234146519,1
46,46624.30525168101,61172.835523491056,0.560125585715725,3,0.13046627511853592,0
60,55662.6164463905,137319.74367611014,1.3696674780199691,1,0.6390318780852128,0
49,47958.87218742304,113266.40274999497,1.883516705353348,0,0.2730844756913712,1
43,10000.0,82980.24216420681,3.97149414992021,2,0.5271746220517312,1
33,60021.80018617544,64397.967229098846,10.653392940433648,2,0.38748657044918444,0
42,80386.72702181288,90755.7508450657,2.7764362447604074,2,0.979735099427626,0
45,52333.235023390065,59154.93740862153,3.6573426449024793,1,0.4866922737745971,1
26,29377.878934114735,102921.93474417938,0.02312105594170277,1,0.9760933927893963,0
18,39737.455072714336,104271.93426099549,0.16939774006099087,3,0.2550209167103672,1
46,85398.26135311185,113085.36417381697,0.43743490450647016,1,0.7679409322815423,1
39,68199.25081721117,188312.12048359268,6.003126824274892,3,0.7170581251923094,1
33,62800.53236768659,93377.76401502138,3.329521978192082,1,0.8476452874621011,1
58,57128.25167068752,150229.8933562241,1.071917653713589,1,0.6936074637590649,0
68,36777.25775618055,111479.36984878508,4.489791987019885,1,0.6823590981205424,0
61,45988.576386884626,88087.7849050773,3.9330290477239247,1,0.6607077572786171,0
68,48441.54528642968,94042.03650243829,0.46496050309055126,1,0.9850515720764219,1
58,60991.48632128888,97058.67954159749,5.113992481255814,1,0.22809777607786452,1
24,80178.37788533806,113988.38538641081,7.28690867910853,0,0.030113684859411904,0
31,72366.76273586256,52033.961739051505,1.6882454982282857,0,0.6779708644339175,0
46,21612.312884079187,26732.980827751657,5.815575844113062,0,0.1723377699855596,0
36,54479.89937802097,132714.86967371378,1.1139650451115932,0,0.6793839301609718,0
36,64735.266903357944,144906.19162906296,7.067892324715156,1,0.3196854108297005,1
19,62377.20660289271,137281.79164014015,12.139277458786232,1,0.04335171740648791,0
58,37415.32473225161,107748.60092782363,2.915791077806996,1,0.7697679922240804,1
62,108282.18431536722,138361.23137266445,1.4026854815534942,3,0.051648174838824334,0
32,24458.308753377623,135671.45130085712,2.5472720065875656,2,0.22413831563502296,0
20,28336.231066679,139381.46794774773,1.4389268733077984,2,0.33640863379517716,1
28,54671.90162523153,57022.958932894326,0.0062007221384651695,1,0.1327494505810004,0
63,92336.06109927707,45152.410142268454,5.255637906962049,1,0.913569160893126,0
47,33276.10298591659,80571.53766238646,0.21728691409022294,1,0.621836490916805,0
57,44683.43268706015,99130.79452286723,1.1810853187490158,2,0.875395946806438,0
35,71545.87346031386,87903.94364338552,6.4087629130161075,2,0.6820520629575765,0
68,49642.75690224533,6165.483433106216,5.478956565555775,0,0.9919454060036618,0
65,43307.92290939409,186084.63060675713,0.38078294901871734,1,0.5251527988606594,1
19,61312.6580377344,86297.70055571322,5.394853387540442,4,0.053763241295324615,1
49,55450.35980459186,108635.22082884768,13.337533276182265,1,0.1608586443576815,1
25,70608.77571273583,162227.44953815293,0.3871190736947694,3,0.5884326619687137,1
39,75829.37778130727,1000.0,2.6866029094331125,1,0.34772853905764345,0
23,56140.06120010724,74415.3064044144,6.5361940585873395,2,0.11289280096528354,0
29,55834.65450756618,80644.13632100978,5.508931650731137,2,0.23813974191864884,0
64,54282.21964572267,83184.49772746777,1.2842161931407736,1,0.47457073036751163,0
57,59782.61113298575,91325.67046430235,0.8900579552513087,0,0.5181818702163431,0
53,51103.41275742928,172356.73992224224,7.668105314310452,3,0.9345812588033608,1
32,49987.830353554215,133672.94378636114,15.64570753834903,1,0.09067924830675589,1
45,73932.54241654485,147901.76343144148,7.296120592974652,3,0.357807450167401,1
69,80322.32360710086,102356.0135905462,16.5118962003862,0,0.5060492113911284,0
66,19848.941107331582,30031.347692724943,4.6442896484246585,3,0.1132675809721958,0
62,50200.42303481138,1000.0,13.232343881738673,3,0.6878020232766745,1
35,36226.11133109531,23529.613838418445,5.862947181854481,1,0.5150280913172708,1
19,43780.570670278554,117988.28520830098,11.978150462347521,0,0.4595119176984208,1
30,58050.32419470643,101588.48563488176,0.8812340353435683,2,0.6560805738320898,1
62,63388.767430849366,89491.81762219963,8.45229675427373,2,0.28781469104401214,1
32,47757.471127773104,81571.15466299317,1.0954202671432822,3,0.3393271016825943,1
37,11733.193305543944,200586.07877213735,0.13906151631743657,1,0.1626984983208173,0
46,30699.088388476408,58854.82045117628,3.6447644514510986,0,0.5237259683709662,0
59,67929.99340400333,146390.97280580294,1.91547434505865,0,0.37240875374918125,0
46,10000.0,100095.64680104969,0.2225363935419511,0,0.2603308639257339,0
20,73748.54303364,96953.02441070015,19.636794692044383,3,0.12474220775435185,1
36,60424.599812890825,158831.8774308372,5.490053780475441,0,0.023225204265160504,0
20,76323.52163060044,173126.51913457224,11.604365174023973,2,0.19335227144125122,0
31,46028.61626238079,88022.52715575809,30.0,3,0.2474261968264203,0
57,10000.0,139960.1359621071,2.4876284454496496,0,0.48543630674863003,1
21,58607.25283012996,118194.5681075027,1.4700907066048396,2,0.2409966234577362,1
69,75493.06248076682,100371.85694049574,1.0159962921209393,2,0.8176534936674849,1
28,68494.43611026842,110212.74713285129,3.6199612587048784,1,0.4741288901284929,1
48,36746.17033023929,65599.55925775811,4.658047048722444,1,0.6238107643167533,0
60,51735.22150925294,84695.03033344576,3.197299761908159,1,0.20793834447901716,0
49,39343.27462440152,70968.23601236468,2.4490077239058463,0,0.41612812897435847,0
44,33614.67071621255,145068.83582144597,0.9212524607254263,3,0.602777356964514,1
47,69107.77142359702,95239.94422294687,2.91572389003727,1,0.31104588793238674,0
60,26049.353774696756,35114.298769248075,0.4454848630053007,1,0.336197408906027,0
19,32123.671388367748,63828.138841845604,10.014171663363152,1,0.8074251835419408,0
66,27919.487330552292,1000.0,0.24019115822210607,0,0.8371813703234824,0
26,20195.04953401907,75275.36990589257,2.3953918964493663,2,0.53294093242183,1
45,52928.28583685207,101882.25325485748,0.527568576089001,1,0.8964107553091025,0
48,73230.06096963951,93193.20755665131,7.457841057490265,2,0.7366820029963393,1
51,46302.46487509469,199007.71757656962,1.8751910266994056,0,0.055301585889300786,1
32,19885.043988716672,128745.30204575184,0.6001468550683013,0,0.5594734470181492,0
65,66798.89079484055,126522.59265445753,3.791003025742559,4,0.6977932974068682,0
42,83714.03508069942,17836.548271486114,12.40120817332787,3,0.5408848315285244,1
53,37075.15351706811,81767.89729414336,11.96500426175281,2,0.8319758503177797,0
25,40428.914665645636,75666.85963381521,1.4360845108532025,1,0.300837129868071,1
26,60313.21260166788,60695.940059599605,6.358754854332917,1,0.06547913314741116,0
54,82437.47495570102,60005.96672433267,0.15376116361355402,1,0.6336205287851278,0
65,39603.31708549548,9593.852302918822,0.7069641877046577,3,0.730800613045803,1
62,23351.0043800359,36207.339765933575,3.460462387911416,1,0.7652538682911644,0
56,62628.37212544813,143704.67013824746,1.2987552336599815,1,0.011060523435591163,1
49,65981.36146284599,92854.26540034088,8.003923646233392,2,0.6733782483249342,0
69,50122.629008704534,74679.8790862833,13.373476467864036,2,0.020727784302182473,1
34,38837.33480685099,99729.4332673646,0.021713662551245714,0,0.7747860166079458,1
52,69887.57461984092,158369.53393505755,1.3257937193590315,2,0.7031051406315949,1
54,60560.72009095929,100210.52604378929,2.89510608435691,2,0.5674139036419403,1
36,34631.28966193015,127018.7065465519,4.140017691128545,1,0.506324405975447,0
61,50981.89462611343,57669.75788058713,12.37890869901559,2,0.7151078630502681,0
46,22965.84935950707,69068.50246266404,11.122729209051382,1,0.05719530835695974,0
24,63717.8091287584,117698.84425318376,5.0691057405861475,1,0.8321893673215472,0
45,44755.328612342884,194632.68541685567,1.4879079844762386,3,0.20122618790513425,1
26,41285.783352305254,171488.74297574372,7.645925592882474,2,0.477788863125842,1
45,49342.51029695132,129141.40347280695,1.1323188562913729,1,0.48679942474079985,1
23,50806.15398660496,107571.68800803591,16.786714618493438,4,0.7771235330411236,1
46,67898.60123131122,170053.46778135854,0.02928517361697613,3,0.19299107040025143,1
34,61821.81062650443,139733.9161522562,4.217182504129746,0,0.29974973893906587,1
33,46871.814424143944,1000.0,0.4627548078214957,0,0.6631079606327435,0
40,65273.3629943799,47303.457607238895,2.617862017566096,2,0.4127717413120384,0
48,58014.74507383226,116907.01626789659,5.038379303165591,3,0.2988636230562436,1
20,41468.007274279254,10651.621722451382,5.849443220046457,5,0.621423222473238,1
38,47505.636835270285,55120.549762156894,7.698847305071839,2,0.08657219025643437,0
43,47035.542223137585,65009.2528171013,4.498737921791967,0,0.7897785719189427,1
53,60105.22686348403,87191.70468770832,1.447213782974051,1,0.5247492172342946,1
59,42659.547705567165,85628.48958868961,11.002545760322906,0,0.2060205093087234,0
54,42191.81627156733,85543.97864165866,8.332883741514342,0,0.40851591730057746,1
39,89375.14618867918,141265.3758620157,0.8720783603439431,5,0.1310768012781619,1
59,68794.70963494209,86738.80672747329,8.758210719830418,0,0.6165811129293514,0
29,34787.986711497215,80768.49339643831,17.994191275292813,1,0.6693006313183777,0
59,61418.81987884396,32541.394792824183,5.069781272718881,0,0.40528592810067277,0
30,52367.001313103545,151217.31009929124,1.6550723486135857,0,0.33969048824763803,0
28,57831.023505201876,66425.12430262569,4.664563463023262,2,0.8497847491411552,1
33,52746.82649130209,45648.48359993624,2.096819267301853,2,0.5760692437111086,0
25,73792.85290970471,110654.52874344855,5.634232813845963,1,0.6670212720451503,0
57,56912.40689302892,61652.93688084686,3.935091535506003,0,0.12751911340194844,0
57,48758.22603571425,73702.36301028529,13.26004708090833,1,0.7133252942615788,0
62,70843.81153966035,112923.00871595345,4.810476416631117,1,0.4446107745230976,0
19,54665.70082175744,83675.86881102218,1.2038759183917462,1,0.36666842278703415,0
47,52429.57158658116,215580.46876503172,6.456919002888716,3,0.9294041996488015,1
47,56280.45204972229,96258.5728340401,1.7896523579253638,1,0.053933987195970756,1
29,48127.81953267267,130891.91094396109,1.5899569915771181,4,0.19560640489945147,0
27,50184.539859909375,2915.297625352745,2.486065361703707,0,0.37504008608704165,0
61,38266.108224762545,56967.543404263495,0.06034609983661404,1,0.3240400971223949,0
28,34976.65560752242,45654.31525416438,17.39157912205375,3,0.5106838500438239,0
32,30028.592270351208,52281.013834868565,3.7999736818299135,3,0.40090205256096256,1
33,22160.334264058478,120776.89969185012,7.424916879020743,3,0.7882890588402506,1
34,32405.65277230887,151778.25338887048,1.491034472144606,3,0.7680005531665673,1
43,46514.65931066149,117231.52523172554,6.864287835316585,0,0.7723747760369498,1
19,52062.35164891274,88667.76882168456,4.1870569911137725,0,0.3693545525780124,0
67,44574.068737047186,68457.24806437903,2.759489756587348,2,0.40736847776144913,1
29,10000.0,155679.98755932544,17.645590068383477,1,0.7204619285175254,1
68,81491.72715524684,203562.7727077431,3.4045489603021872,3,0.12419836638693083,1
43,71729.60245780763,106752.78523918454,5.356813499009445,5,0.8519196171586426,0
40,58915.197024342575,146968.1532035786,0.07730550348041226,0,0.5412582378131942,1
35,88149.81345106536,117168.51748977375,1.7937798710379773,1,0.8485452204449154,0
49,30452.717650325787,137775.24532327947,10.977251239154155,1,0.7936029809357132,0
66,87752.50241252009,41772.66109449418,7.113942445150095,2,0.37438308537547915,0
55,30695.71846498904,75593.18599289379,3.847485632960651,2,0.10155970999903696,0
64,54774.75850582713,119773.4720022792,11.520917204022396,0,0.9208302408099802,0
20,24523.253497315913,160624.54720409896,3.329805598011493,3,0.34460534971658996,1
55,50293.881910887336,59093.28891811627,4.179398892992642,1,0.3737416905569876,0
20,57723.32995996777,1000.0,2.4075708883841433,0,0.9090485010491267,1
47,46906.193377308904,75086.77867793755,4.838446958047513,2,0.9173472029185887,0
18,64277.54888180275,150506.5357174125,1.920976104417122,1,0.26290618689425194,0
47,51980.288989745146,20805.220445607527,2.4346681013216203,1,0.0889562806460652,1
62,39551.70543244982,41154.00539342079,16.95518534556096,2,0.0011080262304651312,0
49,38663.733643953216,107795.92930255561,0.5900266256769903,3,0.4382944846219564,1
45,66218.27545231393,94201.4373619268,0.556084516822548,2,0.5685734016273842,0
38,36925.15940386065,129723.32407766137,0.2214108046485178,2,0.27033800313214673,0
63,68308.05940969873,38563.66197772104,1.9286397659547085,2,0.2597496510988164,0
30,74454.23585663861,83751.0702915666,2.539393538191658,3,0.3567850453979742,1
44,16625.722753077403,159759.2701201549,0.4964263926372815,1,0.26308510295341003,1
53,72658.5277460207,40355.19031816081,3.9828921851430517,3,0.8584384045522442,0
24,91208.45396889397,173845.61481551343,4.3769620499929625,3,0.6428423911128044,0
39,55040.07522403857,46629.15070556556,6.952047957652441,3,0.8289468328822328,1
27,61981.683705896445,142469.07886888055,18.641869279669436,3,0.8604782496055124,0
56,70740.10648738316,81352.07448934372,4.82940432538028,4,0.4350099460061394,0
32,44490.35369641955,42754.58711805117,0.5919518878360662,1,0.4775774486299732,1
32,53645.6044707574,75155.04764237009,0.46345141152602903,1,0.9778195986926447,1
21,23716.009407537815,127246.45940894971,7.51519411353874,1,0.8168399123638508,1
49,52772.70057060902,99657.30025492546,5.2538861671491235,1,0.7978943208261092,0
40,59962.23991289083,155923.4705721672,0.8831751471466777,1,0.5837132072726439,1
23,60323.26045852939,171787.00304674407,1.460860505693936,0,0.4611502595466028,1
41,71308.4944719516,40848.46673410748,6.936281864374615,2,0.8946106966482202,1
37,34503.95643728942,37186.542754482754,4.17534876785141,0,0.80455696158721,1
54,39347.86486653007,34760.311318957916,4.397384546799889,1,0.5167889073344694,1
37,87910.1469198271,55040.19519759904,1.1786665494755981,0,0.27049080197404907,1
29,46993.4325247258,155210.72604098724,4.958547566900589,2,0.14727940395646666,1
50,54000.67574624656,128018.09753333675,7.362063675480881,0,0.5527057085546244,1
45,48659.79916549558,72748.62135387842,10.82509412125001,0,0.29603001981794974,0
25,33566.38347389955,99444.87046885828,6.672635067109775,1,0.26421578615303976,1
18,82470.58421783612,170215.27525829693,4.294540929069431,2,0.10578623436071921,1
54,39445.97176158788,195400.542548956,5.592942055944263,2,0.03447271989165568,1
39,27454.2895258614,112969.21667214012,3.319024169044912,3,0.7833538225692199,0
23,40985.19445394497,1000.0,1.286723000709783,1,0.10798506672023855,1
38,10000.0,114864.35473799866,10.69413100564449,2,0.8886094666634103,1
49,36974.250700336364,146737.4064770674,3.803091408000849,2,0.2137828075943322,1
52,30637.428042953467,111231.61579280376,4.510932222434843,1,0.7596756923982174,1
32,62348.57261854649,136325.7459367392,23.080606532678473,1,0.8229994802102778,0
22,36531.71520880255,117853.26872301921,21.00375421338701,1,0.7925559220991167,1
63,67756.07871157696,38267.729125906735,4.413203794624648,4,0.87285582006679,0
67,77969.67986138642,55688.078331826866,0.17273601765166602,2,0.33972085703420174,1
65,65623.50672575198,83942.39064349218,2.522126895859218,0,0.9858884762824421,0
23,45692.23422279847,153270.73891191758,13.846433304321799,2,0.2795947006101396,1
42,52822.28993411186,61705.79658396897,1.7005403378888542,3,0.9342980898979321,1
63,19500.301197118806,122795.13165838235,30.0,1,0.4374400948560725,0
57,47324.41254957521,115184.62969605984,0.44042809721595644,4,0.056931993207097076,1
46,32791.23063866334,179309.86325395652,4.197970167779444,0,0.7849164693050371,1
24,63886.527622985974,97916.01109352928,3.6226666667492653,2,0.7874108329531724,0
57,101455.04778488948,12262.079086187077,1.474224410283124,3,0.19729789447273172,0
30,59996.432719476186,132343.5232448389,14.841279223242982,2,0.8235124481326502,0
55,10177.197020906671,206902.76058170025,4.8270268746205245,2,0.1575794029521307,0
35,42775.39614171254,135619.16724332282,1.308306400484969,1,0.1514316589676542,1
19,52449.81850748909,60616.920409479644,2.4229328087691595,2,0.8089192879339613,1
25,51747.148505205274,45902.706041051766,6.386830770119289,0,0.2902191243075414,1
28,35383.73748782494,52351.55832462974,1.766949675298307,0,0.07687783516158808,1
50,54905.834852738706,200165.59401910228,10.584936297851339,0,0.9563439859237466,1
55,25149.983261612255,83633.6279739282,0.9056547170230156,2,0.5570401559292054,1
65,31101.82554629866,66867.83030859861,1.5360582962155314,0,0.4480774894323233,0
44,62915.952832074225,92078.16779363833,0.7826761810858424,2,0.5041100438610606,1
37,29686.735382403484,84154.64756971491,0.55007241379551,1,0.6704502771851815,1
29,60764.23210984514,178382.51798937516,1.785628252200585,1,0.8616659852415349,1
60,22610.72450687884,49276.12544918485,30.0,1,0.6725788883075845,1
48,85296.51767583472,159032.16158302233,0.4953981492543047,3,0.7395263929694876,1
44,34514.60155191891,106104.60482255423,1.1976490781752607,0,0.18015308005863173,0
49,45526.66856393112,160351.3256713843,1.5846399718963278,1,0.38409306978747226,1
27,56612.26522180812,179130.95218670258,4.8264817049485895,0,0.5848097930109899,1
20,38693.000949978115,104239.88169565475,6.839241628831298,0,0.619406493673085,1
62,52868.11922142609,84246.81952004171,6.970295642341152,1,0.27069311173169286,0
44,61507.13449040252,103308.94159325516,0.043367440610617744,3,0.9749822518998477,1
52,69212.2646500697,95261.46639974341,5.275615877078455,1,0.11818597216122295,1
48,65829.94871945915,17151.677213063595,4.981229125025974,0,0.11227834815649163,0
32,46563.79072394652,177624.01868925366,3.64547496914465,4,0.22915019883448529,1
33,47067.36451912796,112289.25086905951,2.3838005056461373,3,0.7539132652589838,1
30,96982.17116050064,41845.040747447296,7.983699311523821,1,0.036551288457150166,0
66,68997.78136498584,1000.0,2.1070639613383064,1,0.9878657786035819,0
52,31563.526873595725,1000.0,1.306903510310982,3,0.987729446526484,1
69,51999.76327531104,138524.02183437516,1.8560081253029166,0,0.15968419662732591,0
28,43297.13722443615,69051.12157964523,2.8959498669563883,2,0.4012032742781797,1
38,47293.315321537804,77254.96659474334,1.2043575097231054,4,0.20391733947244828,1
68,25410.09684583824,124407.71322694118,4.6770013861555535,5,0.4080152123571015,1
28,41761.53531228094,74197.59219491108,10.779850930078576,2,0.5328628142511795,1
47,86231.11546387826,127326.22080267566,4.525024833894308,1,0.822731951195336,0
65,61581.526017510056,104763.20321883577,2.9589882581231146,2,0.035807297807483374,0
52,10000.0,95793.52084253819,7.969515185073624,1,0.9868976711763379,1
39,74334.46984995893,21362.47971542555,6.892397342960828,2,0.9405629598651294,0
55,71792.59045818323,59013.43217805702,2.286883401087077,2,0.5704172989390586,0
48,42814.29391387167,130126.76827934329,4.633643475153352,1,0.4808963788115984,1
31,64345.270875664304,65898.90925679743,6.543757452285693,3,0.5506447534677762,1
41,32812.01578365598,160268.47778922453,1.40825652417618,1,0.018440926422570558,1
67,40594.885674672856,217320.0661996699,2.28069201907462,0,0.7376826919922066,1
66,79970.92721339708,132819.2650420661,0.5589952740221633,1,0.4964359843278485,0
49,44565.39920260583,174641.59456825786,21.982769554861438,2,0.2860399194676898,0
53,12605.366760900179,136036.36191480342,0.4489542740259588,3,0.4615435588271707,1
49,48733.935544373264,73286.8988663906,0.9232580971551431,4,0.2925678022346879,1
32,48428.23214171286,110007.58324037123,3.2680167294661766,0,0.6999507724779798,0
60,73967.37138746919,200666.0473048721,10.022480561682228,1,0.6144342037646162,0
52,50286.7284435152,73822.31286862744,2.1993668773780053,1,0.388092599090059,0
20,41568.353771194146,48033.635056096304,7.317954079181397,4,0.31424194199127153,1
33,70901.12290462412,43290.27884423653,5.635584666381358,2,0.8780366443752882,0
22,52415.804650022204,89123.53080832255,5.0897360957204025,2,0.6822386436483094,1
38,34999.54636868566,49826.39556784689,9.322207324085355,0,0.7157818171696403,0
27,73099.95121083235,183700.97137186187,0.07135823414634145,2,0.6186055919288922,1
36,53873.235290335986,110817.82672956439,13.236166004985972,1,0.0752305502346241,0
42,50058.51933358875,148586.31548802514,8.837076450169011,5,0.05926248669924772,1
21,53558.16782823309,85066.73047101508,13.8924078270706,1,0.42917151840694656,0
46,28586.63257166806,42990.14011219409,7.889402724264528,1,0.9304999570557894,1
36,39446.924476433254,34530.30272833614,10.542968120331599,2,0.5247080788985717,0
60,50071.652036655665,54600.412891093954,1.1349926623225983,0,0.8758845130934276,1
19,46106.7260995064,117376.27470133555,1.9226469890612203,0,0.09654984203605588,1
27,75448.56765633191,125994.14658839739,1.893295700921553,1,0.7242610749346629,1
60,54348.11705454007,130159.80365293424,0.5779900683467774,4,0.24533785496081117,1
42,67098.07845272805,25566.36581090714,6.538881095669877,0,0.5244961598024163,0
37,50187.90709151699,99979.54070508649,0.7319016110173999,4,0.2929210703540758,1
65,71125.76967492246,48696.90845538037,0.26969008017208995,0,0.7123333600020745,0
36,57950.55513146308,120073.29837922641,7.4682147040083136,1,0.4008890527705262,1
40,50268.4097077692,123953.8527748726,11.75169538184761,1,0.4621684924995937,1
41,49734.33822081961,41391.34764867809,7.222231357302695,0,0.24534537318152916,0
28,30911.227474180734,148401.4803598174,8.724919889519509,1,0.28145801530639414,0
63,60138.31440272622,216941.14707641222,4.527021990976968,2,0.17947569070933522,0
51,49195.90530927242,141741.7868792331,10.934970642622403,3,0.5537985473681842,0
45,39960.16079637591,91858.29802244477,3.4328789213686988,3,0.14499695603144602,0
22,72129.23541624143,84172.71483951289,22.25050756143013,1,0.26820261167236237,0
22,24995.679482103977,89546.80091637457,0.545811124858757,1,0.5304613546480865,1
68,41550.082091351316,61963.30766114947,8.282142035813738,4,0.2748312990775861,1
38,70554.37497559068,112619.91033260246,5.127591017492,2,0.5884996597343284,1
29,56310.458818405066,43076.87044228479,4.345200048536298,1,0.014164004458195767,0
67,49042.82144694485,5515.110670104987,6.4696795917887515,4,0.9732227876999444,1
21,55020.07086300293,110980.08409067744,9.172025966126137,2,0.7299888563804402,1
66,53588.283420976826,101061.65328879106,9.934642417805266,3,0.503819128547145,1
59,19666.74907428157,71441.4991781403,0.9641688628150005,1,0.9208379198842983,1
37,43014.76229304077,35865.16886948167,1.0972265521807425,1,0.8697660809449779,1
55,82330.43309027498,114487.20134570173,0.08149306617027978,0,0.3665543199484371,0
42,36813.51730445665,50491.248071477465,0.7069104027582275,1,0.11612917834948988,1
31,43633.97971791332,93052.78245673327,1.5318275827154462,2,0.25223239207675807,1
28,39167.58473381625,188248.5927063222,6.383359508209235,2,0.20868926946413557,1
49,48259.69553363725,132559.4884787692,3.229100039752576,0,0.7500574355421744,0
28,38337.54337351404,31543.36688091517,7.092095094807187,0,0.5481098925130063,0
35,59734.8300431612,36257.42144938488,3.3328753139997582,0,0.8500981831583604,0
44,53946.26824580533,107590.95463718794,4.055122448536817,2,0.48970075046417505,1
35,65470.95230214036,31233.965897048955,0.5886647341431501,1,0.7697650549113666,0
40,28981.17667622079,1000.0,7.49302340243089,4,0.3234228375938074,1
28,43193.190342341935,126618.60056483618,7.096702749466585,3,0.6021508030174038,1
38,45485.5473677573,116046.78771604339,1.8376799296558999,2,0.6394001829263013,1
61,59112.938201771896,122529.91656395662,1.9917877174765906,1,0.7592870910017443,0
22,34135.57605585931,113151.7590908952,1.240265229843129,1,0.7994884004190875,0
40,68313.07608516689,96734.46441638026,8.405735098727424,2,0.27650304230487677,0
58,73728.31181035217,66890.57261616696,6.871963379202296,2,0.38505800151555614,0
42,30222.553047288322,125806.74830439716,4.697128187087459,3,0.2071350908546915,0
58,40182.54210212869,176494.17442025754,1.3644409059944227,1,0.7478343705157137,1
27,39361.369834158155,74938.5496278273,0.9428250287944069,1,0.2707282636532402,0
39,102647.72409354997,48962.989489585074,0.2578816783819603,1,0.3910192017823302,0
36,41401.997895842265,43244.02902943805,0.23342219316935914,1,0.8030264755663209,1
18,83552.50884312269,56663.48833331412,1.035958185475155,4,0.3398026404036042,1
24,24667.360097867808,110129.92622380369,0.5297619668212066,3,0.2915003091677629,1
21,30206.98067671273,1000.0,4.060866262707336,1,0.6511814330425661,0
18,36267.909363035986,121958.52122161629,2.2165368555995726,2,0.9753735857775574,1
32,33086.21377106955,132195.65051480778,2.9434474010995766,2,0.06262396911493195,1
57,44642.025316830026,10096.082002855997,4.507838049444708,3,0.834788404580431,0
29,35824.43594557003,51040.97818612003,5.380856098457776,2,0.12160483425989077,0
39,33613.16814530853,103984.04899227069,5.223486677492062,0,0.3448981172582488,0
39,73169.43992946655,92826.51348478011,1.5113165650999107,3,0.416717932632925,1
67,74475.8724502633,125981.87341342952,8.293850400076936,1,0.7187393601059867,1
64,68985.92996750632,92943.1589241817,12.48750837091614,2,0.9265659308504236,1
34,60479.97911168656,163238.47633874827,1.8985361489147787,2,0.10201096028236145,1
46,51854.86131559104,83941.5300478159,0.08606354464703682,1,0.7448084521182475,1
63,40059.386186681826,50848.350664012316,11.470812645314583,3,0.32229239544123345,0
31,30936.84990489816,46827.90668691218,12.85550886606186,0,0.901910995691909,1
67,57259.91406865375,136773.42546408446,0.2614502202191731,2,0.27821682029422157,1
37,26527.392149064042,101481.05709784581,0.024844582514969706,2,0.6938619496459134,0
67,30121.581416492132,131685.79503625975,8.475109261469054,2,0.1647558003622549,0
65,73058.26512409619,130656.12496145922,1.793838192508944,1,0.9579470786665832,1
50,88012.98083444174,1000.0,12.301001930609452,0,0.004324338594380639,0
60,57865.902763329614,42995.86994882782,1.2214757198692743,2,0.23285197731258067,0
32,72129.14304589288,48968.74797480897,9.871971556010571,1,0.6759441160318042,1
29,45083.033651120335,59196.79057541188,0.3555698993367198,2,0.8535242298891719,1
57,23246.516278246316,78982.2336711737,1.5098303389745085,3,0.9935573092939326,1
37,62243.43237237168,149957.47973085928,18.083515716276487,2,0.17326063693954263,0
47,61385.78646540128,159924.11761919496,1.3146003476458945,2,0.3071438396898517,1
55,51433.37107760488,85355.45848985016,0.7136563908941697,1,0.8918520210413986,1
20,45152.49083789777,87435.95693376278,9.726464534497097,1,0.03249991584702561,0
45,69244.21157162196,64728.31379713568,0.626686943984704,0,0.7333218223056637,0
43,30285.339331450512,104459.38486192722,0.5126897840237489,3,0.4230519230220289,1
47,34524.38842218684,110126.04413669683,1.953560855539358,1,0.6888180198785083,0
30,29837.86986479144,140323.77775011328,5.043791743664762,1,0.5249001218399821,1
30,51699.459252716544,139921.93629912764,6.202256881766056,2,0.6271118868404127,1
19,28242.139757814835,1000.0,10.653201942739344,0,0.6666637102394958,0
54,36315.15638969513,92372.75261814409,3.892561667972543,0,0.6312459447968033,1
66,35884.88875545604,169205.00154450518,2.499575031082666,1,0.6645629779470779,0
55,44787.833353320835,78094.25363475416,2.222332568864283,1,0.5683479326356473,1
19,20252.511071920464,156962.0909181644,9.383408990076722,2,0.7138953583613707,1
53,51744.09984074534,84677.40999944056,6.433427342586784,2,0.7760234732162268,0
43,74946.07301329356,108746.17337209819,11.792022744816524,2,0.7879354187945043,0
28,52709.827446335235,43155.465380042544,16.626108536370744,3,0.8535130987928965,1
25,80826.42289602642,45037.57212167426,1.783737847763881,2,0.316402420502774,0
61,76679.9637175385,136274.57861315072,3.7716473003891022,2,0.7457734308443524,1
57,65554.70094495709,144090.91401003324,4.995927614098552,3,0.9466612912703294,0
60,51493.716852737714,101321.44531002463,0.8947299827251599,2,0.3674680789351492,1
39,50450.00776490879,38623.78786808044,0.2741135452784591,5,0.777641115731628,1
37,65275.9954472652,102190.22783036073,10.11583212240283,4,0.2914627778920882,1
25,42166.58780991935,162861.7480337139,3.8342216859920693,1,0.17556926544131657,1
46,12349.584970650722,187143.32350258803,4.228860981557462,0,0.44642689213455744,1
57,59840.081082059194,84164.60338370428,4.047442665769222,0,0.8065321591132667,0
43,27378.627401300575,17006.607487110494,7.03168346430131,0,0.3071225196559517,0
47,30757.175436192305,142018.17997773894,0.7862052612094388,0,0.29493936821753064,1
34,50004.47895991576,86201.84517724995,4.76021705809567,0,0.27767503517299075,0
37,48097.5024489306,147152.032078052,3.169483503540225,2,0.21812098472247143,1
69,21758.487873687394,114053.61125088097,11.363100774326192,1,0.6111109928205504,0
33,53309.83128266281,55827.7947119075,3.6658988701161426,1,0.243336885204114,0
63,69322.79321722097,102912.21803296905,14.317819278277813,0,0.9349028220693844,0
60,27433.168594684343,165416.9183527164,2.1790004375261662,4,0.34593104673754815,1
24,75449.66661697518,92542.30055163782,17.04031040795679,3,0.5423987569753451,1
33,18796.58349740112,48259.741827731115,10.403529627051526,1,0.4091704621408523,0
62,92346.48288741906,20567.791570167174,4.388515635546907,1,0.962715734090869,0
64,41774.791390330334,61391.76565676741,2.1825342817434477,0,0.4240115034111325,0
65,52912.33993653783,79493.1869114509,2.357410467798879,2,0.5636944482280372,1
44,12159.328550286598,140999.95679586293,7.408568636506571,2,0.7634232599890378,1
40,48757.27867061383,43957.536609418916,4.345024578690936,2,0.17129653721755145,0
41,54569.643554363836,177687.5942864818,2.567375531646918,0,0.03264180255866722,0
26,48276.75791801011,33142.38945794043,5.053762078182659,0,0.45491991528671316,1
52,38738.37845895253,216574.30462784183,6.6069057615752635,2,0.550641067963404,1
68,31068.709629443703,186275.92783772358,0.11583401301561144,0,0.2870610387019038,1
37,72610.53239074622,107058.3124693996,0.4707996141642913,3,0.4625046658357518,0
54,50616.142699959004,17615.32326152039,0.49625961361709,3,0.6151604558348351,1
59,80815.04753033545,97228.79690087891,1.3193967924266747,0,0.9732729573060053,1
34,39470.35290410154,80657.95210067471,2.784264384697162,1,0.6017771558011328,0
64,41304.106132555666,36285.6388474538,8.139279925303205,2,0.44885729635414184,0
48,66311.88489192326,114550.48136237211,2.162375851116842,1,0.022528493962539087,1
25,17540.50075992872,58817.8435072178,0.08816164124028443,3,0.31058323192905146,1
32,25730.73279694154,64254.70764752093,3.302062792609503,0,0.3584859636646218,1
48,71949.69942706327,89816.06827138223,28.462129167519063,1,0.47694456964979715,0
47,26561.321415536106,71254.55856471483,2.1463894434184985,2,0.7821710627701225,1
63,13618.979693949048,203907.83085550147,16.253705716663532,1,0.7758873761787207,1
37,87370.54376146183,73214.26835002251,0.5342811191169412,2,0.8452859834315578,1
56,22123.64704251589,122044.05056972378,0.950355482733229,2,0.2899925588665021,1
29,53682.387966563394,107276.12461051809,6.4389839711882315,1,0.3464593415177629,1
66,51381.70385448542,117637.5112629436,3.477875116639684,3,0.15023889057405548,1
34,10000.0,121454.4201805466,7.243441059145946,0,0.8574157761834648,1
59,44653.65953664382,144068.07433030612,9.959290959215298,4,0.6522351650993091,1
47,58968.26498958219,113322.30378093211,1.4456481052981558,1,0.07754990582115728,1
46,57086.187630377215,111244.789744316,5.741573778722517,1,0.3036569978188556,0
36,68070.41367607003,102923.85342340697,4.677383513790332,2,0.15272505131544167,1
63,42250.17370189132,93079.10738300128,9.88568951849361,0,0.9692281564202759,0
28,64250.088841843215,54410.10591696613,2.8115060827030325,1,0.32460280856450496,1
51,36213.418638398565,96956.58112898993,0.2663205480047193,2,0.49646731856905246,0
67,21790.651671744497,112063.36876327667,4.26876473334766,2,0.3179020156308747,1
24,24045.43248637535,120108.22782863975,15.956098906006382,3,0.4742965322872206,0
61,20757.790896091705,109014.23864951183,0.07369635421785903,1,0.998622145766988,1
51,70191.71935782388,88352.24932757331,1.3738818089071023,0,0.28738877610696023,0
37,19708.52981882887,97146.00484020512,1.8994823720290033,1,0.2826220534281473,0
67,55480.77681298606,72317.6757724604,7.258729436272693,0,0.371379571216121,1
55,44681.51611855134,115661.1995503282,1.9524656663927578,0,0.16931677337133944,1
41,47947.028530987365,88943.58860429391,1.3661606425113917,1,0.7389917407128296,0
27,77272.145903994,109028.0469098735,5.228553148118847,0,0.37934030124137164,0
49,41231.452655694535,150040.1521691276,0.2375826449810282,2,0.5808587772939663,0
69,62232.03123099366,64532.05451787901,0.9352447262899057,3,0.6613030882480143,1
32,50751.267027622234,129834.76904552421,2.621498536717323,2,0.03544363246204263,0
54,46959.621887346046,101660.50899426863,2.197177846187031,2,0.6440027921322574,1
37,95999.38248772947,201059.67997903776,2.1321605819169527,4,0.5327693591465298,1
20,21173.165085692606,89184.98357682452,0.574557760369583,3,0.0828504103829325,0
54,75782.6367087489,134758.22915755332,2.2380024757059833,1,0.12448652077384037,1
57,63128.13130979944,100767.67258779885,7.997259000001611,1,0.4407984244365244,0
25,40409.50010736432,30584.774584325307,2.670848287508081,1,0.34630771464406307,0
57,82586.37034883225,73965.54522404278,4.411514402801499,2,0.4374958049850488,1
61,13037.797752229264,144023.5552714197,0.8931184675326398,1,0.6355150846281578,1
40,39564.666854018564,78365.27696958635,0.3613018956268454,1,0.1544248112833323,1
57,25830.355914618478,1000.0,10.599486430204374,3,0.6624446147124654,0
28,58241.6692974292,98429.8491537748,2.012641594585415,2,0.8181263854225421,0
63,27738.71797625645,45383.185102449475,2.1565093541549674,2,0.0029282320915400284,1
25,58661.27893482638,106590.88662983594,10.505894455459623,0,0.36846360036947545,1
46,46271.27168356892,177557.35406990093,6.151093657282431,2,0.2751675904219105,0
47,40412.92114687832,138472.86554014517,7.058321590527024,1,0.43199977749663965,1
27,57772.94492066621,176832.79143699887,5.728574263820335,1,0.6152787164951232,0
56,44627.567521238714,71924.39892777542,0.5590857121513075,1,0.18756930132050953,0
45,28227.303138819225,92841.6833182234,15.849930834935936,3,0.1340956184843044,0
66,106027.45979269958,47778.190159611026,11.99197277913302,0,0.7288384105162093,0
53,40256.65633941711,65797.82774799524,1.3473782772814364,0,0.6857531406138728,0
30,10000.0,53655.75838569099,8.14805491584785,0,0.46084449397983973,1
49,33158.02620557223,34663.85153940214,2.63305133762758,0,0.5013227277198118,1
53,24654.466232545397,168292.83126656702,5.756379468531133,2,0.26986124200741046,1
54,66522.91232081031,1000.0,0.9052298523804752,0,0.3291791276202237,0
43,56433.05319183172,168506.94524022785,3.866953924170488,4,0.3200825767608292,1
39,57974.25603580689,162302.94624601156,0.6769015014921774,2,0.7263351086493569,1
21,42599.55068325511,124989.6337739499,3.841155309185617,1,0.555643101795994,1
48,44412.99505886157,44274.636595296535,1.3958847591208456,1,0.7294886693533431,1
35,42581.37792784664,20891.244427839643,3.0116584224564855,1,0.5907166590906519,0
55,48376.136317290606,72579.81593682179,5.5126402338757075,1,0.545636308817007,1
41,66706.6687072967,131256.0228169962,10.480887312408086,3,0.32058195348290697,0
40,56721.50825010693,100153.18187203372,0.9033486276052938,0,0.39546580979643575,1
39,60002.25659241733,47825.02524526212,11.187223550262765,2,0.8873978760864646,1
19,59991.178164984056,157410.2392328245,2.4717902081649963,4,0.5759300006785847,1
48,67688.84874763477,184219.1664090769,9.282980369328683,1,0.5244552973859551,0
28,55763.00083080509,88670.04179927013,3.592816437828544,1,0.053131476446557246,1
45,57176.96145357838,105466.84517986729,9.91007063356411,2,0.6708891697620847,1
63,73776.12482386312,24557.565818525196,5.435752150083949,1,0.6860174479394726,0
49,36699.08163993776,79280.66419454824,3.55366596610369,0,0.6906565698239581,0
22,32885.14840096986,125521.99890004969,1.8737482223767288,1,0.09122211426569116,1
55,26281.56801626288,117742.82701288888,17.354198544425927,0,0.3004552600154906,1
27,53658.29127240512,74616.60753951466,8.069681516862694,0,0.37122604623696087,0
57,12925.355175617537,86287.82457617765,2.399762256692081,1,0.8264968959280694,1
63,59243.081921193545,77639.4631727724,0.9119493539907917,0,0.9806727341158386,1
41,47816.13810998895,86076.76431408075,7.560091127691985,1,0.41474759347572765,0
52,72692.79399642114,121161.74012590633,22.998072144595998,2,0.5542807073324794,0
61,36561.65379070019,1623.1457315438747,1.6354070207431624,1,0.007337258676562763,0
65,45933.63429164986,96282.52425960389,12.376548580227265,0,0.008779281421117724,0
40,72444.06666586737,117498.77678128445,0.6697757296216157,2,0.07450022905530196,0
34,77662.71293556305,71475.76571794614,15.20430245067149,1,0.7194664422438344,0
18,36396.9526849636,76033.34780175592,6.839108431113195,3,0.1781365978210172,1
48,53635.6246517432,77480.27795922752,2.127800044427717,2,0.7578490106529152,1
48,55888.37955368096,76047.501323142,1.8165691079734902,0,0.4318761514946534,0
59,57473.06811242297,100294.18889251868,5.156198600967846,0,0.849969008706956,0
59,44748.48681368756,106450.13790068918,4.50094457680298,1,0.8703163736022755,1
51,75627.6679624727,1000.0,12.56262483226025,1,0.8798329081563826,0
26,12205.93032756909,132644.01857361442,7.2673686943885105,2,0.5435026380764975,1
39,41577.39530397832,85500.05578265204,3.8866115274861226,1,0.7885074302322843,1
30,58958.614655458936,196648.1587734267,13.125386465286123,0,0.6619122336922288,1
42,59144.496238986874,40417.57305506458,4.491402364912898,2,0.18671319325805602,0
65,77055.18061229525,56634.27456228342,9.475105467523887,1,0.3815167255102494,0
35,73964.50786402574,89854.55107083694,9.192452315804863,1,0.9623623520880437,1
68,44289.16749385552,120661.27248430178,12.578573443085075,1,0.7725647014054083,1
29,75997.4248706121,2461.63363142492,0.3499777518596312,2,0.2629938769536707,1
57,35719.165124450905,58544.99739419467,4.383183110690942,0,0.28097433751567047,1
34,68617.74765583675,129566.00802869217,3.1592500769556073,0,0.2541811228457711,1
32,86210.44956841986,52593.80267837288,3.3720430808375523,2,0.3288150254971487,0
59,74298.88213709938,168501.31881881139,3.0801030213701983,3,0.9283073762634135,1
32,52115.40767048246,77305.82005754639,9.084361550246697,2,0.43354229054419824,1
32,43364.42456455756,55031.33993290517,1.9168028481073172,1,0.3642524117326036,0
56,19428.174074814277,130512.21288947598,3.106468783662102,1,0.23918233539843048,1
30,56210.79275828408,180380.86934122234,1.1199854705229857,1,0.8924080648540741,1
34,27695.655440581617,120819.81293719483,1.4498675851988518,1,0.9573765604031258,0
49,34137.30672772126,163021.46996116292,5.400229822632633,1,0.3235414505833568,1
26,26185.083985266567,183831.7670318482,0.6217876544865428,2,0.6166534232475291,1
57,40792.15334686689,53907.06600362108,1.0401775915353246,2,0.9584333474382388,1
37,49440.61171026035,146919.56670297933,3.754247577540026,3,0.49948000101245593,1
43,55472.2916233141,23826.474534822628,0.22379987830652467,0,0.4686623648676821,0
44,37989.86729172073,121245.12658931925,0.6786805313620957,4,0.5276942496552944,1
38,71385.67412790367,96434.10547425903,9.95176937048464,2,0.0331700319103464,1
35,45835.89484020068,162147.51015210312,9.358780778140293,1,0.30011901065544655,0
30,34245.55133468962,158612.57564924203,2.136836894177958,1,0.6989922182571519,1
33,54525.84534486873,128489.16752672012,2.138486985346625,1,0.9667295560964869,1
26,89271.05667087632,114921.39497414092,13.78479349090381,0,0.5687447201867782,0
29,56703.211330702354,125418.43383609755,0.13090443535226032,2,0.19047583510426092,1
61,42742.88745252786,103088.54356882728,4.341022089665842,3,0.42681327131661695,0
55,19450.77287762592,96940.21294460482,4.548941828769863,3,0.4900196852217329,1
36,45611.753580558594,172128.90861262212,7.753182220860781,4,0.1522247099493026,0
24,54698.56250176231,178144.49098390882,15.156850709390683,0,0.3292828010693303,1
52,42248.3821748886,92917.04011488965,2.1989443336326655,1,0.4450645422977523,0
65,16692.307235180007,111881.82015053723,2.8797858120162223,3,0.2619021837402262,0
35,32988.69220993132,104082.76123863872,5.563025878138603,1,0.3538863989424691,1
33,79090.76921775515,19415.07790314025,17.097563795972757,0,0.2762443604754977,0
56,78680.02007460922,83178.22111939968,11.072520986982736,0,0.6128215225088899,0
21,32267.216615908037,179985.21005240513,5.498859853247662,0,0.578602620345209,0
42,63455.13574398844,62511.206248409464,9.714897247254628,1,0.5516952610535342,0
49,26428.544304596526,205727.1731150651,0.4452733020412264,0,0.09673531920987877,0
57,78086.32563989905,158606.3154794691,2.3670627077678446,0,0.1835576468932395,0
30,54904.716957884724,120074.90752731045,0.06589478960339913,3,0.11082716896076839,1
62,68992.82997233068,128042.16429882104,0.9768652201900053,2,0.06328096676967931,0
34,15698.133056349223,54139.665183248726,4.977922168978591,1,0.24682988020871388,0
66,63552.74203849776,86738.5623887649,10.83859399707987,2,0.19452147109582707,1
54,49846.51872630993,172069.95551608797,5.008974998233552,1,0.7249963990020482,1
23,67038.58141581685,69273.53304132333,5.455276181398227,2,0.6958868193993206,0
36,68297.35596195699,153056.58784743998,0.5480789227433742,0,0.20133917883318786,1
30,51315.69378949499,31147.990528147086,5.466041944057752,0,0.16556372328407987,0
43,37983.4072180817,40092.079376249465,3.0288575922019234,3,0.14489575351543027,1
31,65593.9236435899,195069.2332793158,5.26972780784519,2,0.3200499706223625,1
48,48796.910011897446,99408.1426879838,1.9739102006182854,1,0.2941868683771288,1
21,32544.30092944715,73075.00565028295,4.355223987070564,2,0.02853760955459217,1
56,31596.955370846284,168137.04134994812,2.7588396626097933,3,0.5678704680697783,1
25,20456.71167375237,162291.07774817522,4.089438692341974,2,0.8980314694776976,1
42,39794.17680873873,146037.72826286193,0.7955034114229348,1,0.5388566642467874,1
30,72053.84092148757,71505.1040293947,2.5194557281391603,0,0.06380813246796768,0
49,53556.595994108684,85654.12120311623,2.344250731869664,0,0.5995509541949889,0
55,39404.64588153919,115581.4411862365,6.666508449859895,1,0.48495603596437964,1
55,66097.1187636016,134719.96710736185,6.127846936450991,3,0.9069288447897671,1
45,33350.46756553222,74575.82129907314,11.976720309753476,3,0.36321944661339256,1
47,51907.00548665557,108536.85553103483,4.999117091058857,0,0.7519820304355295,0
20,46407.392545489696,113369.5650398703,1.888377673886379,4,0.03844025136159124,1
45,65582.61251176705,164338.48781876266,7.644468880992049,4,0.7214930854168543,1
20,18455.432581609984,137723.29144675593,3.4358021203478364,3,0.04152659798279423,0
62,32996.045083706886,24659.91775823546,1.075214815687318,1,0.3447152777025284,0
51,17235.08681810933,89318.48457573072,6.8799673561654675,2,0.9480858237456092,0
33,44808.0655638146,53560.831500829176,0.7108797942342273,2,0.7032048031123406,0
39,74228.5500726486,128404.37103058367,0.9810071784417138,2,0.925023106061072,1
49,39891.05580692946,146157.6675252522,7.109730564447139,3,0.4958529695998709,1
55,39786.32123608699,105077.79928051222,7.3515263634304215,0,0.6062166253149008,0
25,67434.48848368273,86593.6484686075,7.8218750676742275,3,0.5177483055547939,0
25,71370.991169106,103458.48965179916,1.7359229183039215,3,0.4788645864511816,1
23,48228.5786546242,110445.96367388773,10.071545636091068,3,0.5782306304175419,1
31,63694.29708099784,67995.01741415466,6.412702123916193,2,0.03889935508464415,0
49,28460.90918244107,39064.44496153173,8.977855909457208,4,0.18568393785575832,0
52,77559.48667850828,1000.0,6.16538603726693,2,0.214621551191174,0
27,92974.12587874103,163359.1065869442,4.3327010824045,1,0.38284893160960853,0
20,60424.315823774494,124818.31218174829,0.5792700771679733,3,0.4345551431526187,1
29,10000.0,118125.55056720861,6.205539476676535,1,0.7397181379698226,1
66,38835.39475204432,163259.94439764746,5.863352298480306,3,0.16554007822474726,1
48,62256.50643338643,37226.59951537915,1.873402762436414,1,0.5698924908844702,0
46,41570.34005667274,13218.456207249066,6.655618578793614,3,0.27228914289465833,0
22,75443.97108500195,119211.59582595449,3.997591627339005,1,0.5156537444187628,0
69,61763.14528871731,114663.56877217151,4.098160019569492,2,0.6266153268814936,0
42,35870.48998468407,13434.659516362328,2.2912028606678496,0,0.582450533553855,1
58,50645.296215425056,117976.0531070236,0.6209333335715066,2,0.21538079798345444,1
48,32123.335587218196,79988.8523800216,1.2226560895043455,0,0.7094531295373664,1
38,46348.302431751166,59645.59701312092,7.3230453022488895,0,0.6537878573421589,0
37,38908.13519134896,83328.81458587936,1.5834371194560655,0,0.9320032833031111,0
56,73495.23600466076,1000.0,0.011277981406717097,2,0.6341519245304044,0
39,92320.24113661991,70431.2888304031,29.07483480301699,4,0.720324408034855,0
21,21376.23333528496,64785.27152578978,1.1829314688982246,0,0.8110276529172535,1
30,11535.674275804959,127855.12234680701,5.326610277668399,2,0.10600428274075013,1
62,45096.55156297229,92088.4931744557,13.081139888599125,3,0.6963342719208928,1
59,19631.686023426348,131943.4436839441,4.5778641310747155,0,0.3185802305752614,1
67,50924.232073418345,1000.0,8.02301348188508,2,0.8231487753294177,1
66,64978.72227611853,58045.088871447595,18.72655323490605,0,0.48018051036113774,0
37,79882.8379453365,127799.8525785722,9.843560655303863,2,0.5806158547840479,1
69,54027.89117430562,84556.76847134225,4.081142132519303,1,0.26033757415599934,1
30,46136.89550300842,142273.02664871837,2.260448671289044,0,0.6505651185795476,0
34,10432.301668538312,9769.85453053884,3.2933852946722557,0,0.03564933007982429,0
53,50523.70298371597,136555.5419844737,9.220303247037178,3,0.7485742842726223,1
50,51425.74521098923,68043.03911074798,9.598689602352032,2,0.16329584200619496,1
18,62779.136284254906,63190.14578086629,9.349305287114838,0,0.2275745512086743,0
32,35830.23796941817,149552.3523463726,4.546878513842004,3,0.0009102628528449008,1
30,41298.947995282804,158095.0564978253,3.24044765599424,2,0.31317463490691955,1
34,20439.954893916314,151734.9848043641,1.8650238791455882,1,0.3882492180614684,1
41,10000.0,201932.0962524133,0.016832577708487947,3,0.23399969710929092,1
25,27830.058184064335,163340.1804221667,7.229909116833145,2,0.2302104121003895,1
67,18593.48371493967,60228.17081338505,1.6217183893457732,2,0.892980988121682,1
44,56734.245908412224,107081.90640678252,1.9999846448284333,0,0.32645250403171033,1
62,39637.318866662856,81990.10457575324,9.27289653584582,1,0.7222821079558217,1
40,39235.25739850422,201454.4929974533,0.268328727509456,3,0.2373814932084618,1
63,30311.73907649576,155243.49773493546,13.129149201317365,2,0.8090412282265614,0
25,10000.0,90555.99316432721,0.006814253488889052,0,0.677741991204918,1
25,80166.21497495101,143895.4898876501,13.99828819571403,2,0.756203992315402,0
43,29994.589544464234,38390.07668434476,3.0326322342386476,3,0.4395367685921786,1
64,41751.59860300186,112513.08688227364,0.5386088681270598,0,0.8795645652198497,0
30,20902.15669421379,53103.87536984579,5.606765058507835,1,0.3740124238733076,1
56,69438.60686881267,15570.38996862965,11.309924049868492,1,0.6008950500489241,1
54,52868.57874074649,139226.81187649167,2.881915024137695,2,0.6400721142429376,0
66,33472.69429468263,145429.55475937756,5.877864694318367,1,0.9522513859725289,1
45,42155.40777311952,122860.6318105993,19.40328069585537,3,0.134522689161787,1
42,83563.5984424974,90851.64797167495,1.3767970379781314,0,0.13560514714665217,0
33,48540.61136237443,36682.067257679526,8.58649266828399,0,0.4620514166671039,1
19,46365.32924768188,41932.65646413763,1.7494692902752782,0,0.9178756196656414,1
35,31172.370277214697,51536.00101306014,2.778571044927645,3,0.021685107971407658,1
34,12108.376990553945,88316.33541375381,1.6547983732263392,1,0.27627560729898326,0
47,46799.22652841311,153808.93668024577,2.953058995097516,1,0.28358632407731044,0
56,56509.70224649235,153020.21055393264,0.02551012827261239,2,0.3049526028018895,1
30,71991.68928655339,17571.620019356153,1.8079984482996478,3,0.0247049691131771,0
49,10000.0,65338.33316415264,2.94658575292958,1,0.8256063333304683,1
67,27498.07345953942,63991.94902140806,5.001626135057079,1,0.008909452660077144,0
46,38385.178188870996,1000.0,5.071742543009812,4,0.4777039539928971,0
63,49930.383028535965,128306.04734749539,4.38277405623939,1,0.056359023039486145,1
47,47099.32616943155,87692.00878407391,1.7338481736938236,0,0.7986440296290374,1
35,47566.22628625461,94342.8731684512,14.725606073076467,1,0.7465858369843289,0
30,58161.92117139889,167293.55291878193,2.487653831214132,1,0.721530861664715,1
60,31934.137784417817,104415.45066421786,1.2224357018106569,3,0.7362649441084913,0
38,68682.82884467389,78463.47675169911,4.042935388817746,2,0.9402395550995404,1
47,58669.04883398961,128603.88105024716,6.910090982407619,2,0.41681091281676896,1
38,43603.354717438415,152943.5923287781,0.06154509461296266,1,0.8615748039250786,1
65,82018.15983777831,114823.37830246128,1.6171957392577658,2,0.18423225305998314,0
34,81128.32071143534,134459.47993490743,8.714213782474863,2,0.4512645030884104,1
57,68657.90710387618,92721.61751285578,3.536444458133943,1,0.008909094412893448,1
36,10000.0,95907.11268201686,2.625369116411345,2,0.2841402933110655,0
69,81578.90185435952,105651.03551494142,13.36109533106858,0,0.45815947612184604,0
32,65895.17044943868,62343.95247836691,0.4689996382228498,1,0.9092898384256127,1
26,90128.17275425873,71596.91928151996,4.779970417505284,0,0.31695156524835133,0
69,74749.29183467077,168893.98209092367,2.094185957973508,0,0.6724085527127278,0
27,81566.8535499457,200397.80479311605,0.3672822975943322,1,0.8339668053818466,1
61,67573.09700360757,179609.895701909,1.2023674335655534,2,0.3265297313036697,1
48,76973.86397291024,33837.13216157262,4.943409529618393,2,0.169228201695091,0
40,89882.47481468879,29007.12327075137,0.14342213244827753,1,0.5911941441266417,0
69,54331.094767564115,40464.52840274195,4.485490661237953,2,0.2843838483971237,0
47,18555.389118437408,106719.37209397405,15.71541311599586,2,0.652452109189216,0
50,43850.78199969716,1000.0,7.926070032988616,1,0.13470104333526367,0
69,57798.91198766873,70559.92166902497,2.12016015291454,1,0.15159484367525966,0
26,51497.751687431155,170354.96445805568,0.7437046319373062,0,0.6759230683884201,0
64,25068.76067681147,149121.94153644537,3.128044882798978,2,0.9735594399719393,1
18,17378.64749610042,74545.26747132464,2.4957241875689684,1,0.24689631417966096,1
61,35176.746627303415,78332.22794146811,17.830294091181244,1,0.7139128343202711,0
52,66154.79111968302,128362.0853403452,22.960309633428203,3,0.5320406118033185,1
28,81606.79541645938,146763.43776220994,2.643120881562941,1,0.8438415328663382,1
51,68331.35227555403,73343.136613012,0.8054467211503635,1,0.3888859923772905,0
33,71148.54574228273,88281.69891402812,12.073707108900617,0,0.9717139960295321,1
26,48383.68853672885,71699.51357399883,7.888298061598283,1,0.08239686889686604,0
49,15158.35084588072,33432.52793123931,3.5797684829669474,1,0.9846478369418444,1
32,40895.58838234589,89012.8125989093,2.27344464520974,4,0.8462373113802765,0
29,44824.711762552426,85203.62298956183,2.9725384507810415,3,0.8664581277476757,1
50,40058.95026328636,36967.794200567216,11.607880189528213,1,0.8424034375786872,0
62,51093.89730749252,132304.04688188646,1.0206488700214338,3,0.8618636788196724,1
31,58828.39519785901,124166.03393129447,8.219720332245535,0,0.8151525953184059,1
25,67060.30376486995,134785.98504225383,0.09179058294004025,4,0.8995171362273078,1
25,44437.60271267332,61596.4822267816,12.664521208580389,3,0.4608007413822872,1
44,11924.811887108131,1000.0,3.4687095833641157,3,0.9392909470184128,1
29,40342.445614177304,123366.55648228245,1.285750281761333,3,0.38496285307322586,1
18,50874.207939839675,66794.36426851433,0.01430295203676186,1,0.7285166243343448,0
60,74456.15844266817,55466.59333771495,4.099751650390032,1,0.7103525766383085,0
57,38643.84315631789,37147.346267827874,1.4017972127345713,2,0.8208965023687979,1
59,60250.87256798804,86233.8735956423,4.988376247006956,0,0.7383826358154603,0
68,55801.75799270865,178866.36485252366,1.650646945547448,0,0.03537950697039116,1
28,50878.01066246777,74727.52393222427,0.4607081852560818,1,0.7391528325991339,0
56,68610.66638649182,45509.847791653316,3.516509122838072,5,0.023296766417752246,1
60,36783.176064948384,132596.67005150142,4.156138653651404,1,0.5332303119270722,1
48,38496.271007129675,108640.6139885642,3.012786305104176,2,0.8389493069830123,1
34,49761.98353811544,1000.0,3.062774390442951,1,0.8295751606418907,0
50,37197.06989812601,133117.31598766433,4.453725682958246,2,0.8413129912580216,1
49,60160.245821091994,206423.38842508002,3.736470179889632,0,0.6024106277775834,0
46,35736.15391267734,1000.0,0.7110881239433665,2,0.18381204569071807,1
38,54526.08415490269,38214.69879889381,1.097536144310155,2,0.5079781179747799,1
38,47996.54462426487,1000.0,0.7645383384379896,2,0.5162118899219694,1
57,54298.51929553411,96234.77896295825,5.909354018630864,1,0.32476775088619125,1
40,40805.17209873922,149519.31183056763,3.7602246007547975,1,0.4240992759172939,1
23,43218.23410946346,105275.03748981396,2.809323906025429,1,0.8721766683651511,0
39,51920.185359941,169599.78490563348,8.005835928733367,1,0.5179278357107884,0
67,54041.49012322626,141527.5145165067,1.971102776801974,0,0.704743820672414,0
55,49915.961692176876,185107.36617510885,4.19788313263655,4,0.49581147838795014,1
54,84107.24713026168,158010.53840535475,0.3866065781830369,1,0.6174712972808798,0
62,30185.261625174317,79852.84656952477,6.820787670064693,1,0.09258699767782219,0
68,48715.924100945726,103336.322811742,5.9403733406321,4,0.9313882068447173,0
25,18527.41955766031,56566.15422595135,8.107037041895083,1,0.43593306638937723,1
58,57441.62957334772,88467.19155659757,10.791383074904232,1,0.7483026692872553,0
66,27695.06927246372,103091.58360090599,7.094671833268912,1,0.6671011263589489,0
52,44433.79488246847,95754.6338232323,9.305222671088439,1,0.799272183620035,0
68,42558.713493373485,167112.67631518052,2.120599653977976,1,0.03487290665049181,1
28,55617.82253202343,83491.59687465845,2.102924404925818,2,0.9353518652069222,1
41,38944.1816490964,53395.67932213215,14.43894926041063,3,0.8297468447040759,1
66,38093.88604612035,56519.44825484064,12.300555265744595,0,0.8337615609020651,0
38,78717.12928171796,132755.01358112655,3.975870085587297,1,0.46711344222929196,0
68,55691.33580949053,29843.07959555002,2.2829403897928584,0,0.7963239078909086,0
19,38778.98295955464,89940.69149245413,10.04963449469113,1,0.5751820353077632,0
57,44983.32656377538,166375.01227277104,1.9534573812751233,1,0.5034780359638578,1
36,82907.0990454149,114629.92228704151,0.8340233414081705,1,0.7849219742826068,0
56,45296.70243497806,96269.73054406227,5.101215017386877,0,0.6278000329317556,0
45,36214.467536952245,98204.47981807851,0.21778391225664798,2,0.0771604169846305,1
34,36300.07699747215,48521.77038864136,2.3829415531081004,1,0.31450962151819317,0
23,39017.470380208455,57143.26447827295,8.24255239086893,3,0.6220927047582295,1
36,38110.04555146555,90240.91635427115,1.7493209187852226,1,0.9038009154460063,1
55,24407.04303301514,113563.65150546466,13.391157095830408,2,0.9330008359807964,1
45,27515.99806106044,147407.50059010554,15.597943569631216,3,0.838911622349041,1
19,33413.5925127726,104628.03085857174,8.459108270007393,1,0.25431253956154154,1
55,61831.420369061954,167638.70878771238,21.967791949391504,2,0.4733818748471931,0
54,42375.25425454253,180259.90076047624,3.783248382240631,5,0.4333903946721024,1
68,45856.7662181192,139763.36062411018,4.210551470486569,2,0.43868529991453575,1
69,75401.76050509795,161249.07040279423,9.044532675530158,0,0.04978458284107956,0
21,75900.14299876837,50464.32393059528,3.3943011913551646,0,0.17363803533944733,0
39,44357.5011372453,42540.05326559688,2.61044413781073,2,0.15326023514279075,0
43,37382.72978633182,125898.66881450827,4.769360632491999,3,0.617268563237028,0
66,32711.393726529244,32939.509406647645,5.359747274348514,2,0.4117983635864759,1
60,63855.51539416476,85481.40779920333,6.949420416271908,0,0.32438800268710855,0
53,45905.855329554244,138559.59526648695,5.516125013374564,5,0.44390509039864523,1
30,42270.1021935442,170668.64623426035,6.846631585609168,1,0.3242140496471514,1
69,33726.70849724895,87289.21748559673,5.612880774207896,1,0.7574698196415753,1
49,34606.67181977223,67502.78523461548,3.2739153103204717,2,0.16704193436173798,1
34,56401.16382986489,116023.08107557913,0.7247507493257213,3,0.0561347341733337,0
58,23691.23468225476,46322.827823805535,7.695904543318484,2,0.6507054225947727,0
53,69897.37387575877,91336.06758532865,0.15631389557604364,2,0.23057915175362753,0
63,39323.10712370163,99599.99758618593,24.464322466799974,3,0.643354276529444,0
36,47007.28111496415,98600.80036646026,8.814650002476665,1,0.058541773454054646,1
52,23260.440837188915,104425.1736908941,5.557129284296298,3,0.24709712297837794,1
63,49752.68123515271,58274.25722139291,16.99701074844701,0,0.15388385669518168,0
57,43433.5811461888,63650.35036907915,4.739813700566302,2,0.2906733107926742,1
45,48998.38802287067,62644.18694836899,0.2904388905900735,0,0.3288552531329042,0
18,79434.1779672378,18995.283040247145,4.097886934997707,3,0.4951968051955804,1
59,53553.9609158048,117091.5160923053,1.623142555865574,3,0.5201386452999579,1
35,34106.816317083925,144732.87258460023,2.3060324131665144,1,0.6300980389312795,1
65,35773.601789068634,139815.5041426768,3.077091022270074,3,0.3316521216948446,0
57,61902.62371827537,86875.15697696226,7.449409943892494,3,0.5320212427854949,0
50,75973.86581986849,59449.73802680562,3.4951141860706803,3,0.9901173272493364,0
29,55638.360415021,137215.73211813447,3.218741159402103,1,0.21063927589992204,0
25,63774.25489109539,131946.15111872758,1.797481298705728,2,0.15270580773011633,1
41,62194.7544667341,110871.03212181479,3.881255464787154,1,0.8425641022780279,1
33,78381.28826715042,187215.56262116364,1.4276942169464206,2,0.41036559895171987,1
67,11008.196545479346,98678.72393164686,1.5122449460161367,1,0.8468836856685722,1
21,63344.378786090565,87155.50080375557,7.078796606800788,2,0.424689010660107,0
55,69674.72087807127,80009.13344626999,2.0969120134950447,4,0.021684861846444248,1
61,23225.52587728853,21956.11467595963,0.26383860377997603,2,0.374873037893272,0
44,32286.63631987168,133066.99820711464,2.105513343843488,3,0.6101306822336068,1
26,32984.34502743693,94725.73164211118,5.088465012354549,1,0.44755476210480793,1
64,35424.19607245233,125496.56206783975,8.409655586445345,4,0.45934296855829215,0
33,40365.65898128948,192093.900104562,16.34252113405128,2,0.9983159420452421,1
29,54852.05626109883,80462.41150476914,6.856445949017625,1,0.5441271674823415,1
48,67313.4930233474,1000.0,2.800531123296595,3,0.6969397551849924,1
41,71626.33915537073,124053.51847553861,1.777087811051089,0,0.7209729215852323,0
31,33243.53877664436,108342.96949463378,0.6941842954659789,2,0.00017125536797524266,1
62,33105.94002594035,63377.30620143401,4.940094308046922,2,0.552460978194697,0
42,76316.43680032446,119863.31678107489,3.565558908777809,1,0.9630562755681628,1
51,62934.87870837289,139304.81600521877,5.661385976210314,2,0.750822822827819,1
20,51657.29683737992,52669.50448942263,1.3533588995333068,3,0.34042742045786956,1
41,59466.733511099344,84933.40692983088,1.9551798144608734,3,0.3645712105139314,1
59,49403.924362971185,173837.6864924464,1.727229343954695,1,0.3036171977864215,1
26,60491.693660952296,63918.890438531744,7.988827558014583,1,0.6302082702182321,1
43,43278.66606988519,103333.48777068926,0.9390619082800591,1,0.09731548969531756,1
37,55376.098688784616,1000.0,4.688492726024257,0,0.29000041380288877,0
57,19789.078992610073,25907.724945935246,0.2636032247293738,0,0.49821447572544986,0
27,36244.31410349138,107875.87486663999,3.987292077878921,4,0.5352170703470671,1
36,36459.77646419313,161399.39047928003,0.33023950240465105,1,0.6074076696512082,1
20,42512.19933586172,31898.515899949954,0.9671749591283063,1,0.79722498605167,0
41,31469.73490440504,103728.20310302483,0.5996941125310234,3,0.16323642680186246,0
22,39329.12748353837,81214.10454731416,2.1287882341649773,2,0.22501522327137558,1
20,19711.71875203759,147654.40274962469,2.1059257480162685,3,0.872312803104723,1
44,60974.00952789801,39109.83473387074,8.755562735134102,3,0.8311589256585767,0
33,48349.72962177211,121503.88241837427,1.2788983865783923,1,0.8215707246002876,1
66,15895.847844479664,67315.46565018715,0.45173964058463045,2,0.20861577898137018,1
32,33303.40178906654,111151.90124132375,4.625544877927677,0,0.05825667233320386,0
52,56732.02855124334,103446.55261542363,5.814965304843524,1,0.5234148587854598,0
29,39139.56107228421,87411.04629286911,1.7465365871084313,1,0.870042794795425,0
58,36061.17079723807,123890.59231346923,4.616754435619402,3,0.23751688317722264,1
61,48508.14645983847,102182.63671514805,7.48180897381782,3,0.9042003011880534,0
43,56871.950703564326,93359.68489616526,2.1351263788020987,1,0.1415325017560538,1
64,21272.950859216788,82179.17329886285,3.725928393589192,0,0.2980961999296454,1
51,61002.56962435759,103879.91948726684,0.7928294926352081,0,0.29828823709619035,0
40,33994.134367852464,111102.17740730359,0.11965436941957404,1,0.15110016987187913,1
48,49641.44063500402,50542.895995968945,19.914366972352198,2,0.8727781728358458,0
67,49291.59718616981,82526.43810413117,1.7814525930293146,1,0.4125899427802374,0
37,39458.67763520452,47240.70276844137,1.6349014947170137,0,0.19065745140009138,1
29,29526.80507738571,98007.72886096072,18.105194423670337,3,0.14724424893777166,0
40,44286.26903815473,70383.3897572986,6.514060623461122,4,0.4209141028180735,1
21,82506.6061815039,138539.1573990628,4.400974093805283,2,0.01728839071318722,1
40,22766.499390727382,133636.34888783447,6.008599970603346,1,0.1210560940959996,1
65,83846.2603820975,53862.571821781516,6.188105848821214,0,0.0036980855153785352,0
65,44805.57657846935,99884.63273007626,7.205566797370643,0,0.024385466236524156,1
18,50707.428341772786,131925.8289624182,0.34776459545697735,1,0.9973737268480055,0
42,28265.783772305454,91234.58399179856,2.662216554590353,0,0.44888921602231624,0
19,34574.61166645038,63589.12375972276,1.74871170623229,3,0.728924778518423,0
47,39941.80699923962,45379.823597760216,0.3659169751645621,1,0.7370807486825306,0
20,29086.100582441755,142713.37807891812,2.660237762164741,1,0.8804074759575836,1
38,45821.64085258257,145135.6574142485,4.787823067050199,2,0.10374578402860779,0
42,41859.68216386458,89602.62005629757,0.9831025868770527,1,0.5256725018621323,1
37,87015.62284871467,138306.87922633387,1.8194095728595658,1,0.3217193607678319,0
66,26680.51628639078,1000.0,5.096753117728233,5,0.5484823356832738,0
69,52053.81033497174,166377.7325354618,4.329469504441276,1,0.3321195265554958,1
39,54956.9256380365,92152.75973614106,10.154608048126644,1,0.18365794771751853,0
38,28593.58902696325,107088.82803997445,7.8326337802742065,2,0.672827226991345,1
50,63736.54990905677,83974.11381670153,16.850100268056064,5,0.03842894086583626,1
69,42033.45974236744,169785.37409337529,4.546492549091466,0,0.895385526853862,1
55,10000.0,46963.418802223314,5.994385156157187,1,0.14626545274848124,0
32,63196.9922420913,173723.01633034178,9.848677723901478,1,0.6151442279314022,1
63,27661.182317952724,119813.54604725556,9.162671225105285,0,0.754204761094559,0
69,29044.501077218018,131133.2107959079,6.3420525109758845,0,0.07292747547289313,0
32,63758.04165784796,83539.77183355419,3.4682986531962423,1,0.9032945679694606,0
63,43056.77035163101,34589.04010518147,1.5955670999132254,0,0.35617718598605963,0
42,68355.44301103,146525.53827680508,10.486632804375756,1,0.9967264257409573,1
38,74203.32190730638,115570.41755946654,7.495197989446126,3,0.06878192044678355,0
41,37101.43079355404,168081.17291544087,9.097923690053776,3,0.7167733945262219,1
22,65865.2499191006,90311.18398921509,0.7587056149040001,1,0.16071444367097643,1
23,34890.783972142366,79038.43105505426,1.8903165374879012,1,0.4026926107335631,1
66,94662.31834264353,169404.4118320151,2.7659266204068973,0,0.4432124686524004,0
60,36140.8599093757,195594.70822487219,9.111669879701259,1,0.4061548457187484,0
65,70521.74881920009,100467.3588182865,11.16933935749257,3,0.3375730732276826,0
61,66875.80051763152,62362.12515714469,1.6766134877594845,0,0.7672095207411149,1
64,56321.756442178674,140526.53813947746,5.79865001347077,1,0.8198895291175203,1
40,36589.13677166634,87298.97169146629,0.40504281980598084,2,0.3356141834382842,0
21,46972.050161171814,129963.14127003992,2.6345486783247813,0,0.4826449115436703,1
44,10000.0,87036.20128106233,3.334173138073469,2,0.421757997630278,1
35,54488.400767645006,178200.70091059065,7.254331131914659,3,0.5935168652765301,1
38,56992.3066205677,65025.52474746502,11.126835092854222,2,0.15026602525596278,0
45,52669.98838122743,124026.483126098,2.057037917143812,4,0.8056849411136867,1
52,10000.0,75564.9014883938,3.751116235396299,0,0.7970127181305318,1
39,24687.27109820378,85924.67192896154,5.212788903079987,1,0.5904131585780901,0
57,35038.18034302675,79397.21726197116,1.9926006192895969,1,0.7461442279361431,0
40,55833.17866378092,136930.40330467076,21.181227498129868,2,0.9885051679024108,1
20,55786.77811285969,145918.15574669355,10.42827923550555,1,0.9225080080230518,1
57,46595.52416057642,127886.94144661856,1.7577464334383501,3,0.6114489488658152,0
67,62704.91073207914,94600.82666273648,3.5458364093693646,1,0.5114014237606473,1
27,29475.152493942,107009.00155007964,1.3122853299741863,2,0.534527061402239,1
42,62204.700113879924,144886.07842297124,3.6129203158742955,2,0.46661450342844757,0
69,59494.842096797816,146465.57936038027,5.749512307249265,4,0.48022597758452445,0
66,57551.094656758214,1000.0,0.44700438126861725,1,0.7320370107345051,0
25,46359.19137828689,86388.89141136521,10.205614053153438,1,0.9921216308348749,1
28,86614.87649662523,88787.06042802572,4.503881877061316,5,0.04531429724971858,1
22,59863.913769797575,133462.62820630812,22.831141105042786,1,0.2301881219534495,0
62,30633.28273492882,96661.4591144627,0.12962333093770442,1,0.21020763685310062,0
54,54966.10951471968,135959.16904746435,8.904048717352161,2,0.8328561800876509,1
62,65049.66754148437,46066.961448472386,7.850197812184049,3,0.4197238506593226,1
55,38237.82802151381,113002.72577303901,0.7127310184094672,0,0.525132267121614,1
46,71785.44493862198,145010.2826725247,2.042139728023335,0,0.469152335292352,1
22,57640.674114320216,26280.856534092585,10.80526285788752,2,0.8536812868816237,1
26,10000.0,225682.17341044516,3.6537706514022124,1,0.49971980108750935,1
65,55993.43954675853,159544.29664332597,2.5648186015582137,4,0.6678459916490458,0
19,41879.41691174569,100067.66512328209,11.79558845617878,1,0.019483518720180837,1
18,60743.59629083472,58579.59463806159,0.48996375804805425,4,0.6524544445671152,1
57,68884.29680503628,91245.7424863147,3.203938711100868,2,0.24095171495096623,0
68,53903.24094283636,104190.11798056703,5.283141858051908,0,0.8668686059134172,0
47,83305.0446788939,122033.12784060238,4.689378079675432,0,0.7515541885546558,0
28,46425.86230873009,175033.04247300152,1.5345042410926646,1,0.10928689971211025,1
45,62496.35646107751,76195.0765278577,4.142691845201053,3,0.10347160358867213,1
61,66098.85147274694,128135.49187862806,6.164635899926196,2,0.2929982873665724,1
29,48053.080622145346,35378.54186999435,4.396003349719215,3,0.12576359512630508,1
56,65575.48615955564,79319.96428373663,5.767384383394778,1,0.7403279022224273,0
43,38106.54025675663,118835.84239346793,1.4791004113075787,2,0.9868164971241347,1
30,41548.63161957563,134563.12455044023,8.944286929894501,1,0.6552567326502057,1
25,23750.226193273753,62338.37616676902,2.9863634090218505,3,0.24904669546626768,1
45,54828.18232740094,77960.4151994043,21.800873329670818,1,0.5642723917205924,1
47,56505.03351708688,173027.83177917727,0.11780353560374213,3,0.8056491286091298,1
26,73585.26317158458,158095.43098140226,2.3927229682935756,1,0.9622074444882089,1
56,65822.80008711768,110422.86085261832,0.9951521934045595,0,0.005071737649740116,0
48,44304.08886705134,1000.0,4.0552582966343245,1,0.5236902913519934,0
38,26436.40625331446,225556.6273845004,1.3933149636665756,0,0.45321427894423294,1
64,58657.00805039948,99003.42191713775,6.687100937015497,0,0.41449272632519085,1
51,72215.06344829284,84371.64709893365,10.679672701435921,1,0.5038377063242053,1
48,65103.699476078866,73882.00370729427,1.1842119773519575,0,0.4035060218176517,1
69,71689.55049714576,118818.35185995544,0.8758020057376004,1,0.3440155024278062,0
42,45762.20937603515,119329.1294585465,10.411515589571682,2,0.11480776132471548,0
29,40667.62063648709,147531.3936563256,2.2413822369450696,1,0.4998456027793813,1
18,35261.97295536402,53696.89178254934,2.8509644497934774,0,0.8210514152415885,0
39,48882.07066772809,84375.25609293694,1.2485254212726307,3,0.1047323314945815,1
57,48428.184080623614,201527.2861612101,2.7696649239062916,8,0.7384913599537073,1
54,54133.552570782325,111229.53166249959,1.3152729884702374,2,0.26776611850428633,1
64,47414.05085928984,91373.78133366269,5.48198532994588,2,0.381243315975238,0
18,47327.445405464576,52919.111720814915,3.454512633208608,3,0.9880847028325143,1
18,34466.11894055712,125296.71529103757,7.757270837159073,0,0.6752114228161936,1
59,68832.38027102982,151550.9108521222,1.87512654844862,2,0.7191123197082988,1
59,51530.36124487423,143729.38229049038,3.5220014544457543,4,0.6023909361745371,0
38,46511.12131429436,87059.95681955417,1.5023057101285777,3,0.3223634970427357,1
32,35051.414935015906,118062.6141681768,13.626536020123446,4,0.6751158833063312,0
34,23361.737792178283,183582.97183243057,3.6900498466775566,1,0.45726832224463343,0
39,76159.28385098687,153544.11460857344,0.9525499312236234,2,0.8320828028753477,1
55,61092.774162636146,60791.86289033402,1.5925325696265618,4,0.5710571599554511,1
52,17521.643148600655,1000.0,0.4327045154394988,1,0.7712360010970436,0
62,65262.84601419314,114838.62535421175,0.14105093748506867,0,0.84850810809932,1
33,68449.62340466218,139928.40633742165,3.7319152349198697,2,0.8211196403641169,1
25,52487.52244601859,45538.77540633687,2.055828547466649,0,0.4021072657180941,0
64,81962.21791503517,99560.52389386111,16.58981574383439,1,0.36875657582713195,0
34,54334.39284245766,86815.04670634607,0.9396747906317487,2,0.8690675545242408,1
34,21663.529441016202,105214.31611160994,7.8972759211089905,0,0.14310015864026815,0
43,57303.38002096642,72765.18564401437,1.8987780552558806,1,0.2794037804018368,0
30,54897.946034254586,164525.54988139967,1.265033922203585,2,0.12100953767342126,1
34,37934.0630244369,107398.44403163814,17.472622779826548,1,0.04209132817358796,0
55,61471.1767375485,56049.155691762506,8.112023058108685,0,0.6158610572350285,0
34,16646.694676182764,145873.107679686,4.979658839464962,5,0.9007805446071685,0
65,69811.33654885579,36790.62020041475,5.972110080319702,1,0.12941600651968865,0
31,32437.565927890948,164224.71887675664,23.769206526506565,0,0.795709025573487,0
62,30301.077497659353,149552.9712111282,4.497259137120691,1,0.3793399100804813,1
23,47723.504553850464,169488.7647660393,0.5373718013083342,0,0.6181389151434448,0
52,58659.45856087271,92087.68137791922,0.3353278997210256,1,0.7637417273520244,0
63,53278.48127186859,75194.30101083117,5.492163186140083,0,0.7100796140678752,1
31,35146.81668455244,104201.08804665465,5.358894878115085,0,0.1367039520008827,1
64,39878.21417616223,95778.16068222343,6.895080420334246,5,0.11538580713424895,1
25,27339.153052450758,67363.18572182438,0.5758127182916964,2,0.9241933713001151,1
32,45506.4019674026,72318.83429371787,14.493234238991901,1,0.0794711500341464,0
44,71500.42429021819,81681.3576366768,4.005426342197379,0,0.21839969231293233,0
30,49914.741247122474,41499.81567800687,5.24276495125485,0,0.4383474359423134,1
66,67188.28509518906,133898.1644799667,0.17737109374674018,2,0.8210111007883965,0
48,79108.02675452383,97385.14312144967,16.217663425296386,1,0.6026259569318646,1
52,38239.62961926066,84581.07653831766,4.1344426760556,1,0.5711833761535884,1
23,46268.534938892706,44482.29195291613,4.1432667573912045,4,0.6919548409757177,1
22,93423.8572212499,41981.351116626756,14.372470843679537,0,0.8021585389858631,0
39,78886.8682395989,196795.7025361206,13.25009845958299,2,0.2325224837067692,0
66,16551.90948375295,68637.12685692152,1.244221213055328,2,0.01890138297580346,0
40,57742.96632121813,130526.41971046633,13.375410012505007,0,0.12719717519995677,0
42,50011.199846793905,108131.72349500886,6.670811591122336,4,0.16516396350588758,0
51,66529.06221717525,1000.0,0.09540814577931514,0,0.040023038214424544,0
43,35100.4246502989,189622.54115692963,1.3711524187841135,3,0.7475180365504485,1
64,33207.83255918656,134204.19893880578,2.663483179988396,0,0.8849246822406631,0
22,36478.58569412781,61616.49228475956,4.371216908113919,0,0.7106498585538865,1
43,38561.429076031345,98581.67477852023,6.042075458260837,4,0.18862322344499027,0
37,66306.48333618029,42540.83162981671,1.1799434522767918,0,0.6064448042607994,0
23,26375.976537022398,191311.0239230567,9.060847141339021,0,0.5206036784946163,0
23,37547.72200081362,54617.11458792677,9.344779184265061,3,0.8199634372246504,1
67,14219.752189971172,73845.80016526702,5.03927345251175,3,0.9422987400912896,1
35,70142.35646824745,63521.94609262044,12.697484371664139,3,0.7429348496117596,1
21,75420.6019886228,104018.9700104585,8.382763463654916,1,0.5125386178964846,1
34,43458.53138272427,168515.8250069657,1.252725716740735,0,0.5110482583854433,0
31,44041.01270373554,189468.7224547579,8.014220157403201,1,0.807786867079894,1
31,59064.438045657946,80050.19278888516,15.309582474232126,1,0.12251435240385311,0
30,79489.64014756511,118912.94911589612,0.7402177726303483,2,0.1533137626350609,1
24,58172.21495127834,104095.27063020367,19.2447445280587,0,0.34351274426831435,1
61,36049.161150497705,50919.5367777971,0.1265521004173396,0,0.7471389965183814,0
32,17623.548560271192,221127.77872979722,3.692472460892451,1,0.06597667616815295,0
36,27697.474746730248,168137.97811481278,7.4337377754167875,1,0.34432365581888935,1
60,51464.3890062493,109455.79248555173,7.813680650089109,3,0.31854045624632643,0
64,36893.44953598411,179093.80467494938,6.633953137897172,2,0.4857376095150411,1
61,53899.35411981517,160605.33563589022,3.7682173885540564,2,0.4637165095908017,0
52,38941.51967527532,104093.06705408778,5.262905664900428,1,0.7144051877291806,0
34,28837.07137411177,116298.18026639966,6.018733910239708,1,0.6255610749713703,1
52,26459.367370938577,175606.30711883272,3.411424192081581,2,0.9027699842867554,1
36,81247.0901874646,52692.32094351597,4.527804701805834,1,0.18065643419148536,1
37,67779.75498367286,183684.53486606694,9.365977472961259,0,0.4320809451563531,0
53,84610.35903655918,88744.37196574418,1.8762245247494658,3,0.40009560890400186,1
52,60799.01801510206,176233.83714237835,3.7033571648400843,1,0.11251849360226784,1
49,41400.17182770322,99738.670126859,0.04257939203975358,1,0.16482763496471975,0
65,76466.81844979877,116880.3111236486,5.81473654899475,3,0.33663060773062925,0
61,49338.63997276464,98284.58217137706,1.0869597713698647,0,0.7348023260393868,0
57,54416.83540580705,73407.81885943863,3.2792690572631606,4,0.15016123111191648,1
41,49143.51241848962,86497.2550927844,1.1799106735504785,0,0.265318407250159,1
34,10000.0,168955.57015842834,0.11907527599736745,1,0.6764203281364858,1
24,82094.70024589707,1000.0,3.3006954726100304,3,0.5966540338221882,0
60,59820.07891915507,38051.70275975814,2.7654795011979063,3,0.10439386259514838,1
67,56596.461217370204,63726.41453209489,2.7682264775871284,2,0.943705043518827,1
18,48764.47875458879,46082.76037819894,1.1710614212805195,2,0.14802892581691185,0
52,53268.55640772262,175498.98052077444,14.706655095485726,0,0.06140719852302967,1
49,38054.42128307505,162883.8488926602,0.017566581424956238,0,0.3042534234221238,0
53,62331.587046145425,129601.59046973079,11.107120438734526,0,0.026467547168557815,0
30,23858.03311201735,68109.79662612325,6.676142002503676,1,0.030723789776571864,0
23,53721.368649410935,166752.59333970683,0.9441456270109848,1,0.5787321955212392,1
31,61231.46941142209,20593.50370022279,3.195113359107866,1,0.8929507668609125,0
54,46026.61732354194,207099.1320073968,22.48161545630852,2,0.40254439487782856,0
65,57417.35584942049,65768.51014112246,5.159886291305411,2,0.3021424859296782,1
32,30173.312155314994,86898.23890792808,0.6812567206695475,2,0.9146272546002892,1
64,30683.464582080716,78532.80747526429,3.059147096930674,4,0.061461301077286534,0
21,54734.342420527864,46344.62929506615,3.157468115023927,2,0.47331258097911755,1
57,63570.993092421035,196255.65619684596,8.104095487654158,0,0.25260234115368885,0
33,12502.686889965778,139444.73153922433,12.394400201246302,1,0.3817111487035926,1
45,60440.41270221533,160773.52710398936,0.42910521017223213,1,0.4107939216475305,1
33,39135.969992473256,38816.536396961455,1.8846600344607014,2,0.545137620901005,0
21,46143.87825385175,109046.89135019996,1.7722309108374146,3,0.4532509561550716,0
62,23209.641528699256,126051.43446657018,27.66782554329712,2,0.9880494294094652,0
43,32967.65519626584,113537.82617749217,4.096127700153443,1,0.025511190248887705,0
45,69322.50651060622,41981.3274466,10.594301610827134,3,0.7576588681623434,1
49,50657.26747960426,153775.00105653185,2.7759155664908164,0,0.050995308216160384,0
62,42344.43196580883,106077.50413925771,6.413694074559811,4,0.43107029616009795,1
19,47670.23294737931,52251.79821784986,1.6884644026488242,2,0.2018468474244608,0
48,59784.23649328602,7237.47302236683,12.139949323412845,0,0.945302300541623,0
20,58809.88992326675,130333.325674494,3.0361892620588575,2,0.7224903927904186,1
25,48499.45999206398,222522.78670657502,8.141205378364832,1,0.462847162328235,1
41,71859.18221793337,49237.28633268592,1.4773407494657864,3,0.9522421173730322,1
32,69409.25273813332,108522.3525206483,5.9143900598971015,2,0.7212946202659195,1
60,58267.44058260792,155524.86395457885,2.5973006738166085,1,0.9519403789428295,1
48,51092.23565820141,36517.38669493494,0.1597212541340368,3,0.704574872426067,1
26,63146.42190239078,76002.16154574876,2.663722600856163,1,0.0777108101660452,0
56,56285.34843602367,56992.0610369299,3.9927789508204508,1,0.6163053699275335,0
62,71216.00143611895,149233.8347412273,0.8229678351370723,4,0.9803497053489981,1
19,67991.22753476615,166276.12846770295,1.0161722047650623,0,0.21418210044409225,1
25,29634.921971645428,107951.81323658675,3.1261605661591902,5,0.7927396840642914,1
24,28280.736585165872,57913.29655029495,2.098299742486536,4,0.18463206421288902,1
61,35975.00911191847,77860.45310360761,2.905708798364863,1,0.4522371845391193,1
68,69522.77380133842,68475.07428766234,3.0885938750935327,2,0.08466372103373165,0
56,18473.820064575088,51136.55691884967,0.7545565827715028,2,0.3405861430439674,1
59,57895.14778215987,94898.08995907677,0.9995439999862774,0,0.7762264819775997,1
33,57250.86182185923,128741.3242230931,9.42481732779724,0,0.04526804795127348,0
52,73252.96117372386,124512.87222142596,0.887975854729222,1,0.320196635512778,1
47,53606.77381327775,99588.38177152447,5.481789154468206,2,0.6297523152110285,1
27,23135.812188321986,102852.69184126818,2.710962699727462,0,0.9485574215020868,1
55,30812.900787037543,95922.46024551106,17.24721651001409,4,0.24535177001005515,1
35,26360.089562043508,35139.423041686336,0.34195291746662104,1,0.17315000963845262,1
67,39241.120673337195,108006.74484914362,8.871234546877849,4,0.2036706305638294,1
22,46341.96865152146,70818.7207272675,3.380951139855508,1,0.23680873684027703,1
46,26691.169475578863,32632.83904202812,0.026833730592643136,0,0.6383215552406787,0
56,79413.23981304579,118535.27835577918,1.5303180386774706,1,0.9986678517824064,1
51,23494.37256095118,69413.49817907275,2.6186835088323375,2,0.5235912811148954,1
60,76922.06847724962,111387.69606294179,1.8858079435927282,0,0.27143078098578544,0
62,73703.26062878681,142381.89075347135,2.2506086647820944,2,0.7469597708192639,0
40,67966.05099378071,52488.06394273841,12.42484780706527,1,0.1582516406107003,1
22,36124.66785006499,104606.06410364858,2.2387379712014086,1,0.030014173045798787,1
47,56849.01758353803,9478.855913481937,2.713554490605164,1,0.6052649689644379,0
23,24452.57732898764,176626.6545304638,7.159211559879588,3,0.21029555425982116,1
63,68218.140700675,32046.675155560893,7.895357515673149,1,0.39923725180732095,0
61,48520.30436927462,74259.01688013127,0.4391839611373666,2,0.23113663997470135,1
21,41813.59570826629,166918.99518819788,6.088162279599758,0,0.9180617328862675,0
46,25525.103066874613,88273.8536959507,3.2944240221550185,2,0.337988641638314,1
40,10000.0,40130.115684984994,0.71850835072111,1,0.44907348831285965,1
23,29229.18285928488,135653.66161432676,1.5374553336799626,0,0.23484297553835942,1
49,72255.96391225813,134526.62310755925,0.23040554573348251,1,0.08485101161066022,1
59,41943.33143050392,68340.68303173833,2.2332888941942537,3,0.5125566185664424,0
35,46613.42285769906,73753.67396098004,1.474583834842749,1,0.8687232692164236,1
32,63111.08716576906,78229.55146909569,2.4071707259933777,1,0.35168164831788284,1
57,86113.3775623253,89648.80196569844,4.341558620286424,1,0.7809686042579368,1
49,76500.09309891277,5351.4461539096665,6.590180434934498,1,0.032612323304415214,0
26,30553.299923676237,90928.80694409503,4.648805082826448,1,0.23550864580866415,1
54,11148.588571251872,189195.70990915742,5.6718808330894195,2,0.13149532705831846,1
27,97192.28518200207,55201.50163816479,10.036129846483135,1,0.40288239781875557,1
37,95379.83223318907,70825.3203265118,10.35040517959789,1,0.8943329287127705,0
23,53769.071928585654,40819.116840180206,9.85632152447124,1,0.37351193049005105,0
65,24590.235088363566,130608.09631976769,0.8312701608771002,5,0.603323629002106,1
20,69264.53067787879,160159.8679071188,1.445543004590264,2,0.8981421192564709,1
59,47840.326279747795,159015.89195888126,3.4890431907327324,1,0.35978655112615654,1
28,47740.37753786779,37599.47055531699,2.221595935724751,2,0.3657556255764284,0
60,67889.17686210258,124989.586524848,0.7059113203830734,2,0.08798304077648766,1
34,56687.49493746597,171687.5017107118,1.6966331749541879,3,0.3490496514796043,1
49,26283.701779701096,125483.15538550616,18.53089346730105,2,0.7461598812778872,0
21,43505.16129836052,123920.48416718883,2.1303299491717644,0,0.8446293786570812,1
21,63223.05857322693,76417.87106824206,2.71428314980877,1,0.7227505153695296,0
34,60205.04444810037,111005.49118968318,0.032109994098723595,0,0.006925354715853538,1
58,55240.33148716952,161815.90898532027,6.354390705976205,3,0.11697680000546606,0
36,68668.45908951729,116410.4484214382,2.668339888904929,1,0.730981997971438,1
22,42765.66024365471,37586.26219851368,0.5442778752043564,0,0.9423966586184593,0
49,53573.39550438144,77197.91628570143,17.29785286656018,1,0.69536113028681,1
39,10000.0,160463.97694444968,7.512640271301885,1,0.22610331317105248,1
23,41006.99612314372,116237.16601755476,6.475875471640277,2,0.10755836059503987,0
52,65278.05817151289,105953.10391215382,15.835253122286964,1,0.8770162835563939,0
39,42192.11065765715,72299.223337665,2.6168539695421966,3,0.09903051195694312,0
18,40675.452165657756,159429.95902672174,6.338709934822694,1,0.15103696374400066,0
37,29170.94096450363,183120.62989111285,1.154668437589747,0,0.5966927215285136,1
39,70067.31785458291,163159.45615090165,5.972101995056342,0,0.1899970780308966,1
65,60969.26547081141,172129.58107226863,0.0708957139866072,2,0.22759335597487973,1
28,66508.2919564617,82064.68796169167,0.6751218496069977,2,0.14225856887305033,0
30,15475.72076084221,74991.54513130481,2.7691781640978474,0,0.9443261995457408,0
59,46790.99913468732,92182.7413250407,0.060832031447782486,1,0.1249251812281208,1
20,44397.77984499987,101928.66209881268,3.099166275643374,3,0.9313320624713097,1
26,44388.56586802895,171550.9890062628,3.6990114929990647,1,0.32619697778889556,1
29,37679.44912564088,158294.33697342084,4.859104387201229,1,0.8215594900551018,1
40,43077.914564399696,126923.46936272472,0.5289512454201408,0,0.9499975694873153,1
31,66992.89565413304,28440.661707655643,0.9984287058886654,1,0.5192577510993545,0
50,11742.972933043413,15598.907770156235,4.7503153911738805,2,0.770172124680791,0
35,85545.89536060908,112023.13724008515,5.367467797259514,2,0.2660104670849659,0
66,59676.82250052923,144013.16028003584,0.13120772741666517,1,0.38296419264927406,0
58,49153.36208679574,96021.64755069313,3.886638609270183,4,0.5529867255662884,1
26,68136.68292745852,195745.22524892027,7.685161435083565,1,0.8504611766760519,1
40,20963.3050966313,45877.947810978214,0.35802180901437325,0,0.6207380396813578,0
27,36705.98189697972,39582.40252522005,2.665124959356275,1,0.022098824013375373,1
36,47578.491352188925,66785.95127628396,1.976420106263245,4,0.30478456559086387,0
64,77311.20740864355,64885.13934043821,12.247637222318984,3,0.8649718345079956,0
22,49070.068377468844,126314.29343409897,1.0277609112622679,1,0.24023682192943474,1
64,59001.09342370293,78914.40740782485,1.9162711292338073,1,0.36792817024917956,0
69,38208.42008127744,22607.976936066916,11.435761221507736,0,0.3896147231533714,0
40,59736.84137934982,144578.92283475585,2.007265629860343,1,0.15445273435458517,1
47,83544.79185948914,12002.403696393521,3.789467982777115,3,0.3498120493526923,0
42,69910.53383348227,46439.08884946454,0.1679666367577713,0,0.8174207189784531,1
45,48370.880244442415,18864.671462806553,20.966109421362177,1,0.8490938684319272,1
51,63509.816945309394,110356.06385354367,8.713324124835227,2,0.5808975441083306,1
62,61550.33909214423,109302.3856075606,5.031090117523524,1,0.6787396049691616,1
65,60131.753433945516,195822.71605081766,0.3133960434669231,0,0.53457270346679,1
64,72239.06721720818,145691.3328072775,0.38910484525390376,0,0.04427256447055128,0
42,72089.55407674934,172082.30916711,3.9369995370214808,1,0.6966848667151172,1
27,47456.82806250232,114430.48256492465,1.6778143045673757,0,0.9965508756035688,1
31,62837.581229555384,51153.40894547183,4.874758763738487,5,0.22782332582415576,1
59,42338.101576804125,106405.38009967482,4.558910577980486,0,0.9821511989335481,0
63,31538.55207368845,129621.05036936534,9.120940133234486,1,0.9977736006191767,0
47,44610.124885920275,135190.36911257874,1.6520924130998078,2,0.14151460548743033,1
58,48474.43696520835,76379.39279458289,4.312133077745321,0,0.9261351802916176,1
42,16768.380216440157,124439.32368911995,7.5110703431267165,0,0.6755326345573083,1
31,67206.6511883344,53348.60145793677,3.374306812465118,4,0.46637182445488623,0
52,10000.0,47836.12029446415,8.87875146161017,1,0.34466071748639127,0
69,104296.33878972643,44210.76443072576,0.7036502132143908,3,0.6298015936230628,0
65,80037.58267592637,101231.29942783985,6.6193735124432,1,0.8427866771553829,1
51,44779.82551655373,41108.18224618482,14.321949383252557,2,0.03410235978509801,0
27,50188.52721127547,78762.7805064496,2.0164622576353333,2,0.5354622712979302,1
52,56059.43747174567,145145.8275706979,2.2811856583150765,2,0.6502639843263973,0
28,38216.79224022116,48543.51609608475,0.4362370816282729,1,0.025603291662331218,1
28,53852.38295173873,74784.39832478415,5.129032392444845,1,0.8890775995993768,0
38,47120.000445966776,103581.56383880848,4.0198431850789165,1,0.9517899194679718,0
38,48114.54565538068,112344.34507661333,0.20591112370793765,3,0.6124913137723906,1
39,53629.221269612775,75035.47045972195,6.975909229790714,1,0.11700107446274388,0
62,23729.444032920113,139343.00343675783,8.838784129010314,2,0.9324117103251868,0
24,50791.394482672964,129522.61503923623,11.882213397755661,4,0.8050070973829877,1
34,53268.954932349545,156992.83021808515,3.9453626956166987,2,0.028548229053914853,1
19,52576.99242711828,95919.903782647,3.0126950522307143,0,0.5791576279114922,1
29,45683.38489127691,74359.05952718284,10.44290205238298,1,0.11453731637961895,1
59,72757.15551938744,65868.3988993939,2.5432800542968463,1,0.14106639620544603,1
35,42926.948902368975,115351.37589646813,5.327480542480677,6,0.1925099449354165,1
28,54546.518136463805,81142.21085943635,4.777266566797615,1,0.3961884949872295,1
33,75945.95067851091,71541.51111596054,2.3273583689819817,2,0.8763828608528218,1
66,48412.477199593755,77585.63678773389,0.4544942767088185,1,0.031075412673382985,1
68,54289.26534935103,65815.4757437874,0.10824089361560278,4,0.689210969919215,1
35,48072.307273702056,109951.0556381366,2.7951600215358834,4,0.9645507890507378,1
52,74747.39587127199,29370.84087279695,3.2811993102796864,3,0.6412334437976625,1
43,44845.50876827409,115150.81462374814,8.64894751286087,2,0.8156050594068804,0
33,75667.09154576411,133827.43802014753,2.6756910525371485,5,0.9017723157625925,1
23,47928.24210705871,70956.04309113511,1.6505815152814132,0,0.7147978048100271,0
61,32810.80553103966,196101.84698032733,3.1003802179397684,1,0.6598427982885109,1
60,63587.46341148242,100881.06554884267,1.3589811524583209,2,0.017966743903196414,1
64,43906.64332488688,21932.850845005567,0.47903487706641384,4,0.518889089033459,1
64,62410.017981983256,85937.85468316647,0.5997940692142648,1,0.469225786702382,1
65,10000.0,103132.80724678983,1.9220990595842737,1,0.5227056270551659,1
59,50104.105237898926,122448.3777785107,0.06378724429469179,1,0.4324803902407529,0
29,40807.89402485039,87128.47379445768,1.2436100860856438,2,0.906557514690062,1
30,28734.82626937444,49421.48621478047,7.744610975263665,1,0.889030089553553,0
21,38935.17996320401,45250.96909438586,1.3368958413153758,0,0.1256985553637704,0
56,38525.93711414697,67320.03574091644,0.5867691384937689,2,0.5328928005062453,1
19,49040.28410298838,72111.23187406185,14.887552514447611,0,0.9595589837983567,0
43,22653.470774300884,43251.291755037135,4.870527757218684,2,0.5986641556625324,1
44,56325.475605194275,63359.341944815045,0.30951504940878677,1,0.8016684201088936,1
44,77324.29570411576,132972.92622196773,0.32132728008903866,2,0.3733600220854463,1
32,55618.56993895653,182420.63038472435,4.735323729309272,2,0.37724899553263536,0
25,66179.77218458019,137773.08569354814,3.884044165982554,2,0.3256872833536406,1
24,71891.24909227592,165293.0543093406,0.3541233073423599,4,0.021845464628765354,1
64,74729.79024368353,148705.9234116849,1.2700469068638245,3,0.9248516124555237,1
63,87402.77385642611,141656.51641991723,13.228400070281893,1,0.34964169908125886,1
57,40015.960034481395,83110.18684713359,4.243286709262751,2,0.3670879563702457,0
29,35630.320296777674,107045.54391934736,2.9019986612978705,1,0.7595474083951754,1
30,65669.31296649469,78969.03287719892,1.4394465490889097,0,0.526893122661873,1
60,64165.324393147996,89044.64188331865,0.7176087512502689,1,0.36204215503815873,0
34,65513.50599231379,103408.3550193293,2.576107056416781,2,0.8836174299471532,1
34,87785.64908500505,135678.30757895135,12.778785040835483,1,0.8253792134939151,0
53,50227.39817596988,121166.16907575619,0.249688939495622,1,0.9768015715662536,1
38,58523.1311929237,91908.53684928219,23.540898416653064,3,0.6410216359645033,0
25,30392.234970330504,102776.9370445833,1.1647872536480228,1,0.6900966110247114,1
22,92706.42247951915,121673.18370967632,2.6277285090206397,1,0.3244995234017236,0
43,43269.10157581778,133369.72190289176,0.2304883288633365,1,0.09957998845311955,1
33,43835.6814367834,24050.241837139867,4.3947604231455255,2,0.1059167347057709,1
53,43065.002179835144,46130.551805053154,3.303934979778203,2,0.6459404619066152,1
45,37102.08282711325,155365.5266969671,5.4936670010307775,3,0.11327163696366871,1
46,35411.259023047016,96956.5215034471,3.911839096768234,0,0.9066265657553721,1
64,39525.91434220949,78796.17033165105,2.538966003119205,3,0.7038686541253535,1
29,22684.081438981106,86825.02635369806,6.69241285914262,1,0.2262067399707336,0
54,34293.641594735236,86814.73472117231,0.1266973887208115,0,0.2792116610234281,0
47,88979.26222895239,127896.88907621868,3.893841486133833,2,0.7099737174181607,0
40,64713.102872827374,44599.18030096165,0.6044930666984931,0,0.8241199350559775,0
33,68518.08353455436,101238.88732483806,2.863579012840555,2,0.8394299872814838,1
31,73544.1757483383,112305.88647252021,7.830104045210378,1,0.6010271721512663,0
27,86682.69128724781,119813.39582827516,0.768441620169867,2,0.15523198628663404,0
24,14571.54897112312,111143.19981051465,13.72956638556385,0,0.8183595013523133,1
62,25402.337694269187,125795.31151570141,10.968863865976864,2,0.7916435286353826,0
69,33925.526782106295,71365.19244708435,2.6799058644611176,1,0.8353575859668384,1
54,40605.404070208046,52909.86338375223,0.029963807524878275,1,0.1576637804983344,1
46,43988.612188295025,222850.2221625257,7.797166874203811,1,0.6843577461691444,0
20,41060.448943879186,84936.76577128818,10.638782837042966,1,0.9602439334483366,1
32,54386.17826264108,90777.2764672716,0.9602723960841628,0,0.2560615861493638,0
53,50705.90781490432,133892.00488589422,12.39614651133217,2,0.7167280267157523,0
64,35543.30409643501,179804.46460971207,12.272698771370862,1,0.25891743146068,1
63,10000.0,72773.5941532652,3.186584056227299,0,0.30709640874815713,1
69,30142.625892426036,50059.23659052372,7.99829963556978,1,0.48526807607635514,0
36,39015.22693374849,37892.332460419486,2.9434671839254345,3,0.8949540435899326,1
30,45058.41126384561,179655.31107514625,4.151095778779433,2,0.03866181181560735,1
59,27406.650813789263,48094.650676948295,1.9271287927657488,3,0.9896413108154577,0
38,40183.8706700716,98622.20317422166,0.8686092742118247,2,0.7720771496095649,1
54,27380.25223028827,51135.75839785155,6.862678906067704,2,0.35977889750727843,0
44,47483.61296903334,27582.204102084812,0.006969077143591873,3,0.3541602036156979,0
69,28538.17343274769,85381.2323453157,4.3321805489767815,0,0.4829812361232231,0
46,33021.90687259071,53110.666682941985,10.000787351695246,3,0.8754785460988419,0
37,23826.31738021722,65418.578728834356,1.2505012434682783,2,0.01791734083862595,1
42,46929.986088604324,200305.25487087018,2.0240725249664013,1,0.5482496506918623,1
23,32671.04460095203,121244.80520862015,4.4274238885467385,0,0.056086445131872664,0
53,68135.68533350859,146573.47597769945,1.4175887533156937,0,0.11560074734259174,1
19,58117.00533385798,141232.97814246264,9.402522526052945,1,0.6906658644055712,0
39,48602.96263632714,94956.95384604877,2.2832907253389916,1,0.23430888515188053,0
49,34050.29005312423,78014.0820311188,4.356750789627907,2,0.04159480524609371,1
33,57610.40610632606,112446.73059305584,1.2816996954458797,0,0.1642372800741645,0
35,63814.01778697274,108422.53849662472,0.21133569635686134,1,0.20863808357893487,1
22,52853.7682440326,71559.7291417346,0.9539884860428088,0,0.7697819957102922,0
53,82074.0371093386,106492.39152334303,0.23650079633757481,3,0.6249241314635218,1
47,59192.74636149632,64683.5146651854,3.161237920298752,5,0.7351240126796921,0
62,68272.14435136068,91427.10346795802,4.417150415676524,1,0.3698222796006897,0
36,52671.30831071956,83235.82627413316,0.22851949828360418,0,0.11313277437351876,1
40,63513.28906513953,36556.37036971105,0.4742036685155835,2,0.8052901034445771,1
51,34064.37534661649,1000.0,3.323041839327918,0,0.14040683865519543,0
30,40832.03273574413,53046.83750301504,8.026729784599947,5,0.3826817668808681,1
60,56987.2710696476,190205.23322931505,4.944430497590164,0,0.26227824166289826,0
46,56841.98963114763,84515.91089816361,0.5530391834564901,3,0.29653485367609056,1
53,60152.23645886495,138798.40804482021,10.925889477179531,4,0.6018566617370735,0
39,72007.85784557459,1000.0,12.47176976416302,1,0.16435215235611844,0
69,21500.576563691757,49585.69660178362,1.9648931570667048,1,0.4458738902715982,0
69,30510.949047794078,32275.51913188248,4.7857953024609925,3,0.638688390824455,0
64,54591.452821485065,89884.99949564425,3.389590176425118,2,0.8689131970224486,1
53,35512.72736393078,221097.77402676217,14.238610781953804,2,0.3712275197084677,0
26,117555.36482578724,123011.94716139589,3.5539956471961434,0,0.3186917814667941,0
56,60314.39238340272,184780.62666390432,16.09010766340656,0,0.36784722499409694,0
68,48433.383021396854,87278.16361571683,1.1116103848970948,0,0.5007970704905469,1
36,39690.614538322814,168243.46869275358,2.1196992835001183,2,0.3130945937555768,1
55,40396.754336139114,203662.83533414453,7.601306159239339,1,0.2504520650370853,1
23,50602.813226303544,94531.54667947709,7.653381715956464,1,0.3753030921318782,0
69,52239.63865242516,73036.76443863176,6.587261952281308,2,0.7778292648002352,0
64,40866.017106129744,34109.453150492365,9.816707239424199,2,0.2528147869970194,1
32,44536.955069601965,84546.98707115153,6.062481346070946,1,0.8446296330240802,1
37,76885.69150469193,104094.83376003956,5.054176760463286,3,0.2851065414207937,1
26,77690.09925302069,201547.68086745744,3.0709870087552202,1,0.6030768968879645,0
49,55040.67959869754,35251.30129519568,3.146992449994639,4,0.9709762822654435,0
21,23174.805455265247,102983.09468484891,2.605739353325825,1,0.9517928597307516,1
67,60770.063132780866,9284.593930519142,4.840707746452116,2,0.4346329985723647,1
35,81085.64883222053,78661.8585580716,2.609971553612503,0,0.06751576929917213,0
22,77395.62203924757,115569.76787060093,0.7978770007678305,1,0.9026287143815211,1
37,64688.51705619334,125629.1576344279,0.5632104561018072,1,0.12691598159151707,0
40,78448.45910571644,129451.15398209609,12.916277374099996,0,0.9235492330653954,1
28,51067.68544958044,119870.20164434228,0.12525028346116895,0,0.7326306062421623,0
54,62562.0593966741,129021.09700481205,0.557268886341984,1,0.9342391205368411,1
39,36384.488673496395,102286.95645013316,2.9466831992748843,3,0.6653918118143971,1
21,55845.309123114246,47606.684700551414,1.5253367344554822,0,0.9951126764685372,1
46,76590.68487941049,7417.151815997189,2.6031080777016307,1,0.467001680947402,0
61,38211.53177026218,72665.60891313915,0.6246843384795885,0,0.3296215077387987,1
51,32771.13141071427,93269.22834683851,0.7015253360761806,3,0.3933119570325213,1
30,51949.778780473935,162696.58985877404,8.063664392515756,2,0.35028893211478496,1
59,45466.75592552001,94969.91624219065,7.117048338276103,1,0.4007972851593137,1
26,62982.95442140841,90171.54828916538,0.5504856102410123,2,0.8852021058741588,1
59,40934.80948105916,119276.35634208898,5.5099461440733934,3,0.5920611351587253,0
48,84368.79231205428,86499.4006274399,4.699221297832775,1,0.7256979206215554,0
24,24206.478040778886,140527.09994734693,6.2476885231793675,0,0.2878732598665211,0
21,75074.6957243947,198966.6809191939,3.216539306754486,2,0.989870683163845,1
36,34703.015433837936,209539.27571053503,1.573463502638806,2,0.28073474217542915,1
59,14080.345308319535,104852.03136222446,5.4484486074780065,2,0.15902514557532343,0
47,54757.503126977346,116844.61823477241,2.3209621472935837,0,0.7781945852989951,1
48,44907.84027972233,178942.80601867416,1.235599124792148,7,0.8390753349421332,1
52,27807.812641939385,92501.89885518645,2.626558660752552,2,0.3937952665191362,1
38,16372.46216569472,133959.60709620896,7.2041716666165465,1,0.5410717822129785,1
48,49832.78425457086,43241.993515708746,3.229345047106198,1,0.41412798360505876,0
36,69516.73783247636,84458.0425862501,1.7824052667795036,1,0.2939219559806522,0
48,61699.06986172889,157805.73083226534,8.915047753020893,4,0.8133770318512336,1
49,51134.13297678531,64090.21831061884,10.670280893635649,2,0.7570373561858398,1
19,59576.9514643547,93597.44106351612,2.8391886865947535,1,0.4853286297328442,1
69,49455.71735244286,21289.517719894022,2.347522934755447,3,0.45555092239970907,0
27,21405.515139392577,200288.41472548182,4.742764868457377,2,0.1801636947759664,0
19,21582.120295531135,163151.40349084517,0.2986143872332852,5,0.6372733600410236,1
19,45936.629420306424,109404.97830763742,5.87730188211363,0,0.9236777419812995,1
41,46786.93427267851,125375.6436041164,7.622901889722732,2,0.7188438923167687,1
34,67019.6535701353,119794.90534716842,2.5328561598351835,2,0.5062704942763271,1
49,65146.08447549494,169215.5876515393,0.9595318233387579,1,0.03865850905672319,1
33,62102.66031517899,74059.99788143138,0.1462088944692303,2,0.9302828443194143,0
33,44394.34573845639,136613.3809964116,5.070146281558406,1,0.3080443380269784,1
63,22386.95659779721,153870.82494260865,1.5666639981087458,0,0.2999525209894489,0
56,58241.42274132048,160766.29852382286,3.117075724742569,2,0.46959605370071533,1
48,60503.38626524337,1000.0,2.441697720179313,3,0.4291659231175986,0
60,10000.0,70036.27608674277,0.9611613056029431,1,0.9623494970407309,1
41,33313.23626834675,49041.4689349048,3.5501308475731412,0,0.1650074548233461,0
18,36178.91245212208,107479.41427853428,3.077168434609593,1,0.6891221547756843,1
28,52367.004022468725,1000.0,4.892794133504078,2,0.10676319874726459,1
38,33932.79134468612,1000.0,1.450992810987245,4,0.2768975784952127,0
21,49237.30862350719,208504.749593813,1.208059479872981,1,0.7221371784026575,1
24,45789.30119294016,130884.46941316703,8.419327440952314,2,0.8040434338588961,1
43,46817.01056924544,106050.46215994058,6.056535589917264,1,0.46892451229451293,0
64,35672.11412598508,118183.63239194911,7.396577750532867,2,0.7893451084443702,1
67,37220.29891866645,107317.046187459,0.6578939966238935,1,0.9351270509575684,0
29,28394.658804386145,149867.5328275763,1.2682692343275601,1,0.9357874347648402,1
48,57601.34881147664,68377.79039680107,4.284587595525034,2,0.3424744554328043,0
34,61422.052571827364,109330.74130367846,9.731598305021215,1,0.31213984143697504,0
50,34587.640997493225,111371.06339688577,11.133430632393589,0,0.7264446521920853,1
28,80412.80192034089,47657.10207708312,8.91627752092052,1,0.6540945027685156,1
45,43707.971051159024,163849.15295315263,0.2218390031927298,0,0.39226510827084893,1
49,80603.71247593121,77716.16300492952,8.59847377378819,1,0.2286733041453416,0
18,37157.45652336793,150871.08349044505,11.467689587982468,2,0.6184318876445828,0
64,10000.0,105745.636318574,0.29211477775241257,2,0.43023899240172203,0
45,58043.956498247026,181679.2416204529,2.691676971789685,1,0.13211344161384708,1
59,54970.90210237975,47931.045573923795,3.8459347226155827,0,0.6392487517068299,0
24,50687.87590615166,45762.05992447751,1.3247153574120456,0,0.6976744117921114,0
19,37155.35043112021,54715.22044978457,3.6354401068003837,3,0.36423201007447226,1
59,49308.55549028362,106664.7775257187,10.855845404346692,2,0.8319544071100526,1
41,39774.810842609455,177073.41978891025,10.084869805266292,2,0.07367308326130084,1
21,43953.00867336499,179654.68090826253,14.053512042489961,2,0.49590977998947383,1
61,66832.64511530151,1000.0,3.309306618646933,1,0.956334472617106,0
36,53684.34459060187,112485.35806112694,2.6429706414650904,2,0.19046313671198245,0
43,62199.02774663955,1000.0,5.479896076736397,2,0.1723242419272235,0
28,45362.629867484204,139751.58968925173,2.6957875193309864,2,0.37869668578381044,1
57,43159.6530839045,155908.47074476036,0.2142483484952411,2,0.2680840425788543,0
67,26930.349382227127,97987.78626539072,6.363425935954192,3,0.2215333936717312,0
60,42599.26774863606,104199.07887473772,1.6493579335805224,1,0.9498430615322235,1
28,10000.0,103681.94464701199,0.2516546420891699,3,0.34484777324901594,1
62,38195.5606738873,60777.904062937676,0.10418329890495404,1,0.0598380747013596,0
20,48362.51645618322,121585.28926607402,13.394491527887514,1,0.8997817151365838,1
29,61273.47308540312,88429.59991733714,1.4522696100267445,1,0.44824604764884834,1
20,44626.442449500864,146514.58546448092,2.9701231356881315,3,0.7359417622528003,1
59,56953.47084489999,94318.65327403852,15.03664153194499,0,0.36734724725328116,1
44,10000.0,56948.844675587054,3.1510213347056055,2,0.9351690369991462,1
66,48863.262955861006,23206.76645672448,0.40935572700483336,1,0.2878002554391088,0
19,16409.944141731932,6796.758747214393,4.014096525368197,2,0.6627666432211929,1
66,25833.929686813346,165625.46719772177,0.461665672021106,1,0.8243449247204908,1
33,46256.689042722785,77110.53235704904,0.49958721586103894,3,0.2379327845082294,0
19,75525.27975747109,116928.70950408244,9.535079737434627,0,0.8015108413372112,0
47,57424.13526940117,189161.49458722596,1.708379565008438,1,0.7922760110362526,1
37,50364.61994274234,71859.78343510543,5.676436346503438,2,0.9642236018453714,1
55,49609.392210657956,68626.12578094231,3.555785299300067,0,0.9228119153767448,0
45,35727.42213591065,93391.9123822338,1.2572437728254784,2,0.3886087250628083,0
42,39120.33173254633,101471.63502099965,3.6471920502116753,1,0.5905437543623125,0
49,58547.52090941594,194377.56751279233,0.3574452927476559,3,0.925294321579182,1
27,22292.789631110114,178291.02970470567,2.1325169669378905,4,0.004375672862950042,1
59,61861.081005660424,131043.77079533736,3.6994775162511324,2,0.6273501420770521,0
57,42229.85865762294,172470.6884498434,1.2964083004476388,0,0.2153635101354462,0
50,66511.1414973913,91089.0493716072,5.3968156928750375,2,0.7387660102630493,0
30,69221.86914464166,114958.22835942393,0.26601200784824264,4,0.7964696911098172,1
58,16538.319749885202,84924.31777306525,3.3160965804097486,2,0.7129592370404921,1
59,38368.384735455635,35481.58087101803,6.276256481648252,1,0.996078001993556,0
64,32889.44624118753,160193.73708967975,2.8101214461091466,1,0.4792576259928467,0
54,13745.440698537139,126584.93669949303,10.380691629303524,1,0.5613454773238284,1
33,29349.33447581179,100903.67367118319,5.000981700719525,2,0.40899242264509006,1
62,98825.1169053068,99876.60753439124,15.909455844664057,0,0.9739831541573468,0
39,62190.1979242488,24689.256454674585,1.6712262803458082,0,0.9227563510148848,1
37,88345.75937211508,51126.23334236423,13.967168861096091,1,0.9866367801502973,0
67,66581.96880036671,116807.65850570124,4.667471718736774,1,0.9848912027058507,1
60,35163.13677983049,73544.3666362747,6.8359677278935935,6,0.8954567846978188,0
44,42364.57606651914,89114.3479391255,11.622166023554922,2,0.9308775281119159,1
58,61768.723604806146,94767.19676104492,4.005858295889536,0,0.11988117283075794,0
33,58750.124069460726,65876.56154914446,9.909062696651993,2,0.1735280351634071,0
51,38453.15968583332,51604.083998797476,3.901123048706378,1,0.8851875803240572,1
49,19800.136588415862,19382.118453731324,4.571450268046836,2,0.7268004620930155,1
43,115755.22374777478,92674.08604942297,2.944823949170678,2,0.874988711772606,0
42,47177.00655314389,130930.42738051419,0.7870046666495735,3,0.7700335156737577,1
19,43485.2221363476,17818.292889002478,4.0316156011730895,1,0.13958355296314562,0
29,52266.68927810604,98797.60874500869,18.95970867838725,0,0.9165657028400407,0
57,45145.42821377943,114057.16263457804,7.736683570756303,2,0.7712285249341566,1
26,52454.57815410967,50520.97981354276,6.881690146541194,2,0.5708061975800096,0
29,75738.94572232838,171107.09057740442,5.154424325828947,5,0.532361568446491,1
43,47509.03040627152,80714.23154807961,2.13785327762988,2,0.5737986757688749,1
26,26745.791213444772,94937.01557717445,0.9293303226008349,3,0.3904169431645411,1
27,46767.12411042778,91936.52497010106,1.2715691920762566,2,0.8032193394935565,0
49,40711.96437180178,11461.278870447204,0.0317107929048078,1,0.9090175007895108,0
51,78477.97874493702,150437.60358420218,5.59632682721459,1,0.25291502119682885,0
65,73422.38129475141,52224.06157903813,8.353311219357309,1,0.038047206625278274,1
37,52150.50000861598,88173.97422971319,1.5661027799707636,3,0.20292740402407883,0
56,24425.282903614872,129883.05006389978,0.48173077925473456,1,0.7573386420416909,1
19,25482.154731201084,173045.1713072267,2.045310857618164,0,0.868401053101875,0
18,50302.46523169107,46003.38590515804,1.7269177291998175,1,0.34856551266553404,0
68,56726.45938642562,77675.82072027864,2.997158273865002,3,0.1523870156317566,1
53,42507.543613478905,169120.9315003577,1.5333191531489812,1,0.8585340534202894,1
41,40396.608315855316,123185.69396377236,2.0755526702363976,4,0.21464285754892432,1
44,38144.01533642706,133558.56795258043,11.905695095349394,0,0.2418741860871555,1
19,49532.120795121074,47443.41321119161,2.0386033966592483,2,0.09261258802469785,1
48,10000.0,81039.5235036721,7.697648390462187,2,0.9103242204019236,1
31,27973.467424605802,91608.22838097846,4.915274642948331,2,0.3267233407722048,0
19,37458.983091052985,57105.2621328513,2.0589599959341602,3,0.1718413527100473,1
46,74150.06389903842,16271.51871630465,8.512929576103458,5,0.9536449213713657,1
32,33723.72716142141,74475.0720618202,4.520280278403789,2,0.33552042037494934,1
29,53609.36283662413,167714.40997922147,0.04328041813721048,1,0.7474858483953514,1
54,54530.85501861992,102958.6732780248,0.3560205092741686,2,0.23039558873917632,1
45,75958.33011321524,168714.54567866883,6.984543662933009,1,0.7268257755570239,1
37,75251.548139283,108951.04571147598,2.957718675565907,2,0.23216221987000552,1
56,48849.94062410167,61764.61352060187,2.6002383465912526,3,0.6377399831569459,0
41,40490.30517621114,163880.95066158607,0.7881087261961107,0,0.4408630303761253,1
38,36723.33794348619,110616.30703339494,0.8558316059652058,2,0.7987177894418745,1
27,45178.73555068438,148091.94162136986,7.991314186558624,1,0.7302718310265631,0
63,41319.332913528,46583.591443971425,8.830959630523472,2,0.9354856241717242,0
31,61072.54818716464,151937.81448072515,4.104931631327155,0,0.3766223083958945,1
54,58406.196349704085,153444.46377720992,1.7486939155474972,1,0.7543351266683458,0
35,61836.023822900315,114488.35721782678,13.493035885712645,1,0.9688435317656056,1
41,75185.67422872336,59653.89570951087,4.890330583227194,1,0.33630902757443626,1
31,87257.38242800353,97699.5585643694,7.963939468809237,0,0.2900042438141961,0
51,52493.26786815114,130564.55736191222,0.016441604470516024,3,0.7690507867047598,0
29,71989.27542791306,111728.50099682668,2.9920913107797853,1,0.44552140228182735,1
39,42966.7963233157,130054.13690538821,10.237741363978706,2,0.3986517644265585,1
23,73700.13967166032,150612.29538264527,2.064210883699246,0,0.5456125140540066,1
53,71230.18314351689,67577.66733140394,6.48320396495964,2,0.9355307390135289,1
62,70168.31939885982,42246.21895199304,5.359970949648311,0,0.08385018120878973,0
53,51881.39682383048,98123.0599313879,0.825660919221295,2,0.4656858638793492,1
39,36632.836720182226,83512.8420565066,7.45613766838461,2,0.11014102503223233,0
31,22109.43124269047,139292.32065780752,0.5968847217806158,0,0.883586059707899,0
33,49199.25584957802,46275.0805170596,6.5081872056027015,1,0.13670124128110817,0
53,80660.25084498366,151019.09370888397,23.535093700760964,0,0.08970338703887126,0
42,43803.101972718534,167680.6054773383,15.848218293380611,0,0.9637543965954967,0
49,65702.5317092011,100015.2482131145,8.053236794023098,0,0.5633428415424441,0
50,66879.02801037862,103036.80627906522,3.8234030708934474,2,0.8258929309854849,1
62,44326.275581456546,61622.674938492346,5.616952377843168,3,0.4702567828472709,0
53,76326.89675039038,72866.95505129668,6.5117589300902186,2,0.43564185055504345,0
37,10000.0,79583.16596771582,0.042185080064615854,1,0.9116097596692945,1
35,25544.9944252365,172147.00339189655,0.5399655614681341,1,0.9898725697492836,1
55,31687.354072830803,96406.4607094613,4.544827287627688,1,0.618531880960104,1
20,33605.699542652204,33891.352167999576,0.032779918586639326,2,0.9181883407019681,1
40,56725.25902371791,112767.71710560018,11.979297524446013,0,0.8627186093505577,1
49,55800.756061078035,141314.5062311138,3.363417126197867,1,0.5440098884623115,0
62,57879.811443500155,98729.43153392026,1.4904608539836162,1,0.9411036945143948,1
33,61921.62988264974,173460.67198634945,2.5029011838611925,1,0.21005616221286294,1
22,30997.908617087014,138875.4333632949,9.511547490399234,2,0.8848450660982248,1
21,25636.47866385362,47543.56350560732,13.099707203573237,0,0.3093564109653716,1
38,57926.39364015726,72428.3593801799,0.6178203334958031,2,0.03051555344870238,0
57,37395.35852707122,111311.31407123044,7.5245029415278175,5,0.7870875556362003,1
68,18590.499092640588,16690.53809866964,4.31644152325423,1,0.9300175172525583,0
31,69426.88569082963,116817.83687353073,4.4034447870961815,1,0.21678248670353184,1
56,77902.03813004596,11920.878637267582,7.5582023670308836,3,0.5340855873876043,0
48,81143.21779397319,151171.67277822547,1.2605753014156715,1,0.7493466962564082,1
31,53740.1544294944,145363.68423958542,3.7862419783815593,0,0.3316235880136287,0
23,62518.64191945805,125239.06804575355,1.923554488045875,2,0.146918353307816,1
29,77397.36446723822,66206.08178238443,0.49640817538703425,3,0.3922460967173125,1
33,37171.684199531315,108510.14123067695,0.5551016531612357,0,0.4565700680262085,1
34,72213.55368108183,74331.12562426754,0.7336417135574164,1,0.742220929101136,1
62,55507.92468286418,48459.23612749668,4.771259229041472,1,0.19868386271647487,0
40,68274.23304685182,83062.84941142946,0.5592979357146953,1,0.8151121939843261,1
31,53721.86041751871,134913.27682460478,4.221057969273742,3,0.5021791097331857,1
24,75925.13419496003,102190.70964158805,4.437266020982466,3,0.9038905162100392,1
63,54470.475250830736,172535.49620672117,11.711648242982475,2,0.5657859322136682,1
49,20320.41881065165,138289.02697401374,4.9225346546057915,0,0.44685458168055825,1
32,79038.53264629444,132934.54069528094,21.198415227310377,3,0.28679364616821934,1
61,31049.38518055776,19553.6725277198,0.15741504840444956,2,0.1062424031461443,1
34,75061.16420487828,85742.07349223609,6.08944825726309,2,0.3717033053840664,0
58,48195.14237119356,46781.37947829002,0.13418495064851135,1,0.4136232545493267,1
64,73520.21970395414,90849.8560188048,6.535153529523803,2,0.568286938174439,1
61,72695.3722973353,65336.19380384216,2.437582108185291,0,0.8598511619030232,1
51,58602.859486307425,81119.75234710306,4.724837095897114,2,0.46381499561066475,0
22,60170.70635254261,153058.13661869254,1.851972223190862,2,0.31428452471315127,0
62,58452.57234385132,123762.4964502917,0.866442623659389,0,0.873258612103213,0
44,10000.0,150355.72144908176,6.427948662117889,0,0.7339180380779768,1
69,52366.604377964046,19965.844549200716,11.749451765077215,2,0.30702966058018344,0
40,27678.7164785621,102898.73483078319,1.014146718728086,1,0.16694569861819153,1
57,53423.74287491326,148335.24906983005,12.672774986283857,2,0.29102740525972126,0
31,27141.14907233569,175314.7957443578,0.7551733352341004,2,0.12363761624870118,0
32,26300.9611754785,22595.580515375346,6.652631236876946,4,0.9034163375468998,1
60,82098.69003507803,82425.81819194151,16.025500509125614,3,0.6117268711483419,0
50,71388.94776248379,151711.33370023814,0.7971531147133442,0,0.8635125459127125,1
48,49917.14830111691,90386.08435942774,2.8554446766272163,0,0.8203608720116148,0
52,53695.37300498048,54479.11629151381,2.0583527280441243,4,0.15323558130194415,1
34,45041.67948513982,22500.041075199624,2.4590196944084433,2,0.4430012651859192,0
45,61397.527519590454,52564.92326684166,6.994664239606471,5,0.9720633938453805,0
36,36478.912669023906,15554.916571813548,5.4115632506835745,0,0.23379430228062303,0
63,69874.80525735914,102923.02284170128,17.31860398649745,1,0.05023889980546059,0
40,44938.26317971778,144815.50928893298,1.0257784328113821,2,0.3460101476789249,1
49,41603.06008337542,36951.2620545698,3.9182144055408648,2,0.5109458067443404,0
57,50434.26036969685,112886.48706055264,2.9812471754713172,3,0.05587744724596788,1
30,38177.06340148779,142263.55147229333,12.557656336426193,2,0.4266737739784704,0
37,56573.64698992966,99864.58365758252,0.053380094513939234,1,0.2534126663319012,0
52,39252.748213732004,19465.285254137736,22.627361119629015,0,0.2121179559510349,0
22,59370.47205637672,119310.57773312516,3.2670783199498103,2,0.263907132970594,1
26,74320.13077822953,97267.65276177648,4.911346743707955,3,0.10539874686430417,1
46,35613.566263836525,92174.76756995723,2.231846122233771,3,0.0766478551391645,0
23,47388.49085409658,72658.13771197676,9.570539655227694,0,0.5958454810543553,0
42,59226.61426070843,104339.37131370207,4.127544232118297,1,0.9478307205417746,1
48,41282.852900371865,125490.895422348,5.435557429561534,1,0.80474006847875,1
39,59286.411216533306,219532.40671679244,5.233488026777902,1,0.8338986528046706,1
19,61107.9772130348,105616.60341936024,2.2626431705725025,2,0.7350816013517626,1
62,71665.23552588608,175557.05800063367,0.3951673129494916,2,0.9559828049176664,1
22,37880.19907830176,117887.75417134383,8.243655019478442,1,0.9505504797205696,0
44,31144.495195390507,95023.58361761233,1.7104513757303117,2,0.7783031116414177,1
42,43848.452208725124,107427.37638556462,9.450067429119585,1,0.7159462585798083,0
25,30644.953209058,38913.18151537453,4.690675572757922,2,0.30527951653609664,1
18,61289.96408094994,115293.01353760189,2.182488054869223,2,0.09116639255243375,0
37,26764.973996471774,1000.0,4.510055230264837,1,0.09286797400874891,1
61,96660.32836505376,56866.68210557341,5.185131596456772,5,0.7362610760106546,1
40,75918.55723147502,105492.15465669053,6.132513668556112,3,0.028373860781731763,0
49,50251.51539200629,159699.11365894222,8.639365836707508,1,0.8164092489684818,1
28,67347.88985995951,171531.2198499197,0.8703084711825537,0,0.3664764492147162,1
56,17263.962713784167,88172.67101795327,14.424926086124163,1,0.19208053901730326,1
64,100467.46662799115,107785.86597652204,2.64529264124344,3,0.4075885046872165,0
41,38195.70775599021,149218.1234791014,9.84667228567249,0,0.7032722274596633,1
28,47590.05172201281,33525.32139035406,1.2453820713108306,5,0.27511061392699176,1
46,12881.334256231268,120237.37526577518,0.14729324313970615,0,0.17361837528708224,1
43,59725.74609481789,58605.35663170955,4.258886566463534,1,0.7378842771016445,1
33,27873.116858457823,91408.74776616406,1.9627415445576721,2,0.8806813047434476,0
52,52033.11523132058,77048.83747528424,20.822334804479002,0,0.5855448003964044,0
37,39114.511341509235,121767.90635240737,0.5516054098243852,2,0.523855581242303,1
63,28445.12130139313,127515.18370045451,0.24229114284923492,4,0.7548754506776693,1
20,33912.769964747655,144553.93386986986,0.23031298423146399,2,0.7326465306143461,1
18,54515.760681710424,117409.94142322242,1.2223064360916247,4,0.006278402546455841,1
64,24370.18054262351,108582.68849844483,4.327882532411882,0,0.2818444986563511,0
18,35023.766579528456,192701.1900219301,3.52168146574374,3,0.9320129912766036,1
34,63265.46762528956,23782.046490141147,2.15449772857144,1,0.9602021670369151,1
19,102049.59749748626,184780.49300646197,0.46492651292765985,0,0.5102871569981421,1
46,59551.7763910601,85508.90455658015,1.3311497492164426,0,0.5600900151843106,0
37,31654.76715645425,128544.57931841526,1.0176058335631377,1,0.0006565214592899604,1
23,42657.71659855378,83717.01597031995,6.845551033521718,3,0.6723400158582125,1
25,50631.78012305157,64872.9185224187,7.569420243463638,4,0.21243584751713718,1
46,43011.50098728585,124228.85963971143,7.50323174169351,1,0.12791188692431332,1
65,68061.16333473867,152106.41543072218,17.375384074257724,2,0.30468412993753313,0
68,54349.46966028449,123650.39774837025,10.781092280471828,3,0.6648921890525386,1
50,68157.0476981974,72894.21066585588,3.4438314253408726,0,0.43633337117969906,0
20,43711.124194047414,280567.50314078346,2.6801703588153143,0,0.3490582871819876,1
52,76510.00439442514,159928.6835433126,12.37093264339568,0,0.7268077059418845,0
22,46670.288314369085,146667.11521036265,4.723775785943075,1,0.8137200898216089,1
44,30576.202617240167,82351.78846288979,1.7435244257763938,2,0.8692024680654618,0
61,93546.40762084443,68741.71058554803,4.1558894306779814,0,0.44475281605071193,0
29,13500.445060777667,86008.04620785304,24.23584103998575,2,0.7178279218533818,1
37,35225.22549390145,154070.32721962416,9.467966393568096,2,0.8852134030553553,1
62,37459.44296339211,50469.7831462086,1.6514151590405377,1,0.9089063990198505,0
37,100166.12546113128,46589.80842728415,15.283192428770679,2,0.4921213853412676,0
26,86137.17768293023,126977.37666805091,19.939693065462926,1,0.3553265627329415,0
56,79878.56287284395,115959.82223210602,1.3144072271127416,1,0.9001860712581113,1
21,43386.82675247337,61484.32310545521,11.297250565504505,1,0.26143046826483995,0
68,98523.5600768355,45439.82107923876,10.736577384140833,0,0.7968474418772212,0
36,57367.04007681942,171894.8496684216,0.20282666456394627,2,0.9086549016407692,1
55,69545.26740606244,117850.2212649781,5.538606142834276,1,0.7397187996647249,1
44,53593.90762212414,31823.20681359837,1.8212370932518094,0,0.6798601634192725,0
62,49010.66857353497,35318.7231958853,5.61369443968383,1,0.05067715979008691,0
60,44964.426521472415,81924.40137747653,12.241448204562385,1,0.2034729897009001,0
30,45807.20013161676,136642.09034988165,3.4535432608378454,1,0.6665696248000978,0
30,62169.83297356158,129750.44010541399,2.6757011353741116,1,0.7851955883038148,1
39,57343.99597550776,156583.92685006087,12.725275463176043,0,0.06339097338700928,1
45,49370.57259592632,25482.50962696012,18.270442253371876,0,0.01905945371737061,0
69,80190.47985397709,111192.33448898283,0.32128655163880226,1,0.31151257388927844,1
64,10000.0,171295.51661606802,12.809893366216023,1,0.6449550750930727,0
62,60197.7449584239,166640.08652380493,0.4319771074016549,2,0.512042643020653,1
39,64354.774133179584,117945.4990706343,2.057060381988399,1,0.008359315706361947,0
60,72939.25736510339,217400.9254326938,7.189498993312641,0,0.15161216846664682,1
36,48702.571178932776,130464.25582079298,7.503746797846532,2,0.7522008548008772,1
25,54158.40134767915,152137.33164206715,6.46988674878513,0,0.2976617050709268,0
69,69718.96766629443,102222.39593877534,0.19948964998181473,1,0.11718870818222282,0
25,79823.3280856036,60951.23535778564,0.7133857133658804,1,0.05086342588132675,1
59,43989.28029642464,56239.5399610627,13.761303574291496,0,0.8504422209799141,1
43,55339.5156625512,109080.76073972101,0.4248566876796342,1,0.47166599635693496,1
65,83571.47928697514,89424.89965748966,0.40901165812495166,4,0.5036786464191012,1
68,10000.0,11570.716504325945,9.028661310790106,1,0.06134125411261848,0
43,36199.7480037083,48710.32075371294,5.125867121475601,0,0.4885799251767631,0
40,79316.71957205926,84079.82129729535,2.1666697271299546,0,0.6457731545733474,0
60,71850.75667216606,136363.96879685798,0.9058739952898608,1,0.12279864656277373,0
30,60448.904218533884,99196.30569189627,10.778176525613565,0,0.9025157121201534,1
45,41028.0625378176,96396.7894749743,22.343484587110044,1,0.7833479731354672,0
26,32363.63002029161,50654.36864983419,0.2563176764824631,1,0.8018850832568266,0
37,38175.68761515252,101158.30400310495,4.038452896073128,2,0.5365330771136227,0
36,80960.16441637385,165955.05137229938,1.5143412372603322,1,0.33392188097849596,1
65,37431.146216893074,107778.75563792785,8.930482676235423,0,0.64045222226076,0
56,52028.459284793156,24634.32092590691,2.123798474471171,1,0.2253701480371012,0
68,34925.84710276508,37423.860284773444,6.269831021227219,2,0.1368847170307821,1
29,66855.48060198054,129439.44386115765,3.8774664282896794,0,0.5383306182832632,0
32,39225.47439307118,88784.22623886901,3.8992299221551607,2,0.47862618815567726,1
48,48048.12219691172,96270.98849482428,9.759621078086097,3,0.15028239560170775,1
31,16332.357339143491,69363.29124926214,3.178208157512878,1,0.5304038727951738,0
28,17732.635275901204,125170.61060999562,9.341028120985266,3,0.5464682709175246,1
43,50153.463866430124,84954.11433773254,2.258279538569672,3,0.8715147754531419,1
59,23496.856896044763,90669.33891356977,0.9605441360446815,2,0.7592100563079949,1
44,92101.73278669005,57438.83041684368,3.039228952343565,1,0.21756566445810444,0
28,10000.0,146084.56490713847,3.4493206919969284,0,0.8179320218774085,1
55,33996.49402671792,88943.36041917893,3.2541102788539704,3,0.9690141620150442,1
51,50334.01734535101,130394.016655988,8.259911423000489,2,0.7166195126337138,1
60,42697.34124408431,40320.42179829911,4.158357272604792,3,0.7870031577730914,0
36,27917.090866721617,186694.1569189304,10.966146076323593,1,0.26642981302169666,1
23,30841.44321009464,163868.70192566112,3.609642023602696,0,0.991902549194355,1
63,30186.91845001523,4510.11651705367,1.2726234109950652,3,0.17639454246828523,0
69,44265.56610359874,59903.126246814245,0.6934137061221455,2,0.7508600739333752,1
55,89038.58179034847,123881.71955049425,10.138528921862804,1,0.3952192973075257,0
66,51558.745931164194,34013.5671925498,0.28906089638410476,2,0.3568690670710145,0
59,73658.00978775047,93420.29589183371,0.6256035201514022,2,0.285159229625653,0
45,60139.526916562834,121331.58929883984,0.3288751941135545,2,0.4410607968850203,0
18,72277.24795964442,90763.70440102583,2.755931307508246,0,0.7908746030842686,0
52,10000.0,126941.93517685481,3.803016343163967,3,0.9409725800629128,1
57,43910.83957703541,65333.50476990592,0.10037444999679396,1,0.41623824346247174,1
25,76142.70846301428,1000.0,3.624078552547357,4,0.6516716409854393,0
69,38565.28354501333,149105.76560825304,2.5023922979995246,1,0.7882241430327579,0
64,85249.46329739224,148790.73268012653,7.428257608605877,1,0.09973616866687551,0
24,79677.80307535523,225181.83211441664,8.85850854141273,4,0.9605436666283985,1
28,40617.38567745075,1000.0,5.775396344738812,1,0.21163346480147305,0
56,39936.72961907287,137541.6054673408,3.207477337568112,0,0.9150793031915295,0
21,29727.883152910625,1565.8930958306446,1.217679055439964,3,0.9866028477291378,0
42,37408.11536272404,187824.66408376594,9.390342031197719,3,0.10040460639438342,1
29,25348.218716621697,124393.34168480047,2.0902382367578802,0,0.8927472732853591,1
43,58576.22360866011,52403.55761618735,2.2025494830423584,1,0.6409092736996982,1
55,20879.07013307133,139011.1237300718,12.385379780503243,2,0.817926736337371,1
63,62074.66032380443,72347.7496141532,18.565298387562528,2,0.10909765649607917,0
29,62561.57393800497,115020.80497756346,11.420335883541801,2,0.8342619812202595,0
60,16775.91189632155,110298.0358104542,30.0,0,0.6260343186716486,0
68,80996.37212656678,187208.40680736472,10.159311748453417,1,0.5106187156501921,0
54,60272.18588830443,190746.29550432562,6.093021922349707,3,0.5600326801570005,1
63,64993.96042889738,70136.73133632471,1.7394213311487876,0,0.7444676819533519,1
41,34826.69596914455,152905.28089980182,15.283471206937824,1,0.29763672903800786,1
33,62447.582369462376,117742.00777851488,10.462708136227555,3,0.9434772420611139,1
30,72527.86899444132,29365.896649654416,1.377099751951982,1,0.3076365718411258,1
42,48027.832019906455,65188.580981390995,3.358518454426534,0,0.8770801479959656,1
69,90038.44918496722,216807.3049799812,0.3631527238046318,1,0.012111493606326018,0
21,50881.29269825875,117892.72005523276,15.321004619546096,1,0.9164800657304576,0
28,72815.71600904949,149988.97897587612,4.252144274277636,4,0.8515778197369519,1
49,55860.1761451731,89397.78438165045,1.406515943816312,2,0.12418042279160424,1
66,61710.43065713735,73002.90426403291,1.729376733455744,3,0.7369229303153461,1
24,16573.354647304557,101363.22538172374,19.72696124312726,3,0.37411508199127974,0
63,57421.07476430726,86694.79723768914,4.780543910443075,2,0.4797782678089779,0
28,35300.49797485468,25337.35344842008,2.729528348884322,1,0.06859323921840221,1
45,33072.033884446246,49833.72712729841,3.464190759426508,1,0.21257379206446236,0
58,84882.06368931956,135394.22572061155,0.5187539064192274,2,0.9536460345830929,0
40,45724.595038753025,80965.46554487945,0.3899307362831101,4,0.41795048705533977,0
62,29933.963380490066,101285.24410139535,4.491121379016593,1,0.026030346896862455,0
40,42817.367437822504,111746.15252486053,3.5872407227864453,2,0.5150781092037208,0
67,23990.995421561725,115652.50244093599,2.2248241930826804,3,0.9946991336135659,1
45,78677.6893639254,157328.95306576852,4.174866713738875,0,0.33282062688907765,0
60,36086.3851166697,45065.2092465734,0.37726102696819086,0,0.14121356289142406,1
64,60585.99867887339,128512.63617718122,14.411229738324078,2,0.643553428729538,1
43,77122.1342842065,137751.38967598238,1.7386587530382496,1,0.9198243412155594,0
42,39996.94637570541,149292.58895007527,0.3724260124068276,0,0.859149431165945,0
46,60640.44864545572,29354.120029256388,0.9286624726125972,1,0.6569875165101887,0
36,29398.278901911402,112740.9609173499,0.5017206742643894,2,0.1841474556501549,1
50,98915.39138227368,185803.79731992586,0.9837528061688086,2,0.7843598646390868,1
53,68727.60269233244,95043.97404216885,2.6957316011462957,2,0.8232219546624808,1
31,46147.87122478388,124174.73509821457,6.698025228763155,3,0.8495477804883542,1
31,34543.325382220726,139019.77972925926,1.5896642227708928,0,0.40394130751264934,0
52,47720.06894320747,48726.507780086984,2.8628546650319198,3,0.40885894480386376,0
47,43200.32555296962,191691.23644999875,13.208313756078237,1,0.15515710544528505,1
45,89058.89107999014,124975.03984844519,1.7536187184597105,2,0.7726867637390882,1
34,25489.305555701954,125975.14070967131,7.916895880852163,1,0.737226226087412,1
20,52696.02846580407,16898.63109947325,0.8587889863699738,1,0.0997497140424628,1
33,49633.2386673258,139727.23991066567,0.9820318967736517,2,0.02013422095751005,1
63,47651.79399310261,125320.51706895686,3.045435445192972,3,0.9517199260323838,1
47,47827.666901233155,181209.56638610322,1.3335330220008703,1,0.017268408877701646,1
69,47678.583797590334,84436.73928478232,11.666668814641755,1,0.6285986592300257,1
46,67461.32132664199,50617.08352007792,0.2604274674377358,0,0.45364150700789496,1
62,62179.6889298487,65888.05026128335,4.547476443235514,0,0.7774134874984067,0
32,58378.23222745573,74751.08824963505,4.634602593914279,2,0.0877287378330801,0
63,10000.0,44057.67409343131,0.3415330039769854,1,0.6823735950985672,0
42,55995.897483263274,164508.00118829965,6.594378985280742,1,0.6149425513510989,1
68,16887.212796598353,166384.89314658334,3.1640016408217546,2,0.8535941757711406,1
55,62926.40326271651,90210.41494299725,6.420013470731039,3,0.5185451341659922,0
59,79489.94735141029,80362.0038957903,8.77015085576554,5,0.7282920817482831,0
64,31475.217748228984,9225.904334034392,1.9496767472732743,3,0.43758306240118106,0
69,44764.38555314587,134798.06276518025,3.3129529535594955,0,0.9839785300634951,0
55,38012.88589894006,182672.00544129213,1.5106685119451322,1,0.5594110664886007,1
40,74708.63551513602,68140.26413702217,1.1251858624327236,2,0.7535391722235856,0
42,51900.55770544146,94160.7737111801,0.002974674906913453,1,0.09293514602561603,1
59,84566.58761132666,121714.57306578654,16.57026297883708,3,0.46275592701458623,1
24,58275.08405894775,186220.9180304953,2.9073892608512546,2,0.06443767481342522,1
39,54849.00361271639,109988.81109175473,0.06577967051526688,1,0.12171097759759542,1
34,51364.13565205673,109771.49580132593,0.044893831593028316,3,0.5061353806430725,1
35,66359.84198514673,108965.92505799016,1.700863353809846,1,0.3523048273631252,1
66,15246.276035093135,28748.374654816347,0.07017860100288673,3,0.45982301671412207,0
58,51706.8791104102,27660.467308506762,2.3461365945313726,0,0.4961441876560281,0
27,48599.0711254407,59600.24154425637,0.32503182713928686,2,0.15975020358855196,0
27,64508.37654315532,150644.52870186864,0.20021352846461934,1,0.36583141760025173,1
24,46245.96788251926,83232.14647270035,5.533949079562489,3,0.8605975181471378,1
65,29225.3113167466,73519.79755988537,11.867253376131426,2,0.8566109787997509,1
67,50147.013498393986,72641.26979281161,2.6329679643340675,1,0.49061698678041055,0
55,28343.18942263313,93117.15607636614,9.06298832914896,4,0.7491460664626745,1
44,11494.755748250289,185105.39670508204,0.14851118748854242,3,0.753552714618256,1
69,64542.44962970986,92440.13071514393,7.51841363267321,3,0.04410676042775097,1
50,61581.231453893415,60685.12973125709,0.3242928207847942,2,0.6108912068202997,0
18,59341.81887987149,101262.28145408165,9.114375590431322,1,0.8045265660497295,0
61,76058.56843891622,187754.18028807684,10.700900506997455,1,0.5939712020662203,0
51,36699.36219392149,74858.7640532192,7.70828519785823,0,0.5415527958325613,0
21,21377.7171445749,40949.74957845274,8.594841784511868,1,0.5312157117699199,1
34,48599.404463839106,74950.43651347914,4.121801356418688,4,0.5079491833727562,0
21,43049.99400588179,106438.18681742165,1.5386412565832148,1,0.7783081779522236,1
60,33154.08566459863,134412.047541267,5.153333864587254,2,0.6424322734098624,1
43,48403.01693024408,150344.1789341123,2.895001731179649,0,0.21550286271292118,1
21,37767.8970759083,47714.136301883584,0.026754256118311108,5,0.4333482361881832,1
18,13279.894332863376,52457.733277046515,3.2392030657016084,2,0.5286252504094613,0
24,41176.466184124794,83836.8870306255,5.26610983782668,0,0.41895085728842296,1
47,27272.496665922856,134224.65123484482,0.06990469570280924,4,0.23758150838627057,1
67,54632.96143221846,36999.605117387226,4.85585140528311,6,0.12474071566806488,1
26,36879.3048351869,69633.65447911514,5.285412173220319,1,0.11731232571370831,0
52,72232.62948282104,70362.8135294026,0.860515190159004,1,0.29628790337024147,1
25,82077.32134535731,147087.44276821852,2.8200261574336083,1,0.402655153033048,1
41,63587.62746023812,126413.03803322188,16.667590987902415,2,0.6828776440757403,0
36,18979.4763603336,145185.91805249598,10.778988469941124,0,0.9849169492761515,0
53,80103.9199775808,166933.89871165273,2.6451297714228366,1,0.8973559364145967,1
67,81514.4090074753,84717.49524554597,2.1527321666231996,4,0.8136977815386209,1
69,50375.810226158814,40629.69225731591,0.6624064692955461,2,0.8137360703335539,0
60,76458.52320671064,40951.819107649004,0.179115696855297,3,0.5960649670368144,0
44,38966.49723906643,8094.621747058001,1.7652844666518095,2,0.25275967868270266,0
49,12675.081303008214,77061.65851669037,14.090721770674758,0,0.4719402093682784,0
31,34794.31122756813,80788.86925841309,15.923996811936325,1,0.14255401294572356,0
35,84586.01732089513,139377.6703402524,8.37039794316056,2,0.5664306017734676,1
45,20178.40152777053,100845.71085883019,2.160263328800917,1,0.02300072155863142,0
46,49990.42563862989,75483.57778286969,0.7752429392758684,0,0.18946512227577772,1
33,50682.87786680424,94200.0636919707,4.52593151947534,0,0.7122947228196413,1
52,39740.515120643766,48051.32581426179,5.199429792013184,0,0.2768923538295994,0
64,41129.5680032577,151270.32853756435,2.7632194717237626,0,0.4199622425512265,1
48,51444.982684724055,60704.22185952458,5.882546926887937,1,0.8320609672265722,0
21,38756.75316130545,43003.43640320522,6.865546055577511,1,0.04455805235149457,1
54,21558.830056641378,140894.0983353735,7.640710648814892,0,0.022734039922783666,1
34,54300.63885886912,128708.21041819258,3.488769991920177,3,0.2289871493986142,1
56,71467.33164889945,13815.731072049413,7.842458289605791,0,0.684443370131337,0
65,67391.45037306842,142750.08173551114,0.12903284868252782,1,0.23612083533051287,1
63,33805.29065220377,62920.368045297175,5.7034936416062445,2,0.863698406973685,1
43,24975.441692446486,81294.77362180401,1.3435424537285887,1,0.35184819877374807,1
65,44316.242356904426,109351.00538469688,1.5771186364527146,1,0.28351119455874507,0
56,81355.83019591328,129331.24413084108,0.4787107517878856,1,0.2329130990460122,0
58,62911.96157919091,122273.95873437633,1.0683940654304636,3,0.573970354910692,0
21,64079.29353588467,97509.08345469988,24.14671696232826,0,0.8563112774862225,0
47,67797.1390357099,78767.83355420447,2.6840527203616333,2,0.4060623085459476,0
47,58415.331250371724,120611.03467827236,13.139180526722015,1,0.25251699278777295,0
39,52412.170952271576,94080.60813278859,0.8890558884760507,1,0.42086623130557876,0
28,63246.13793295936,190267.7229562962,1.1411500905222904,2,0.9047897537922018,1
19,39076.67791563961,129320.45049849509,4.080116048007756,1,0.3345375818072519,1
61,21710.739772673584,53829.21875048226,2.1503200334570995,1,0.6557479120245392,0
29,64459.93869248647,76120.00243131744,5.162931991646683,3,0.32973953220498176,0
47,74754.7621149845,102409.60886299147,2.7413099719388176,0,0.6747578297401446,0
53,27635.361212879372,164971.56075352273,8.345866269064432,1,0.8810107486892936,1
35,66438.42964831801,170555.25045560676,2.8242893913170333,2,0.5985587728708035,0
43,83615.3142677638,80193.26398172179,4.2472413160142555,3,0.9474419785594901,1
24,49955.075964857584,53318.28917052785,1.9362098143314885,2,0.6015171907220472,0
18,33639.95630516508,46925.11793969063,6.087671526613077,1,0.9748758934483253,1
43,52460.37347053511,112621.43786078901,5.3172037488413455,1,0.7237304458151873,0
40,38989.320635985976,215189.21546087466,2.529198974914411,1,0.6527883095589371,1
43,37665.39780087197,126954.70521275511,1.6150411422524793,1,0.8298332608483097,1
62,58663.68134543085,20304.373665799634,4.760941735855649,2,0.011092776569627816,0
23,17925.410499402093,63699.794837699934,14.336840345372979,0,0.2572494636445867,1
23,21121.421550155457,68804.28990775436,0.7115232497423613,3,0.21609063811907725,0
61,50385.81760747886,58899.873994254594,8.025153650363954,2,0.11089806804923452,1
25,49553.82922175137,80605.30875328899,3.915269428209303,0,0.9377866381857298,1
41,56871.09154079871,118469.74305099709,3.728097376622774,3,0.13100213150016193,0
39,87504.50776966778,134099.05846613232,16.309457835093163,0,0.26283666836092934,0
36,52090.28072151642,154588.17454583218,4.655433237473032,1,0.33516398240691536,0
54,61963.44300669589,126210.1286523589,8.875037680753037,4,0.6246279640439408,1
35,30489.34128770736,2292.487983557963,3.6126456556230218,1,0.7674642431631075,0
48,65358.753270330744,47134.77062343433,1.4374329061744329,2,0.6046759919641989,1
54,39472.18269778644,92095.29815704044,5.928868281116058,1,0.7489543885169937,1
47,51428.41665162186,107363.99278837394,12.831249803256794,2,0.40212420428716245,1
59,47823.027498616764,143070.91799381285,9.201496335426121,1,0.995778236919221,1
50,70659.48469828062,102159.20881083864,1.1055007414252447,3,0.1700923244308694,0
27,23800.46891250001,102535.36269318372,1.9054904430421125,4,0.39976020881138163,1
54,10000.0,111889.86815695297,3.637458020137533,1,0.8321830142125585,1
29,45731.346058241514,87248.9130609399,4.238528161995316,1,0.24676019774963354,0
47,59370.62513810248,104344.25699389058,1.077204679216044,2,0.7508430155980929,0
44,53045.387516150004,156291.60895058754,1.306903951282727,0,0.3642803936707676,1
56,74644.08474827823,95804.45506079985,7.111288163444321,4,0.17759627536913947,1
26,58747.45348359337,98489.36366078584,6.552548145133985,2,0.4033404646428108,1
38,38723.0333628028,98320.72976164053,9.138243705418233,2,0.7847885064759241,0
29,10000.0,164888.69068955845,13.510077777311157,1,0.11195514746957347,0
46,45253.75531609564,44597.33365852788,1.842733670148353,1,0.5161015527473743,1
50,70559.18004515595,188792.34473955978,9.816119330868155,1,0.7413564180968221,0
60,42159.044346657705,41180.907274224344,5.483247949253625,1,0.7515720446365668,0
32,50566.40527355528,67288.98693361205,15.823172238901162,3,0.3895867141104544,0
19,58427.20508613417,137236.91348576598,1.5877804932166621,2,0.46643837918373043,0
69,29694.152515003683,151515.83477368357,1.5713042415212537,0,0.856765946519586,0
56,62464.717932776344,29825.049150075603,6.091938485598211,1,0.2083778394621285,0
61,82742.43580003412,45364.9068376457,13.18405345866508,1,0.992592467720301,1
35,46543.73296213187,113892.14047359239,8.702171883143752,0,0.419237171251714,0
20,27418.711563353965,217220.96938818978,6.49214197319105,5,0.2754513189443458,1
24,48667.97945956053,162313.13904993402,2.4494743584888994,2,0.0025993515290329006,0
60,10000.0,87595.14751840949,6.325117469829338,0,0.12502310411603845,0
35,56738.06527953232,1000.0,8.074654266013368,1,0.7565090242323639,0
61,59045.48755297158,104082.13672105796,6.997621050363666,2,0.6492308398156079,0
55,83512.72587691125,118114.84018232768,5.64758681716044,1,0.24650640174961735,1
54,46120.104148667495,80865.24294585982,0.24139054783503855,1,0.9270031172350371,1
50,58169.7067629294,57463.80047267022,5.389857903222216,1,0.8356880060563828,1
61,32774.237952281976,107958.26301606941,3.253261622900884,1,0.26927383134443406,0
48,42871.45758949843,52886.94030530196,16.294489596667752,1,0.33008787191276256,0
28,19496.29126675604,193622.43304043618,4.672144738417307,2,0.18475363677884515,1
21,46104.20757433529,175837.23987669084,4.685366712986437,2,0.6425588488376079,1
35,43893.8169296287,132895.63157963805,25.626181332676854,0,0.7011374210148787,0
21,55983.99532177792,104485.52845596582,0.4913054912178461,1,0.39588110915351526,1
66,37528.062393347216,66991.795669322,1.6170041996001845,3,0.7371587026887,0
51,51666.907019501836,98960.64080545494,5.3367228775603905,2,0.9915666515186401,1
46,43332.398887846684,181964.8567603638,1.8934069976580836,1,0.6119482073284284,1
41,43370.012234009715,143432.7029218314,2.1243876893642994,2,0.6492838557600032,1
39,51607.2465192606,110184.61392382298,11.158068091701608,2,0.3738423855676818,1
19,50810.458846340196,146198.71670837977,4.32981714187561,7,0.010586355192799046,1
61,65223.48078103277,127280.53316904142,0.5427478810185317,2,0.9539213691657762,1
23,47587.1393174033,119813.87699434359,1.86157293849088,0,0.7723447053989316,1
59,43002.29301753994,149028.16294957677,0.3955319368297094,0,0.6955681262738074,0
42,46383.85109825547,125851.38224123788,4.061117011385885,4,0.029810556783505193,1
38,35706.71766318015,142927.57350516893,0.951374684444473,0,0.7590121449559074,1
33,42801.77812866657,108069.35248172545,9.728581090184461,1,0.6700842430293755,0
48,90623.17426146462,87293.70884049483,4.305628774828192,3,0.568906120072077,1
31,31746.424786082658,72591.85605299256,0.30605706748395745,0,0.6236007096271321,1
56,44426.87332241381,66634.51972645207,1.7896333753105174,1,0.9183661505872464,1
45,42250.22673460619,19741.477877923375,4.789962275014604,2,0.006690394649451981,0
49,45056.56775511201,54403.00265941678,2.0435893494862207,3,0.15697216222105503,0
45,43375.2138224321,52957.32352089094,3.5992699545148703,0,0.8947571968682553,1
68,55584.802024419994,74632.7402007982,12.004424895148137,2,0.00821066650355029,0
66,15796.497972164114,178112.21053191455,2.1541912843207736,1,0.9036361428790844,0
26,70743.42945064009,92121.90222231114,2.0464083782505402,0,0.029631851847085056,0
62,62651.655992843946,112088.3444942155,8.567242290577255,1,0.7793377861464146,0
39,25142.568278737304,113665.98222559635,1.9191775398711104,1,0.8909232111390795,1
49,10000.0,179379.04564211832,0.40582438277504546,2,0.6125272585565622,0
22,30458.557077171976,71220.72730773542,0.998019932221961,2,0.641441052748454,0
40,45146.670771457546,88873.89598709691,14.860103226569631,3,0.05056373192967889,0
22,101605.8379738155,94690.03141129084,13.537211372964011,3,0.2108912186465971,1
59,60865.13929948547,156826.7427887384,1.2732490775312477,3,0.8994717781122422,1
49,13848.207016370849,167205.28468772274,4.031600368721138,3,0.8237160226403486,1
27,36206.88990198112,123729.19098469723,0.7388360736148853,1,0.0595476750512538,1
56,48935.75127454034,161645.468703094,5.614693380000554,3,0.8129851110026333,1
32,55073.671085961934,108883.04982344946,1.024712229890415,1,0.42348450734662146,0
24,23705.02279379154,91369.83761915888,0.2553635563342641,2,0.5607226676514605,0
46,47300.195440458774,158936.20432928108,8.71189902877455,3,0.10840545797244305,0
64,35647.21724778919,124380.88376168988,1.9681796184445508,3,0.39864403913577806,0
20,27924.82874795367,63223.46670462091,0.5743748608995024,2,0.4349105139713342,1
36,55191.91293397908,149871.04690621753,8.97594524345844,1,0.6694883452764452,0
27,65477.54346885644,89575.36844898602,7.185780375808681,2,0.6575353033399012,0
45,66820.82553923239,83458.82386378977,5.756244800154542,2,0.5488744803596967,0
46,61487.72702267752,144650.2184099856,12.109586568846106,2,0.03144598673569077,1
32,40052.60933719474,95558.39295775435,3.3591411337193335,1,0.16150106484470528,1
52,64290.99522927012,119447.92680201448,0.6851532399136024,0,0.16026917269414298,1
23,56181.08876208576,133096.97920354,0.3165439073278602,1,0.8877324325438504,0
29,52678.83765904026,60852.84603638078,1.9168624210463983,2,0.9017096751340242,1
64,37766.13756596403,119242.5282341101,0.4541706272492656,2,0.8064982548474416,1
55,40062.477453169435,167473.6552630812,3.8340702230493777,0,0.17487937065540338,1
30,51477.73872249108,52176.64281301949,0.07302577880955717,3,0.8401516238997138,1
46,98797.48933971004,122495.44444156138,2.932806793067238,1,0.1875943936022907,0
36,56024.8496018278,58526.613270985625,0.9828750204475079,1,0.5546306968560087,0
20,37776.22995499428,151069.8841920199,2.2964504742129743,5,0.7338763549170102,1
25,33352.211100611145,150595.27918748854,5.6201747379867095,1,0.05156100545556841,0
25,40164.667746875944,82283.88298754508,2.161333705549428,2,0.597929315057763,0
37,93545.86895098131,210481.43260954315,2.087738197973466,1,0.25113352058463145,0
64,42014.86708108076,155331.2654568642,23.416054782442238,2,0.4978564742980526,0
21,68137.4106922057,135346.44925680844,6.343707385977014,1,0.38390225763668195,0
68,42481.43509057287,132530.54480530677,3.6063107601902984,3,0.686578491726218,0
38,55223.690825592574,149196.3454603112,4.330075631377338,0,0.48919033169924675,0
20,65834.90548017445,50217.87963779199,4.840323755256914,0,0.3016302292766402,1
62,38561.94300380152,109730.37992305121,0.1244120725799021,2,0.9103587443518547,1
25,37177.76691694461,119159.51926886637,0.4183462435020468,2,0.9590536226557749,1
40,83177.3938891066,79993.196834872,5.237543318165557,4,0.80190764856231,0
33,69691.85789791594,123239.76347219828,2.266470934770911,3,0.5807409959902091,0
30,65813.44637381457,161584.7150217003,0.2852017288085428,3,0.884400485860931,1
20,65745.52586245828,78911.54561170467,1.765643667707542,1,0.6016732898455791,0
65,59191.50976622131,97278.78498143471,0.6979394550378776,1,0.14883009520365864,1
26,90355.5162635013,58970.73520730277,12.40340847105687,2,0.0174273766724099,0
31,50878.16603754314,10650.549509460383,1.134034971128441,3,0.725914567010431,0
30,61545.24734401839,138946.60902602554,0.7756210859370183,4,0.7524854289470012,1
24,20981.74142811975,98713.31025803763,4.919754830306383,1,0.9258259870632598,1
32,33500.78626817519,102378.97085763939,3.6898015858958306,0,0.8242375163338415,1
24,25983.62000329919,50661.319091323654,4.289312649593784,2,0.6395823696109467,0
55,75481.27167032298,90724.82354819046,2.863045478056052,0,0.19030343550643825,0
51,10000.0,154829.68945910616,3.1477578090644602,2,0.5940504826068478,1
58,41953.79954494555,100041.066838973,7.543384799396566,2,0.43468515787416984,1
39,10000.0,101459.18790277065,1.241808006152425,2,0.2321084692652261,1
41,33374.2420903622,110376.41389317113,2.5252889721950322,2,0.7991291076321205,1
66,40181.02100536267,38180.8935796772,15.829683887570422,1,0.14955588601815373,0
54,77697.42187588089,131246.02320511785,1.0535168930736405,1,0.6303391736871015,0
61,57932.558784429144,37240.09425420847,1.7390970299420736,0,0.6107539174971711,0
18,33337.169533420674,53019.22093604868,1.0632868962751014,2,0.3036138945232417,1
27,71319.27439463652,47539.261549641764,0.1035422185466118,2,0.42923914104976413,0
60,50356.64509059515,91238.75166847272,1.572388962901064,2,0.1165717330578745,0
33,50751.33717414505,82377.36482310711,0.23790856450616846,0,0.02553291770142896,1
63,25946.56984456016,99938.74808458728,0.8402304478169389,1,0.013018792740784657,1
25,30199.725721937215,54737.19201117784,2.252433214235476,2,0.1743225860674934,0
66,33498.05400108951,150274.76601531892,0.10469457017922482,0,0.866973068074073,0
42,50929.22546308379,141701.37843631653,6.99095555689493,2,0.5226087385777936,1
67,51557.714539613495,91309.32435541398,7.938113367078593,3,0.1171159527384662,0
29,80881.8532704809,76081.6641706031,2.650159465150961,2,0.9054950847266413,0
42,57701.103358756685,71032.12533274003,20.888406743742376,1,0.5688887674146983,0
34,10000.0,84492.75024946603,5.6814759952322085,0,0.027885528599934095,1
43,55252.83975743381,29987.73856244117,6.807457514121786,1,0.7627289150413087,0
63,20999.672876649343,52019.63438940797,1.0678255053402539,1,0.47343515319618257,1
65,30680.58150776927,143006.0195992483,9.08346745654445,2,0.5328631668695064,0
31,33756.6105654734,115090.62430379343,14.506330250858714,0,0.6132268556202987,0
58,36733.23352975396,181713.72429882654,1.3479677471874705,2,0.09445039436661751,1
53,22497.01215919394,85040.24249153392,5.799210159450824,2,0.9477401861978293,0
40,54069.64006904575,81924.33864465663,6.870664040806041,1,0.2553924611149607,1
60,21783.954298180815,79605.0537728176,1.8204343786131432,0,0.6218322225601536,1
23,57133.35214499694,84041.77583909157,3.221870821471464,0,0.855562966390122,1
64,94739.42154123259,67002.2993426701,0.5131495335013038,2,0.331917535044267,1
22,23412.818821318724,113549.41073436,0.9503261325727359,1,0.627552959817589,1
60,44309.79391321556,101455.20335742057,0.31773785424019935,1,0.98887714676377,0
42,10000.0,74504.27490808637,4.10678368847219,1,0.8517992164518348,0
35,43981.29414059734,162557.44565094513,4.9076527913741845,3,0.779284683577158,1
30,62854.34305262967,194829.14612431536,12.391815533719639,1,0.43930020118257584,0
60,64412.78462714534,158328.86027867004,3.906448464740597,0,0.45126953946357107,0
31,51547.27460568193,127906.20065416975,1.5096580551187024,0,0.4855398934982712,1
45,67785.26849517951,138088.4863131887,0.30657751836708264,0,0.6904316188884956,1
35,100921.09071885583,192820.77589131676,10.812074984878368,3,0.14433722683679007,1
45,84246.09374875198,138015.9657879712,3.258664361329976,2,0.8610280249550072,1
68,39549.58141180726,70740.70737003576,6.68413145661293,2,0.01807904418317463,1
44,20977.92027066523,119613.62633252742,0.07378854943196814,2,0.169993139704662,0
49,41876.971668523925,131312.2133031659,3.348510120445588,0,0.4818143524031726,0
64,31060.344687653036,50264.13629820401,1.970568571999324,1,0.2521169395325783,1
26,59026.950957292654,85753.4590678411,0.1540039198695013,1,0.36558169848328936,0
57,26376.129211410036,155019.5912027733,7.4732480508707635,2,0.33258309193743385,0
49,48543.551348193156,8825.363247520683,3.59644615755337,2,0.26896473268496934,0
37,66760.2810907262,37478.5727479703,2.0261774947852977,3,0.38027635603217014,1
45,47986.08254365646,91179.64731858362,8.19429458146692,2,0.5052883693829332,1
50,31073.72354504407,117683.97977528523,2.961294318110095,2,0.4763588013174561,1
21,73496.28115171383,32118.377752554647,0.01752044260929245,2,0.8119223931147608,0
63,12420.381104923457,93660.53741670294,14.452145681160644,2,0.3081450600773097,0
51,43444.09888245074,157688.42695442832,1.4764395546613527,2,0.2819104751049377,1
65,49166.799532373305,103432.57285371418,8.876740046739325,0,0.5044487902292781,0
20,50318.17316799262,146954.44718155652,8.47539797799385,1,0.047934346256127025,0
43,53609.92112156162,70394.29393324984,0.885917484464235,4,0.11181029346417914,0
25,62208.796396189864,59504.15716054092,3.2122958181195713,1,0.803087987922938,1
23,49291.85121909298,142443.69151425236,0.2051464263638111,2,0.4937094618672936,0
33,42638.83435712638,118463.27673280949,2.189050614250277,0,0.06653538200291187,1
41,41848.213106806084,40720.19961127704,6.564826266447072,2,0.44038292396571,0
65,37769.683959232905,59957.954191860554,1.3529415024014346,2,0.3982643690100719,1
56,65750.8664865373,178229.06205287072,0.6228748540122413,0,0.24613448181599773,1
47,37069.43041046971,53772.2390265342,3.537483733816622,1,0.3721032453414631,0
62,66935.4221801649,146716.43733629986,3.8499940896396474,2,0.18835540309183496,0
30,50379.98164519742,76090.66513831502,5.632419563889198,2,0.449059565268353,1
22,39574.90386287741,99841.20716164343,7.117650361961957,1,0.4085281114994729,1
42,62368.144314882695,114729.63104716862,5.950506159393799,1,0.6075003503210886,0
37,35450.92150553763,1000.0,9.334965564626035,3,0.942104217703019,1
35,62763.68081456426,26864.13322863505,1.2609727763512801,1,0.18546250968555822,0
64,54254.5224238357,104316.65093935814,4.217138833541962,2,0.4174409317420855,0
35,38073.50621816159,63784.621810805984,2.232180548501212,0,0.5622205317297981,1
19,60572.696306691185,149829.06476373112,16.365651311583896,1,0.5469912438603752,0
27,60931.79451377277,19693.955956593767,2.9015888441214703,1,0.6613406304745916,0
62,73150.39211619916,128262.75281289936,16.058748025668617,0,0.2679303792186234,1
67,69322.94024818591,31188.938979783692,7.328109127818263,2,0.634550792870793,0
64,59825.48041452566,82394.75029277857,6.337472316658989,1,0.2011701432400309,0
29,27448.180975824736,46781.1117881018,3.3820768259584306,1,0.12545554585082253,0
64,98971.73976348114,195121.4940235599,2.9293457308843878,1,0.8316450002257036,0
30,21927.675778563796,33025.39185149821,3.738525701585362,1,0.47373990758402273,1
67,68985.26348564618,93897.01523154882,1.738102178053735,3,0.39727732605717203,1
64,58625.67633772597,13658.192598992406,11.743665594952768,1,0.9285146399174783,0
28,26517.15255037771,179978.50610352948,7.907427612147366,0,0.7097573885001629,0
36,47513.98122243002,120064.12080886026,8.082208265463398,3,0.6771287724232359,1
52,48424.94227510719,106848.6544799334,2.838334516986568,3,0.19425972710115003,1
56,76111.65431621048,173715.64696458628,0.3687114548927212,1,0.20925820879661383,1
43,35733.78199439577,107371.12207113061,5.745487199923832,1,0.48310135587488234,1
63,44761.099871512924,110978.56780705384,2.3453290174803367,2,0.6523037686520657,0
31,10000.0,106586.26440325758,10.21768207394264,1,0.39527252082251674,1
62,84695.25586247155,128181.71627215596,7.578336368527467,2,0.06418526779788236,0
61,28590.635139598577,75377.93080393688,0.7851883775659173,3,0.6830289316541465,1
41,56538.217284783495,89285.63463183338,4.60294641885538,1,0.7737512575524629,1
58,47971.84340556272,140516.73142287228,5.891751510145111,0,0.9443024765674262,0
18,48039.980664333205,113868.6475778941,4.198241066382982,2,0.4087677246141217,1
68,66197.2396974175,94287.80429489372,3.6081672052995457,1,0.2580480554602833,0
60,83425.2492060727,29973.88044846439,1.2929669035127551,2,0.9258080054638049,1
39,55029.87339883983,174902.51422682975,1.3453278293137971,1,0.7151388415772193,1
40,63101.56035261052,66927.29450246147,7.305264941434979,1,0.06398630258694227,0
36,56577.83073454082,149361.86192096284,0.09433323368752784,0,0.5800273405981041,1
35,70350.62847861252,108787.68258440428,7.545928520825935,0,0.028526659416311162,0
29,40741.67241027346,35327.473863506486,3.7411723842291913,2,0.2265240297042429,0
45,71507.81108832828,162613.77387653076,13.761786023657542,0,0.0709528891905159,0
45,72209.99731294767,112727.03231997698,29.612580799175184,2,0.20489137697429416,1
50,71650.7401736582,166767.26783685212,5.44555631015455,3,0.48992270305859253,0
36,36797.04265327048,90879.56496320406,2.657329161248067,0,0.2988664848471211,1
45,46633.24731525618,135202.56149835273,3.222603325669711,1,0.08801263060406572,1
69,54789.3397756087,11873.644432749308,1.1421338375995502,1,0.48206030660428967,1
66,22583.159103419886,74989.20682031215,0.5225506311043181,0,0.7084883325547174,0
54,81898.4041617203,36350.33338843642,4.322802960050281,2,0.05312528603262856,1
43,49754.46932995648,81260.80749808041,8.186489564923406,0,0.8824024575923508,0
52,55678.557752094435,123590.58697530725,1.5174756638799336,1,0.6530698342609011,0
51,38459.91120545594,69770.9956172927,2.7206437575386895,1,0.5194414755757369,1
52,23462.448812659546,143192.1046819391,4.045862504507963,3,0.39631685698959596,1
57,37919.40229050458,57169.36782249944,11.924283328759524,6,0.3932877226556558,1
33,54384.083752671766,144261.83068249893,0.7461627961948097,0,0.33555878066754685,1
55,63468.57625507387,165487.8582937018,1.3517206924425686,3,0.11572935483144042,1
30,53235.8308120544,150676.30675454927,12.537629850500426,1,0.07924188742208604,1
40,56934.48032483901,82790.54740851137,0.20169177181241835,2,0.3088302851453919,0
39,43259.47250637247,1000.0,5.337249118205769,2,0.6670640443683408,0
33,59924.97132490856,129108.34983686739,5.1016756147139475,0,0.2883943575955846,1
45,79656.65732771813,93738.26426423481,2.4164935615074574,1,0.8122649526331652,1
65,64095.78884877974,51080.35299363233,3.1571069228295867,2,0.3802906451812399,1
52,66190.83776505881,72186.04675647948,9.652279223685799,2,0.631193584801108,0
62,55880.32798613262,171721.2658222401,0.90151036670087,1,0.43191344204980187,0
63,19936.898608007963,43132.98996949227,1.3170126251805532,1,0.49782649172771665,0
25,29106.669387375136,123415.45878106059,3.590790936420627,0,0.25016056987677715,1
61,59097.516013276865,110897.90878187018,2.636006743526249,3,0.5138690783457829,1
39,49781.21896079828,82130.61676683839,4.270953613064813,0,0.11065307034352312,0
38,58796.85772945656,132226.63436565234,12.681369382571601,2,0.38676758107945497,0
43,83528.46835688147,181612.26294494327,12.450722782780572,0,0.4483009637842226,0
57,64520.71998458667,85201.42480569008,1.3069429111486686,2,0.7039959455116928,1
38,75177.72411485644,87840.95259614494,1.7987168970836376,2,0.40022117787470235,0
42,51893.627789414604,131103.24524951,0.884095702235919,2,0.6654360057237939,0
58,33855.6864503112,145912.14107175008,13.140909413747558,2,0.17461613120316555,0
18,48842.67681571318,93614.63964256825,2.5363608089696976,2,0.02522604603297751,1
23,33904.96372561724,84731.31319531758,2.9865052209725222,2,0.505947470981663,1
40,81165.89913544896,1000.0,8.11364881438392,1,0.4738707826017059,0
68,65807.82153070939,61099.55438167233,3.597183433838002,3,0.6697524950076565,1
40,60410.249932565595,43034.41639662247,0.6377777449710809,1,0.313545262541725,1
60,74718.86404456207,134231.24981559455,2.8799213251822025,0,0.029865359219214183,0
60,10000.0,87804.8525699579,4.97834805238633,1,0.723569604847549,1
40,61762.75902685319,85848.9197230536,6.35072485580655,4,0.9422115946822812,0
49,23787.084313912546,99547.18681885094,5.183145578025538,2,0.3942635471942312,0
47,49854.88603068678,56491.17649373,0.6345140187504233,2,0.6111277805659843,1
30,43765.848150655715,177662.3593344377,1.8145037431037006,3,0.5446872124764616,1
60,63234.73224193896,164909.69558483054,6.613118175097977,2,0.566001458541183,1
35,54563.745779219105,180905.33915238437,10.609248731835786,1,0.8673762134469393,1
40,76902.34347223576,134170.86156194456,0.24168001565771688,2,0.7363367723029941,1
32,37962.056781347725,98526.09424890314,0.21573341043334837,2,0.7697864121076395,1
50,64182.28779266568,180736.46515034424,5.155766375446741,1,0.0900375053443454,1
38,53244.464337976635,65951.65820435103,3.9708760767214852,0,0.1467074688320288,1
56,17294.19459856895,56439.55104834938,0.8440998768039571,3,0.6633046176613462,1
40,31627.670829539347,69924.42426150704,3.9735919978067535,1,0.5404577852417657,1
44,47002.43932955663,126143.56334571492,18.342903083252107,2,0.7742783203935619,1
62,72245.84899783455,61894.74033061637,4.983441330326841,1,0.09307331979988887,0
61,59274.46115114229,92231.35058910007,2.9813834211388257,1,0.566487121166537,1
35,26649.983522385715,19907.23530576119,8.78773198064874,2,0.4860693972099104,0
41,47193.6754390568,124054.88327141221,1.1965074887134723,1,0.8546868765581009,0
68,90356.1289758606,24144.83164084454,2.6749634690367645,0,0.18714897283967302,0
64,52224.46669681716,53391.9472567319,3.7514232981511695,2,0.348713139300588,1
57,43453.488498552084,160858.35674483218,3.511342185663598,4,0.15047146083907426,1
68,59834.79281512441,159015.91584930551,12.689794981129642,2,0.45173249948661076,1
59,65267.8615916394,118715.65447732489,1.7312764255682747,3,0.8814058126196598,1
24,40876.63305039882,113783.17908676152,0.2908142886045768,1,0.6703334777278528,1
67,60051.49548742874,73452.01764228704,12.407195613897423,0,0.7442987826140472,1
65,43422.210066583815,61354.816812889934,1.2235449715438727,2,0.09333687815517355,1
37,64386.552036588764,81887.91511213101,2.382346223623271,0,0.45202593463058416,1
44,53393.86315942567,24317.291276884105,3.784607297218006,0,0.8386703563656536,0
23,59639.356541057845,112622.42774768316,18.623667079729238,4,0.8374796086182725,0
44,34816.32907664991,102441.55624042048,3.83147666958981,1,0.9880201941119883,0
26,33574.27231854282,53328.93666448666,2.9687115821333383,2,0.5260408290939326,0
62,68909.9460931879,178434.09594206788,4.381006782480656,1,0.0020714291854075917,1
48,48412.072372290124,130345.6855143524,17.66933028989078,1,0.8990604959099753,0
38,55700.69484198723,134592.09020044282,8.517221178946116,2,0.9561967152444459,1
43,43872.091458269606,75633.00369804174,0.925435705367462,2,0.9277462035788062,1
57,67974.53548027288,99933.49609868383,8.12936147326697,0,0.7719112570169012,0
65,37843.80039940684,131368.6335093711,9.197371442762782,1,0.21191495090397772,0
62,47287.97520198234,107639.11835501177,5.8671226846977635,2,0.13905707502305098,0
30,65719.85625406263,180095.0392384936,5.35352851263839,0,0.7008860034768012,1
66,73459.35398328531,89810.62152916244,2.9069289788474735,1,0.1404230086042012,1
40,39524.81417946633,74771.97338819447,5.131858902007378,2,0.9533156649327649,1
37,89193.67963911766,131712.6438235713,6.688949229716625,3,0.44582777078338365,1
54,56264.833873872325,36767.6363856744,0.6552167266242581,1,0.03081505998730505,0
45,29141.434763825248,146214.8466154056,1.4875171233503872,3,0.15059360052797344,1
34,57381.04097179936,34964.409970400855,1.0788656422130716,1,0.29048117948506225,1
45,42340.015710330845,131929.23330292752,9.200921363288707,1,0.7037547019371254,1
58,58681.369743663534,67586.32229136687,5.6972119087896615,0,0.7372923247986737,0
19,49142.87504679324,123829.20734916966,2.9962676503001013,0,0.21302520315384965,1
42,51485.473803802895,145367.14730305088,8.745102181072147,0,0.6485555315260665,1
67,31768.132468277083,107671.05977519593,6.3076801473813,0,0.031827368387106536,1
58,69801.22461432719,40018.952417966,12.243437658353614,3,0.1028529251509731,1
23,26877.452656979356,55161.2377746424,0.3995848067633925,1,0.5350106749412287,1
28,27824.702091900097,63567.04294831089,3.5581586761986657,0,0.7038236398861675,1
55,57347.206982949734,5249.655320111298,6.133613212720148,1,0.9143672572687407,0
23,82056.88494355939,156373.89293659644,1.1627708808798942,4,0.4377524762869629,1
62,42948.138058711855,105505.37928781644,1.9809876650470948,2,0.11995306084869317,1
28,64019.44645407931,43224.09774055026,2.7148182372017597,0,0.9289766308644954,0
31,71466.8035372709,172783.74287291785,7.907305159938824,0,0.4374376852945838,0
19,66293.68874588139,64933.594993091836,3.4019070646195533,1,0.4974731006455544,0
57,43775.834216526375,112528.62445374357,3.394939813869841,2,0.8544295044031701,1
20,28179.06565611851,58736.47274018991,2.818386787097502,2,0.5857796936059294,0
52,10000.0,1000.0,1.297670446397031,1,0.301450254778343,0
50,44743.190010752136,31777.97205743697,12.824396614399781,4,0.5407804377344757,1
41,73561.74737124349,77575.47845667844,1.9121702585440703,0,0.6248610977650779,0
36,27516.680304761318,144914.8435603024,4.190467793490847,2,0.8897998896061664,1
35,64004.196950375306,117326.65734096227,0.8054217686298029,2,0.23483447148422343,0
66,30996.949398962555,107010.25630856227,2.8479565732053476,0,0.5593790306132187,0
69,52121.45152773677,1000.0,11.706812362970176,0,0.9204990385888598,0
41,64155.83228310035,163504.30738400476,26.979913950464763,1,0.04547279053109665,0
62,36810.09126323144,111183.9848247778,2.2451406598269483,5,0.19456781283601288,1
52,53409.69361393828,94029.116505392,0.8361237243450271,3,0.3463149143816623,1
18,41698.173265493424,156621.15549944475,1.887680350986674,0,0.6784683995688591,1
53,64102.97317876353,162374.83617841368,1.9818462684094562,2,0.8418472721548969,0
42,54706.343369692746,157729.51238045955,5.171273839145614,1,0.19917084883869174,0
62,51130.15348858535,87645.67516483561,3.427450102839946,0,0.24670447803245477,1
66,81166.99920283955,49826.17196079022,7.31500730304726,2,0.8232854362251015,1
60,63246.122847366045,149446.14585710366,6.041632748973438,3,0.14834350657459794,1
51,36192.96267747422,31747.277846479148,1.4471428095534038,1,0.26117694257836477,0
42,48282.721984044765,197362.8369332141,7.668306609769892,0,0.7326935859111595,1
33,48482.02429840679,101399.97725972814,9.401703305875579,1,0.16615879495954322,1
51,51606.391452504235,46955.78721502079,4.561371414997959,1,0.8280335246848868,1
46,100490.18553214989,38406.57229216948,13.132423138942244,2,0.49051659763900657,0
36,57417.03785421994,36119.75879719702,7.638094441369691,0,0.4475720755906839,0
40,10000.0,107018.14533604216,4.52423118911076,0,0.13525520152228443,1
36,39144.0205656607,99680.38399701065,11.831139933339232,0,0.6796582858962039,0
42,11352.558250083828,38203.89132454035,4.585936671516791,1,0.8840010381809652,1
33,43404.0348590832,82177.2106722049,3.6822688721426915,1,0.6921078842874684,0
68,10253.795405471428,31603.23069543288,2.202288915332663,0,0.31688460284685194,0
26,32568.19057863144,129465.09029720863,10.722069556609972,1,0.6987986662089499,1
18,19585.569407317602,97270.33669436432,0.6546862067198165,0,0.5099424592000832,1
59,57683.20355934955,81079.87470412761,3.207545513151195,2,0.8537304383483761,0
36,50010.787252577575,35594.46349662364,3.8546067452228905,1,0.4596470992629691,0
50,56059.24614997462,84992.21998886173,4.045586753412451,1,0.2373026518905057,0
51,47908.97222862947,79263.60593268365,5.276181351214242,3,0.10125622140078394,0
33,22114.044995911645,115886.33506047983,3.52403065632862,1,0.28106676182779566,0
61,60270.42738509471,108350.89890584804,1.4840725501298277,2,0.5635398858346953,0
57,88444.49120538906,139603.0051039671,9.72260943057445,1,0.1700425305922033,0
35,58184.25157213093,75771.17282474689,5.357787869495194,1,0.03976113393156089,0
51,41481.50801364868,6979.424890175273,9.766258642965012,4,0.44884305217062637,1
42,21438.656477891098,149554.643829902,1.6151197940780264,1,0.34743211860197076,1
62,31838.660584800695,53198.37434759097,5.067545961355117,0,0.42039062503336055,0
23,59060.79313144118,44654.147349237224,6.261855765162277,3,0.4541334106148095,1
38,71462.36053598751,97844.1727443124,2.4177156631696723,2,0.7660704707320032,1
23,55217.32349443952,115113.52564772584,8.363063305178976,1,0.960926855290325,1
49,65997.74579411966,73458.17971426586,0.012559635455967926,3,0.26228443731253537,1
58,64153.56488054486,73065.36592659366,4.518350419425193,1,0.9423988795207858,0
65,60130.68782771835,80448.68411172225,4.754002907525884,1,0.22837562023845925,0
60,36830.52809477488,170827.01754965715,3.8161649565656717,0,0.7549451065969561,1
56,53478.47023950305,99866.09562209339,4.971916638296753,3,0.6813460485044648,0
48,33032.44392235723,51601.85802691019,0.9149700563435882,1,0.052222216477939565,0
59,50348.57905916204,52110.83215485164,5.772445860485915,1,0.7249218030324875,0
27,56617.27062133824,87455.79102088153,2.0457767647440352,2,0.9011226916716356,1
47,83575.6761477371,111892.89670140037,3.007890336186738,1,0.9302222967450893,1
69,23805.36051264736,124199.00809830952,2.025646052612392,3,0.6851934043951636,1
35,59630.152619826105,106207.93019236077,3.2116639373817146,1,0.7865880365040907,1
41,79624.7318324719,57906.33245414556,4.858610599125283,2,0.07154185001864766,0
69,65176.95531677593,78802.93502196086,9.111406926246609,3,0.1612526461383249,0
26,66658.90885650083,136695.3940932312,3.3027713143838278,1,0.26247966244504206,0
48,61753.898037356244,42695.401977345224,1.9520733878998908,2,0.5313383728336708,0
32,75966.68979550834,76712.33034612688,3.346585713307099,1,0.38624474549495624,1
21,28250.436637752642,129873.14289406763,5.836656303763636,4,0.6571350358218119,1
57,22281.46668059507,143764.0713317588,2.1285996711064343,0,0.4456887869860804,0
26,49873.31719069488,90354.23144543087,2.6745848073874487,3,0.775022240350654,0
62,10000.0,79439.6594714592,4.1372779979135075,1,0.7135880820035563,1
26,74612.91608356022,33894.102927813,1.74076581571734,3,0.7472813976157056,0
43,74414.30390990883,126281.99613635472,1.1728217272181627,2,0.8288488036511041,1
21,41332.98889830948,165938.98425733944,0.756395689134831,2,0.8342224148811654,1
34,42584.58806678981,228257.70292998457,2.17403178972867,2,0.7795523805034251,1
33,48553.05049698657,119322.30917590231,0.24775252457584768,2,0.06592658222938252,1
32,51040.4130087924,97456.01741780095,4.379134327884805,3,0.623203351476146,0
52,52543.47838388571,54009.469342454635,0.9673738119998516,2,0.019789431981759975,0
69,61164.642137566065,6057.1543128425255,2.3692132830920847,1,0.7437590396348046,0
22,46547.47293983044,108847.96248699166,1.5682333736128662,1,0.061057739925877486,1
22,68863.86606955588,217516.95600771514,4.976533961196694,0,0.9832149950969277,1
37,58918.95554250607,163540.61148284565,9.497135269516534,1,0.6140782093659661,1
32,37860.73108254729,155828.2134556899,5.016070240820005,1,0.181998096295385,1
35,76702.25335608196,112280.14085289578,3.9099458369059468,1,0.468279509564803,0
64,22834.860277550262,117976.15801401611,5.529449622502531,1,0.8266769757194238,0
19,48156.68378357047,1000.0,0.15224777868839193,0,0.179997963248268,0
46,69338.34802150936,138125.52903819986,0.6553558841201554,2,0.5367754704424932,0
30,35538.53790175711,71032.97152120921,0.4986996813617894,1,0.0035807675759023105,0
21,56191.11293534303,64913.63267020565,0.5167968505891941,1,0.7884262488750096,1
59,60866.79193998096,83837.15234756963,1.5087948785164684,1,0.19460760115233178,0
62,32789.52264037522,82149.77552744925,3.7969932839262466,2,0.38717819166956224,1
27,48550.4456081193,64118.22040141688,0.6090395027903148,0,0.5302437005736015,0
48,46869.9233958158,100693.6036087988,13.675789680205053,1,0.14486154510386007,0
58,38965.24296335415,72086.12018959734,9.62954564142224,2,0.926670846827001,0
25,96033.4970410155,105016.1477878073,17.814645546537605,1,0.4688061387698659,1
20,34737.87293109049,25641.109272498346,0.21714802508572256,3,0.23178356249225207,1
65,70098.60588135767,89297.11146839913,9.532568072303476,1,0.7351427709203412,0
63,42143.97966237716,45185.22051568744,8.14142390682224,1,0.8942134273245607,0
26,28267.276222294364,67927.5340751067,11.619343176243891,1,0.9126709149404337,0
47,52056.28486310138,107169.94215167653,3.753290057679096,2,0.43113393968171176,1
28,62981.86768775001,19800.119262252105,7.7532294505004,2,0.35946127382193604,0
52,68410.19150131357,58879.63113639314,0.2632441126761051,0,0.9292574175986013,0
54,81245.30221310139,128448.2192418167,0.3945547681157288,1,0.05283816011542286,0
59,108904.925798702,29341.10790670995,0.6308342645594645,2,0.7505401067202869,0
30,55010.284075111944,188893.35701394037,12.313115706133244,0,0.17750882624590292,0
53,36738.156523492245,160220.39780653233,0.31560083412726697,1,0.46550129150108355,1
30,59057.48653589783,75273.64577738605,0.5276333511876196,3,0.9536922515326055,0
29,44675.74099187017,60639.51561074683,13.325700929401986,1,0.5811481259024225,0
54,68519.3225970446,110096.9951667741,0.568042080400798,1,0.5234407512585518,0
27,24056.714072685565,27626.887148642025,10.191739791270289,3,0.06180075859249001,1
26,97366.69084800876,1000.0,7.78590662728865,1,0.27734054709979417,0
69,67120.96189551026,77033.24379737167,0.20557887862027363,2,0.0030511029233275533,0
24,16319.919644076705,93297.56167489044,0.11044792609740382,2,0.8750057347582083,1
19,35819.421953700556,104721.36121767652,3.8220171668892307,1,0.6448546776087233,1
40,66321.62088227877,69262.96919410578,29.34694925443985,1,0.11802766526115471,0
56,73526.88112342909,163697.33647374736,10.552810410076805,1,0.3634726889934594,0
57,24555.247455360735,25243.017075805823,1.8555027101428023,1,0.8114153411960101,0
56,64260.51700865898,43086.89325209506,2.441320581639806,0,0.14030319823765736,0
38,11053.202546761531,124331.79780724057,2.4543470367354434,1,0.2302653042911712,0
40,48213.28269057908,41917.63071814294,6.6246571824982095,1,0.5414065231213139,0
46,72240.93684206413,39983.97739013416,2.0861660519535405,2,0.14494664628259313,0
31,38969.68539794039,106167.73961035819,0.7996529482082833,1,0.38270633898802386,0
43,19861.55401723973,47323.86898419842,6.8739521012655285,0,0.9821277279575755,0
68,52924.29592755118,93345.77860396563,3.062590469540279,0,0.5438513295274429,0
22,37905.62266729044,65007.17201711217,0.39943168613518937,0,0.7015277812475309,1
48,62591.167321316716,56916.814831363015,7.80448338413027,2,0.6632810482513188,0
42,32293.47135563879,1000.0,4.40113536891192,1,0.21171602493313324,0
48,34547.262206937994,106978.15764106686,3.360543500624578,2,0.8461133869121644,1
67,10000.0,37640.50039435356,5.59422549975415,2,0.1220501551368488,1
37,53398.89422102966,91587.88982347402,3.5197029299888962,0,0.9215951351681971,0
61,46781.90123446802,74394.75508257175,5.226592092672963,2,0.21607187825754914,1
34,26232.30658519858,89674.59706500583,10.10543093609704,2,0.9547442864824327,0
62,53875.97427534184,92516.23129933696,4.753302932887128,0,0.7979634631466781,0
19,70541.40601288278,109681.41254591316,5.388176724203059,1,0.17098324195509518,0
42,45688.641131621,63612.03492542786,4.757725509351013,1,0.16040269057736667,0
30,55363.338996439474,162134.82396366843,3.787679526009689,2,0.08452943912666933,1
56,55466.22499170328,7629.99695722117,0.9435440253702296,3,0.2473553893563839,0
45,25913.40345642079,88670.44407363854,2.0449388537167605,2,0.6591067559279019,0
59,91131.71641415192,141811.54882054336,5.906312684682755,1,0.5203024593552115,0
23,40583.00339755432,123838.62765013019,2.771067964155243,1,0.6133507898980575,1
20,63122.32403720541,51258.22117357015,2.6054658748921975,1,0.031140604122357418,1
52,65384.30554458099,59587.725350598805,7.1203816587143365,1,0.07997138144290428,1
35,47208.09745768496,49660.37203366981,0.027922122685277145,2,0.6919740461583919,1
28,62135.90050119269,129961.38153321946,5.681484802512871,1,0.8479083433820718,1
37,54916.38443632778,63003.81357422458,3.3591452805594995,2,0.3594217768972031,1
22,21647.20485545188,112756.1544061725,2.3641387164931476,1,0.16648240797626523,1
36,43354.54597499823,113215.07070379776,2.0816441125154777,0,0.3083555167302311,0
39,37748.981952918766,218419.6734117686,0.9490002274482547,1,0.4120299651337669,1
36,40765.099173077455,115662.56299008518,2.034220913587386,2,0.6301359279378347,1
64,23919.93644326724,59442.79926247682,2.483121968939656,1,0.4094734245855294,0
33,72528.6743349206,26992.486896680042,2.876366695575638,2,0.8970411245705487,0
41,82039.85309226825,86207.36426811272,5.57829336124723,3,0.40121239472898684,1
58,69560.05951996817,94045.70787863407,3.0217546650436873,0,0.18137351896389586,0
21,75410.58448294285,1000.0,7.95514952661203,3,0.2483446066980739,1
32,43107.30325983687,64307.29198534934,5.104618635895158,1,0.4651662620159599,1
42,37274.86330027927,114867.62714137764,1.051118611354752,1,0.7824626749012632,1
61,34428.25906376577,73382.21648669126,1.6229280262536114,4,0.8694068664751816,1
52,62881.298459144455,148431.18928529185,0.4128292003741134,1,0.1852907194035035,0
31,54541.26106288299,22082.177763974003,14.568158877381322,1,0.003471907718477496,0
66,48455.56576803148,133844.14100766083,10.881986547696691,2,0.8694088117004404,1
36,75902.97088390686,145694.48707629764,0.44304267038179845,1,0.22819646707532015,1
55,58098.82707630686,147824.82379207682,4.2674719479586365,1,0.8216627398030085,0
53,33226.8472495883,21707.18076728107,16.144860463026532,0,0.5507479094428182,0
24,36381.823417286105,115727.63979286922,6.874651683599721,0,0.40411554298828045,0
47,63639.86598508291,66562.29407392425,3.384521014082971,1,0.14675708855608005,1
36,70834.65705309194,29692.877900854946,1.3794460052616706,1,0.6720370900829168,0
66,61033.60464511939,79306.61375131458,1.6358378238435063,3,0.8181573679496527,1
42,87937.77495744162,54751.100404959536,6.663539628711045,2,0.461094115433459,1
33,82700.14331462838,146037.5234081935,7.583730178884523,2,0.44635534789449627,0
64,58820.71669701526,125653.16715067846,3.7612314041155392,1,0.7552790990529702,1
57,33228.38681036995,42377.77659455661,0.6445601147529321,1,0.5001186130152074,1
68,23800.249765364646,63788.93430845355,13.580540920092938,0,0.7856125847491381,1
25,42252.365099705705,80965.12871916882,9.314002938638154,3,0.05411641966349989,1
35,65064.26892832314,96379.74263410515,0.7572478665045288,2,0.85763061721762,1
45,86532.94158623875,150318.91374018905,0.29200077691551923,1,0.26207064433219074,0
33,58348.940688216,134539.11632403167,3.8379280046023667,4,0.16919462347626135,1
69,73374.45588462474,102569.598448742,1.671371593174462,2,0.03229350746988602,1
36,45093.85027624395,86967.55750525389,1.6651388439891863,3,0.8340730990432719,1
59,62455.382504551,11332.298269626393,0.4563106811251768,1,0.06011529087572387,0
34,66467.13658954346,164599.88130630282,15.329254099524787,3,0.9544304158173901,0
62,10408.114482949437,77645.17010671714,8.864682480530195,3,0.5648420160852705,1
30,41731.223952469794,177742.01202131284,0.6042582745833049,2,0.6986831849271575,1
24,68994.00768555739,109805.46460659176,10.461570904692971,3,0.7253104220566832,1
44,55489.366712731295,201264.21043107222,5.7435744499520505,0,0.2926844887655261,0
27,26069.69903698134,130316.07666831581,1.9684816519375383,3,0.8064583479096765,1
51,10000.0,28399.01843895606,10.249435227922543,2,0.9462406760251398,1
53,42684.38509395987,69279.22598693939,4.556791926868956,3,0.3698511096249588,0
42,48568.28614212242,91543.25196640176,9.441456838168346,1,0.835349390644085,0
23,32321.541003433093,56310.855644583804,3.1674897548288286,2,0.7720398153108132,0
41,52861.698740559885,81146.95914089779,3.472250546633795,2,0.5895958720640545,1
35,60127.734944657896,31653.04207089453,1.7195694920236306,1,0.367615977982919,0
40,63413.74341452466,100286.06405495612,2.4526049257666616,2,0.4151852938625775,1
23,10000.0,111870.597450547,4.193779706543354,2,0.3076085192089061,1
46,23714.298043837596,49794.52963969406,14.6929070934158,1,0.4262704807672013,0
42,43907.54703290529,197012.7146740956,4.582925875693279,0,0.9896269183214795,1
34,61443.46262074927,103175.66306402294,0.7971959824464296,2,0.36341476974583875,1
63,59784.68027100071,59162.9566938544,0.03510386765467773,0,0.6655097535505546,1
41,59437.398957533514,18523.035001739147,9.51863734852505,2,0.3196064333144788,1
28,42331.641160621366,102997.14446985842,2.2653425927507125,0,0.4666477356889437,0
43,43447.33125380079,86975.57335933235,1.8914335940126907,0,0.0837739984133471,0
68,35433.41463156519,139152.04536432214,8.065501126171032,1,0.7632342358956455,0
51,65363.88256211696,92831.4867514016,14.535338735414545,2,0.6610244472345368,0
45,31590.224245208436,40314.06088656365,6.892525647553715,1,0.34748500815001127,0
20,67000.7279037914,183535.91480887905,0.9548783567361154,3,0.524844682163885,1
28,54157.064762752925,121781.24397535928,2.482791880108038,2,0.8722218360290914,0
55,49099.11043089693,87294.56442008207,7.123067294894726,1,0.04443271566106011,1
31,36865.79200447067,108231.92657248692,11.871792060507794,0,0.9302164967477287,0
68,22889.162776717472,123702.09782808291,30.0,3,0.4707996024723784,1
43,37046.94487243909,28557.16930532825,3.5827024861711365,1,0.8596554055065297,0
65,43399.862627502276,107884.71099814051,8.644622507437058,1,0.8614829246960385,0
38,10000.0,77493.82633530542,0.23876963082891817,2,0.05871227680223923,0
56,46052.896893306715,125364.99928148759,1.6831344911882966,2,0.7815945718942408,0
47,68487.14736052012,62990.90376968608,2.322202885550032,0,0.7328673860931801,0
25,61344.35810867745,69764.90724514588,18.550279560924384,0,0.04319354700475997,0
68,40075.88248516985,183143.55492820288,0.01699709850128586,2,0.9405378703565009,1
37,50938.725968304556,161545.6045441068,1.840996458392659,1,0.6345482360534739,1
65,38876.70861156001,1000.0,13.325834355102383,2,0.16753400860997858,1
49,52975.214666713924,157838.0991232156,1.8313054012685677,1,0.12309719437053868,1
39,80802.15647488063,96317.39868711216,1.2748920138901487,1,0.5619729923474226,0
24,69369.97605249751,64590.89685504941,6.548305969309003,0,0.058834264469810216,0
26,60415.88611385506,49641.263214617495,6.839108049366665,1,0.16440969473997713,1
62,40142.301752325635,52544.11858600058,3.1949797549634598,2,0.9484522055753117,1
18,64998.76785889677,66003.20276207924,14.67953702107621,1,0.7447408587268705,0
46,16262.460972538938,43643.37081590782,1.1326656945418534,1,0.6134891120556828,0
25,44952.93036018219,32270.01694636789,12.233191602710747,2,0.20881962477774185,1
21,61674.228396479,47980.99245780446,7.042865017180508,1,0.2185158109135722,0
52,64808.42428095503,116169.69275328435,2.2959779621646574,1,0.44582932458884994,1
20,63397.689804314825,102504.50742853986,8.222958645971538,1,0.7540542660553395,1
62,55896.61378419389,127792.82257759281,0.7147476009171907,2,0.00392960408150278,1
57,46085.50041832234,96681.50803949729,0.7019600399851654,2,0.044275266660976476,0
24,60759.51939652978,34666.03346776042,13.291816713088444,0,0.8701116207583143,0
44,30942.77918827399,124722.0461746803,0.4978891596051357,0,0.8140656820427059,1
18,33106.454734135,49765.536056254256,0.020439755737316764,5,0.6946811520083138,0
44,51234.693529205935,132330.7150994467,2.463541127250412,1,0.499532011688821,0
33,53463.952854174946,41703.99985215196,0.5482427832947204,2,0.1451267778763926,0
55,13487.696428707073,65626.16867982374,9.940203813417538,0,0.10223319129535824,0
24,59102.92761899037,81930.41797160426,12.799887064231928,1,0.9053763274930431,1
61,65454.56755838786,133720.24005284742,3.2930173643315586,0,0.38252183954133323,0
40,48454.29525067409,108799.86260636974,2.771028160122822,2,0.6957226172549008,1
58,97489.32566567985,101000.06610754623,3.8722121953002615,5,0.4561980822876971,1
28,36341.297873696276,194283.43925276527,1.2821744515009228,0,0.7309289198737415,1
59,42778.25673226261,8150.8419387427275,1.7688662284169319,1,0.1933088813596826,0
50,42098.661877455816,48081.117864972446,0.5322342524406272,1,0.4845679191677328,0
67,48476.24777417965,45940.576098050435,2.9570168063565774,0,0.37686635300136506,0
53,43425.503740674176,11467.384503886278,4.729777338753207,3,0.24505370047816777,0
54,21863.789107902565,64024.024355698624,13.31230680651104,1,0.5977111378018389,1
58,39069.034075270494,134388.4581898353,6.717576290965165,2,0.5369732943506434,1
34,48047.58608451848,70417.63007421241,6.419839421489872,1,0.4956912303231592,1
52,74571.44164123994,83349.85140068452,1.8408391175078904,3,0.5911027371441107,1
65,94044.86546745826,13872.258605985902,10.959392851604106,3,0.14253076964710565,1
22,76709.47795701309,60173.72124198264,14.683139014557332,1,0.37054833418692446,1
65,34492.41940654787,76915.0642206208,13.460608913623078,1,0.32467427341759303,1
49,36083.80778747669,132120.0211273557,0.19787961909240495,3,0.7691754207534527,1
20,46813.42844981298,16254.18010408894,4.6361345258899895,1,0.03572407494377405,0
69,85691.17777707172,77249.56271394309,5.153251221658891,2,0.28193109285163664,1
64,46691.51895636213,154340.90150344453,1.7482495314020576,2,0.9182943101842814,1
52,23449.850189251385,77745.8357188368,24.40605682520337,2,0.3003506489153498,0
69,39976.4572609393,1000.0,1.720820931536934,0,0.15189947554680827,0
31,65141.12003638834,163958.78886740957,1.2206336968947569,2,0.7573453964243826,1
65,63798.80553792174,136744.84712691663,3.309654108232643,0,0.047844190530357045,0
48,45995.66667016688,143469.85875393954,1.9515086257305465,0,0.4263198498732147,1
48,63668.29347120061,12810.817662730304,12.887048218556853,1,0.855357759645064,0
34,10000.0,175622.78629236072,2.8997776242300963,2,0.9540948107142415,1
41,52076.584700653955,61336.195744440105,2.6394312835519695,1,0.24901975695344425,0
69,67213.7084273726,74528.05278898845,4.915654567118298,3,0.29620223376961474,0
40,33342.734496909296,64861.14170039982,0.42296971352376267,0,0.5672511048786443,1
35,33273.22927007424,147346.85909776035,7.067977273943024,1,0.2265515583351011,1
67,12671.036944730491,91010.08237473523,7.313692230489633,4,0.1507440665431241,0
31,81797.91189621389,124087.05162938128,3.212515914512351,2,0.425981511057963,1
67,35596.92045956867,103795.0511442184,15.583620622327519,2,0.07224807954588053,0
32,54820.865557242236,95247.89981535397,4.329641293530965,0,0.8942199711945904,1
32,62078.34082966749,52660.79681269018,5.941095314318346,1,0.33419662194164623,0
23,80241.35898282906,190607.02936538827,12.907855794616749,1,0.3362841246466526,0
44,46922.044520287294,26830.318574738543,5.488243916314664,4,0.7913731131790678,0
32,39211.40412443163,120612.69870173422,2.8266379137094013,1,0.3415483574059557,0
67,53461.35297141107,118832.82960536395,0.12541571930879766,2,0.7609068569537822,1
53,75681.60553084574,157717.81430762127,6.515271218576766,0,0.18124201400907192,1
25,46596.54937198432,169404.5016189639,16.7429314329263,2,0.5289883374300386,0
32,30902.61836831847,93130.57002916122,3.17661000090881,2,0.7685114694977223,1
20,19184.843833692754,126519.71529623764,2.075824782919414,1,0.44989910302707603,0
64,25574.052307895494,188243.68552262546,3.66213751215225,1,0.07181326396812338,1
30,67287.8299481333,96741.1616538874,6.517809398690494,1,0.7369023497075815,0
58,43587.51047386377,46678.32624674118,0.0034535648467018897,2,0.4940564937980847,0
51,37849.581801585795,80776.59436502893,10.911214351232639,1,0.31641612311112355,0
41,35680.65553632115,34767.70006927664,10.873724433383751,2,0.992795734853987,1
57,51700.917204003636,118590.84054973614,3.8967718625148837,2,0.8760722256075779,0
49,45210.89812468833,153222.81040703176,0.6527008749032328,2,0.03782254958123632,1
49,44537.35712561495,93947.92539662308,5.570748781106295,3,0.5936540301583809,0
47,76986.47855621479,18951.997527317973,0.7416048952947941,1,0.3545687311847483,1
69,80760.32563723267,151082.54175288387,3.541782809514324,1,0.03740518904219814,1
66,17799.56654182007,11185.05192171107,0.49153818436393626,0,0.01129702692911938,0
30,56551.85462285915,22702.261103847937,4.446605255417294,0,0.5837577825044918,0
18,34462.758027572156,91083.08062526406,1.9141363801923925,3,0.3201306593601223,0
51,45034.97772277813,112589.26228377495,8.889028824897764,1,0.7033162064713564,0
32,56185.56770253389,121112.3749379177,8.045842898747392,1,0.4544212862289887,1
61,45745.60166138161,96693.02239767634,30.0,1,0.76649755924534,0
31,54609.19761255266,188002.18825674287,1.4886834200526868,3,0.8130652346751994,1
46,63459.40412063835,103258.41705416009,0.3189664892516062,2,0.6572344050107249,1
51,55891.5360108064,151733.4050876468,2.9259795054934306,1,0.4179726084710915,0
35,37063.27391664753,139347.7282047349,0.43543872661847005,1,0.9884772503451602,1
24,37416.00786059353,35356.31338977352,0.9831149732928635,1,0.3066853807381784,1
46,21205.894067639292,91513.47563572392,4.547818810795945,1,0.5145793344442002,0
48,32921.594049585634,206166.02566405095,4.484044350484487,1,0.5204041024226013,1
42,89241.36723797055,74782.45730298714,0.22147069037633652,0,0.42833885126114535,0
55,34159.92851809511,66268.97378216547,2.9250952541722848,3,0.12141531911543946,1
31,26132.423751123602,108528.77907385111,3.7774399826918663,1,0.3539420922201969,1
25,56398.55723689547,76574.0035369974,1.5600393867248523,0,0.2151897459015828,0
44,47792.704814162804,60314.771024888076,10.28031215191482,2,0.8998571930301091,1
19,46088.135263015494,75835.83028512067,0.8783107853771313,2,0.655375083009388,1
34,78180.9193282418,171600.4835684313,1.4644902938133686,1,0.28781418405578063,1
54,60982.533511167305,93169.06542612138,0.8539084794640026,4,0.5657326232174287,1
31,39400.141365930496,33596.24836226441,0.6195838585869811,2,0.8532075221602474,1
42,41510.4816481644,24412.67309559179,10.558963575912081,2,0.9344344946218938,0
47,39948.269721886296,210340.2466027235,1.62767548440766,0,0.07503556290024427,0
46,67494.79243160514,88833.28152829489,6.410104530914068,2,0.7869085016563581,1
37,43837.04741093725,121728.92504827092,2.792927242183497,3,0.9663080911232607,1
38,14136.929950916987,61431.13868301954,5.051269456680715,0,0.46724580223724543,1
39,49033.60642531311,116049.2984635708,13.167696641183987,0,0.9955340100218663,0
52,19259.479977441417,172966.4825800766,9.309017334019932,3,0.9570779908611283,1
54,93684.61203509803,67386.84081281227,0.35740692860956946,3,0.6568913480909814,1
33,30686.64172305538,122929.33899742913,9.328188478666759,1,0.8476113996922372,0
67,46762.704692845386,29712.686205480597,3.005789957371898,2,0.29656311778805655,0
66,55164.054694022736,201143.30591833958,2.1550356821388927,3,0.91746365032338,1
60,44226.8367864154,113426.79651222874,5.579625350586046,3,0.5918891102026382,1
34,44199.391970676144,79360.30778238541,14.999492009060855,5,0.5096655880504019,1
33,58436.54572321754,85106.29383569182,0.49432769980271674,4,0.8356617644905698,1
19,80524.31917592557,74498.09127428323,7.306749946948309,2,0.8894943785497552,1
21,65350.18163634595,77054.74179382535,1.1376911612075076,1,0.7012490668976693,1
38,79570.27757147086,1000.0,2.3912768899752432,1,0.025036283229809775,0
56,29067.61783812996,95101.71339516222,10.350348623865997,3,0.597206141701148,1
51,56347.252665107226,93006.06596971439,3.946079263870352,0,0.8216558963844249,0
47,53104.92104116559,124433.07686302386,0.34919819205604047,2,0.5452693386944489,1
23,57021.8258335347,73842.81267792368,3.546876232493238,0,0.9348586434767483,0
34,77524.63941271145,61448.18429294888,7.794719851200852,1,0.897317385856704,1
56,45584.21700415892,99611.25277735124,3.7632184396935338,0,0.5296762518057664,0
42,41889.93266891825,19381.59409547581,0.912943396214211,1,0.40383079275011613,0
22,60679.61594837328,107171.1593767292,2.9443058854359103,1,0.05507645074173062,1
22,14435.945448683051,6909.037023913959,12.90788305900312,1,0.6325977431042467,0
37,45262.95901755644,156040.9324415398,5.367705910687008,0,0.26596470522699234,1
33,47316.04621429094,134213.49778303877,6.5445653102001,2,0.6684523122055884,1
68,31592.827673861495,53690.70617879934,7.707413069019236,1,0.7987612374044046,1
58,71141.18022713154,133056.90066690184,0.4753648727619175,5,0.40869351074933935,0
54,28755.193653134316,105575.71121269406,4.3558287537089955,2,0.015584738423335964,1
57,47282.539032724075,49549.48844575701,2.357345057452677,1,0.8652534331639942,0
26,55863.144506459364,1000.0,0.7492282536392542,3,0.5490071082760025,0
22,77069.03122952237,115821.78417132261,1.1326812394311379,1,0.3147914377361375,1
59,49788.87130238293,60285.90764324826,7.597082872485089,1,0.6337960452278025,0
19,68723.07188256421,154748.47848480399,0.8806385235409995,0,0.6743941262397848,1
26,64011.907945542545,100701.68669409257,1.8728753347660647,0,0.1474667067997899,0
60,52469.15112338285,65020.86517513415,1.6764780134740356,3,0.6464015301727029,1
53,28209.731834530892,189891.93665452357,0.24926305237989044,0,0.2866869806714578,1
39,21308.382781913024,128822.32463015025,3.10095638756649,0,0.8036247988587375,1
39,52130.10802838373,1000.0,7.260671943858502,3,0.9415105797539005,0
39,39146.06252194773,75680.41156045668,0.11200843666168037,0,0.10266736774462892,1
51,68385.22183362584,30795.55039937883,0.5970236584237151,2,0.9173577974695066,0
46,64917.13036197155,60010.10311398457,6.368163055065953,0,0.9034459751228258,0
55,46307.780111259,92763.38005407319,4.501853044463828,0,0.342907617707507,0
63,26845.741521174612,117702.42542937731,6.280676487904219,3,0.028835515636407627,1
50,60214.71099214547,113068.28710567868,1.3074988979126454,1,0.663225386569844,1
35,29641.011077296993,153893.65382824012,8.142308189848976,1,0.3447111773880783,0
24,34830.7215413827,131829.91887543333,3.2683926840880084,1,0.19164749615472265,1
18,30411.68523569691,128737.34645627525,4.711915662721081,1,0.10856445584464891,0
50,47229.97956120093,110074.61615666372,0.483399381657027,1,0.19602636204589763,0
18,73403.84668141123,164339.94263629508,1.147264463067968,4,0.23746683243455002,1
41,49899.182595529426,84186.17284045412,7.4219153828352145,2,0.7958255188781415,0
21,41135.626151446086,85484.83656324046,1.2674238880009154,0,0.783819445782686,1
21,19487.701399095116,4721.3323513734795,0.4854729058776494,3,0.4944142064112509,1
35,61042.49169459686,152808.2021905018,4.5466163338052485,1,0.553325295268936,1
44,34391.907881427454,96153.71221104228,3.9696632902130107,2,0.9178165018645589,0
60,52350.35238316193,246680.28530856362,4.6811144323301495,2,0.9080401945431396,1
49,42915.62768166719,79723.36541187711,4.815673595141726,0,0.8286738030907209,1
50,66763.54439198875,104428.90647083677,3.4677097510011725,1,0.3742737951662155,0
45,46855.272159428954,127325.24768042068,3.4038595609185758,1,0.3665523977752073,1
59,48821.47290953897,44905.00135056436,12.896014028546345,1,0.8878826517486128,0
58,59714.942949109194,117927.38569396138,3.8165793389483578,0,0.9265135661610758,0
53,92138.80364526372,101733.07160285927,4.8025220773031245,1,0.7984546469315221,1
23,67768.93860717109,84815.59051615812,1.5528391036069022,1,0.7571360117351505,0
33,48227.87787302781,158630.19793715034,10.243328112892748,1,0.5581640142348605,1
51,50063.959812305766,54812.564104467216,0.12334953911884461,1,0.3383349011477931,0
40,39502.81079351131,113745.10565411107,4.073487593838406,6,0.24063256756750806,1
67,31000.085929606095,172733.21456925228,2.4213265884958215,0,0.14033830198818853,0
59,38944.98425867356,64668.91220218508,4.6304958329263055,0,0.7282017909462609,0
41,34557.02072576115,85155.70086538505,2.2327798326843133,0,0.7769788180968303,0
66,63067.36767591771,217265.22817359143,6.323710619719628,0,0.35864518443838744,1
30,28576.10284262028,123719.55325780285,0.10270485819095093,0,0.006041191040497607,1
35,76664.21122760088,74690.12616786912,2.603449234606285,2,0.9385962794597632,1
30,65040.927672376594,140131.2380039239,8.897087717716438,0,0.43708932215600205,0
66,50410.034587353366,71595.3224204487,1.4397486598765499,0,0.9745910477233191,0
54,50006.37222930136,21754.20379199645,0.2709657818949874,2,0.6773595699342673,1
60,38854.37380770893,168618.1972632585,3.4310969119799903,2,0.12401349639153914,1
56,55401.68822695528,44847.03679344928,18.76089862338325,1,0.3269522079852928,0
59,71761.84926417179,222585.63124986453,0.3315461010220904,2,0.6570502107780295,1
34,35936.87075488373,75533.38122688973,0.3631571978606599,2,0.6492528116952997,1
32,19332.158221625392,206663.2340780928,4.520780339926745,3,0.23198542571091707,0
35,64064.365097134876,31566.446573997106,1.438861801825587,0,0.1768568611844923,0
40,56487.31948487601,151274.67931331263,2.6401237016133496,1,0.2767907994368928,1
68,27596.02397117641,124986.3136492325,8.874722768192392,1,0.7868919822959854,0
47,35332.17258171764,141887.3112777576,1.10852720559354,3,0.24186980111220313,1
51,32817.91451899719,148401.13533381303,6.352342855546387,0,0.7017807245824325,1
21,35509.354619315025,75112.7428859414,3.5107934452261986,1,0.8699996101094889,0
20,43526.34491917625,34557.80789985008,11.767165717548478,2,0.3916223438595893,1
24,44669.053914385055,97454.11348303911,18.052560029486905,2,0.0069940391233536126,0
35,36984.1268986308,111151.51287925671,3.3175611842744877,2,0.14195773657962818,0
59,34836.723610001434,76407.76894222476,4.393133301124362,1,0.3118968672304636,1
24,45424.31312161237,113877.69850799309,6.849006428387604,1,0.18995422645305737,1
57,53353.830697191224,116481.27655873702,1.918572939116225,1,0.28951359983166924,1
23,43674.069272703106,54498.677672806705,1.285701941892128,0,0.5440419822621522,1
39,73173.34046682603,119748.56408452328,16.717261795646078,4,0.02108109952099324,0
18,60161.75428841573,86639.39881526772,2.8335894142347806,4,0.06428149150332318,1
21,18183.082862826082,65000.95498983144,0.00796046611931062,1,0.855739335195612,1
63,60474.55530827707,139368.75691119966,9.09210777944583,1,0.5223197373966306,0
66,62110.87965171165,61150.439415322784,4.577257436830399,1,0.9355311094229043,0
69,41305.30063751618,77166.62050476368,0.9229720652015361,3,0.003275609357907161,0
67,20096.04825393689,103602.5425093328,0.15301615720139025,3,0.00015119030072885398,1
60,50161.33518822272,168715.58103271195,1.7229021137916587,1,0.7395966045933604,0
46,49845.82697035512,109639.2038862149,13.147611348793136,3,0.4762527204847523,1
38,27567.075269336106,126414.41662373338,13.552102793578186,0,0.9137983463920081,0
43,20975.615674801287,85117.87320017519,1.8625953396314956,3,0.7865839592313975,1
31,48248.92907093121,96075.51878118295,9.037340820878413,1,0.5039626631646732,1
26,45338.456158983565,97556.1383240203,2.9155957827461787,3,0.4785240018717324,1
64,41654.692693552126,114665.31180085122,5.311566927167792,0,0.8111804263457169,1
29,48331.78530506877,85201.62134758699,2.0356615546269414,3,0.8037063723219054,1
59,27944.472523593617,166999.99427381047,3.6280687729674583,1,0.27694480972124014,1
68,41303.587742677715,81341.68807489291,1.7391384581063287,1,0.6746368598282019,1
68,60666.50061228695,14637.943239731627,0.31530799419002087,3,0.64320225364577,1
23,43000.59839297422,237139.83021850098,0.7505005584470652,0,0.8560844984455585,1
37,16560.550564148958,83631.5654528124,1.7172037634559825,0,0.8685795707982858,1
41,40546.15444552857,165658.48935456737,18.701660432529234,2,0.2682806417908603,1
44,28596.83072986279,170239.54209798793,16.858991540978735,1,0.8797424540950006,1
55,55342.72592923461,147260.7156125191,8.791527020349065,2,0.9245711215444203,1
25,56376.7480676085,90098.63902012988,1.3231234185807381,0,0.10963666554068752,1
18,16824.50749827938,114334.24099371715,2.9134178044492884,2,0.5737461643952316,1
66,65180.25941164378,36274.48953475364,2.8971539100698895,1,0.4364636808648672,0
66,27756.27397442883,199507.3886909138,2.446733488492672,1,0.40198470323538915,0
41,81183.64580964703,57409.700090866514,0.22959305685310094,2,0.7048293943046253,1
64,49024.47470998766,87304.95186295622,3.823509950307187,1,0.1295683601984864,1
24,25072.130029216754,104949.32435201254,0.3779946036915865,1,0.8199458090392607,1
36,27160.27858614637,94628.012258152,8.095388145792242,0,0.026599427601037506,0
39,56961.9058357469,67156.33588533029,5.877042431043912,3,0.5783008620511267,0
52,42174.00220203245,169716.9526027344,2.175012929206694,2,0.22535999946186924,1
47,48066.92180763718,147513.964174414,5.2083682428931075,1,0.6674689191948928,0
46,82255.60465394078,116102.36021628465,1.326583636130997,3,0.5254318938040661,1
39,36015.118715418495,80022.3472001625,1.5411253104477751,0,0.9997522309574156,1
28,51199.257153914135,153213.79359222355,1.8853615064296791,3,0.8623225414030845,1
37,78396.88974746107,76776.56836112172,7.9730322205580855,3,0.33663274193534476,1
46,55410.269509328005,178519.59201689076,1.1829891962718593,2,0.5284824290976942,1
68,17867.945292839882,105561.04577417138,4.136607927774963,2,0.31781205087314923,0
58,60107.780234642734,161489.07634863575,1.1186380743649214,3,0.7287934916541754,1
59,26739.942844331115,94308.98369082084,1.6776254020134744,4,0.42241313660564783,1
51,78136.1505746593,103576.65910204723,1.3425439215338004,3,0.11543776303298037,0
18,33542.64790004044,161271.05307293334,5.178253237731028,5,0.660803875832,1
48,109390.19015491329,209696.25759022223,3.740434992526509,2,0.011065047882039991,0
47,79347.51976655357,178018.34087524406,6.388081399666401,2,0.2972900769812118,0
65,34067.74860744043,143856.73096889252,1.2419442284395663,0,0.9071430684415634,1
35,50400.276100032206,129464.17164787982,0.04595320287106402,3,0.0941743111910529,0
34,65072.88563266927,74652.5654870187,5.705139748413929,2,0.5044257404622082,1
55,65673.20948453415,114761.48705527163,0.6100131446932776,2,0.7950884851701155,1
31,58846.72519952394,54347.54080016341,1.4138389992947387,2,0.9045021212903779,1
40,75043.1807393222,118789.1066842387,1.8241559540874164,1,0.559838296035744,0
42,47540.62106731261,122002.53303467868,6.867919260691559,0,0.15318140050314355,0
32,42665.646628479335,1957.7429265904211,4.916051235414461,2,0.9408574188305897,1
63,43062.72024150779,101936.93045958535,1.0183313339816855,3,0.749258845816954,1
39,67167.46463944254,120743.74495445527,4.5551207561890505,2,0.3956703575884991,1
20,57303.620806052924,95814.50714304889,6.15754218883743,0,0.2769807412721368,1
36,55825.67331380513,117902.44194282853,2.462450448780361,1,0.0477164894087565,1
61,65904.68498514364,32913.88783218429,1.41150232342534,2,0.19143116564577012,0
51,10000.0,61206.78472198706,5.681302451800095,0,0.7776770633924739,1
52,56201.37647750301,151746.90815819663,4.719481416585031,1,0.10862763225384708,1
67,54371.377777474314,100028.58328228885,0.40557393577743917,1,0.12941253469980973,0
18,83376.1616260141,116993.94906574543,5.493256050634013,3,0.19593270194196022,1
69,19428.24035472666,72673.94196457106,3.352213767557972,1,0.39534172985244953,0
38,81143.73264753516,100974.70116384282,6.999309060308029,1,0.18907114561022753,0
46,51508.18257849332,1000.0,1.058036390444805,2,0.9043035038887705,0
23,59779.7906132009,142300.59692103832,1.4934887334446636,2,0.25765534886755737,1
54,83518.37575218754,190396.64194762352,3.918782264890837,1,0.9194876124640977,1
18,61215.225360111464,46749.12253926796,3.2863287203762876,0,0.9849430208509203,0
68,58007.36578925122,52983.3906245216,2.4417779741240557,0,0.75480335642126,1
18,54845.82371604637,122043.99491187412,6.852760898690569,1,0.007437059562940496,0
44,40330.43730011246,173693.9645253373,4.159191464117108,0,0.24002011756654384,0
38,49430.21750979214,99895.13413085276,6.194061114412005,1,0.26733341374587327,0
33,35689.74467754503,38534.098959374795,0.8317782386572199,1,0.5427545883895007,1
61,49108.66201149036,89569.13816810635,6.527966338451371,1,0.1583937029844661,1
57,10000.0,48503.39598441037,3.095099903886659,2,0.07721515309439764,0
43,58580.79135135097,66557.68535656118,0.1717562070509178,1,0.17635774211100652,1
33,47565.25492432749,84797.94504233418,1.336075153145654,2,0.32735196637821895,1
45,43275.925266664715,53533.77058791864,0.13046947731438613,2,0.04920997005779759,1
18,54395.16167880286,61104.713791271744,3.052074514271589,2,0.19536423332335673,0
53,21328.721540691186,103726.70001111217,1.971733935890517,1,0.1675199659883202,1
27,88585.39993242564,110751.7906068615,21.88999773672983,2,0.7723593266765763,0
60,47944.65077024801,28800.983308951647,10.143898677555834,1,0.16957400186202243,1
34,47083.11134055621,119819.08612546686,8.734050796901494,2,0.7915395251108256,1
40,30692.075797341553,80903.30684343011,3.476913878520463,1,0.5081821520496699,0
24,50478.92764898523,136013.07617763046,8.227592786948795,2,0.7578541795241445,0
61,77739.1978054656,139024.87603439298,1.5521587930624001,2,0.4503569056968747,0
24,70718.32418864068,72772.94095224756,4.112288529059934,2,0.9010551746190346,1
61,67088.75502281112,130707.38470188665,2.4954575372190155,2,0.27651868239851796,1
32,60927.97903334543,58152.1980150585,0.9397382371525564,1,0.7668068515710595,1
51,42829.149448747805,166188.1031417645,0.37692394975439314,1,0.16342001311992538,1
63,20996.736659265964,60043.189957176764,4.084697990615237,0,0.8826444415794094,0
62,45979.224562667296,117637.48043127565,0.5137038336608103,2,0.028440897469789173,1
21,45282.57070932646,90619.542767786,6.329295946301413,0,0.45743612285330004,1
31,70975.88879342482,49155.274288119945,12.721275949508065,0,0.4212582790901227,1
31,56187.8088491964,145045.78808926546,0.8843190454243162,1,0.6237906851048259,0
33,82246.23055807097,69293.40955666045,3.183253725938056,0,0.44093335955088087,1
24,73949.7708007635,14996.39175108468,6.711858081241808,1,0.5889786719943285,0
49,40870.087809918085,1000.0,1.6902450225642034,0,0.8617029528901157,1
36,14097.41606760263,56247.765278601466,12.676655480221068,2,0.1420285248490737,0
19,77711.50467882962,168795.42096494866,10.967109233596359,1,0.2441473194415833,1
27,77187.70446461489,162886.923375183,0.54770373514774,1,0.802819918697428,1
67,22675.76818195548,64070.0798826234,0.13891073053967426,1,0.22806397516490784,0
34,80184.80039655001,81277.25426493103,18.744948674255017,2,0.9056539959643195,1
54,57642.34341185036,76754.34622219886,15.672101812261266,3,0.5408113472319513,0
29,53213.70996251306,33328.39272752157,2.7433782890178544,3,0.08186432968529644,1
23,82295.66508494655,52558.40641883285,0.25943221504273534,0,0.020660267446522718,0
39,76893.70346461229,149057.47597003926,4.823146619879627,0,0.7629045840265206,0
49,63026.61903990408,125194.39356897003,1.736524242086666,3,0.8563508320414821,1
58,59464.34131623966,113654.44292649445,13.801165789864742,1,0.23986459866727217,0
37,62327.885810607186,33242.66941695707,7.915487560576732,0,0.24077990415370332,0
18,41998.85132234948,105035.16070169889,5.243310903660228,2,0.9541021042375208,1
64,48897.97100535358,1000.0,1.67389528688744,1,0.6561871366672973,0
23,31953.656908109147,142140.13456302666,6.041051841351117,3,0.1676141123515944,1
36,43339.20448522162,112928.74503685709,1.7065976964818865,0,0.448586941340694,1
35,42667.32242662134,32738.377395008487,0.19178654755726446,4,0.9104361156531667,1
23,37293.89260756671,180821.277874502,3.5508013050383074,2,0.6211741953377214,1
62,52734.93005296926,10191.767041570929,3.353842750335316,0,0.40746959975890584,0
50,43520.38298598846,126515.30911248011,7.1986017040346635,3,0.15103350002670501,1
40,60044.69440703948,127758.5884489331,10.03742360971805,3,0.7260018443355478,1
40,17553.587734124692,38016.47803237597,2.188406264959609,4,0.2763628891377917,0
43,47732.90411785401,98107.46545949415,2.984396481174889,0,0.5659107071042437,0
30,52631.03280354991,18158.607892356842,3.1781703336990197,1,0.6001402001974958,0
24,43787.41520326239,1000.0,1.9594687182533952,2,0.5554494819227455,0
32,46552.146003815375,46606.18865341707,6.800929339738898,1,0.24649279157678772,0
61,18295.079785402853,69168.75288690015,3.691781267155106,1,0.7082745942193351,0
44,57129.54209338984,132212.80904053958,12.264469318078133,1,0.5660500056724631,0
43,62952.11965134141,103370.404253041,5.253552193172758,3,0.4036829300104757,1
50,59870.74588407534,104677.2729693073,1.190629636501734,1,0.05213085257054084,1
32,70774.54118884366,49278.918835820754,0.9004720860397484,1,0.3312637958482837,1
53,54030.59211565004,73499.43479793068,2.329136514578348,0,0.3524475078825061,0
62,59573.62361301874,53503.66950654195,2.1303283012744627,0,0.791163365234069,1
44,53121.81476913705,38751.29964850959,2.613916031601,1,0.5134470674111404,0
22,63751.01439184988,70315.02865063713,1.0141995510680877,0,0.9321188647048215,0
19,18455.407277357557,103725.61925481669,19.134428798700426,2,0.7507298713185657,1
50,32128.380640439784,71368.07402878984,0.7874214925579619,2,0.5380046487133964,0
33,81737.99314066183,83824.86652875136,5.287094164570832,1,0.16888580554745858,1
40,10000.0,134745.7405455695,0.06577694492168938,1,0.2210332016371953,1
55,47196.44140349312,74962.27906546483,2.6124758973832742,1,0.16007936745797635,0
33,73445.49919216137,33301.66845060543,1.849404507891617,3,0.44285073381290807,0
31,48134.786689164706,128172.67608006197,2.406533446057075,1,0.7225248843988876,1
46,41899.77857098605,113292.48242541423,3.446546222070626,1,0.7593248252233605,1
43,52588.43353630601,116432.97490861572,4.58614337708251,1,0.09615122997039727,0
52,42937.59639995107,131291.9328767855,4.379480280739462,1,0.4959108358558182,1
32,50616.98985513878,122832.07636539725,4.98091487056432,2,0.4814406084751083,1
20,36332.37926959741,101436.4346235652,9.307081173019377,7,0.43888665231617097,1
40,72173.48839911449,219572.63314260464,10.889337700090111,3,0.30121599755578654,0
46,78465.29842131321,35751.56268490228,6.682767065649065,1,0.4758080619107331,0
51,47332.19355776755,70679.13607557208,0.4111626671376143,3,0.5166067284901026,1
50,22270.211586175134,148366.71823390835,16.25859548229762,1,0.5996961664746058,1
58,39523.136593732095,107129.31460477872,14.72501389332696,1,0.37736516727919167,0
58,46320.22679794072,137896.15170056192,6.218834181094478,2,0.9451006354152028,0
40,60110.77753806416,108487.82147684357,3.643240446440734,2,0.3388386606575362,1
24,29839.73553658644,168702.82755799906,1.4425344515085432,3,0.8950509201298846,1
20,34616.753627156984,49624.45721833772,7.060135932447115,1,0.8012535188291242,1
49,60213.52275717615,167122.99447033548,10.512944071983716,2,0.46527070697693274,0
48,68778.17664079115,158549.82466021331,5.470924533368267,1,0.4963123796693958,0
35,37568.11909658632,39485.544288481,4.958745057245222,0,0.869861589065789,0
60,23335.65892098008,131533.27049438364,1.072187202162548,1,0.49272500717874224,1
24,115682.36402575768,97848.00338817053,2.2142504148771764,3,0.6793795737963396,1
58,65666.08474177428,69670.8990440468,6.421148350235376,0,0.8093028881598029,0
18,44659.924764659365,5569.040514114022,0.08521575890750836,4,0.9078812162556511,1
31,67380.6255106168,49459.31644413416,5.125846548712104,1,0.21816416309582753,0
69,47510.86740571156,135405.60700922945,7.2765140424317565,3,0.9753657706232869,1
49,67343.13778200373,140692.06346302785,2.0376197774341223,3,0.9653335698340442,1
23,53187.863955524444,89464.47597119142,0.3961239611255628,4,0.2973549685746222,1
56,51825.43796335146,140849.25715716422,8.549590085808049,1,0.613728118653688,0
27,47728.36263538423,147263.00389470687,0.7648051107492361,3,0.0469179509555,1
24,21052.373330738203,107731.99793131737,2.3165393276959327,2,0.1678273401068222,0
43,88761.89798786279,63883.318807489784,6.142251495186995,4,0.5838171771602831,1
51,31169.32159464513,122052.70564078224,8.490962794306597,1,0.6501062406179589,1
47,22799.52847378811,124349.23538294317,9.916364778912447,2,0.5346029802897474,1
53,45742.80234487265,133697.2195175155,3.779553100955046,2,0.7047221577002277,1
38,30770.563729789865,143270.16350011196,3.2300938527055303,0,0.7928907651082477,1
34,48965.74418879458,31891.771403938925,9.429821442437488,2,0.1684578257643382,0
50,63755.27697123538,74503.53773171289,4.139992591615592,2,0.6596172455510636,0
27,69906.05801058446,5068.932715609015,4.321465827652513,1,0.5625982367489871,0
68,66294.61443243363,137349.80191776736,2.8455707443571305,1,0.1175862429196084,0
64,43887.3589042864,89384.4276009792,2.3325604342694413,0,0.22860448977814607,0
59,50991.83655323172,121540.70353487076,3.2748355943468233,0,0.41966901840110393,0
68,58157.58101794982,26216.06259049209,2.269450707586734,1,0.8637584357941456,0
29,14844.251521158549,170049.04248465254,2.1045167084704257,1,0.21702578091808522,1
33,61411.69400239719,40283.04176903625,25.307808022227555,2,0.1829236922016073,1
58,20854.01424832337,138728.16521912295,2.0489735421164994,0,0.7209517278364723,1
49,90806.93197812978,105897.50854462708,1.4811508345437625,2,0.9757929428333368,1
32,41909.698307166094,90527.86112369105,2.1841913705975364,1,0.4473287576737668,1
44,46302.49645610817,86491.9946693913,4.467528231628938,2,0.3501376144133159,1
45,34605.85801524289,68096.84953419349,12.095060115439884,0,0.2539405893195755,0
34,37400.599362886205,164759.8088450384,7.752644399887921,1,0.04974086365929986,1
63,95481.8713828648,100630.64171761213,9.233438042306583,1,0.1784141215317625,0
67,68807.39377246595,36538.92348233899,9.795282295742892,1,0.09341506621846762,0
19,19015.951097043235,80801.98989825799,12.661777545697966,6,0.4941015546897811,1
53,80084.25801370459,106416.95136014692,1.339862822023162,1,0.9781975269540786,0
67,73864.84550282863,144890.26407226626,3.0658241985031855,4,0.7874024241707718,0
24,44375.75075423423,69769.01397413964,2.432272359529882,2,0.6016900835997517,0
30,56133.938840596755,73111.17220977262,2.4053390174380866,3,0.48663826974531266,1
32,49701.118411578514,101171.60635737027,5.281841113366315,2,0.6171819910319083,1
42,89451.59808893866,143671.2409973663,2.5691762433828975,2,0.37602664307663347,0
40,34074.19622015819,31562.27322019852,4.789866341068596,4,0.17838529364491473,1
39,52920.21219551454,125267.73154958729,2.4085948429726574,1,0.589773653598977,1
43,41437.09338014391,76796.8734935672,1.863500334831996,2,0.5281032890016618,0
50,21339.191907642915,83778.37091257567,2.177641391082571,0,0.9445366878186461,1
28,93832.76510109974,200078.78725648744,8.142009385881142,1,0.6498328470640565,0
27,26368.668417951754,90176.53877242372,4.5946089031079875,4,0.7734305088642885,1
42,54402.58374975552,137734.687515429,18.247857765464776,2,0.0927017158854716,0
54,15185.987872393292,135945.69186016743,8.938525288759175,0,0.7609370005985087,1
65,42018.589215138134,40998.80429507467,3.3255263627945646,1,0.9828488371354669,1
60,58439.37642866915,7730.283738854792,1.3878425046093856,2,0.6574955612425847,1
55,33505.32040995275,141049.10462084552,5.602895686276815,1,0.7420837037153513,0
58,61736.0370147131,45822.69037757406,6.484938602041453,1,0.9795212463244544,0
62,44619.17816223835,16790.852271448646,3.1197474616384953,1,0.3912747230610417,0
41,73201.65024797225,151308.1107422099,1.306318212540044,1,0.82417851348275,1
57,77235.21826680447,49028.663311220356,4.073618086326421,1,0.39969252823020796,0
63,38265.104785399766,61374.1262157803,1.4640041036585507,2,0.4259186166667036,0
50,51534.657187859135,198718.65775446477,14.066913388302147,3,0.6582418849306266,1
34,53669.084529444655,17013.23193092145,4.956206325637201,3,0.2564191581887759,0
41,62386.98590869397,37185.697929653725,1.7260683913786743,1,0.9927818195261155,0
54,50287.63992488531,77015.09287630397,1.2150140392015645,1,0.32923156683057464,1
19,53804.21918685685,87987.1580082789,6.30665530922747,3,0.1228499614898968,0
49,45131.87050409761,55312.73589411734,6.151468914053551,1,0.32255405700893136,0
41,52304.79733944037,42067.24513385418,4.5457344438259435,3,0.8559662302890301,1
26,75958.80387070266,175499.71622159655,4.76349035870993,3,0.31392803770534894,1
21,62921.66482423709,113149.30620523577,4.630051607424147,3,0.6113556149131265,1
34,64025.11278886738,129258.4372104594,2.2322437566715037,0,0.9353202108239846,0
34,64461.406482711565,93138.7411720732,13.8561010959348,2,0.2599660564467252,0
67,46923.82444237929,114472.74744295682,3.26269930232699,0,0.1313653280757877,1
65,56376.54087159061,146645.0830554795,0.10268677645601347,1,0.09684824986311891,1
47,28296.526433285107,50185.04927273326,2.1413253840076085,4,0.44036820042360103,1
57,75376.15312633914,113241.7998258991,0.6979346156832932,1,0.10428670262294082,1
28,10000.0,134802.11567039456,2.2579415135252163,2,0.4538084074702722,1
38,48257.0321532915,177239.86731921302,4.685816340800045,1,0.8627169391506204,1
38,72817.91954300548,197394.54899008805,0.11462630830233579,1,0.7774838280386318,1
35,22722.64132741317,103492.98984908807,10.20882283692574,0,0.5817008534408054,0
46,57995.59835233702,156931.9474843567,4.712007327989231,1,0.8504225061183095,1
41,36384.67106841946,1000.0,1.7504254969691802,2,0.10027004793190819,0
27,42623.93469622263,177614.14546883572,1.8640591870065069,1,0.6094176959666173,1
62,68918.81921278876,63705.81691395982,3.133691203571691,1,0.11564137092595628,0
34,53961.138517703,87945.12755060545,1.425705224670797,1,0.4821394112686147,1
35,10000.0,122055.22421835105,0.021756906518052954,2,0.46346237737297646,1
59,30471.48920536803,92327.88163422431,0.13458233954173893,1,0.26515536493123404,1
65,69506.7146977752,109822.66897840673,2.213815595573872,1,0.8298546375176221,1
37,58978.85436385995,179384.64841130716,0.6632113777948373,0,0.22822766593623156,0
54,84962.71145048569,80788.99773270143,0.11308766785036159,1,0.5518942462386285,0
62,83652.95188026594,45653.809174972324,9.804534654983541,1,0.4822613450314759,1
35,43155.097397064164,190673.19286492755,1.6019720964757762,0,0.4316522112623795,1
34,100064.75610138976,126338.21085023388,3.497059587215711,2,0.033542148177933884,1
26,50489.59339703822,196111.94876567318,0.9886528460883005,0,0.6967338593004858,1
31,30746.62931181949,143181.4955289452,0.2392591270146654,1,0.01268534332773541,1
66,37327.202681788454,33820.280399328156,6.829837777490617,3,0.8205472041487557,1
46,10000.0,132269.23358784406,0.6674104243253275,1,0.2663945867913571,0
48,82140.38016498562,50802.596705872274,0.13026681477552504,1,0.12000543154907206,1
21,81895.23978087728,100371.59012198335,4.424327685720814,2,0.4170406753494731,1
35,29689.85122373358,96214.27981961211,0.0677954135902743,2,0.5593605497129833,1
37,45442.31423236188,19116.809768347186,2.866040751968545,2,0.3103626585916055,1
64,51912.15088225155,59359.475521910674,1.704261414515689,3,0.12178477294551748,0
60,30792.938957157727,210259.365007955,1.9240347119303474,2,0.01832727395037914,1
61,14897.95937457677,111918.87024205823,0.01953332099520871,3,0.7038132429104996,1
26,45792.84792446176,91220.19326685238,16.669480954894574,1,0.8864357936624375,1
30,43578.41141081506,190644.51099704628,3.6383111793684284,0,0.10052105467975803,1
32,42231.7751802245,80188.23449654157,4.249146861960685,1,0.23063376659489943,1
44,54454.32125201929,95428.981901544,5.484905372788155,2,0.020229160348111397,1
32,78590.39317051985,149540.14280614248,7.985615041741169,4,0.885066235149491,1
45,43938.145606165475,79963.2100691825,4.68130809956889,1,0.44473854923937794,0
54,53408.85997442726,62673.963032374944,7.181586639751236,0,0.9251952084247039,0
36,64537.410474898716,1000.0,2.977700878420803,1,0.4680993303350859,0
43,61082.858530254976,53175.08433086193,2.3203077155317393,1,0.8621831063595694,0
69,37711.52951104316,52698.61270051934,8.661811860880333,0,0.9517564282515757,0
43,51927.54246228072,107928.33477343048,10.02391664540941,1,0.3351516731220523,1
42,60950.79640338107,69477.0867136112,0.7413787623801459,1,0.6407110551843594,1
43,27432.973249784445,207900.9505428598,3.9116429550505547,0,0.6664200030428143,1
43,75270.78021593016,47118.5534882597,5.7544107800996604,0,0.021408735195126982,1
63,78631.77810428222,170032.33434287025,0.43650474891510516,1,0.43822916479627516,1
45,35544.394891110125,110987.64775637745,13.267584000590539,1,0.8553278398717652,1
66,53873.400366963375,140338.70178561946,3.67098947197579,1,0.9462852624718432,1
35,62845.565133420634,137300.9797367935,5.184634099098745,0,0.8992208737255379,1
49,39087.71687342494,1000.0,0.9815512075912464,1,0.9728979330775386,1
20,59632.27691376189,99422.36605117214,1.5355797304266576,3,0.6530418624530575,1
19,53265.11252584331,86888.5931383084,0.6448588273155419,0,0.2327993850775102,0
50,20641.636447223984,43351.095265436634,1.5326171182160233,1,0.5753821711322221,0
59,59183.226319571164,122981.30186079342,3.390275853043106,2,0.42114395661699633,0
36,27997.151674579283,185827.01579387358,8.967693238858686,3,0.25865257548217835,1
34,68784.05703324094,1000.0,3.8148814546326815,0,0.7727861447505168,1
61,36575.77849732222,73276.51620791396,1.401636580377352,3,0.6291987299165052,0
50,46774.2913267771,37711.69179431886,0.22823618489364414,2,0.790104208421211,0
29,77445.5782689315,103588.89131188467,4.863906436792583,0,0.2694906678167259,1
66,59927.6329305769,83718.9358425002,2.725014492823547,1,0.9038845456183244,0
20,28410.521608509094,69716.1393621411,20.787657367442236,2,0.23871373991917177,0
60,29701.668584018327,134475.34141645295,7.565184489297834,0,0.6019224137796256,0
66,38013.94422752549,181809.06505285494,8.260756891872896,2,0.05689466339973481,0
43,57892.88166713332,233065.93258789176,0.06155243470448141,1,0.5409642684142519,1
52,57165.996298655366,63018.54757657061,7.520781989825213,0,0.09872340981853334,0
25,33137.953906742616,8956.222409096532,1.0821637874494774,1,0.33221489497981105,1
69,26655.81028771282,127959.821703917,4.406981822832299,1,0.8606892586975833,1
53,55631.668101716685,180524.23676616017,2.965799525522357,1,0.8935273151405528,1
24,46362.798684196765,140684.4983520364,4.23853464362751,0,0.7672985305134441,1
63,93144.31774895475,180317.35197651555,0.716140005295308,2,0.3677037919043633,1
63,50732.07313126158,88725.66646989404,3.0522324859730565,1,0.5787228149892617,1
53,86285.0565540055,69521.27801134359,0.1882221476552728,2,0.2239789663995585,0
33,26592.3280379132,105771.7953700656,0.20931762195257828,2,0.6783491951442666,1
41,18535.741208765856,83472.34063165558,5.360895677134035,0,0.3474030184011728,0
18,27598.29734948931,133154.70106701722,15.15145021683196,3,0.2209986019213953,0
66,73782.59562906933,148488.38890017456,7.51173514449086,2,0.5849703578998694,1
42,85122.03179387067,152404.1832285943,3.1664333642780322,1,0.11180219136755609,1
27,34356.410920947324,125529.6335402195,0.28746097171076107,2,0.6866989806168523,1
33,40788.67940480885,112291.11633376498,0.23032518815977202,1,0.18700542492868544,1
33,26620.381795750007,139721.3344625424,0.859236584983999,3,0.5534553609831899,1
25,13767.203057632258,1850.4046173639363,18.60918393452852,1,0.3925084859521729,0
46,64368.233955532596,110528.53761669711,2.542982770287284,1,0.566244710769925,1
56,54460.406059243265,102623.90285852255,9.270535300959182,0,0.2459618697737781,0
45,50209.75965347751,110654.01979857773,6.106314415712578,2,0.3103893187937137,0
23,21998.8692567324,95618.82268728844,4.649776582782288,2,0.1403210943067168,0
33,82799.13363657321,121592.7746730808,14.765865662493443,0,0.7769656454806623,0
37,39932.86523901054,71269.85392329923,1.3094970716589356,1,0.07011202473026712,0
33,60672.52849632951,156476.1714726815,3.0338352531246833,1,0.3764345125462525,1
24,20908.77189510551,123682.4888706737,10.002152485616044,2,0.44909678962388344,1
58,46189.49620759925,107534.29289419304,4.012146965054139,0,0.19520621181400089,1
31,55827.48912477168,65124.17146819401,1.4147672808429288,0,0.38482161553333694,1
60,56541.50436106615,140765.84426039527,1.171758245440217,2,0.4180882210916229,0
43,53092.9708647325,110332.98492472456,6.989426406074184,3,0.22433039098565566,0
43,59890.44984097545,62225.83032315417,0.06435688074824447,3,0.6392557420746283,0
31,27389.590879340776,97166.92287933808,12.278219693946856,1,0.030854005302240917,0
24,53947.4521087932,131454.130962062,0.09294855527041154,4,0.1975646638392099,1
50,52275.15366960555,127578.67694099125,4.984644760660123,0,0.62407497146158,0
43,54633.453683901214,124350.44839040775,4.64115822631938,3,0.627527440950092,0
62,51446.904346383635,104626.56958705386,4.31862365737849,0,0.2652625989178734,0
37,24535.74452173205,151290.97666509484,3.2155323348556015,1,0.683049239003955,1
20,23644.004957820525,161889.8251905805,9.567274469777105,1,0.46978881510684833,0
69,10000.0,136866.13078377701,5.384247188309682,2,0.5272466624530473,0
21,66350.69019690595,70627.43625721463,7.613143397065365,2,0.33261036327484206,0
43,66553.15019470398,47096.91413547412,0.6137870956960563,1,0.9842723214881153,1
28,66871.0058244424,72803.01165142033,0.25593301333048063,3,0.7373872269828269,1
19,56135.799249229036,197682.83739883616,0.14471677932598007,3,0.2484298995173838,1
31,10000.0,114084.79569136768,0.7961862210434374,1,0.23656327959021195,0
61,29465.790164294678,206322.09137631924,5.498182418700582,1,0.7741734934903923,1
47,53408.30835186224,93990.08282062817,3.4063080307745834,0,0.3880109205294222,0
66,52710.36005583591,87059.31647535393,6.976721062106293,2,0.09151195523738642,0
29,45545.03573695957,96297.17316779631,1.0642976724229627,1,0.03559991298457299,0
43,57378.344058164934,95391.29599733482,2.2861323651481484,2,0.41395601664594084,1
61,50233.03415370491,61317.45440661379,10.968543511104594,2,0.4147080449644791,1
50,52415.40931102724,42557.58659166615,13.722109473070121,1,0.7068567021226201,1
30,37218.69334335968,125066.83135904315,12.737900475613149,3,0.5747716552146234,1
31,69640.21972243181,152745.03587986817,8.527130325571502,3,0.7701201344673763,0
41,41384.56782639232,222249.06503332008,5.827541991239262,1,0.31775223944799824,1
51,23387.018339587474,78314.35466544887,12.248347805288331,2,0.6242514724903185,1
61,34580.019743625424,82367.22565679625,6.261993031487866,1,0.8857027876032956,0
43,43030.676172760395,61438.53527744913,15.38864472345205,0,0.06928705375848354,0
38,69880.05576737694,156286.37146867835,0.12550368099646783,3,0.7084513329125977,1
45,49154.64003130414,140749.37273981323,12.732341528197962,2,0.7158830112355383,0
65,46277.03562068702,56153.27090627368,4.056732545839051,1,0.7940302901938885,1
53,25026.73150474745,54890.09565135284,0.5927790248185114,2,0.269047319783027,0
57,65709.65179659153,147625.73792979488,1.2097926770279708,2,0.41652088734032333,1
19,36960.956919532284,119159.80756042039,9.55809913725685,2,0.2397083453457749,0
59,47999.44282117328,137919.4356505572,3.5272827026276765,1,0.3085818901226971,0
26,79603.6615376373,55861.57608305435,20.319384310981103,1,0.9685084924838729,0
40,60175.26662098609,6113.756804489662,0.6251587117987136,1,0.4456540076350344,0
32,17434.91904569651,56251.7491659915,2.659424644907122,1,0.8485524473405119,1
30,14609.795272950556,134388.33650056133,2.0163958182385873,3,0.7948798539834896,1
40,48713.79099761508,205552.89893174457,3.6297511900234247,0,0.4445260301772762,0
34,25745.1877025039,78526.80052361959,5.0179355501326794,1,0.9921791308323943,1
65,62970.934952659954,213792.7940938433,5.418068697516473,3,0.8407805189478531,1
19,50845.261299299586,141490.9883745844,0.006483601451245466,0,0.4826950598935923,1
37,53307.69538047726,30348.384914558686,0.4658447551573031,1,0.30970568111389263,0
37,35865.13636715294,110701.69189055159,0.1784666434867763,0,0.07529455133044427,1
63,84827.67310573411,143198.71392059303,9.997578071137536,2,0.46479990505418334,0
20,106851.8745602092,1000.0,1.8792324108022318,1,0.3600099034288312,0
29,44428.305524865704,132222.5578956691,2.286925429970059,2,0.7113768832415304,1
57,57060.78496830002,158636.05899115562,2.992561133771451,4,0.019678364273467364,1
19,51948.34686128625,119943.40620655716,9.462466763156215,3,0.8314476676241914,1
53,44806.26273117863,96913.93946592884,0.07133780131592127,1,0.4166281377914197,1
31,33358.59064534407,91353.67084992965,0.631322300725221,1,0.4697325820333068,0
33,28300.640250390457,88433.8836154089,5.778503111762361,3,0.18279017790857932,1
36,27288.054689489516,41201.00981164454,16.60627653938902,2,0.9374821017747061,0
51,58104.80051098291,65623.80840475163,5.147107082081124,0,0.3983871985863573,0
61,39606.510435927295,79170.29771739201,1.513122235250345,2,0.8427247976696562,0
63,10000.0,105674.71731128711,3.668433874654979,3,0.2374534573282553,1
23,58897.16441196645,72159.26211714667,18.440493910874793,1,0.0966569964908447,0
30,49234.774350716885,56543.537875103495,3.754692407400591,4,0.6357609698792841,1
53,76933.46002802292,137988.54295629228,2.338093415286427,2,0.9844164898994294,0
39,57462.44794182019,118530.6985973928,2.4178810457423268,0,0.6469415695563703,0
35,20426.528073794056,73038.52316052165,17.06131822633083,1,0.6087131233382541,0
29,10000.0,125313.92357437937,6.345517979335331,1,0.44223071802466574,0
69,35610.55231324125,77342.10531570326,5.810522476870698,7,0.2838012948767852,1
47,37497.85158612695,103153.251474406,1.3201813985210298,2,0.430833257591122,0
68,68863.18402000333,148752.20273614334,4.099049798352371,3,0.1489569452134798,1
57,49822.58135420853,69812.94534168683,2.2060718172221594,1,0.26190676535659274,0
24,72673.76996197017,41379.41960831285,1.373510232308379,3,0.4873854202791492,0
49,23503.338885947305,92743.27084893292,11.295343387119974,0,0.14479555968587265,0
65,69305.28768760896,31826.7491907269,2.4156940666222853,2,0.7915318194336264,0
36,64419.78306861839,86127.57453245122,1.6619131895065573,1,0.01156132010208677,1
23,10000.0,85968.12603432716,13.420720948155868,3,0.32159342468730834,1
37,76452.35682521545,1000.0,1.09916018004305,1,0.5166514604239306,0
44,51869.169835327055,126531.7581872255,6.8423662181306995,5,0.9289478038077232,1
60,57840.89007737012,90865.51166593397,5.2885103704821725,0,0.5734522093724109,0
54,32702.077751431545,159094.8226385968,12.659012034853916,1,0.2949039760148894,1
65,75504.94025843946,110776.59898970413,8.92035959853316,1,0.35219068734611947,0
24,26282.953415222604,136780.4285157774,6.108905812470688,2,0.33915895019285247,1
22,66641.84036747892,159501.93766035215,1.888556616477865,2,0.18036937957621568,1
28,66412.14951817342,93414.14586146269,3.4216211998180306,1,0.14484867688114056,1
32,30516.651436555556,99958.8405568049,14.456479445115322,2,0.48063542710463236,1
20,89667.47198845148,21322.838830488414,0.11738024624882737,2,0.27026104113672433,1
22,54630.569604350385,161976.88726171205,7.90745602080481,2,0.09184286820498855,1
40,63077.85220542048,92715.13001392227,1.450493954850434,3,0.21647865682185663,0
54,19457.584093284884,49713.47248260092,1.0229397763745551,1,0.5207260735966286,1
26,92354.6000601713,136986.12432437137,1.3212902765345913,1,0.25689322835089345,1
32,25508.861195498204,1000.0,0.3080526806783709,1,0.23774218242080947,1
20,70497.72865531861,78536.2888563411,24.128974739441695,2,0.6206564957592893,1
46,30104.56564136609,145415.55206059205,10.196073721116647,4,0.6894163652973997,1
23,37620.223943046345,78113.90740170474,3.680857665708952,3,0.2412458887226765,1
34,65775.08087770894,64103.902452570925,6.278140971435304,1,0.47214128715858017,1
43,70551.05427350315,79192.26014435248,4.066362619281032,0,0.764566753020743,0
38,24574.31501771796,1000.0,8.345380816347111,2,0.6899042586040282,1
25,71809.44338113988,135773.92158915167,9.314082075877321,0,0.06929072493369126,1
38,70899.60990266388,93855.69790115434,1.324976395761829,2,0.3600708039334247,1
28,31240.93182310215,86383.7695002619,3.078595785443043,2,0.7232756918804822,1
55,81972.95187182221,86566.56917954794,5.037204228927631,1,0.17943749042281232,1
25,20862.84743503924,100703.98992322921,19.1847702955683,1,0.19592718256186692,1
59,37504.54834444769,132671.86853360332,5.739370541011834,1,0.6301717077824239,1
41,59580.052481839775,97396.82294003756,11.396052633184432,2,0.2837509535800702,1
52,32928.674305947876,31918.17259100938,9.357652726064444,1,0.32375042721824954,0
31,55276.381713586816,128775.80607720335,4.362123639419112,1,0.5228156192394549,0
31,54821.521576065905,124928.48455021132,11.20535069405922,4,0.7505806170008812,1
27,46258.51460154559,110276.34991082302,2.3694296005716513,1,0.49828886357297053,1
29,66648.0107718112,153762.06534806595,2.3844043603952807,0,0.8934268808373484,1
55,45432.78414684722,101518.93382064794,7.592633406497909,0,0.1066408187261827,0
61,54630.821376276115,155568.8044494628,0.722491784894316,3,0.7541492281100811,1
63,72929.43754975805,170360.5510739198,1.8251575107055156,2,0.5436381934642578,1
51,65813.72420051681,129115.64427622413,4.689774201894813,2,0.8166865135885557,0
58,65720.34581628417,62603.31890610314,2.7242014166643367,0,0.3164032609761822,0
27,27016.407955664396,93460.71407487796,14.127729412063324,2,0.4821014469548265,1
34,60495.851510026434,161942.8017029187,15.911040591623635,4,0.8235977197839108,1
34,32430.024180609904,25118.606696524657,3.491615852709992,0,0.8317813833585729,0
20,24371.700404439474,80402.31659106957,3.872457487091422,3,0.37599047011788733,0
48,48565.87307430063,82851.75817766279,6.448145350809112,2,0.8221959952267649,0
68,31914.096266968205,56739.46998231332,3.0556698494088113,1,0.6823984298751875,0
18,65812.35437679954,143643.94749593933,1.0542130203196651,0,0.40942952342235606,0
29,66290.70919390648,118840.75355203885,6.87121967264428,1,0.9697054909005319,0
56,11947.475271371164,64447.0821699754,6.692969463752322,2,0.03089432109650614,1
21,33433.9492084622,130275.64601179196,1.405062507130817,0,0.38266288877456045,1
59,20804.266561640023,92079.1882665891,8.94630854956845,1,0.3069526453054243,1
30,40747.41446814219,55490.27133888286,4.755047523387983,1,0.9357604480692672,0
51,59103.51339737649,64354.079487856645,1.3479117283030968,0,0.09945323610426848,0
59,45154.23803643223,121802.553738797,5.278326443888901,1,0.6280244499820772,1
38,38204.815186657295,146950.49392609193,1.3303174116128615,2,0.7166280253528029,0
39,76003.53053626278,75661.58835226069,1.5410088716666177,0,0.18417582402821264,0
21,10000.0,127222.06668345058,9.419679944892813,1,0.14994751411340068,1
35,74737.43787036449,179087.70787887412,13.260114955314322,1,0.04783133320314814,0
22,39114.234136890285,37056.472181487356,1.4845065860129454,2,0.1588752004777877,0
36,48437.81979774421,117783.49364193119,13.15899129861629,0,0.8082150362620459,1
19,39452.73324559783,141532.7845647704,1.3642881409695748,2,0.9439561664541724,1
29,80857.76211078237,95242.50917005847,0.6236645823148005,1,0.9014222411006604,0
34,25380.43006389481,161914.16054278234,0.29993847574005716,0,0.3653047957675074,0
27,50234.72739443872,209941.8519130642,1.3861064936924934,3,0.7258755095180979,1
51,60548.773037199935,117167.76741931515,2.432669853495612,3,0.8270436708341833,1
23,17779.94464229665,88320.51338610005,13.124181258628216,4,0.8124854885326315,1
25,31602.03659107693,148849.14038309784,1.3864017897547276,1,0.0626849459651293,0
68,47036.42933003542,142103.44301889505,2.274316877162521,0,0.2148303734974627,1
28,32266.699306312505,1000.0,6.624225686196806,0,0.9389449307002757,0
29,33688.164575617004,99863.22219544432,1.7982116255080607,2,0.7399061661376879,1
26,43002.74673847125,80270.02666304431,5.765893907695247,2,0.8343524047891457,1
19,62991.626632923464,119835.28457569584,2.828854376831605,0,0.5141232464035769,1
25,43145.644462437114,90317.08598531048,1.0935479335201583,0,0.3930560484706279,0
28,71568.52388945893,95741.19538644991,6.6224021346748385,3,0.6512236529807646,1
53,30044.844346812904,56839.36202694591,0.1370555427249706,3,0.4728567237956195,1
27,24961.55479053095,136726.46092122438,1.7289210695928279,2,0.37376211263678816,1
38,88526.90811442268,182752.1110734366,2.201692428678587,2,0.3478755632870514,1
37,36840.83744668977,57616.40253924825,3.0644602156034564,2,0.15790699428313615,0
65,23781.759858556805,30147.24884265133,5.695128582942508,1,0.5294131893077845,0
25,15158.921164563391,101000.1609913732,3.0754244170521283,0,0.5198465707246291,1
53,71502.06907617878,98567.2169482368,4.51100372160055,2,0.5907695497429704,1
46,43173.90970679882,158546.639306018,4.528968574408135,4,0.11622365525292,0
59,44925.80529867203,38540.25238107339,2.3362104282662877,0,0.9149229974755625,0
29,46815.96576826721,73102.24124879512,13.588326321737629,2,0.7420561231570579,0
31,70258.85769339562,1000.0,15.601245626326081,2,0.13096410011265036,0
65,46409.40332048159,168749.18181059114,4.359585867283241,1,0.07934394378785825,0
67,96881.07557665253,112527.23141616817,0.37195249266272257,2,0.6429206725126833,1
38,52675.21148108458,76828.35430096017,3.377789556200488,2,0.3415027195106173,0
39,71235.69533916641,33886.42607044117,1.0192746848753362,0,0.31904855364745555,0
38,66104.79715808813,38476.19709113745,3.30063713253909,2,0.839991061130286,0
61,49271.05359483924,120713.34498956957,1.0442506688459143,3,0.3451431994846882,0
67,38260.58027959074,44628.74771996449,6.084534546133607,3,0.6321820220268534,1
47,56639.27857133107,105200.27115742846,0.41924076304172975,1,0.537074511521499,0
56,60201.974624145456,202147.24305675155,15.320492035545708,3,0.262967382590111,1
37,38548.27903746946,82620.61885275897,1.0869002700552945,0,0.3316400712331844,0
41,53326.77731901312,51927.77780128105,5.4037096357022465,3,0.9431928899047087,1
40,74724.09956519192,119100.36027263815,12.442305841823437,2,0.3313728731999316,0
24,91398.95478139358,38710.41296091363,1.4243389412294438,2,0.7840034309789409,0
26,67087.38640698843,185999.22651647017,13.61304577889687,0,0.8612754901008429,1
18,87255.19372760564,170180.98342641676,2.4606299971185113,2,0.07103799577663983,0
43,37412.51577587088,91791.4190523178,16.16117547593278,1,0.6631055002136872,0
55,64037.64504118588,55135.340928789,17.765428286825596,0,0.7492605606945236,0
55,76770.39017162545,78711.50636123198,1.041766744601293,2,0.4340216841869441,0
61,32073.333340560082,85216.71939572859,8.891867421067776,1,0.5693250763625428,1
39,40288.197759099814,119178.35658535323,1.0747672400120092,0,0.16180585543540238,0
61,84758.095236705,151981.6164650558,1.2837642220278842,2,0.31849726074069673,1
27,30498.0228842612,48174.3684620705,0.4393851433719711,0,0.7076669639384412,1
23,23177.399346885784,150545.47826713722,0.8511958968795397,0,0.6025712332676777,1
34,80559.63147279022,130884.2806405649,5.001337701599571,1,0.13638574362577494,1
68,73935.26449960878,74610.52545966968,2.9823962514149267,2,0.9880486980948973,1
67,58642.40487967539,45664.405216149484,7.825771273997909,2,0.9377891233993442,1
55,49085.78490708345,105811.63586462839,2.0173116861661984,1,0.2241172842546595,0
41,41229.50988790036,47020.57581489579,17.308650452119874,1,0.8751205632891894,0
68,55638.977476181026,151184.04245813028,0.25579567914329726,2,0.26716930273701334,0
27,81596.139148031,43805.861393389765,0.3250182366062816,5,0.5637391303752117,0
25,54771.32252284152,127385.3096581572,6.042831672551947,1,0.782051003410355,0
38,93339.18534493932,95969.1817592459,10.925738806447926,2,0.3440802010193329,1
23,32041.16028719539,71968.75578123995,7.935941202930125,0,0.5551473934582213,1
38,49606.38491343461,94858.42468403546,3.364929831612013,2,0.4503536081375823,1
56,42538.82664672169,153999.1584817101,1.571097897987822,0,0.7601986165614386,1
41,28297.169136753346,40387.12955031051,0.06771410361079483,0,0.47867570537896,0
50,46938.32533980689,79392.17224040916,3.561155161167837,2,0.5669111978485807,0
35,58346.58603320879,62412.8217656406,3.2278477780889565,1,0.8455576979362869,0
45,60484.6035990406,98069.14332256427,2.109847035320341,1,0.6986455376360908,0
69,93409.04357889111,65765.95537436729,4.314612315851046,2,0.5275032753953012,0
49,59289.349394471195,11595.937880669284,6.524764591340944,1,0.4612915959244017,0
29,73002.73607359233,47243.122653381884,6.034689917777217,3,0.12676565200176826,1
65,51321.88492597952,181887.7509269056,1.5275525728053507,2,0.05636648303543068,0
59,83561.1120090519,112336.41056431363,4.401044032135838,2,0.9527754265636084,1
44,97968.98571176139,110618.10269040387,0.8053908898884552,0,0.186526562546538,0
27,60621.702619519,85869.38049956808,0.6482765368668787,1,0.2768717074772178,0
63,30146.819690968376,97418.72879454153,7.705529142141669,1,0.6109485367467514,0
69,39023.89954445663,78509.403858431,5.916700681500941,3,0.8279257182173452,1
59,55638.68606410324,126346.42655205326,7.303557457356266,2,0.8331419675119224,1
49,59129.96070501292,105040.44271296865,0.827099632524756,1,0.8296474176043126,0
59,63968.50268768744,41436.589492069244,12.303134380046147,0,0.9780880075975832,0
43,59203.95362460082,112686.22515520963,0.7142252273126936,3,0.05570304674632387,1
42,50139.69832511877,1000.0,10.20252619859672,2,0.39984819823599826,0
28,37276.031175957425,120692.95998388928,2.172250400447264,2,0.9135877459024494,1
40,58022.76522528459,29532.157158173926,0.5570834925873875,1,0.4673378176002905,0
51,87099.74714961313,95197.24569149621,1.689749362897233,3,0.87129662342327,0
69,70398.57210855509,40268.61984019054,1.0010918535224973,2,0.017656450670396118,0
57,60694.07899272396,100141.15997665485,3.3732929506875404,1,0.5043678186690517,0
40,70591.33847645503,128913.92596381111,14.953260800024314,4,0.9224522159175857,1
46,42578.71942198295,175141.354262479,1.9865261650005768,2,0.2612828857752453,0
48,39834.69707833359,22932.117249426083,4.73502544822168,0,0.9296583098415669,1
24,35044.29791268036,148773.64778355675,11.115214510019536,0,0.00847728720915053,1
57,47494.26754461124,106557.63526887358,4.972260516491794,0,0.07892753785518358,0
50,41559.8820658184,77466.64235876879,2.2486458869285393,0,0.4768246225160826,0
38,74165.49481304278,137992.82525297298,23.464069091797477,1,0.10637960844636363,0
19,40493.53164635622,88203.75744573967,1.037665168715077,1,0.22559731554918816,1
35,33945.56567550167,135876.52582003394,3.7038782551871376,3,0.2975250213785223,1
64,88851.54357661263,50386.51434360026,7.965498030577399,0,0.48149600936320003,0
50,40972.49537837313,68350.14838518538,0.003245400920988385,0,0.39051363532266725,0
54,53070.56914500702,147180.00263972997,6.054034722141707,1,0.9221476386495957,1
51,59026.45649486823,174270.0261785211,1.5496308862509114,2,0.8860146614868031,0
37,27266.137621583697,98248.40504235754,0.9300019130674066,0,0.7480708911134119,1
52,74709.67539006138,1000.0,1.6023657795816177,1,0.6593083110390076,0
68,62742.38080822455,90047.53586957726,17.02850139850654,1,0.20434106023000342,0
67,81167.68023761563,101621.30589112149,11.125123899863974,3,0.6018262583796167,1
35,36415.56125563799,88361.3311653414,1.2024306949094985,3,0.1470627675416507,1
63,51982.5158495232,116816.92808327655,0.6223019973514837,1,0.4527191176908608,0
41,50787.11509988391,76154.50362013391,2.2639834431918455,0,0.4615237517731824,1
25,55277.76988700044,141943.54303390137,4.486565754813963,2,0.6897099565721312,1
47,20907.70502845678,41664.336363447896,10.092470876926619,2,0.8351267251406893,0
61,52216.727573844444,161842.43536770705,16.920245051307624,1,0.32050226939712323,0
27,21470.721771525095,177503.94119805464,6.954592543611758,2,0.04118127615875178,1
40,57166.681423938426,54347.01309698463,4.569059193122518,1,0.04697037165090712,0
69,10000.0,54320.00871984686,0.7676911561585629,2,0.8748242882872412,0
66,12968.263314188269,120534.7656888764,0.38455844418574503,0,0.48632586028197544,0
28,66370.97432879997,40638.979512855534,4.532034671235735,0,0.24801258308910057,1
19,39063.230896104345,75369.85644488399,3.87248151858853,4,0.03228672739930194,1
43,30242.838527355183,155126.34782280072,9.356874842198932,0,0.528764338045669,1
53,75416.91242151096,136880.33822384814,1.9475098792956322,2,0.1370947798535107,1
50,56552.5243465683,199009.8170844795,0.20250011382388194,1,0.41702806720006635,0
64,67441.80391067568,108539.20738001038,2.755706346150286,1,0.5160777150160704,1
30,46675.15855358339,69458.09988609073,17.398331032579097,2,0.22920032579655725,1
57,103592.57387800005,102562.17558265102,7.93776826952789,3,0.1988368061721012,0
42,37909.722788804094,92470.58302956827,0.17177813742942954,0,0.019808070692859392,1
21,84889.91098719777,93172.14453984323,10.384380332563218,1,0.5855207851045394,0
59,48772.679198001744,98809.81459521335,3.1903554014667406,4,0.20044121105642954,1
36,16909.79210174508,53411.66455768818,2.2688252128654827,1,0.8782284458278488,1
35,59656.97491496217,114110.88774853214,2.1288968184602473,1,0.6037765497758473,0
54,56295.251229103276,29566.836612070445,4.521122278328788,2,0.5564143297470507,1
47,28973.563715215405,64158.66960459428,3.7814937831213697,2,0.5046846646081359,1
36,31555.614457305706,94056.06184300913,5.344693351036575,4,0.2153100783909031,1
40,49506.04713830016,1000.0,4.26237327662226,1,0.969410444276991,1
33,56994.95630495963,138449.57681724586,0.7771007795991903,0,0.9670446294744156,1
18,10000.0,1000.0,1.4868846386807326,3,0.32127242457983074,0
29,71062.42905047606,133479.3845449089,9.1951854106084,1,0.7762162240229746,0
41,40110.04052370045,35359.53550359189,5.442198744639141,2,0.11924606571089436,1
51,23365.050312036474,79754.06546482502,2.974666334414804,2,0.7805288456318465,1
25,68821.33102903861,125956.53234747147,1.0081422977325154,0,0.2863319329712851,1
35,49527.64041163088,209906.9759739741,0.038603822607399786,2,0.2891344759672575,0
65,74323.31553564509,105822.59888536746,1.8690139814162503,0,0.5072333094475989,0
22,58759.04525959511,1000.0,0.2820420712939289,1,0.39232896166874653,0
43,49969.70994103908,147684.7566317887,3.291643533441732,1,0.11783114297379049,1
47,46945.40110039688,88404.07975704908,8.624284581908125,2,0.5930771429299544,1
30,59654.255211122756,103495.33272294118,1.6801523007701211,1,0.2138436093822711,0
36,41729.3748238134,127893.15149438071,9.411293532303048,4,0.44447978130485655,1
46,32948.548225070015,1000.0,6.096521941716904,1,0.23101068983084772,1
20,62198.18245309288,100326.84238675979,0.669156212760041,1,0.8575852416265553,0
43,47110.24317111141,79515.30550236523,5.172020706468219,1,0.3380216772720682,1
57,50671.35296138012,161091.74530027594,0.8224856436659461,1,0.8874908251659644,0
29,71787.59672309215,136355.68816693715,5.318025086615301,1,0.3260972435593046,1
19,47722.46784528518,18649.90386092264,0.7699212959603212,1,0.17949707205331067,0
28,50300.67851083581,163131.29261745242,2.4921090671655093,5,0.5766346426824969,1
61,38007.00977098136,122476.25440801056,4.180404847369725,1,0.5551377762557467,1
45,58614.79867963702,22637.92012733908,0.25843618314693956,1,0.618913557112957,1
35,56996.55825360176,102787.65517463865,0.8320934706092348,1,0.3021395985763492,1
30,68015.50263581116,151741.30569279275,1.9313193746265274,0,0.3199689158633715,1
54,38417.42325986248,39297.8063713303,3.10245925421287,3,0.23743008352758632,1
39,40843.66060819628,168878.86679227086,9.77682885160996,3,0.9284009702249963,1
29,65842.74798290938,24368.561293623716,1.0368006394823486,1,0.6829557315638783,0
19,55044.260067257266,60438.64116765077,2.1344981023682257,3,0.7562557487942132,1
54,31875.63747614611,52856.4582305154,3.2291832790640065,0,0.1941631401075603,0
24,76131.08135469002,168846.6865794331,1.7533121056673577,2,0.6615782908664943,1
43,16030.98863199498,75449.19317254017,4.914126602092193,2,0.7626643172623185,1
43,65685.69506527504,41859.14986695011,1.4826214815698882,0,0.3424561070762363,0
41,24695.759280036065,122260.54394570309,7.39973883515307,3,0.15769260701247456,1
29,87715.77032971053,133059.04952963593,3.517544338039316,1,0.6970042495111962,0
33,19108.005461887533,133376.80473970657,0.4512916685069451,2,0.6111435920334699,1
40,73045.01303745498,86433.04173869951,4.930869487490451,1,0.575618248142197,0
57,48367.31279977512,112726.7150518474,4.211061612736908,1,0.1825666459055617,0
26,42667.94860322512,67488.34568853572,2.0669623907507284,3,0.2624920904379473,1
49,53707.933129355224,183740.08389678653,0.05609892721353888,0,0.6248845291896271,0
32,62638.00678315626,157210.25793289658,1.1201043187911055,0,0.6135862240850151,1
54,31911.98995338261,154147.84145203375,2.601935352648363,3,0.5547228334817776,1
30,33684.24549662856,139705.7967286773,1.1151804966450143,0,0.7681393659872465,1
22,62992.09730225772,125986.66529975008,4.307724084391709,1,0.8146571979027818,1
28,15853.140927008004,37781.8757925106,6.229617697724876,0,0.27651413537660585,1
27,38315.41813615829,131665.06181278243,9.6903230162469,1,0.15760756429117628,0
69,110813.73908318882,105713.26150316601,5.206189922023986,1,0.20116778410171166,0
30,30639.740708214384,163168.20424754595,5.839960087897506,3,0.2813087959317253,1
58,72956.05583519506,140370.9591191214,4.688106410941359,2,0.9477485726091688,0
63,38280.98462572376,127519.02350765107,21.163227737957,3,0.13716211507151244,0
67,60180.902895942876,15788.76012349219,1.512290640508833,1,0.8787614911253463,1
32,63087.11381192435,95549.97316957646,1.5479936912543877,3,0.20337745920416395,1
59,72579.13470365896,72105.38700481718,0.6752835848271472,1,0.3484457130493548,0
24,45994.92346374449,112618.29620915368,3.3245902501816667,0,0.1258726633963113,0
57,89777.69277509706,79222.58642786782,0.5055240514402437,1,0.10336035097576057,0
45,38213.2687082964,86202.7111953347,1.574557913374517,2,0.09514304312287236,1
49,54684.4082719912,122951.6952453352,3.29547717894251,0,0.3427589066657942,0
52,54905.53864435215,78393.09432156119,15.802517621062332,1,0.5236920889942278,0
32,27560.63760101169,106079.57697870063,16.59527585223937,1,0.20080754001236,0
65,44282.554900417585,24029.405456284687,6.807818192845506,1,0.9326742314462974,0
53,53230.26998476814,58379.926161997064,2.465339166986121,4,0.5864187801675689,0
38,41357.57913741161,132802.178360148,10.018379161360784,0,0.8850647549504084,0
23,98818.4793091307,38490.39416517628,10.415473106593724,1,0.14881878364755063,0
18,33227.52652800939,162286.25388014986,12.050705685115396,3,0.1434944880728174,1
21,73588.48936280856,148719.96776506605,5.108604141641302,3,0.8467527020828001,1
28,67129.19626297573,86588.50323301068,1.126935303050202,0,0.5679813545686938,1
61,49722.757309914574,249936.70527512324,0.47749523843245206,2,0.938586795271088,0
43,32695.818922955063,162155.17889241467,12.312331876021151,2,0.14689685234775307,1
54,34634.8935921646,52536.02466471325,0.28574205362309196,2,0.026017979620863052,0
40,39640.6540156698,137308.7026850024,1.7541038472281902,4,0.9165605490855185,1
46,14285.174361074736,103293.15331598786,3.337024541984548,1,0.698837105247886,0
38,29930.69148401419,61164.395457029445,0.11110888906784773,0,0.8071680483499724,0
65,20350.46969272715,46504.54284168956,11.87106387765122,3,0.29601401359915014,1
62,76917.50006355433,149744.66674441897,1.6922178562312622,1,0.0030664194831129254,0
62,62369.247847764374,70102.72676879332,0.1445947493946364,1,0.4828798495490627,0
66,65719.48197730922,94906.18224814741,25.249477876846093,1,0.9900094157846904,0
44,61776.63903083895,53948.70358867358,1.8654241258030337,2,0.9075374170678531,1
56,53339.35246668327,62592.10313507045,10.468307133014731,1,0.07202278504409276,1
57,79213.60664258274,93653.53999642639,3.02087113787014,1,0.18778365997352853,0
30,37784.74688536525,119409.11463620758,5.440230060341377,4,0.3112278971188117,0
40,52133.3931073409,1000.0,1.3793614136735997,0,0.8304004552763838,1
33,64941.17655648246,100845.98995833751,3.4945721659526234,3,0.8247144317460068,1
47,23575.81536287742,62693.949370748225,1.4896802760077827,3,0.18500450283385472,1
21,111931.77792285098,170118.13267251124,15.08824155167842,2,0.5330800771447405,1
57,50571.31525555172,247137.63230027183,0.31440833860778955,1,0.5017948658774806,1
33,52839.78901151186,82036.04825231423,1.6056698503563696,1,0.41428049579794635,1
48,75137.56063349843,13888.571964340284,11.179722502063253,1,0.5359204559019719,1
59,68299.10666020447,105843.84849592832,3.269978094250194,1,0.2927888640257923,0
42,50761.56038792918,89728.53352533975,4.582505168732344,2,0.5315491726585095,0
61,52602.58876196084,198567.53245006452,5.273360353855033,2,0.6856081830756234,0
29,19917.029381040422,183329.46716877713,0.36784257490758693,2,0.06250327733434036,1
43,38870.68444300048,143268.7485298282,0.08948979028777354,3,0.9673058998757007,1
54,60344.204323179205,70665.29593936709,13.890302462442223,1,0.16530359896679225,0
65,58877.856780857735,133888.32830904017,1.5838577952342998,2,0.3602986632197107,0
50,74423.31500008174,113250.3179534152,2.392704726692239,1,0.4706273625122561,0
45,47589.978835533504,112066.16016496954,5.729984644142618,0,0.040984440528623045,0
26,22254.269731382676,22088.50757160649,1.3479265689833342,3,0.5483618355825707,1
29,71134.60861551356,153089.76692268232,6.603869801560823,4,0.8699737669656148,1
22,78721.78692364032,105390.41641556176,3.0646810398027577,1,0.9010181629474432,0
69,67964.89145712458,94957.93262277124,9.710928651664512,1,0.32619162758927234,0
45,46727.326582850175,69992.17524955863,1.6323961179079558,1,0.5587966086759943,1
52,70887.72103753158,60319.17501733112,1.1396655175422299,2,0.7767974316097154,0
22,118578.20956016426,115862.9290639491,8.909689907875228,1,0.25284571188618044,0
51,52303.04628880951,12541.859907095903,1.9750453054046522,2,0.5284725081084274,0
63,23765.26615509751,139474.93798250213,2.6540248243799756,0,0.36672159966484796,1
51,38274.29900895696,47294.72815021573,7.892309135452683,0,0.37817495968099224,0
30,62509.52000608102,1000.0,5.047193643309422,0,0.0941375326797742,0
56,17903.913782038744,191094.76579630104,2.9145260071658043,2,0.4068896351035325,1
59,53388.06149824139,57095.64753272108,1.4376804748987728,2,0.16087925680311177,0
62,57606.733006317656,63892.04192391522,7.2238769983670785,0,0.3012700724578875,0
65,80702.43479625304,156726.91655040372,0.9948836437216539,3,0.3302811028999454,1
31,76203.897121086,192721.54502583208,13.17490030596252,1,0.4305999454894447,0
28,67291.69583503543,23349.921069828488,0.8144542233835373,1,0.9169137389595404,1
59,10000.0,52191.596987466524,8.172078684617059,3,0.6309970856511219,1
55,68421.0625609585,55866.05889197017,2.760398859715432,1,0.9744620384881,0
21,64110.26772120493,146740.08313478273,1.0290128508769487,0,0.5906515162588025,0
50,55118.88754156693,181956.60639647668,2.573992009351047,1,0.8054900431004625,1
24,15395.55747709029,45987.371921096055,1.2522642447345624,1,0.8341514662922916,1
58,34464.52181625879,170737.266898411,0.7308758081773047,0,0.7390038045601277,0
25,26663.544609318673,64548.2944235649,1.3666307278048082,4,0.6699149724717016,0
54,10000.0,116806.14514727861,10.1020334098868,3,0.4179149918364674,0
68,49941.69697170411,36427.31502860912,0.5599253117507302,2,0.56727614520502,0
27,34043.55757114441,93903.4793209001,17.975049333303502,0,0.1937166736328988,0
60,102506.11160537823,94444.36429636419,0.025054938710075005,1,0.6182466463834414,1
32,46624.56121124181,84242.08468423632,5.368205711792108,2,0.5142965220983344,0
55,75875.06311731921,119248.54906598486,9.707518826528645,0,0.8043252556429555,1
32,18618.019506135508,49648.45675737371,13.587295238524593,1,0.9025436244522131,0
22,39398.2082799026,55813.83509065792,0.7773403645406709,1,0.132794551792915,1
46,51937.957520686294,121893.60724746778,5.9900944281846344,6,0.6909078016153959,1
36,31836.92102784659,167101.76654878643,0.5677991705707771,5,0.9500463080638774,1
68,41555.98630390511,98859.31529760385,2.1740434577346837,1,0.91788083741715,1
27,45640.981875129226,125183.53867310862,6.582467753981071,0,0.8344262503036441,1
29,45321.84029110211,137904.00051486702,2.123034948871584,4,0.04834100043357581,1
21,87102.37146070693,141525.25943167458,1.8798329579411766,0,0.25248411663987236,1
48,57564.5257086302,52323.76370816807,0.6168000211445026,0,0.14828846472060897,0
35,59590.211258826064,61149.4884897548,0.34374001267804466,2,0.9269344608369078,0
33,60793.09548690141,65496.27030282326,0.6124089888057295,2,0.7488898155456967,0
57,62252.52754674225,196431.69004469822,10.41623486359228,2,0.5317846363302735,0
53,48342.26032250269,125409.6469585952,0.05630850478971472,1,0.9794002354210168,1
42,43585.07257042307,123165.78601925084,5.902353598799294,2,0.19471876534103727,1
40,53336.32119036555,118311.78765918693,7.318560898401954,1,0.6415719177989069,1
29,73136.07897826945,33960.32981902505,4.195355844485482,1,0.6093810282736377,0
51,72524.76376872767,196909.52353885194,6.561045796671245,2,0.34045424491986054,1
53,45192.03048623178,123959.37653934803,5.281640052990255,2,0.48538029208436784,1
54,65356.87389336223,136158.00563274763,3.039973801836317,2,0.2353861686599722,1
20,46108.306739206644,11723.935554209893,2.412085212226562,3,0.6771147557479799,1
26,50677.41098870488,138982.1926180759,14.179303239815258,0,0.41824071034030463,1
35,40529.53236891605,82189.37749361865,17.8666933312809,1,0.023550096979051416,0
60,46367.09722187533,33860.851263688135,5.267306600657217,2,0.9507852230739432,1
52,76826.6013909936,52311.81670641013,1.0988639429822797,6,0.5014191572724409,0
51,51848.422946784725,36755.289577331685,2.9701228632263383,0,0.7056338797012782,0
58,52705.650171046356,35910.79024426948,3.431230142741359,2,0.19692999017803192,0
31,21055.644414840834,103027.3910182105,7.093469051596576,0,0.1272297179160361,0
21,43815.12184734541,80661.86056341745,5.509746220414835,2,0.9024219296465643,1
46,45173.70192510543,116703.46810806937,3.6161192074431012,1,0.5909325233188955,1
58,33417.13029113189,183798.7935534002,5.7028708785196,2,0.49335087188299764,1
62,50433.30823407127,93524.81431863313,0.12175469434801993,0,0.5211500356541103,1
67,41416.35419544691,1000.0,7.4947475767091865,1,0.23620259720508552,0
32,51599.917104871645,87902.08942260918,1.1889529494280038,0,0.9126863685127253,1
45,52430.06019637869,159669.72181989357,5.341518443235399,7,0.21424018460371452,1
59,30884.912843547114,95703.02637515852,0.6050406968556689,2,0.15800627783399834,1
33,42025.96435033621,176466.53268458508,0.607792972662728,1,0.9300458878555408,1
29,51547.485655216675,122647.07965689094,0.18154453085541655,1,0.25757385630306917,0
69,73685.9886231345,8086.513280130544,12.052678698151754,4,0.8624847188897692,0
22,55134.38345591481,105479.11252191792,4.6387653420191715,0,0.7725128074962367,1
51,36761.296401651445,114850.06471323644,2.2467866816707955,1,0.38194361755846495,0
59,57980.09518487705,154017.7900636822,7.750605810351251,2,0.25400200628909886,0
18,84150.9777864352,190981.8285805784,4.9185964674548055,0,0.7589885745560297,1
56,68334.12945178038,145386.27598543494,4.838979689789916,0,0.5975986909500539,0
49,60950.530608712405,122023.98986936086,3.3378142855096145,1,0.25404034977302326,1
43,64511.80350964643,133809.41357891733,0.03979181297410268,0,0.8908794660871303,0
34,78799.08082857261,91599.65967752163,1.4951477709238516,2,0.7209824177529829,1
65,71512.5358803532,26856.108159628537,0.577484661042007,4,0.9092781306896975,1
44,61335.207622353155,102074.80431114302,5.429613500977948,1,0.4374703869643328,0
41,71372.8443918017,118264.51637294528,1.4292242844116072,1,0.12819951421274134,1
52,28366.978074718783,39817.11870440385,2.9907003611239396,1,0.9240753615900182,0
63,19954.69495319438,166331.08197499707,2.1803713632248347,4,0.6014260305637565,1
59,53141.9730128766,150270.55077412154,0.7727464342003519,4,0.6060595004707697,1
56,51373.61419301077,31411.92923560654,15.894699059494888,1,0.5842654412897157,0
43,39121.79892973485,168291.61443949371,13.546703539281012,2,0.4723930225297086,1
66,66517.0533965542,84584.28153950763,0.4420154669069406,0,0.2550430798103256,0
55,12742.728270975284,61075.42174408257,8.782888938653384,0,0.6130218780209203,0
40,39304.55487884393,153963.8846373263,3.3508038473376516,1,0.7186027443067806,0
39,40300.889102447705,97447.27936199709,7.430261548776333,2,0.9165431850231405,1
21,17273.96429801081,194959.2660418435,0.819405937183574,2,0.07214770806484894,1
66,79894.62014538608,57355.59780566245,0.70939720569135,0,0.25470953255249007,1
26,22815.97462673354,13417.12380136727,11.070925527215913,3,0.7766857867555,1
21,38233.19885384628,85978.08594169293,11.405071709588285,1,0.7751506934839328,1
24,68159.59515610267,139461.12495302362,3.1359748216167995,2,0.21203450612575314,1
40,62920.90686857463,53642.85072322284,10.207176968095602,2,0.18471767887639456,1
19,27836.50607030507,33494.980860006035,5.504959861908205,0,0.36714020925945035,0
66,63649.78418521273,111446.37013513771,1.02289559968321,3,0.06291536508482332,0
41,55795.68957316443,26815.63949162417,1.9945899219802652,3,0.7303607855363939,1
57,96660.71124222936,115334.63498067069,0.7312635499501406,3,0.6698087251048863,1
48,58078.80832136609,82968.84743859115,7.43496588437731,3,0.8587254943332,1
64,47175.16357862936,124723.32441761866,21.082806646592772,1,0.43004914710559683,0
48,32869.96085761154,30808.55980376991,3.952458733854698,2,0.6367360090397318,0
64,35115.13266088857,164908.1575721952,5.33359777124317,1,0.9539494887790461,0
57,33484.61809063684,90848.27575031552,6.853927599297716,1,0.9588023146253414,1
65,77421.97627823844,138176.13339524117,1.269683547194396,2,0.07107761415375435,0
68,50359.39830032941,147993.77306424445,2.047375042367419,3,0.0018843449508305632,0
60,61304.942479494595,42127.75238170221,2.6578737905493655,2,0.9599843950300175,0
51,80284.95199961774,144112.87548040383,4.514261074771259,0,0.5353166019467847,0
41,10000.0,28746.661242783724,9.502046214469239,1,0.7004005409286099,1
66,75577.4752940075,31493.11286200535,1.466512819919514,0,0.912597158038651,0
43,51107.93823566668,198199.96179942173,3.182783313252079,0,0.4331545991033764,0
33,58700.96743280889,155592.66843983124,6.962244531789537,0,0.4406532819481064,1
64,33431.935565034975,203683.20877168776,0.45720586763103205,1,0.1669815709225363,1
30,34897.51203102963,81489.29846960447,3.596362042111852,1,0.9058282805851159,0
32,59776.91779625976,105121.43320390044,0.7796428997440273,5,0.6476733060319608,1
44,97691.95600662939,126367.73733761816,3.8734013727510512,1,0.18026924729155103,0
21,70066.26625629803,99390.22167030528,7.301271195686784,0,0.5597920145678857,0
33,75310.45842837081,62693.19896520478,1.352141630737254,1,0.32816393838945124,0
47,46159.9745947716,55195.765105997554,9.468244928386948,2,0.1471819698065262,0
61,37995.915508287435,110693.11164144748,2.038368551991263,2,0.18186944739479882,1
47,34383.90096842013,46657.00791688475,1.0584523421163323,0,0.5592571578102024,0
53,40234.52550606624,45256.82538165737,3.1304659581190846,0,0.5643852259327584,1
20,10000.0,119678.60055772963,10.440396988076001,1,0.7899407810523258,1
39,35501.61314216796,95242.03242571924,0.3571205218467017,3,0.24798428420332863,1
66,38792.936878803135,146860.31352908426,1.984297213101367,2,0.9158333822413778,1
39,46492.83651210318,78754.42949585788,5.294504186018151,4,0.518612931547015,1
67,52635.00219494583,70937.20250122322,2.212571679042869,3,0.20417268884128614,1
67,57249.017372512215,121177.66980177355,0.3672855071019768,1,0.41328057560339093,1
66,49701.4925511408,59398.756272308645,2.0173278085243855,0,0.9233592720407272,0
29,38371.13827314486,67093.61372216573,8.600713028928586,2,0.47815654286686604,0
38,10732.827134689585,69077.28048102926,17.21596321236133,0,0.8747151104790452,0
21,38493.82783196413,89514.89468522236,0.2029600912805674,0,0.15983273516663898,0
48,30550.987246259898,188621.82716479513,4.211529576925958,1,0.9139583986092961,1
61,59321.334965572074,31160.55875214214,0.5563532475315248,3,0.4306188054994361,1
48,68185.74793387388,164775.37910587294,5.703371025932759,1,0.9361269435307644,0
40,68771.42134119879,136889.33781449584,0.03961767230728523,2,0.8660785194623314,0
37,65139.0547225564,178348.94236849964,0.07425681640247532,0,0.6599663068829242,1
32,47329.48529095024,256834.30241611364,7.500223788717921,2,0.6728464169530196,1
40,39560.88869048207,171572.65103939275,0.38675632888471234,0,0.2115079878768994,1
45,35057.944926658674,146283.34739539307,1.8205243472032753,1,0.602829778922922,1
33,19850.02166796499,34375.18241874913,15.85524301420709,0,0.5494955718917042,0
54,69837.07401015716,40688.88692444786,21.081583939998257,0,0.3341470363404516,0
38,46505.77924140051,118009.50921826108,0.8801242847317274,2,0.505621524248456,1
32,25073.194127582523,15096.19260402178,4.115162386371508,0,0.9291435520282294,1
34,33470.17248579531,130771.96256456096,4.095239700320887,2,0.005305663791457915,0
67,32660.530871348958,1000.0,3.010874620982482,4,0.4171240927976039,0
54,50860.48970030253,157611.66927823078,12.931386229789943,3,0.3336387207708673,1
30,71349.35702141371,83914.98440332008,7.012807972594914,2,0.9612310674198383,1
36,43040.209008088335,106329.84727350945,7.2307937431796345,1,0.9738942312856931,0
47,10000.0,62581.38517897588,1.5706054961040046,2,0.5856605356360545,0
62,46216.393296821596,5073.679488871392,2.84863164493978,1,0.5500069684406664,0
35,46876.121998056085,161734.7639597131,3.3415284901387365,0,0.9032124968105247,1
31,45501.59538128957,166785.0697477357,1.7756096182421666,4,0.006542473764604595,1
53,37450.77667048597,82425.61173981511,0.49809501069498935,4,0.562280602922315,0
53,54348.78161451685,133096.47823670038,0.6754300018471783,3,0.02463240832159319,1
37,51322.822302980036,80455.42898947981,0.9963486141860339,1,0.9681622713170835,1
69,49503.39371746706,114424.49221331232,1.1386033917637886,2,0.3201595573413031,0
36,58252.827228859314,137956.9599460055,1.3870867386956576,3,0.5208013018385302,1
62,41403.34353704293,127754.24622869368,1.474943699343739,0,0.417568504597267,1
61,40268.286605986934,167048.48067046725,3.0414237214208333,0,0.8936241241401841,1
24,77602.465791708,125944.03378526677,3.5623961394068777,1,0.9998179441584153,1
61,61187.10819430872,101404.23085192977,1.847203315745121,1,0.06838797798622898,1
21,66538.92121885599,61929.0516061289,11.891740935495964,2,0.7320311359833183,0
51,74522.09170668137,76074.73098380395,4.027546567042832,0,0.36799862394825367,0
19,60518.883612496,140502.5698362508,7.743523612754762,2,0.13907291974841351,0
22,68567.77358272343,24908.674054294068,12.900781096921465,0,0.4054375296354876,0
27,18413.096758594795,155290.36517063982,0.8904632436733659,0,0.9981466301908725,1
49,54083.07743992054,85942.81369927333,2.7919843880544795,1,0.35756729935187104,0
59,46345.63076371345,59069.704779605505,2.8388356149146343,2,0.2773994884645573,0
58,83553.68181799618,45063.79116092664,2.1884354018412857,2,0.8461713745999117,0
30,68552.910636066,133718.38928241935,0.04472880409902486,2,0.8679379998234565,1
56,37391.096184136404,99267.9323098341,8.463339723494745,2,0.33886915483196534,0
22,57455.883170584115,179438.26116149098,0.5914369978731211,2,0.2986731406124308,1
27,53353.6266689848,36846.217473703946,26.99687788731611,2,0.647281477547417,0
27,59086.628663044576,71091.81884690686,7.413112115999271,2,0.20517848372060987,1
55,29623.150612506965,95388.94209362933,4.337622097166277,0,0.4836854026226932,0
44,57200.329304764506,62407.1628015033,0.8397649112259298,2,0.14134369164770932,0
68,45436.973014235315,100305.93320709014,3.622084833850991,3,0.3047547782328519,1
38,55648.99528111201,115975.03832077594,1.5130225740599488,2,0.29748149769874466,1
25,35512.29669755661,124224.21195648701,1.453917882688969,3,0.6948999650094458,1
18,38298.73657206801,175308.35654422306,8.845957738027355,0,0.28227303499475864,1
45,73476.84040733405,34826.37856092098,2.395378674849781,1,0.8984957033905677,1
66,28969.04883319678,116888.01599676553,2.9957693680865045,2,0.9830460943692315,1
56,30444.91197915903,67652.85902059167,9.256424493630131,2,0.08106170125745094,0
31,48968.37485568844,121500.66900117922,0.4594286909695712,0,0.3976476318476031,0
38,34562.192496280906,121566.60931765236,4.5146254207285645,2,0.3018410634941371,1
47,32299.427354744024,50654.030838383434,4.316305944499314,0,0.35199012851095,0
38,52101.5194241659,54942.38286829562,2.7687923588491015,1,0.2653548860699527,0
66,19898.682861925903,125582.15317347874,8.853160405666374,0,0.3826648612030249,0
26,29840.75530172724,101170.22553720653,14.313885601490545,0,0.1414145927689885,1
34,91081.91165847288,89018.90796341978,3.1305825424991403,2,0.27981827554533767,0
22,59189.50117938018,132899.34148874867,3.045381915014966,3,0.747817877956384,1
48,35068.73295460178,136585.92379310657,3.486415906864476,3,0.34404652565175997,0
69,58364.30156532394,73518.49436491486,6.420928189058294,2,0.20783489732484794,0
57,61346.60953973259,57397.343117874996,5.514009625237507,2,0.10844403856484153,0
55,69888.28840180476,36904.0511581179,1.2605126529469515,0,0.34800414728318596,0
60,47456.87941086539,101672.70601007425,0.33014000851251973,2,0.6434090886203523,0
36,69529.95405545778,28841.986142571768,14.904625200358526,1,0.253304871066671,0
53,10000.0,104971.42291145171,1.5127587998211165,2,0.42244569091586315,1
67,28873.837390484936,160841.83957122196,5.088803636740384,2,0.9523985797491721,0
50,53277.42803472911,82327.01148568578,8.814052888324667,3,0.5523628518335263,0
30,56592.67065615583,73189.78597299181,1.785351900189169,0,0.5319386158641635,1
31,31764.354246627165,199892.23868135724,5.045230328176552,2,0.4099433125690898,1
50,55188.399825263186,175485.0909593823,0.5708865768939799,0,0.5568399770072555,1
46,37523.19502625479,61770.106472229294,17.521376584559512,1,0.9845672743971778,1
60,44460.818115456685,106950.65905294876,0.2995901937317371,1,0.2538069054589296,1
66,70495.47601330021,116433.91211740414,2.8828214247267154,1,0.9419278948493102,0
53,68178.749937772,110183.0211363089,3.8481894758329407,2,0.14907098437699773,1
61,30058.79345273475,190733.6723856394,7.814722840241052,2,0.11110536354655587,1
27,28854.97075959793,104361.49462097102,0.6455830012997419,3,0.654669495743164,1
48,41776.53208893367,111861.74378155085,2.906311737809359,1,0.25117902466907194,1
23,49465.0739765415,134433.11475732079,1.7813149264799686,1,0.4443923063074269,0
18,36842.03022850518,159495.98580238337,1.8699100815287786,2,0.7296547685778375,1
24,70812.84885599336,146844.9597152053,7.543166909131484,1,0.5348415031630973,1
44,56947.7968341711,126904.23931558196,0.027379552503778975,2,0.013749349330529403,1
38,58121.70219748858,22065.00973030459,6.913178138994099,3,0.3058432329730367,1
45,24669.223421100567,75593.1137970787,8.314152046270355,2,0.06468666979227922,1
33,73345.8143476756,140971.06036026354,11.581505840877128,1,0.926114550055703,1
63,10000.0,112519.93486396527,4.929300140575096,0,0.7946485934168029,0
40,66681.10903698739,141306.4316911476,2.028240586308399,1,0.983841683676411,0
69,68686.23475341543,194358.3030835624,2.7863965080362414,1,0.8851095124417477,1
37,41351.97625444077,41151.83974703378,17.48899555321163,1,0.47533202065633473,1
55,75458.20434494848,156895.50874022918,10.651014948070873,3,0.8825975172105367,1
42,48738.04894091307,83481.82687531845,3.1136850545016905,1,0.6724386133282719,0
45,51248.63406654886,146767.4909637366,14.329050052251572,3,0.5245996563910009,0
22,56790.575748084324,97938.96283159412,8.656753188469242,2,0.37064604591788375,1
38,113731.4982362211,206350.22694464977,11.567717672920288,1,0.6809661759364045,1
35,76888.6781616601,106504.3468130869,5.743908462327654,0,0.5901334229539547,0
64,64022.62401425836,67974.28878220098,9.747474353667464,0,0.6141849825831582,1
23,31743.9102679761,120993.73113958839,11.117305174256384,0,0.399831331157004,0
46,52871.79650958984,116197.1390359135,0.4826458273014151,2,0.7393151142899435,0
36,33737.51812307227,156904.8547055224,16.793129231541734,2,0.08134276763372783,1
50,66442.21694565626,122402.63993024628,2.0294242216559217,0,0.7261589627792078,1
18,52809.33951469714,223753.23195846513,2.8981953208954025,2,0.7307613136069561,1
62,27509.566407722094,94429.79322988639,7.848773050516524,1,0.5159433953813776,0
20,51622.49166837006,95019.00251097631,5.466576297244239,2,0.26328315026848526,1
59,33011.65060567389,69805.69749734728,11.177432653240672,1,0.5192765144063697,0
38,53024.32442675094,104283.41691770885,2.5589116628028004,0,0.12308618542604743,0
52,32818.45367269487,111552.95605414771,2.336342175918315,2,0.28514377538705504,0
58,50549.75266721626,114060.52649779388,0.16100903465461586,0,0.42129987859427565,1
57,65009.397238701895,103359.38377469996,3.106229561726726,1,0.6732337849900634,1
20,48938.960161497875,69508.93916363506,6.438054301903195,3,0.18721676775504037,0
42,42182.234656552224,55916.74359588224,1.791801227926384,4,0.15817075173236406,0
62,54065.52442114925,81241.31375822218,3.106240142957786,1,0.6077963621677791,0
55,63943.65241585706,157076.88301175568,1.2384478276120583,2,0.6795455410030209,1
62,27856.33460236479,167839.98427457397,7.409354611174969,2,0.08365575281331006,0
37,55213.123094104056,96151.77317797825,0.3120988302454467,0,0.033163183469601676,0
69,76350.816380348,52920.851676628765,6.110396289700257,0,0.14714985140116588,1
61,61473.13926553431,95941.31948416044,2.3816380113480657,1,0.9010267016072476,0
62,51155.08293334456,204583.27176350396,0.2124297520278666,1,0.6726385351873759,0
51,62794.7501339779,149948.39176583104,9.602611383960102,2,0.9210259110152242,1
38,59049.92912205365,127537.13457662737,3.3444378273379445,3,0.6647148031671672,0
65,65072.022183196284,148134.24585262846,4.572948018269512,1,0.965237240723072,1
40,10000.0,177028.33056706563,6.584414128214559,3,0.4389066704649579,0
23,18930.877326734695,42356.68992264402,5.322133165286104,1,0.5990989382278451,1
68,70096.58298966475,80398.00656514386,6.562559810639583,4,0.6011854512054094,0
30,19894.416476771188,73563.91835815922,7.183344274519735,5,0.003139916460562109,0
66,58030.772714384104,129355.71985354916,4.447654099864932,1,0.02745446036035737,1
40,42959.006879354165,108005.54453197986,2.275676215090114,3,0.1452652108122805,0
26,30076.215088080062,137815.5645344704,1.3928991175812657,3,0.5111295551542567,1
34,56992.99514294947,74655.63250663887,11.66023618715407,1,0.4305265204071711,0
19,54020.670074331414,168597.6025339578,17.520279256616373,2,0.5397490588828371,1
36,92206.85304192755,96533.31459253491,2.213209048152304,2,0.8004907939993493,0
36,37503.775909282216,134727.27759790915,0.5956675867638215,3,0.8222402785286576,1
24,78802.20240138347,159770.32494614698,1.2585982261709519,1,0.9770148535550355,1
59,57048.45828768629,155756.21577474842,5.553434663093224,1,0.5575478000538966,1
59,36779.56236914575,118041.42042008982,0.9493500941714518,1,0.3472154889651312,1
37,65984.9291503449,140967.34531912726,7.573418368886385,0,0.30802770487353126,0
26,61314.77008907903,187083.0331986143,12.821713299554983,1,0.3407415766435713,1
34,50716.865897160984,125680.06169873479,16.573013780848328,3,0.3238296019287277,0
44,55325.90712881247,63517.67989692101,0.04684630370874302,2,0.39291997455539396,1
64,38060.259379089366,129152.53654819426,15.868815040063684,4,0.07488142113571306,1
19,33484.25749490986,98135.93909902048,6.739108467830563,2,0.633432473547636,1
53,65188.84347645166,1000.0,0.43896877263822737,2,0.5680412230760489,0
36,45521.21151373452,123099.90118515462,2.682772869995429,1,0.461960892571442,0
34,48398.34003501815,105832.53250078035,6.020621988736675,2,0.08110529041352688,1
22,55596.431918885544,157820.88857487193,15.696338288089473,1,0.09320869280881117,1
56,55305.76689567616,62495.31712558468,0.8964790565791058,1,0.5451051752517486,0
35,21413.470580518704,24714.516881034622,0.6833001624591357,1,0.03658036696983158,1
24,75725.04172909717,108434.04297052548,3.1965825461763857,1,0.7247889306329253,1
34,52423.643038013564,119008.86938027231,17.225572953742088,1,0.9937781421319997,1
56,45946.93474355701,104691.64726927844,17.768110429365052,2,0.5974068988902359,0
53,58616.920103394936,101035.43418427017,1.2933014800233413,1,0.7234314820284095,0
57,54730.843872297264,46563.652289683676,1.9235143243905335,5,0.43893599243095804,0
62,65341.25378979404,93054.14315125384,11.931572162174664,3,0.667412330982342,0
21,60759.67344301882,82579.70852477924,6.637137420434521,1,0.6517803232985911,1
55,64356.92457992533,153635.437038372,17.934580670352315,2,0.8240908958980302,0
42,77019.87811455032,118966.26820153071,11.181569884685455,0,0.7113395853796995,0
22,67672.49097941944,86100.14391274026,1.2109696288676943,2,0.7490495440334062,1
47,46790.27559342875,186194.24382113828,7.129894584941681,1,0.5566359937876021,0
29,27541.976878463345,86554.61618924953,0.2489207557448733,0,0.4845149359275378,0
21,83355.9586600903,127889.33619430815,8.514151078090999,2,0.45871649378065715,1
41,45245.53253305775,91653.93332053589,4.600951155799748,0,0.392010920631085,1
46,40537.85173278955,181557.6257514002,15.629314435395283,0,0.26602776332349254,0
26,15265.463644711213,104342.98879068055,16.098437704737695,1,0.033311043777972005,1
21,56769.46210624223,105820.71139453369,0.26075836093853905,2,0.6710956328054878,1
68,52977.7320790754,93006.48206136432,0.8748719803436453,3,0.9009611947257156,1
41,19697.701275010386,109825.59630006073,3.3102492425914405,0,0.9304824376214229,1
31,59065.48084266351,159976.89193239546,10.580258963041828,2,0.5805617067013616,1
22,40036.16158597122,142292.1922342344,8.422023558957891,0,0.09413660826119352,1
35,103806.30014577387,101403.80905580855,16.672840194799573,2,0.8786643070424561,0
59,38612.776158182634,185066.2553228327,4.812774482428502,1,0.7477448823425696,1
36,41296.133356044134,143649.28206712846,1.4823597495058967,0,0.2514110542151803,1
29,32504.475514912647,78090.94404013254,0.12713593908754833,3,0.8035449409038495,1
35,75557.53042083944,30982.582313303094,1.2611016327607287,1,0.4720079480700371,0
34,42544.484110704936,79249.30991017149,5.623855296252089,1,0.887593111672327,1
47,35501.71692469007,120667.43892751265,13.037054640612178,1,0.24761093276395107,1
41,64139.10019841085,129860.01853157133,1.9349614356237446,1,0.8009059206273234,1
28,22392.941291736297,167956.88416510096,10.425460592380665,0,0.7119103157675111,0
52,62502.21092497895,45272.70124405,2.511793252663306,4,0.014441172398682256,0
40,85627.99433201714,78042.23330265947,1.842806895322737,1,0.563334608845687,1
34,61332.15665670178,41117.866506274346,3.5549698853228895,2,0.7155342779575766,0
18,62757.9663251985,33060.039421027715,2.919432832600087,0,0.1564107886527304,0
32,67401.20433814968,68609.06270233408,12.255417879945185,2,0.5318989354572933,0
49,84194.16057351037,118330.61221470105,3.157974450823118,2,0.3040779102453881,1
26,74197.87920038209,138569.72174451582,1.6240502359655018,2,0.6962529149775764,1
32,58793.39444546047,52582.29466891627,9.243731362559567,1,0.5401398128864517,1
45,68077.82801272003,59536.20403063801,30.0,0,0.621457994321665,0
41,32281.301490697788,11008.841233828309,5.22305604155482,0,0.0725398373216205,1
52,65525.87181494644,110717.61041384979,1.4414871016063238,1,0.1377951401980082,0
39,29888.88057632505,63393.05490146309,1.3643947532874166,2,0.552089180690467,1
44,42659.551627367466,183151.56891059238,0.29719345020154403,1,0.18117288202400228,0
36,10000.0,120490.43998247973,0.4022178986779896,0,0.498691171208798,1
62,58028.59318734924,91427.71282716125,12.32452581031536,2,0.6900292989276751,0
29,37122.55977783295,67944.37862277738,0.5073244952281898,3,0.8097717089074284,1
37,72222.90430408926,25266.488990288533,3.3115755412745767,1,0.14300680600815308,1
18,57803.85221210805,31606.411152728455,5.98865793474573,1,0.7418788671602761,1
38,72481.91789403251,68892.95227139327,9.497440024621048,3,0.36318608443271905,0
66,28328.069106549246,65054.855898784765,0.9393100857122006,1,0.6789329699947028,1
62,70767.72074319265,50041.40785770028,2.8792984861276194,1,0.14528463263115265,0
18,92117.12688726654,118854.73637211722,1.4482880795253532,1,0.5151751817298891,1
27,65283.16599863789,125713.27962074295,1.4773824505591078,1,0.8375622754947686,1
64,65806.98017384578,77068.38013491359,1.8108738262426725,1,0.10643141965147063,0
49,53391.9535278987,196757.61341326585,4.422945582313414,3,0.8276807581905714,1
56,39506.62438869271,12663.531674195401,0.08358207834785952,0,0.452768395747439,0
39,65223.84745403017,102908.19494861316,2.6277194256037766,0,0.8232716027224342,1
35,19878.34179195863,89070.98979560373,1.034076277526692,1,0.958387710036401,1
65,41644.89750158367,72464.95590163716,17.074226741425452,4,0.15965260930152791,1
63,14578.863953256354,65116.85769934703,4.37009884907656,2,0.6745696093927469,1
49,35926.87245369834,99652.00585438209,10.128384333904297,2,0.23509645386906053,0
44,62840.90183787122,88723.60863391357,1.088852477641695,1,0.13555427537017672,1
45,60107.86752440927,80406.17364437203,8.304069191277348,3,0.6280825960473485,0
35,51018.27391070945,35064.01825053127,2.6788581992837885,2,0.1079836324486092,0
56,53408.019881240216,19094.409109475047,0.978217640648195,1,0.465172570124038,0
66,12282.70764271581,85574.17624022173,7.161591025571104,3,0.6359543403495009,1
46,42548.7543885817,79895.19477517348,7.177656175167226,4,0.4996307279613229,1
35,36372.9678712958,90148.15698615862,27.469115506475855,0,0.6970692773719817,1
61,36818.80618970918,94568.91010552456,7.591985571922625,0,0.8014120029665254,0
25,61991.57255627507,73874.8829058591,0.7848321479038772,0,0.8722464227478949,1
48,32789.85346989379,89379.62880908973,1.9470588397255875,1,0.5598722557325734,1
51,37906.38299745178,57323.584594825275,3.004908950231482,4,0.27663047090125614,1
24,10000.0,176197.29045816418,0.6771104984819512,1,0.5096618681523973,1
53,44117.536392476606,60012.99259250157,7.756764314730297,0,0.38768860738190836,0
35,28243.249045727604,81450.96452673298,3.7401137647004528,3,0.2259255895831752,1
55,51584.05857379287,63810.56054430597,14.452320029372208,2,0.5290673265237801,0
26,30977.839065150707,62970.92298975486,4.449560445279247,2,0.022654862753301974,0
26,52090.84491098432,101232.07833189733,3.7001362299018634,1,0.605564899456545,1
63,47106.28478515313,94888.2895058494,0.37052145351791543,2,0.8216037933570616,0
25,83440.83546084641,77026.98048123949,0.8087485091731705,4,0.9994357205384774,1
68,59944.359609063875,85826.20042228443,9.469827386708241,1,0.9216790747640057,0
52,13207.242548753937,64009.322450336476,23.375805898135077,3,0.08981591607778638,0
35,24702.223117945832,120086.28188630802,2.682248469272243,1,0.1624293796987163,0
22,51104.160179846665,202759.63712953567,8.305921908631786,2,0.13864462285993506,1
31,31403.041032146986,56257.93613833908,4.938742564279861,0,0.5583515528407005,1
45,10000.0,119698.16118673023,15.978149788097259,0,0.04593596618444262,0
47,76990.92627667487,102247.44785103551,1.359944192616305,0,0.9369927338782191,1
21,64404.48033810816,133431.48790662948,3.9354846039972085,1,0.06183667028616102,0
56,60419.53746983543,134839.64802480358,2.627969181021715,2,0.3912505553426594,1
37,37853.5390905817,110270.63486093303,3.9013307360640246,2,0.8939698175010442,1
42,58553.53542019859,98008.97119424501,1.5657384887263512,0,0.9483783204927172,1
45,35912.793515582365,78277.49001757769,3.4432481756430593,2,0.4652907855258216,1
29,54097.14600435382,61751.98234456823,4.901535569747141,1,0.4884315471477668,1
19,31588.33548327045,95157.71695241076,0.4235204804136419,4,0.6361770936964425,1
60,80325.76901112028,35770.55842911598,6.793148015641663,1,0.40763880181815093,1
31,18595.266918363108,70307.20049412656,6.129779409111191,1,0.324661304413457,0
39,74645.67659021662,155342.68122362843,10.62042085483947,0,0.7394270121465931,0
48,50778.316560346604,104925.61105398455,2.77438002073001,1,0.5953583046822817,1
40,40210.660093160186,144633.2209467775,0.3182632754424469,1,0.48167109459692836,1
65,53340.05843391477,173482.1943329212,3.0944780059354042,0,0.1007873351151618,1
37,64666.96014356362,91148.52720425914,0.7402335719590101,4,0.06886162000493667,1
55,77334.93473388795,110366.29170968207,5.212768922427772,1,0.5108152254384659,0
21,56262.860462670644,84907.70529236223,0.24139197741619695,2,0.6194317198509811,0
32,32186.078294754454,59369.71197621969,2.3419958352409496,1,0.6575117240968774,1
41,51112.60247531577,52351.587033379765,0.43238250114944055,2,0.894890107921972,1
42,86335.86473324745,142157.51862982457,0.01686056630053531,1,0.8162248636246711,0
18,76953.56171025248,110431.3640242824,16.164521819170698,1,0.14076223887045003,0
24,68175.26956248717,192330.15360405264,27.7690787104995,1,0.7944309588499022,0
48,65913.74040244773,148602.60064619454,4.054059320833941,1,0.6763031431464074,0
29,63989.00181213084,63439.3505231816,1.365319534814711,3,0.8280288944616753,1
59,73175.0966901974,142017.10901133856,12.10116150986343,4,0.8433545982439092,1
22,40867.424285561894,84746.22304488723,12.822126284078315,0,0.34553258379956053,1
61,22898.278684499877,160842.9854564501,9.63820150970094,1,0.26326886305904396,1
67,51380.07001474123,75683.306137849,3.9303708423579247,2,0.5526340282521364,1
59,33648.36826444618,47378.70198786638,0.38819802538141607,1,0.2986076880471257,1
55,28899.58489245631,60212.24614692952,0.46298342477074295,1,0.3496853400293546,1
29,35594.42846824136,62766.75487925432,11.346708528750323,3,0.06916006541974429,0
56,99706.27849067372,57987.41176906679,10.430391479755276,0,0.9913637251933501,0
35,52722.49268151689,71369.58621974467,2.8493165043530695,0,0.3092969594208316,0
19,57238.156727219764,142834.5935162619,1.9886352671999716,1,0.7800733197233342,1
27,25552.74385991492,189802.21041330922,5.1658634951000835,0,0.993158294640358,1
32,13124.940824147401,33490.52422232482,8.225013238774611,2,0.9691260166039506,0
47,33618.94713762388,163175.65214165748,6.577966997882459,0,0.6338831502540905,1
61,78763.91170417497,76114.81420127857,4.780396225636221,1,0.5386614499835674,1
34,56685.50932153042,117394.1265601117,1.3166454376894845,3,0.30927649484481934,1
21,61971.90182888784,17292.698471335127,1.5224789656156537,1,0.8615067268177601,1
24,64771.32078404123,126201.7508672428,6.437994704886057,1,0.337995144354338,0
58,38173.012404034445,1000.0,8.113118633504842,1,0.10672379577302038,0
48,77759.31167946736,115696.75361550826,0.6172557787679853,1,0.2940983913430745,1
68,37343.84801555636,112862.80235146682,1.0369480426884619,1,0.31509732610908725,0
56,78124.64718525106,109550.38171477336,5.704524666843493,1,0.7184853723581804,0
51,58846.04312270681,63254.49246835353,2.4631818414308864,0,0.1695419587243815,1
23,14219.096915073555,127476.3337214822,4.142462426884989,1,0.3168632336748509,1
67,35039.8102679893,119554.07547083586,4.770157088565223,4,0.07658642450446862,1
55,14301.229342557912,89502.36081794402,7.4850898796455745,1,0.8484011563136163,0
62,73265.64265588418,133592.5153587597,8.192195831633448,4,0.7247754521946763,1
68,49505.29158395198,95219.79267172473,1.643188749407216,1,0.4374870032375242,0
51,10000.0,126438.8579454381,3.896758731061552,2,0.43001526608936436,1
61,57514.937634393165,93706.0336302955,0.6592294329946404,3,0.16637179808135938,1
32,39256.7147522336,110835.09955547703,9.22628127489377,0,0.3844731251554948,0
31,20323.882899333534,128736.1470537631,9.33612135344182,3,0.9068251744523317,0
23,83559.31673937394,80104.37131909825,1.7798453870303876,4,0.13865802312031394,1
67,52145.717321931574,38308.170687290236,0.8754600101134926,2,0.7650283824316261,1
54,44131.371953733746,113803.95027740773,0.3633469197074413,2,0.0471758249175791,0
67,42011.50438027966,159469.5689306465,4.278053403988408,1,0.3116795495224741,1
49,19734.410616844554,114957.5486478723,0.4794062663780584,3,0.8469375510501223,1
20,23909.02200831781,115907.11573481864,5.706474512534077,2,0.44498371740077647,1
20,75698.33569750166,97891.19467516798,5.667981801505273,2,0.7026940409127715,0
39,40522.342604285615,136955.93263866004,4.7594264301906115,3,0.10354175863260007,1
39,50441.35401873727,90703.22919310314,10.460020682897444,2,0.6834257406667397,0
27,10000.0,77305.0609436569,2.3763328129103325,1,0.8190206441152365,0
68,23638.159284089885,155264.9126437433,11.627712169707092,1,0.8052458632230876,1
20,62196.25039749505,73473.08408536589,0.18812185792362182,1,0.43886975192197863,1
29,57554.23520227667,144473.54732258746,0.5981818170969058,1,0.9041411982312126,1
46,85067.50397448632,155296.77309788545,2.656889941631406,1,0.5749749759217914,0
65,76859.12663262452,128340.84660310304,4.5069246208995075,1,0.8178717438895875,0
34,45385.780550303534,37538.22402136837,0.16455660698827448,0,0.21345931079529734,0
24,59459.07129426542,101357.74546112488,4.190107264645442,2,0.21024051328035565,1
30,43667.93114193852,89900.00014706913,1.836501081481707,1,0.7543621958279123,0
19,91096.19637277297,75200.03723323434,10.908337445583527,1,0.6466351260683206,0
21,72980.293921048,107137.57936732138,3.8101780553844833,1,0.6763098884305904,1
27,53393.70181715502,138460.3173748774,4.43237229227271,1,0.2365702834892348,0
56,54007.89569752703,77072.36699344008,14.55896072564921,2,0.39962263427452804,0
41,78897.00574519616,91430.86628631628,7.223242129425334,0,0.25837969025874385,1
34,61591.55694227695,87947.05330840062,2.8836989301806355,4,0.06812592947342677,1
69,81172.56034140172,158193.55227721558,3.2397182983825563,2,0.2039411870120753,0
23,10000.0,87144.96910947068,5.219539221340103,0,0.9951642948857398,1
36,59224.56522997597,38279.71711191272,1.1169630156909107,0,0.2340419459923021,1
22,39691.3027063723,21328.25805047431,0.464145922816796,3,0.15929323682587582,1
49,85127.55975255984,118136.47832829849,1.8642867056611565,4,0.6968767985039438,1
27,80927.97374379658,61965.913005704904,7.534018502401201,1,0.6021444357661139,0
26,50656.71618202613,133436.22526362393,1.4874756420222335,1,0.7460130659842475,0
44,80712.61957622063,33439.00057464343,0.7006754618663403,2,0.6536730959980498,0
30,85662.29039985011,73054.39166946961,1.2360453242603546,2,0.2229933948862166,1
36,51488.13343852295,33471.5575239926,5.681148865686922,0,0.5009060416265214,1
38,99438.67544863715,121730.53577744616,4.75891675209641,3,0.17664281047203767,0
41,49373.17694660555,132442.37703123252,5.82881103944079,4,0.2535379286404065,1
55,45709.58099328182,116931.25788183001,1.9427311349552057,3,0.9869176491252277,1
21,67317.45177168687,45703.18397980786,11.555916102561998,2,0.7286799417933217,1
41,42924.18537715372,62711.8127944667,3.0053051192150755,1,0.7828504747379101,1
52,51706.79551589788,111715.69943057769,3.604781800269576,2,0.030059160132369644,0
20,78188.6884810182,15612.929593781795,14.860857701816936,0,0.3821339398108915,0
21,50384.377044345405,87943.25278060485,19.38262007172807,2,0.55524887709238,1
54,16099.644140493845,175845.26766679407,5.416787079577979,3,0.14967402031830312,1
57,57346.38775698393,91002.22254098125,14.485156751007063,0,0.8485464216354357,0
65,36074.1284189521,25572.76804840243,3.899055486045755,0,0.13960020983371013,0
52,67305.42314589092,69629.53761619324,1.8356682701339222,1,0.6365054700051258,0
48,63923.794316524916,68465.38371612121,1.892360030320063,0,0.5531872066265825,1
61,79428.00696333044,207015.43899182806,4.092878478943544,1,0.8493132046129492,1
42,68150.64601585394,183283.95402569478,4.644804814795206,4,0.3118107246280254,1
57,71804.8856731613,136546.7717050789,2.8956746261272177,0,0.28408370830660223,0
30,36618.06479724574,82846.20346293009,10.760985279980336,3,0.8464131092442051,1
21,66079.72991781005,160031.48304898615,2.7816968450571995,0,0.22140584084695325,0
63,89369.02578720581,43327.018047477075,1.5970585222514555,4,0.7460413966316988,1
31,36227.001827264656,153828.76576221298,0.04006952032633731,0,0.19114585699445175,1
30,85994.76583454196,146398.6768710022,17.628580948021046,1,0.8756954125989546,1
44,39012.99817597339,92432.71326753596,8.69526443957949,1,0.8390635422413181,1
23,32960.57509900052,156959.3156675386,4.779832343584354,1,0.7874630493466348,1
34,55924.00886709676,77638.9435268075,8.875758344022938,1,0.4914712797958489,1
53,64318.20832257619,36745.72009508832,8.311273155610305,1,0.033839221176822365,1
57,68235.0024794453,148898.25064999607,13.430277847799697,1,0.13246520229817516,0
66,30764.751584535963,95737.85354302704,2.4393529519855224,2,0.45660510253910325,0
52,58690.801945085805,130089.03016493339,4.046745058363752,2,0.04364764441543578,0
34,36288.9085703299,191044.32957797032,0.5191862915748681,2,0.0634724429348672,1
58,20221.554878588468,63887.29638018516,16.807301180421025,1,0.12550383773910934,0
19,31425.273689344307,92831.02475800124,21.041062243279477,1,0.2608466975603033,1
30,34981.99268088363,178481.7252288857,7.781482522670338,3,0.749322789446312,1
69,60431.90320705014,133436.58654276418,3.0267895432382854,1,0.047982394760122005,0
19,73044.27326137337,65010.86278977019,3.431520747121179,0,0.9836393953563223,0
69,20535.867402494667,52249.11482302607,2.857895988645298,1,0.2738295205869714,0
45,57039.22148416111,73595.96799483272,1.7358204118552272,1,0.32019777803489824,1
60,26466.03628458187,63079.26475985609,3.7516722681273507,1,0.24788488784255092,1
43,62581.70818028001,111867.40597447654,0.27463137311895713,0,0.6023907798824866,1
39,37545.38837992504,103921.72535987999,24.071475999548735,0,0.0194266272131155,1
64,28973.419639534422,113961.88771376756,2.7586733114499373,0,0.09356952570324262,0
60,65993.2903069515,57959.35992201088,13.111650940372153,1,0.09877743904789393,0
20,38261.547891098104,96458.30462373725,6.441692251933489,1,0.6645324254984775,1
52,43680.72097294604,1000.0,1.712049566976967,1,0.32952173760899184,0
29,10000.0,107250.31586806833,1.2554819485305204,0,0.4374941874723388,1
41,68931.02722846947,158772.03224779325,27.21721717751067,1,0.9499733533741855,1
22,66418.17042338214,28762.704532690987,7.394819962402883,2,0.2000428768220065,0
37,50109.15688562628,124171.41153237305,1.4361540324335278,0,0.07019678834590437,0
56,19448.38117288482,69449.28241197184,0.3491359981591196,0,0.4414232295819803,1
56,74187.38356669527,140125.05768466846,5.968735416739271,0,0.16407321240944484,0
30,36674.732272784175,107932.37256061393,1.8049673971006028,0,0.1446571484881981,1
58,40932.93099798824,120235.20563302204,1.2508449324990703,1,0.4101320830591798,1
62,96240.88112719063,103241.19493777202,6.638946558158466,4,0.6696511558855329,1
29,35927.271117815406,166416.59031921765,5.685642883343106,1,0.2428519004601164,1
30,64844.19924853001,117370.52388475512,3.283234232579934,2,0.8759638952056785,1
27,61241.84524165235,64728.81429987744,14.293429446193542,1,0.362447946966332,1
50,57803.443857601706,104935.75261605019,5.691524076035979,2,0.9340482623139456,1
57,55640.01085109022,81555.94785169754,11.19427639792043,2,0.4923952782804618,0
33,57527.771237783985,108119.99532597946,1.0570195464997763,2,0.726737893167836,1
62,55438.811818810806,79011.51438165936,1.759474149411318,1,0.8490168594198252,1
52,48961.63282447878,66159.46322268427,0.5519777046043205,3,0.5297198749348175,0
20,80225.66248221484,109963.61063742229,1.8161964816816223,1,0.8503234512903708,1
22,23746.788784014436,102789.48143082768,17.838325641497295,0,0.37798178664195303,0
43,70429.16208030753,153197.7922522924,16.464798268222744,3,0.36340407438703237,1
28,66446.84597375103,79252.20604335936,7.143637317033447,1,0.7940633902315788,0
24,63967.98242658802,1000.0,3.680777220116404,0,0.24126972470623387,0
27,72339.58855280257,81806.46007683435,7.588392846800673,3,0.7170384911372117,1
59,48148.01209463214,18678.46205417115,4.031433272436416,1,0.07708695711629032,0
69,12620.518483462467,120783.59870482881,0.017573369540243102,1,0.6356250637591676,1
51,48554.14680571028,16305.103582560623,3.48123062609961,1,0.9419097149090276,1
20,30176.115647508912,50581.44687929493,4.568014810965067,0,0.45646588693216683,1
25,35362.815802838726,81883.27708625686,1.5445173596674724,2,0.41596501471190106,1
48,25151.606523351766,177197.53023805725,1.136345023043446,4,0.5405408624898163,0
28,40453.10283112331,46355.494214254126,1.5997117195537294,2,0.7195660744903342,1
62,38067.526120331015,100620.24915732931,4.885882987343026,2,0.3588363091493256,1
24,10000.0,128998.82884786295,0.7894958202443031,1,0.00013001127079648178,1
62,64004.43822564578,174203.02766103487,6.37069434241286,3,0.5020847102521145,1
19,94406.43716009764,138889.7375860705,2.7467480134753237,2,0.41927816058215517,0
23,62124.74386992578,154695.34758162327,2.179733892669053,2,0.5327030616730226,1
58,45941.52086931544,143215.35294257707,8.231321056123042,1,0.7153122812823517,0
49,48905.07208647569,39543.85143019304,3.5267390264402265,3,0.28339105270101195,0
37,41580.28263973648,117984.60521585234,2.3772969137295767,1,0.5052596768465978,1
51,51800.83167733916,142433.04760861114,10.52501599688749,1,0.25338875028622454,0
67,49259.83811853533,52174.985516299006,2.296320581666391,1,0.4593466365431458,0
33,33179.031392034114,71012.00616379887,9.794986976482766,2,0.3445391067020531,1
42,83657.76777895662,59840.385243647186,3.507900171292756,1,0.36904130080086783,0
29,20256.91528580458,138631.14929840167,1.166014243204775,3,0.5793610506856186,1
24,64366.63086388492,96535.9439835434,4.744304490551935,0,0.6896109919231692,1
56,47976.047453649364,83957.70528324514,1.6796266149184544,0,0.012658497380686806,0
34,88016.6363013149,35916.50416735061,0.7958880729539508,3,0.8766412395027434,0
62,56817.291984964424,96630.28734031037,0.4525202813922063,1,0.3643354085512396,0
28,42801.88925633504,71620.58225076256,1.3833633994642103,2,0.6436103227961631,1
23,45045.85603131005,112166.97826320812,6.669546512660741,2,0.12239243017990187,1
40,50798.13389039522,42851.64006772746,9.100770718057685,1,0.5714560805892019,1
44,27144.186100071984,108895.31297531004,9.892403909190477,1,0.6784595305664299,1
63,34662.609497641766,78052.46147505897,1.574569400707172,2,0.15743804577628684,0
23,14301.12061616285,37535.153713242675,5.4083766548499215,2,0.9121548037592039,0
55,31540.46203251812,33635.79810609267,1.3091234397724596,2,0.7574664070451129,1
19,51878.129633209,41148.980598865295,4.874396465487883,2,0.5339195605726157,0
39,56003.50098569042,89680.0471279729,10.911182003553694,3,0.16606603591690106,1
37,10413.40610007196,106049.77171817502,0.20876673735984733,1,0.8655513694154501,1
42,47255.76593911599,113491.18161885906,21.074319548160464,3,0.068625968749087,0
32,61268.199016442646,115377.64588642238,8.774858878641997,1,0.11517155801163581,1
66,46741.7561324753,62073.836951039986,7.170329663322526,2,0.6981742376858379,1
46,37324.22708444399,152920.14540475878,5.877945527774387,2,0.2538608515424583,1
25,41756.777099035724,77888.72369959234,7.354337505073892,0,0.4593178994346546,1
54,39184.73290045556,122507.4880029866,26.10248351251041,2,0.5389101228964761,1
66,37265.38881783886,91792.22832530916,7.352540213558307,1,0.4582341587372808,1
69,53476.47050489697,118781.06158515207,2.166243496411237,2,0.0838936565575511,1
50,96153.76455470902,89283.5966927543,4.758577382340557,3,0.7374744386284878,0
39,35126.001661896335,119681.74382872833,2.0543209057382024,1,0.2399902077606364,1
67,43637.14734677146,99630.55650598383,17.543708610096516,2,0.7385316808721663,1
64,48966.041212495365,140692.02853253443,11.519916992122862,0,0.8652907856909033,1
22,36252.91131283413,59065.74783944008,4.19225486913767,2,0.5363738253896737,1
56,71964.71607046854,11505.433205471083,7.599671758055004,0,0.7063764386093888,0
35,10000.0,51332.12902829517,12.022366164538544,0,0.036937786072455014,0
55,39378.81659242649,153445.92076190168,1.395926453827653,1,0.03674811705608516,1
54,66366.27472639924,92272.05900561302,4.331338270380721,0,0.19716228892984689,1
47,44118.113832227325,104603.11477732811,3.286162701977612,0,0.3583832914997659,0
68,33583.220822994175,47318.169297680644,7.383094754831334,2,0.1827838452303847,0
48,58815.135088775285,103277.68625751392,2.382785452370679,3,0.6349602695447233,1
27,68126.86470794304,48859.367796365186,6.171810238098395,2,0.2768876169308402,0
32,54212.708904301166,56210.936247362246,2.5791329473089726,2,0.8457510253872802,0
59,33975.59280374234,79875.81585880599,0.5887112960641059,2,0.5606037992529497,1
65,59124.066383034864,122254.86289210728,0.5665234449811611,3,0.3780795332935698,1
61,41959.0139945042,127592.37903212551,0.6338079380660506,3,0.8930781664846015,1
35,64903.737637876555,128952.24489689185,0.16530198944178207,1,0.8283630614777231,1
40,79665.17769713182,20595.79424778129,3.8068428728120978,1,0.8200351462044363,1
50,10000.0,99666.77498048692,5.572225066680048,0,0.7283512490062121,1
33,52221.34946391265,90160.9083308632,0.6775433125354116,1,0.6142143365702505,1
55,15285.321261047458,23390.879195927235,4.731920137512473,2,0.3668233991971326,1
52,98835.7717065954,100799.18833610992,4.553284139013392,2,0.42260042653655694,0
51,40637.50932407619,87478.63912816193,0.7955299856016209,1,0.6471239930346191,1
45,64927.464836507446,125576.28360589436,2.588266060301879,2,0.17287133261309273,1
19,49293.66280810208,104062.35381199012,7.035255696694671,2,0.8278146214452561,1
47,33938.30838561881,72533.97348583734,0.08448997944173126,0,0.9386702204028939,0
30,31558.939056451465,146288.12252284886,0.7946731796703619,3,0.09798860614154536,1
58,81713.58346201517,1000.0,27.397247344810545,0,0.022455681055802312,0
33,69118.76120356622,96786.7435785195,6.612747595856552,2,0.14270017459218653,1
22,88871.68174755127,11837.453400403203,3.1193210284982884,1,0.7599026052722544,0
45,51109.066703153985,54390.336439694,4.968578466260139,3,0.10782655905673566,0
56,55758.392424920006,126240.68515046749,9.361192905010471,3,0.3722495556205715,1
62,44656.168686894234,36290.125977959855,9.235449315690538,1,0.06312361594362548,0
37,44258.35593769982,28814.109064803255,1.9630018403402798,1,0.43255716905407327,0
41,29162.261350452634,219097.24917078123,3.3793998288822618,2,0.6038590686315528,1
44,51680.203818487025,32035.547428991777,5.081316395062496,2,0.6285096001749141,0
47,34215.068102276055,182526.04515439866,0.37306235511495206,1,0.5189153459444275,1
62,58838.17844328405,91389.89177103697,14.575058153183424,2,0.938107910963896,0
44,53400.20437960419,73758.54392805124,2.834703724793128,2,0.5311365305165245,0
43,55753.64087351444,128339.31952941025,2.317025853239402,1,0.859238022951518,1
24,83502.59879380453,166829.70377722496,11.881177619553863,1,0.9930257448812658,0
59,49245.64100468818,42696.60289458358,0.6294413719255907,2,0.22974539816422568,0
64,65134.54005706856,74487.51051357348,0.20026144049248742,1,0.26553541654944746,0
55,91030.18928171162,142343.4867342126,5.775951491409676,1,0.5218695334368043,0
22,76132.34138590095,114399.71562135,2.430689186872132,3,0.18237838259202332,1
40,73063.3939690969,155095.89153206913,7.229708241057421,3,0.5641250684577263,0
45,43866.23568959,125755.59772158897,0.3550349111279141,1,0.6843899068462943,1
51,54592.86111135594,190411.2004574574,2.4205707281812803,3,0.06039754901358818,0
32,23634.474159401165,108929.42994168251,1.3415232466392577,0,0.6813949027455817,1
49,59978.28801928829,111090.5574165481,6.727807285415041,0,0.1594668594312746,1
43,55489.203552276835,116086.06860078993,1.2884815992427454,1,0.29931860752264594,1
65,50467.70250312362,92875.5574136721,3.061942121392267,1,0.7388098214959699,1
48,70543.8957648572,142404.35794004623,8.542909816956374,2,0.16358999598185087,0
36,25844.50355151207,111852.0611931513,12.34854572342471,0,0.531683048113518,1
26,82697.25702320694,139409.0004572572,6.411578284603651,3,0.5891753062147126,1
46,68035.29375880568,147224.992681208,2.8038308477668323,3,0.1643578731633739,1
68,48587.32040696052,121422.73407801636,4.242995405036929,3,0.2747814456667753,0
56,47025.40824365213,125085.81621170984,5.850916554321777,3,0.6064639217343286,1
21,59612.22430497189,49483.51062017331,10.394513497371605,0,0.4611985075811237,0
20,80417.02464127558,72482.32060900894,10.971972243867032,0,0.6599813341345503,0
46,52032.154373800215,142169.17264953657,13.366033598813125,1,0.8547168810269675,1
69,52880.61803958452,171181.55909092567,8.322404268989258,2,0.13503402394378627,1
28,50362.369552517426,2978.4887245819846,0.7937943659575457,0,0.0706327139948486,1
50,85640.48225402946,71606.84263742926,6.884483952403873,1,0.6667265688371201,1
55,42622.337941259524,101181.03012073251,8.425992458272146,1,0.7706436470194115,1
28,49409.84802761857,56036.27689596611,10.513404588382762,1,0.4493069886164782,0
44,79268.71308521989,58874.01779091586,12.939143678689128,4,0.3939094696878319,1
50,52940.21667225727,123745.99368969024,3.5581834497528106,2,0.5967718571219902,1
38,72741.17720091045,179068.79845857166,5.32239789785932,1,0.5514539522664452,1
56,31774.39886194083,1000.0,0.04799348533356871,1,0.4901706911184498,0
48,45894.14956742972,91476.19255091519,4.252322634682415,0,0.8187051282375125,1
55,79688.68076880457,123164.01708951939,3.2046561799275004,0,0.17350046003178543,0
63,36473.205684729095,139010.69861001207,16.3912776705778,2,0.6812089115503848,0
19,46974.01920460585,115956.36715345192,11.599129252153801,0,0.7413397394581756,0
44,55133.70461782957,188070.12749680574,7.98764377976927,3,0.9013020104973855,1
53,30216.909640140268,101445.3296662897,0.2934141468451935,1,0.9451002025813438,1
28,41723.79762756206,165599.63951960485,2.571063787188507,0,0.5078656283332058,1
64,52252.73363651281,67681.61648270155,5.954332380098764,4,0.4336400161772397,1
35,50933.63468323922,102899.1473294425,0.15054759864897913,2,0.5039085640145723,1
18,75607.04041674272,39364.24621005746,1.3447189572011409,1,0.7325792627606937,0
52,80829.14389664507,145043.22202744972,10.924329857706379,1,0.01717136877467973,0
52,32878.30255998178,93977.85686794118,0.6950505373410167,1,0.17414393545240436,0
48,52225.370383349786,117891.05312599489,0.263700672984586,1,0.9076663211942027,0
45,63484.96616849531,84331.56843574632,4.344480994828826,0,0.1954346802907393,0
56,80326.94931598395,129321.4250829508,14.637062249157227,0,0.22848335763909344,0
18,64369.80594634259,119871.6986927876,8.997690419056873,0,0.9394643367591543,1
42,55818.26803184663,50267.42850143968,18.399103983804494,1,0.29428032370576007,0
60,63330.85063965261,53161.62837084948,7.002436098566505,1,0.29044274091689226,0
55,63475.3766867252,98611.56348293241,2.8756632947998044,1,0.9237088448905957,1
37,31445.71415431263,132978.69787033286,14.651262189510554,2,0.37508199402345554,1
20,53855.975850125375,193144.77765569236,2.7811488214125157,0,0.493942019403545,0
68,79183.21988377383,115149.54283328645,2.15464245147197,1,0.5604073437094627,0
19,45852.8646261199,150376.570124427,2.9728110959850973,1,0.8682824779995022,1
35,52588.932850948884,19357.45326179157,8.409342924352227,2,0.07757142769238035,0
61,45149.67100947956,200647.79247169913,12.486529003618045,2,0.2608562351955065,0
27,10000.0,130284.31055645963,2.2133597100765954,3,0.5870080964688112,1
22,50411.80354469358,97519.77444206101,3.101783905062028,2,0.43461277549082233,1
26,56035.83861305745,91765.19762710373,11.429983388756025,1,0.2782807436221122,1
19,39750.13218238196,44640.01010705009,0.24093097175515,1,0.4096422593579844,1
51,26907.261022305436,58935.660213991454,7.65934579185913,0,0.9662426353098504,0
55,32387.870804367012,195521.7816066707,3.027676036969668,1,0.021032565064954878,1
48,65283.75232271128,50549.77808569937,2.3621797330610996,2,0.14697450270930146,1
27,89450.49546093811,49586.61210668275,2.9612747908935027,2,0.01865516759036223,0
67,77648.66681810866,64888.975696221045,2.712361318177576,2,0.5933966589257713,1
29,23113.079903388963,40090.96235193637,7.065627967491021,0,0.012936875238072743,0
53,67092.54621101407,100765.32874227551,13.151802838669077,2,0.4540159759797414,1
38,36736.7524838142,154445.52563326195,3.381015974942927,0,0.8591962118691056,1
66,38354.658749824455,69475.38368639833,8.940843193394025,0,0.0972049896767534,0
64,40760.48804057432,31333.78601195893,6.582806817930818,6,0.3651740554930911,1
23,64121.33899710861,114593.0656507327,2.007470905099937,2,0.37799792113761077,1
65,69185.06752898076,97211.28311600935,4.425339081577943,2,0.3622542638904874,1
66,48039.37857440424,150136.22750408124,5.495297068303381,2,0.7274620450150864,0
20,48378.5851798395,77274.58503488648,0.11889942720139007,0,0.0044095989617776166,1
27,59285.27486471586,86992.16101866624,2.520537465333201,0,0.7799650742627435,0
22,61359.89079048484,92523.48177283656,24.55723765068685,1,0.8390413358916874,0
63,73524.51413517058,104450.2055276741,5.07029552502139,2,0.4314635642046011,0
43,24312.560489816027,80371.9161321205,2.0341607300825517,3,0.8871569957556424,1
38,50400.5467960806,72267.79459769955,1.4385706274988908,1,0.38103901337547663,1
62,28639.512482176448,7481.115755907929,1.1753317442680298,0,0.6947227819548313,0
43,48981.15441873194,71730.63954399414,2.567825270951033,1,0.3888248802458433,0
55,45476.494246384784,135761.1634040876,1.073804486982254,0,0.03784342102077498,1
61,49065.010921945955,142512.2759684443,0.726205172929078,3,0.08342637299490685,1
43,34005.14223778936,76444.34882043497,2.2632811220441056,1,0.44204941574009493,0
25,20254.204135851425,164974.2999090881,4.669724425207045,2,0.9900960932220453,0
22,10000.0,98564.79641498227,0.7914581040083479,1,0.17755685864363202,1
32,47376.39691470319,33107.6814092026,0.22678251745607703,1,0.8955819569674982,0
33,41379.97788334122,17380.79717728721,0.1762337529941628,1,0.9193941871802642,0
18,36481.24670392346,160912.8961309863,1.5556696671102408,3,0.40964881850183343,0
33,76450.96925663322,81349.81373694631,1.0544218313957265,1,0.46182548744662444,0
54,32811.23626409378,39296.77384637105,3.874556581681726,1,0.5028204423299762,0
20,78336.68164277606,1000.0,3.0414590116310816,0,0.7704068482898476,0
69,82476.87488538514,80214.19445624285,1.9634844566741807,2,0.12372436727101532,1
64,10981.990664212382,120237.54294981806,8.965086324135797,1,0.32863726807773697,0
48,51847.6291799794,65115.44279768977,3.5154521864555925,0,0.17070233817778147,1
30,42006.070183280186,47337.74199330642,0.47996702220820575,0,0.8784141511391494,1
33,10000.0,72531.21156966363,1.7532112725232354,2,0.07051807543770394,1
60,21107.174938631713,162159.60095724277,18.122817200507104,1,0.7477041522008886,1
38,65498.722142169485,30350.919116240475,18.856377474427557,4,0.4397411656508555,1
19,90383.98505422528,67914.94847887414,1.4696520002641353,0,0.7146041466836629,1
44,68053.56285398497,160537.88698087953,0.9150257247049924,1,0.8898952577685654,1
55,56472.64945025955,124708.81447118768,3.422802223783984,1,0.33966231456909735,0
43,49573.35236737825,108956.39068894781,3.283737966819435,2,0.22700139686502496,0
55,83653.25829296227,67577.69322918757,2.639330687847756,2,0.6502185943659832,0
63,92964.78403915282,101525.2407250214,3.7682795875797,0,0.9975258322238082,1
42,38263.14640951628,73108.54657733496,1.3210998865582444,1,0.7295084169289082,0
28,10000.268793794181,57030.69344646245,0.6104389854881274,3,0.795622407960299,1
25,10000.0,45997.12623491299,4.225219028948724,3,0.6298572294208322,0
25,76437.61984319604,139204.77981862493,13.485402700878987,3,0.3681834563409757,1
50,49058.82918451227,96979.69338919323,0.7410459411063126,2,0.654644285888777,1
24,53664.83820917437,115725.6871901348,6.100760331663386,1,0.12855023124284592,1
55,14186.980140865737,107583.65929007018,2.8803480784957487,0,0.48881803992510453,0
38,34936.22174423067,122045.94139041797,1.740534415071432,5,0.5730582308334122,1
25,44090.383721984355,87264.06050070541,9.590329753064559,4,0.9067499870164563,1
68,54156.76766728141,75917.12744727128,3.0485514554865265,3,0.9197193310782971,1
38,42028.15922172482,59235.98353044388,4.377087862130118,3,0.060124509680291705,0
37,29253.476033973147,29301.543329644323,2.9264554895662243,1,0.6318811285292703,0
25,34308.660147949544,43898.341468854174,0.4237038656476877,0,0.7963907450592507,1
63,74166.46571894466,81729.11394498892,4.518164492883744,0,0.5364484428155862,0
48,54895.69239206999,19848.02577822609,2.7136542526256298,2,0.09567015650465249,0
67,62243.13613911103,30885.704793198485,0.4537642345683416,0,0.2327293134636811,1
46,32022.52378245341,152106.9946317589,4.529372528268309,1,0.31364397106955066,1
65,10000.0,111208.97424268963,0.04959986336801032,1,0.662799410362232,1
26,39537.91386231007,77408.16358982396,1.1692557950026814,1,0.0655784912664108,0
32,32668.588911490067,213578.72294522802,7.595005598504732,1,0.5496201169756079,1
47,56980.245372561585,17587.514064348565,0.1933269461362137,3,0.10893447308931403,0
43,115714.47427363684,148780.5638230911,5.201935276194092,3,0.3951197878904208,0
27,63903.32035236512,94426.69586102919,14.949441534927782,0,0.4255562834690626,0
46,104719.20318766977,139252.3511456406,0.938836539117946,1,0.45183785352465466,0
33,61375.39390678897,105447.68586354035,2.6987999052015903,2,0.710869371903248,0
53,37402.2752485457,6387.746887737128,4.284189244566435,2,0.08119641764612806,0
37,56958.32156241767,104773.02337794143,2.9929667857309243,1,0.2682423206757627,0
62,85612.77198955417,116777.7927319799,4.842892157617122,2,0.6411297736666652,1
54,86591.25192642478,1000.0,2.588391290683167,2,0.943565556619328,0
39,38493.252639138416,197202.4146900949,0.8038031400336794,2,0.6207974955034462,0
24,55063.67391398598,115560.3797086386,0.46630538229096735,0,0.883366112606938,1
40,21414.662406577096,133599.38700682478,6.821552066839324,3,0.9684059175293899,1
58,66493.37249382859,41723.53052118442,1.3631394505730465,1,0.8839043236838621,1
57,81067.09398111788,134530.8761072809,9.401324590393394,4,0.9722068753704117,0
46,50795.989082320324,154475.2229781528,6.793926033974694,0,0.7770414402971596,1
33,36652.31891279743,112678.4114068923,0.25358932274983564,4,0.8871563799455572,0
55,57202.619025551256,99531.42207396177,1.1232929737139965,1,0.4914515398629262,1
45,58349.18062726332,55320.59375507918,1.7265040662557967,1,0.3454390632580885,0
65,51622.876636992405,89189.65411083371,4.512953151850569,2,0.9997106298144672,1
55,53574.30248671906,74398.52428703598,8.29910548220305,0,0.09775990400638157,0
48,46523.70299061258,128599.78186963421,0.31114996670919026,1,0.9581986428011969,1
31,69919.09856452812,57506.20374412987,1.4358040541931945,2,0.4308743000510661,0
50,64724.54890330254,128232.53607517786,2.3597056239308505,3,0.022383311367265235,1
26,30337.937057117015,58050.721863517174,1.012889621152699,5,0.8030164299227873,1
44,29788.187936828104,86882.37229199908,3.9405001936260975,1,0.44421668753564425,0
41,44912.51165946876,130802.21985064083,3.250462204196711,0,0.7986861333835974,1
30,64736.74248210358,64810.164000697805,1.9026112345372828,2,0.044816470465462666,0
43,52961.14827781629,132526.8244488801,3.637522320883686,1,0.9741465017941915,0
46,37136.99179754689,127649.70788356841,2.1988975863336933,0,0.6710379547672568,1
68,55230.3719345166,86452.46633115283,2.1018334420247338,0,0.04799618124894389,1
66,43383.78960955456,158089.16006778946,1.542115271752389,3,0.004646776240027406,1
60,67609.72920448263,103889.21709885572,3.887406370433455,2,0.5940015794594683,1
45,56661.16870134095,155113.8263292675,2.935972751253959,3,0.9764992988602612,1
45,43694.43625095712,189673.24624385894,1.0928002588718961,1,0.5239994895533131,0
25,54630.37544092923,87934.94891493443,0.06525528322882002,1,0.35389438091756653,0
40,76300.96119048403,132247.74920136982,0.8180655254064005,0,0.9389259355340039,0
46,38607.39846907245,68121.60373385623,0.21889536131268858,0,0.9839536123938017,0
22,58053.13963294322,48359.27952459009,2.8246391537645428,1,0.7844848062690377,1
59,48590.79319068008,90227.01713067858,1.2750861511433984,8,0.7179147539496814,1
24,58539.673677242,31869.986012526846,2.727562699183403,0,0.0020637023951489697,0
59,36908.70116808539,53119.6110176345,1.9982840949012046,1,0.3136826529872775,1
53,52206.70866318751,129571.62996605338,3.861112230886954,0,0.9251762448958077,1
58,72156.46564833602,74317.54922755808,6.43436012621836,4,0.36813580784387756,1
44,31259.860375077853,135525.70435609308,3.2630399362059244,1,0.33457957012573536,0
63,23411.897933498363,114970.59690087436,0.31985640192052023,1,0.5371806562155163,0
19,24170.888710260715,192557.70310095575,0.0883280170120098,0,0.44778636139651773,1
42,26586.74939599622,126216.8642788023,1.199104023436991,1,0.8587978789329093,1
26,61906.465757853286,155710.90351396572,2.766643687781875,3,0.08169606864222345,1
44,21882.80628269069,120094.23315637732,0.22972248491142058,1,0.6587493528112186,1
18,44042.09310512939,115569.67505390363,1.9855044657256105,2,0.6971901871612641,0
40,62365.78606621416,158236.65210566577,10.90297494824783,1,0.8801127624996188,1
27,58333.181210971874,133439.87329326323,0.47165791411983465,0,0.4157844044467194,0
59,42288.82040075029,110503.1806478714,14.832470503792734,2,0.2950053436194984,0
69,53818.47463510212,110282.73329648588,9.71309001342375,1,0.6265608623676449,0
42,52142.906594751366,126911.4655915208,8.912447522526675,2,0.7249250698700586,1
20,45515.18088903627,66431.32402700576,9.962962954867207,1,0.1709792766425574,0
23,45783.3056269084,64310.02669306508,0.41718123288103204,1,0.15816362469901535,1
23,94708.54869513921,171270.2966186466,0.8194705141278202,1,0.26360314037194343,0
19,66186.21807862601,193220.6831929999,0.7215025834251361,2,0.24791732075880413,1
35,99613.01835024286,53555.87707949171,0.5896504178134744,2,0.7506541067935286,1
40,40060.73734158997,66550.27837801479,1.9853364896437746,3,0.5307025975215673,0
19,48300.668062237055,157126.14097520724,8.866167192482806,1,0.5477908533707269,1
29,23357.484694467053,126675.99965711983,1.451508460848156,3,0.014702165947224732,1
39,33808.663958208555,133821.40526604612,1.400035859910222,2,0.9942575243811199,1
54,88038.26297325002,144830.06474265284,5.633342404117693,1,0.8297900775005576,0
37,39559.314203164875,87963.39191279621,0.5097489281728566,1,0.4436644958707415,1
56,88385.62600288918,116498.49624950932,2.233623432098749,1,0.06688221923990556,0
41,25132.75478640219,112609.6075349046,1.750811748140593,3,0.6942879819603276,1
65,28930.619318534464,57075.41998772698,9.396428628871785,0,0.535046143347018,0
37,43175.37557953158,115754.5471607852,3.6128931141028193,1,0.6775389051692532,1
18,48725.001566416446,161885.5348074834,5.198985065969728,0,0.6775774805729257,1
18,68461.74584900259,83293.33805783192,0.6907636339726593,1,0.1547343634851054,0
34,59015.40834372532,107628.4624370467,13.219624021781286,0,0.3288098516924124,1
18,41673.69485311944,110335.4458005428,1.9463755375214207,1,0.017760050732478216,1
69,47333.683869637876,85766.77247823647,6.13516389845763,0,0.9822628236147459,0
62,43618.741604306,133845.0618847179,15.464099951917829,1,0.8064654928435028,0
47,31706.925293485405,65996.71843725063,3.5529812866344694,0,0.9288085588726139,1
58,32240.74126796757,166632.27593479672,3.5416620613527665,2,0.0441306371911141,1
64,70557.6778286682,131310.27808161225,0.6235629558364313,4,0.5003469960736595,1
20,13436.701441457204,53161.56996635527,2.4737407785877057,1,0.7474337507131936,1
63,82347.1739489011,184900.48424431268,9.568447144754805,2,0.10370474819212283,0
28,43140.11548795536,108405.07306307978,0.7257445461274423,1,0.7770869562451689,1
41,34549.8278721568,63852.62413824742,12.475035271484119,0,0.6475022725211917,1
39,64795.18581394538,155227.72624955955,5.5027119664109865,2,0.9849553029516246,1
61,79704.33168294234,124733.57597240125,2.731917171571486,2,0.14086579751327655,1
62,72352.64883207914,11402.014788298082,3.953782610843822,1,0.629277288311179,1
43,60037.04098719782,73716.98413780732,0.8155167231557781,1,0.9471343622843946,0
30,71737.26979443672,113954.86686107719,1.2262000308652101,1,0.7436694141058263,1
18,15670.048457122677,1000.0,1.6872225350813495,4,0.3361479755851787,1
41,39563.38917023703,104253.5042693697,2.4294141406173173,2,0.11925083344918963,1
27,31776.59879950311,107898.968635263,12.356320371384005,1,0.9637665007590328,1
52,74492.7746243035,40825.40588120888,2.2909209735765486,2,0.07190371698159015,0
41,42330.439621522266,113532.24431299817,3.7099567549937684,1,0.9751684567221115,1
45,66908.1311356411,100373.19195625167,0.8838419893153997,1,0.3035116996275141,1
53,60717.13884977276,40435.29470574927,6.658523349106659,2,0.8603111096018462,1
33,32753.86127672638,145978.02734314126,4.1080952459957905,0,0.5543117789544577,1
57,38260.83580047431,141892.68973839024,2.898266276523464,0,0.9125905294245523,1
33,75876.35381629452,85513.14565738193,14.704938934963888,0,0.42661893161580056,1
34,34490.347026311734,90070.93383040882,11.066046257609328,4,0.8498039646390255,1
68,52497.35220390958,136313.19687976726,5.3868662960537215,2,0.23838507592969505,1
32,34349.1742734711,89966.84284440966,12.743221452597313,2,0.466741519143931,1
33,43720.95626168279,3454.589973992275,4.159538764098098,0,0.8463024545713178,1
32,49076.76112060056,124346.82786999637,8.770502327867415,3,0.11836167368730821,0
51,34342.669794050176,59337.03396307458,2.6335909223020164,0,0.7286342924359753,1
28,30791.06092032237,80507.84727912031,0.4536962645431444,2,0.4368718285101171,1
18,55725.46673554885,172893.5283975738,25.705362703323335,3,0.5132149585758302,1
32,33105.25182417648,93301.0762995601,0.9054007632346007,1,0.5790319219912614,1
43,33786.84888602655,100086.74679369366,1.4484874385803106,1,0.2756600889133334,1
68,31218.937125960587,125483.36377317988,0.8902736996371018,2,0.09637189939083202,0
21,48441.83907337363,125266.6971937016,2.058519026705797,0,0.018659352523677897,1
60,68874.03268799682,54040.111631110834,1.7073846321612096,5,0.43092210373700224,0
22,80130.57272624533,96985.07422328128,4.595250784805777,1,0.268870732134073,1
52,35481.638280124425,101807.62639629135,28.21816312544472,1,0.6329300788879382,0
30,93006.21586662423,113601.34483144135,0.26968949655965946,2,0.7159378779246001,1
27,29905.902785864084,114461.09704583097,7.535379488049786,4,0.5037447458548145,1
28,71670.9704665574,229372.0614388729,0.6847829705715232,0,0.6189613172047003,1
35,35566.07091969115,41207.011470637764,0.10017189636727376,2,0.5607461260463575,1
51,32581.534602599793,149004.5810098978,5.088528818716503,1,0.004578051114287773,1
56,35104.87686431223,159168.79029165296,10.33026697582326,3,0.8417019238181689,1
58,48951.04600701762,124639.19869617636,0.9697354002830165,0,0.05956252696897957,0
59,61599.44342067221,67484.23025634626,2.0898178320745973,2,0.41034042306761576,0
67,63397.36075809644,183233.40151338134,0.9241246634700034,2,0.11101850277147318,1
40,31120.299693042234,1000.0,11.849374005379751,1,0.6623139455772643,1
24,30206.814249774627,65836.66513910868,1.5760230490472757,2,0.32558776427525526,0
56,31667.226132729058,158584.10986114058,2.941349931070169,0,0.07115217390896278,1
20,47772.911952289774,81494.4198288741,11.256669620915043,0,0.04535281803287772,1
29,45796.88791618251,179823.2262400093,4.024520590690938,2,0.23714175092401257,1
24,30996.4907586041,24409.762766079977,13.50411694529166,2,0.6672647563087203,0
66,55392.073881264885,44394.905302599596,13.048977347858894,1,0.718221498175289,1
43,95251.37616670637,73418.09149365126,3.09577697479122,3,0.12843041609606187,1
50,39905.690763296974,120869.96387682644,4.3659480355279525,5,0.13911221370096594,1
54,41329.76357592933,88898.99248099886,1.308864975642405,0,0.5932269409544677,0
65,61193.23140648737,75480.03737187895,23.301205031869365,4,0.9572663460354534,1
32,38823.6741652641,171019.8215549262,1.6308441206252722,1,0.5529110627819684,1
19,63379.289634363646,175672.24876945754,7.64636809109218,2,0.7117421272806844,1
58,35629.145864419195,79281.01171462223,1.876879758048655,1,0.5754159621053728,0
24,86642.39215154602,14511.60963351687,1.8774125276108313,0,0.10483578111613057,1
49,56895.49945184589,1000.0,0.5483094705765449,0,0.946464010689174,1
21,37599.54101846577,111964.50573901781,4.103718932284417,0,0.07198493559839825,1
37,38226.16601061452,132797.78111093986,1.4040774284117936,3,0.7598701428556318,1
67,39724.004945839304,103149.8892789273,0.8031609511254401,2,0.9793522282584338,1
53,77454.99332497746,96454.59464596208,1.285225695014546,0,0.31899720680390364,0
49,24624.979847974333,59772.86926529588,1.4457033922626852,3,0.17163024451504194,1
45,36641.16659080991,132748.9896956919,3.506738123598208,0,0.5661743551242172,0
30,38766.78886149148,183909.2689449455,2.438175055304874,2,0.7950665641623069,0
18,49686.24066486124,1000.0,0.3924585776219807,2,0.9494750495848429,1
52,44577.80614706411,96124.94056061424,3.8396616486098583,2,0.6936742541712748,0
65,20175.443372190744,51482.58252931998,7.74989223606915,2,0.3358731152380754,1
47,42003.54632809065,25476.700297307427,4.269340530051549,2,0.4943461578411026,1
53,48008.98633630063,43501.2064607792,18.3532829683493,0,0.7612005858842195,0
42,37438.04329840433,118983.64278422022,0.5220837398693617,2,0.7879324236677416,0
33,63735.509780953296,120248.1098795583,8.60610439412877,1,0.07443724896965376,0
36,68388.16857507294,173014.38805874,3.5229891476014537,2,0.6137396606971928,0
18,48432.266005412144,100439.07735727307,3.6864899800723676,2,0.9673700521077648,1
22,54610.83173701459,12088.918506521077,3.6604789740327632,2,0.7852567008339028,1
68,10000.0,88091.52288120141,1.9675751866855784,2,0.00732278584918622,1
39,41577.94455676337,30681.04638921081,1.9619178357452123,4,0.22494157010886295,1
41,70096.43383515826,39660.20567889975,4.996249468794547,4,0.44500877626406443,1
60,41531.26833641445,129027.95292032477,0.22898992429229625,4,0.7062694681573262,0
62,35254.76647216078,109709.045279721,4.443208144470805,0,0.5552467126748015,0
69,95553.77852061862,129378.27977176654,6.447484951588308,2,0.07732785820542942,1
54,86381.54380391611,82125.3576364136,2.20281674082059,2,0.7382685828883456,0
53,59351.49824964314,139526.4781712678,1.225392741532813,1,0.8387136818796913,1
53,72778.21222960095,79329.85508549443,1.2000939067183183,2,0.20575782577300916,0
21,10000.0,155834.14163711236,0.4269161702765082,3,0.06742363311083965,1
53,34248.97118742587,117231.94697357713,0.47001143298347114,0,0.790957520381636,1
69,40600.84253653697,89650.15647576912,0.911734994755574,3,0.6404463543909258,0
35,45280.39802266107,110604.65220880485,0.09679544414029573,0,0.8035040258966537,1
67,40201.11958052075,99106.96495125412,1.5478351025333041,1,0.5665967601471509,1
33,10000.0,179805.32576564615,1.8293124542166563,1,0.4285378933083749,0
58,57720.4923741712,112271.88112893945,26.717884876284927,1,0.9630777129053489,1
35,60873.08256561214,99919.36638027457,23.950117318097227,1,0.7799597553213575,0
39,82037.97583179963,88075.45714746004,1.0354212672488559,0,0.4119162462490302,0
19,34233.814704500735,142159.21096225054,1.197839465110571,1,0.9075180863727669,1
38,32596.736844401956,135395.66695267524,3.385447692331167,0,0.9934992461680672,0
53,10000.0,86307.9184843686,0.8054487782536052,0,0.3082365142353909,0
61,44128.663268182274,42217.92426885956,3.506294036727598,0,0.8924767888982074,0
56,68022.23562124342,54901.59308108232,2.549044910315642,3,0.04539747402110583,0
64,37764.642756145615,90791.8730228902,1.9624203209351043,0,0.21434900257601797,1
56,92868.89637087297,167446.37530595413,8.646886786377015,1,0.1609122726525386,1
46,44868.10328420953,87491.1685376543,8.804726693477896,1,0.3565935802578384,1
43,52939.84568577111,70293.81950172178,22.068398539148642,4,0.5626225780576194,1
38,22737.938388368126,11964.03433756769,1.2621416899074402,0,0.7199798483344162,0
34,55744.40690350559,175677.07178011484,10.9586856760896,4,0.9028037971671428,1
33,10413.604102946098,128451.407299073,3.8592847897004208,2,0.15854763317187814,0
48,63873.9591002629,139800.4985002929,4.475820291546044,1,0.5782835149154907,1
68,64488.56352470825,148084.40259646875,11.330938651642079,1,0.5546933276690331,1
26,77185.8284867302,91763.48856205183,14.291238209532873,3,0.4584738653201149,1
48,29600.625624646225,104229.53168737677,6.4879617947252886,4,0.6945826473243991,0
31,53211.24236594838,174430.0970975997,2.1373453872076382,2,0.5133611119236766,1
66,61276.33118773008,108979.04446595685,3.363468822113895,2,0.5501913979593831,0
54,58845.6327666062,129376.26450319972,4.773259305581253,1,0.903330998373833,0
19,32694.014497302975,143527.53586002556,8.819944498963135,2,0.8602722106475496,1
69,10000.0,132146.5666211322,5.363958226780227,2,0.5773340008670017,1
65,56939.20593768962,93591.54148667531,2.274177184117556,1,0.15620965657586117,1
63,46950.00643380161,98305.80785930403,2.7053972115529663,1,0.958701488944178,1
31,38666.58814077119,138882.0218987971,0.25877069774540956,0,0.6226999319575273,1
50,65278.90727430933,138800.1429967363,12.902763218708898,0,0.8074746247067792,0
52,49101.60923691134,158411.6299509731,0.46122897247551065,0,0.05502177533563102,1
56,23616.098944644014,127554.84916549193,4.336678985990462,0,0.8968253781713157,1
64,11370.954218075567,129830.28067960274,10.265045144363452,0,0.6934955324101818,1
68,27420.73469733669,77688.33166077765,2.731100494030108,0,0.6854248897535636,1
37,97860.24589533574,70942.52444640492,8.050327734561382,0,0.11011235237141037,1
19,64455.53547865546,139031.53371757473,8.143513452710975,1,0.7128632848925475,1
68,53772.246839500236,71290.74659918125,0.3085581419598159,0,0.07663724812059747,0
58,46366.781456283905,98964.9498441569,2.6563639623829727,3,0.05582595856454331,1
36,45052.14120105129,168951.16204856453,5.872482433369975,3,0.3253479315017994,1
54,73343.9196671819,161028.51461725443,2.743966024017311,0,0.023169634644511716,0
35,40188.08516193137,115089.44153985918,3.939127530104298,2,0.15962522594353057,1
33,61538.408213685856,85193.02100831449,4.512652998668155,2,0.7261267426327823,0
21,43031.44099416812,93831.05448282477,0.8198315100118092,2,0.8349254702431063,1
29,88803.13263670125,143383.00705278074,2.6549818463093118,0,0.17952142124351045,0
46,64845.770151566074,98175.03612769172,0.14438076816603795,4,0.8232975415038267,1
24,74911.13629367252,72085.8803494868,0.8103956205161166,3,0.48053009562881865,0
31,38311.804506235225,160788.7378203987,3.5898031518633102,3,0.9578946456326183,1
29,71162.72225134843,109080.00695646406,4.261722844075401,1,0.13930895384207298,1
52,43748.451492106185,71137.20895041269,0.7904930182840131,2,0.053564782288952895,0
22,52200.69647865699,123947.00944663155,7.045139509081419,2,0.8450799057696241,1
34,82700.95341238916,148560.9206596254,2.3339471047283764,2,0.3619855453389643,1
59,29144.498864871617,49616.346760611974,12.669429675341844,3,0.45717019220428956,0
49,54064.95462610801,89977.30433235326,2.4523602128133617,3,0.5117940058121316,1
27,58760.10517037453,87665.8316205794,0.8114828677658315,0,0.8251667279860974,1
60,60400.0876160162,122614.35828917382,7.093477443542304,1,0.07600038075733606,1
34,40984.31013813069,131600.4161429929,4.194343434612353,1,0.5511242670892074,1
22,91725.28201616163,72426.30443602572,2.444408872907714,2,0.43056823918462506,0
62,24101.362293194794,25362.441204698756,2.19995019340185,2,0.3402803070974526,0
59,79177.70777264939,151589.93772997003,0.8171200686811575,1,0.3481312206427578,1
26,74301.31211183277,44002.73647113936,2.083904156481748,2,0.9303407545857885,0
66,88017.77579207369,113559.21025219387,0.14891646322657365,3,0.2681125223033267,1
50,18235.458025843596,93400.95506346588,3.489812920899306,1,0.45461916510918465,1
53,32623.370242205794,108122.19526020376,11.351738814499935,1,0.4928023477389645,1
53,79838.86118323282,182561.6985853429,7.931801216189442,2,0.7198637814939233,1
35,12459.21690739382,251914.08068109144,0.14467914724868267,1,0.518986558849172,1
26,17870.821979191725,18328.129430069574,10.65410898948365,1,0.6212327390244351,1
46,40233.84426577017,149195.30776664618,3.010364606086044,2,0.3988308556446646,1
67,53839.87577244535,92187.6113661177,1.0591110598981146,0,0.7186166367614364,0
31,81844.5014729755,152392.7256856276,6.979945118645674,0,0.465851800725241,0
42,46294.68170139284,147863.1538089582,1.9494862193057572,1,0.22271311404293515,1
32,37835.21703870921,170487.24035990814,1.4605822699369788,1,0.8169302184747269,0
23,56227.798753928546,114248.24575813486,0.8796207601653396,1,0.7654521708606333,0
59,59391.92966588802,55521.17575224881,3.3337134084678146,2,0.6274901457030749,0
46,58824.79644340542,146382.474435481,0.49023660933316504,3,0.521947213259796,1
32,46440.275840973096,105899.87880720322,7.699865440993535,1,0.20849610667960128,1
46,10898.277721637009,88307.83924329338,3.180759346396362,2,0.8683540832050606,1
21,31647.680217873356,76188.8059647519,2.9617731623602124,2,0.09719234078234562,1
35,78405.42170534925,150316.77845525646,0.009278385929541333,3,0.38318376862653736,1
67,53741.378759531995,180168.47460036885,8.515004256252235,4,0.8525609321215698,0
66,43549.55761785887,40232.37206501829,3.3946147222786105,2,0.5955667881100342,1
61,72363.3709674795,131097.61212394654,2.8981507774619764,0,0.43861987841794436,1
56,27397.667352621032,81380.64072886774,7.164517119079244,3,0.7913608035062156,0
33,45493.037325739846,26636.38009039432,0.3248186528355021,3,0.9895140432597875,0
28,52755.16810348075,107385.2910381504,2.28390087757323,2,0.188813394616134,1
31,41172.44993410742,58343.11099052197,4.286972809601949,1,0.05073300189079699,0
20,52015.256458031974,21112.338609990125,3.0862813622004164,2,0.46298803909121944,1
68,46246.121371564695,60912.97638877328,1.0022579243752114,0,0.28739611099505535,0
67,22013.1390442825,48611.30410430732,1.7782095861894807,2,0.6667515373082687,1
59,53629.55763758112,67665.65734683044,1.7848074795800946,1,0.49425835871657753,0
55,23432.96416974265,33705.79615231555,24.123353633919436,2,0.4990029524122338,0
62,53312.30250193444,80242.9945686893,1.9740883599119494,2,0.35498202898191145,1
59,77482.71648300218,64337.54359580137,1.1482110002082524,1,0.21067304913596474,1
35,44379.536054478915,118780.69385728287,8.6477883114634,2,0.21345430803242804,1
37,26570.337400580276,129676.94931991577,2.733743111840763,0,0.3869702400899242,1
65,47460.24373590039,113007.42883892209,2.9337093048828438,1,0.6818357808696212,1
42,33360.57783842937,88227.77710632455,3.9802099539108458,1,0.3371491688412267,0
55,61890.180052629396,86878.62021538428,4.527856915422193,2,0.3260171191666176,0
30,47040.225049542925,58146.25062943173,4.464770806226398,1,0.4250005821231193,1
21,84195.26503329146,59350.26702950316,0.17554444802813912,2,0.9908614549886156,1
31,73259.79191354677,135180.1934039368,8.541940449690129,1,0.0912356406495024,0
50,46938.389910371945,12014.87006747679,1.083650924140826,0,0.29465248351109286,1
45,64312.181359461814,95963.75308435288,1.7289726670772092,2,0.2920021029420736,0
69,42135.271816743094,83823.54692193994,0.9523504506234575,2,0.9745007783023064,1
54,50679.137703303364,129956.60506874463,7.285229409247355,1,0.40717800001843607,1
25,42771.31607299375,28749.40082888247,4.381241116876076,0,0.5669719345040551,0
61,65329.11919699417,100624.03527429697,7.038532931762259,6,0.19813096075499037,1
51,78659.76553419157,117149.21706795534,5.297896505516549,1,0.012708339687787618,1
61,65972.96414382287,4763.43906880026,0.5499596451251001,0,0.33926941518258436,1
22,68438.73202570711,46283.60135691314,1.7940988969233926,1,0.6390330619554312,0
22,68460.66874471458,95410.50765936043,3.5389204934966196,0,0.6915404775151675,1
48,61025.1184466942,125707.34538171522,1.8188217253962309,0,0.753875832324232,0
62,27214.27681579464,109124.96555563499,1.1615768230177783,4,0.8606636441415677,1
26,84019.43038832999,128022.71264749036,10.193877408741166,1,0.11562304234977061,1
59,86088.21653396849,46031.37436796727,6.887340640137256,3,0.08279261222139378,0
49,45322.40793373263,20562.48251359866,2.117280350546373,2,0.7876854032788555,0
50,42586.041695676366,104225.29028783947,7.241111865766271,1,0.4357513390325498,0
20,62248.2330583075,38532.33808929426,4.938109601077373,0,0.9471167266716657,1
47,61016.2567036701,56733.88369760985,0.018964588294516173,2,0.9434847064519318,1
67,45961.078624939626,146613.91774131867,2.3922925643625566,3,0.14165210572300813,1
29,24999.486888247917,109454.97783834256,1.715885816804181,1,0.6912247671428148,1
46,56114.02381499554,71592.75473722928,1.2289184661249928,2,0.06710731259027125,1
20,61028.7307635109,65098.42476795182,1.449017566056356,0,0.4034100244232539,1
43,64516.42296077595,131046.07784445824,14.2681129746542,1,0.841710043807598,0
47,56985.85544708415,110598.54678249916,3.330745338312442,1,0.46095952252140293,1
26,44577.69703276181,39272.16788386545,9.409801322380186,2,0.03361343328465227,1
43,69880.04079012557,2608.813344952636,1.2053739986384728,2,0.24032864368798712,0
19,51316.969951318366,194090.0916320075,0.9582474327488297,1,0.0863704431405512,0
20,40701.53971270559,38876.03873412211,10.981656356390497,0,0.40823529183963747,1
63,46386.93235908558,126384.82516500614,3.422966207996567,2,0.6966990490094966,0
21,15080.619350500361,175534.64661690872,11.27622395933715,0,0.6603574060829772,0
42,46355.163516429224,107379.87844165778,0.3255139501834337,0,0.7189399947795639,0
68,63768.730397493375,69978.16617663976,12.41068377802478,1,0.38381600822160833,0
30,56795.6604427846,28697.547915214396,2.6845247307270057,1,0.26527959890077923,1
56,80413.28345962372,27999.473183998474,0.8442859721193776,1,0.056932317374603136,1
61,44740.50171968591,118834.74243381931,5.750307282888017,1,0.9415753603239947,1
52,59746.26326106632,172548.81614749922,7.970350110865808,3,0.11828027265981578,1
40,65854.80352611544,80227.04516477355,0.2426683051482283,2,0.17824416114451447,0
26,96857.14016574816,72213.97689253179,21.78997829480359,0,0.025000801064261502,0
19,52895.30982235281,134874.05454055933,5.970556072136134,3,0.3171682237612433,1
58,29116.256422719533,65702.63730476267,1.9386318079372766,2,0.8188469701142239,0
61,66958.57506710564,113724.14538142105,0.8202110083538934,2,0.3322467322028755,1
48,87314.54711936913,102090.07250427562,2.492274082544915,1,0.6659827268385075,0
61,43549.02579546757,79526.59707109722,1.2459341411592677,1,0.9655445764749939,0
64,66821.63077212832,99223.09206317397,3.4076073449344464,1,0.8925305987464761,0
19,74574.5611045784,188157.60573249895,7.613840871885367,1,0.179972149503288,1
49,70341.31087940307,130226.6472050478,5.395966159195345,5,0.3592073371774759,1
35,52511.17044947156,154625.04021279892,2.862928085452209,4,0.7511404981119562,1
30,36030.52483573707,54065.28195399695,0.6331700266631972,1,0.9776586616414613,1
63,48374.409039728285,154796.80738037874,15.751055979168694,1,0.7159349387558932,1
22,59172.00907755262,131951.02377344924,1.5760922140338058,3,0.2522125205254854,1
59,68164.45048183459,25020.195172031614,1.6275050275235938,1,0.13282270642643346,0
61,56678.90095998078,126989.53666855498,5.185266002785954,2,0.49515968607007876,1
27,42401.84066918846,74336.29316026614,7.359470884636884,1,0.19295135768791583,0
60,61107.59312299537,22709.816183719187,20.723801309258665,3,0.2276147971412904,0
42,67201.7013548564,106488.78661638098,17.395404462417837,0,0.6344318010928014,0
51,57592.20112828961,126952.1295531305,12.253136252989092,2,0.5148353527227018,0
54,33276.2577092335,107580.40343222814,2.8574234420846087,2,0.12069327455099277,0
47,46371.8793056562,94543.07075771224,0.9116257425407127,1,0.15367811109924812,1
24,68956.41552824933,83470.73307708341,4.39101680459414,0,0.01943439362465782,0
23,22339.643825110525,223329.4004670778,0.08703567219656634,1,0.219659883871688,0
20,10000.0,40871.5305735677,1.092327794733076,2,0.8873131603557959,1
30,80161.65700288041,143646.09911786017,0.012663005616616752,1,0.7930333462197701,0
20,60228.305100437596,100771.14854444918,0.9955235214924947,0,0.4147819013591164,1
43,62134.60005040213,57276.674686648395,3.2194725063237843,0,0.7419341010623459,0
41,28463.66052745888,97580.04746857105,2.4988045793297524,2,0.40696926107111187,1
23,64750.56126933076,30353.368120569125,2.3045975944078583,2,0.7921040395479696,1
60,55504.97375136729,70225.47965965731,8.887888456568664,1,0.18194597551321845,0
66,18313.448443032055,97653.28370821972,5.619593631980251,3,0.15251735972307334,0
59,78485.66828547715,22444.147070043502,13.778206747991158,1,0.07794060631429756,0
29,53173.66647237458,125319.12692440291,2.9470096598182876,1,0.2418063427128999,1
66,42078.320678414624,51811.94795442339,1.5888488442674709,0,0.14631623216240652,0
53,42440.205080295644,27413.952099322385,0.6544432275566087,2,0.7986413729946096,0
19,10000.0,45979.11320858148,5.574125987582963,1,0.23997169014422837,1
28,61866.73199262727,208797.70809177432,9.21761453284028,1,0.5162076078032655,0
56,55237.144144914506,1096.7929065580101,1.0151078423773743,2,0.7561971522025897,0
51,46118.3973533381,121806.15443848952,10.549616922878304,0,0.6770744506818341,0
43,75569.70414903344,62418.186449035675,3.7356541556180427,1,0.2045895735186818,0
35,22322.819620083086,82493.59142412193,0.777895518517513,1,0.07707184668937417,1
38,38064.550472647694,130196.54643401664,5.148183635279436,2,0.9117616414134884,1
53,32999.83490479228,127740.93574194601,3.6703952965989024,2,0.6219937387535402,1
57,44424.10040456894,65965.17904191047,0.1429416351854636,2,0.7065637002795113,1
69,51349.40050514446,32108.799668335298,2.5478254655652526,0,0.3860140462039604,0
63,58600.270476227095,131107.04868503197,7.680658286880176,1,0.24160685642918533,0
61,43060.53093789765,127618.8596504672,4.053168526898766,0,0.5306174654855432,1
39,32452.885296902125,85751.52456059058,1.6567149524579305,0,0.07788186774944417,1
47,83720.13899540888,122097.21919041891,13.200212510470186,3,0.7999764436375195,0
67,98232.80383577137,77708.52595122323,1.3575939450505212,2,0.6545050314505321,0
60,52865.733437640505,58648.12174826059,1.456683759539644,1,0.7616339904476618,1
47,34864.392659582656,100198.10905605376,2.189729827001643,2,0.5692608853799307,1
25,79509.08262084587,125951.63705457587,11.2470163247127,1,0.5779091433592171,0
51,21064.857873430698,115462.51347762169,3.542577303948355,4,0.6003756601365929,1
64,43304.53350590345,125458.13400383362,5.731335670585825,3,0.7841590637729471,1
26,36077.658973073965,61971.056335543704,18.70384831947504,1,0.22538540687553754,1
68,26809.288990990226,179094.05623791262,7.646121409744219,2,0.6815321115939756,1
37,44399.515341564605,82880.95723306877,0.9473358417858637,2,0.5527056626815586,1
57,32716.558416520704,94054.21742617042,7.76419938021413,1,0.4951077525183468,0
42,50253.08928297309,34067.204539106606,6.89832490501833,1,0.5409065537247928,1
36,50543.54335344928,90307.24218513581,1.323846234706239,4,0.2722001304798307,1
22,37573.36552956041,126611.88684257586,1.9678049521926575,2,0.03708063848330645,1
28,42589.732868122606,138125.53063463324,6.191583301140573,5,0.7591639607454838,1
32,45383.02064192579,178097.0368593391,1.3616236394154586,2,0.9161735234263904,1
25,66196.92122238854,126011.74479127304,1.167149303588287,0,0.48076258049595877,0
36,47031.411978716285,113845.65978998516,6.078081169170938,0,0.8379018045319593,1
40,66494.03481572194,77685.24442428404,10.626191650789503,0,0.5552564334719006,1
44,61716.25967109311,66912.97958834966,0.3898978844975301,1,0.9303022216548126,0
57,61430.61393801484,148512.42573340778,2.9521203162309146,0,0.5084175200707601,1
49,77756.91940691946,147553.51758694544,4.671958098947319,0,0.2048527154145955,1
43,27612.182405081803,46149.36495756137,5.6393320277602115,1,0.8701151131449788,0
44,40536.33787385773,136154.79435767408,27.858395497780677,1,0.8002717933182009,1
36,85265.9760059914,132519.18456979212,5.739411214580331,1,0.3980107347876799,1
67,44853.66998821465,44309.55574929029,4.839948345212208,0,0.8419115452601051,0
59,10000.0,127022.84023945883,22.894663256049327,2,0.009050472721289116,1
46,45940.63313704229,47522.67702590963,0.31293222041875113,2,0.7997472018548702,1
56,52698.790603265,1000.0,0.38676482886951324,2,0.6880401627092246,1
58,10000.0,91994.87931539751,4.112664764194926,1,0.3796780997618201,0
50,76678.71279775897,112890.73526274945,2.221013681755573,1,0.7915858279214585,0
36,35725.75072268796,94246.45975584433,0.5084890120951496,0,0.12666187928249728,0
54,56571.26230375031,243355.3408593987,1.829651760488219,1,0.20331942006868953,1
36,45480.36909311875,118942.56146174873,5.609729369665541,2,0.5335800311354686,0
50,24232.97161591917,107357.09096493502,10.627007049429864,3,0.8810262876896598,0
64,28589.8373072916,121479.56516570455,0.4953708954617443,2,0.13010503130511109,1
33,31298.34327144906,77934.04977999511,3.8842209622979733,4,0.5642686778665409,0
40,71713.43818367276,146473.95310467694,1.7557054541964892,1,0.7531317010578773,1
24,47049.23623799696,118050.09730885508,5.502963691730097,2,0.7433534738274857,1
43,39562.68966896507,115758.58519462454,3.986447686346042,4,0.6279611321698241,1
49,31307.821748195376,68793.98885665304,13.066724158670116,2,0.9409210674737084,1
29,73923.00443052253,21783.48367754533,0.1920614122467198,0,0.4821371307292762,0
25,79284.02545047174,74930.69554613547,3.1747430249249184,2,0.8802446598175745,1
22,73694.87797413362,114131.69281299462,1.0706685316507065,1,0.6195839396798722,0
59,59848.746783083334,77765.02601275269,3.8477843221809853,3,0.73746667884871,1
45,55796.60083741423,114586.35835336855,9.606357974839659,1,0.4648321851134215,1
22,25681.24364048197,88381.90615718476,12.113408702904065,2,0.16761933973706178,0
66,45083.61746577885,121528.97423132618,2.539413651782392,2,0.10909542175500098,0
43,36322.79593307127,51158.79370623429,8.3507328381547,0,0.6823304151910329,1
22,13489.757820305807,109644.50059425406,1.6460498770387975,0,0.3764761927613862,1
39,71140.86838330732,67952.29268243015,0.03162453217881809,1,0.5674828149192728,0
32,36083.40107215449,23085.852893468196,9.663357848450003,0,0.7460493319414387,0
30,73918.83814870614,91742.29384858125,0.6358284405197387,3,0.7864817078378057,1
45,67634.92801520025,176815.87869090232,0.08884022147399193,0,0.5096603286207205,1
50,61134.35953266838,27071.179607700877,2.183213048201447,1,0.3145023970631128,0
60,62257.68143526367,105969.61251970998,2.3851814194634704,3,0.7758802746353166,1
40,37693.72235852585,139878.85316321123,0.4018230557443154,1,0.41534527316427095,1
50,87157.00302581329,215001.53425722255,8.414955290321473,0,0.9367307576126929,1
60,50862.50861906098,75353.35087766561,2.6009527759143847,1,0.8245720242591132,0
35,56038.63370237408,68399.96976978435,3.3659739377842253,1,0.7469167283854643,0
67,37018.47332866722,41665.39020303668,1.536875350866766,1,0.24124413262360112,0
47,31376.6947844608,157025.81674231097,3.582148151040672,1,0.362762005904657,1
43,59545.92017618846,56629.283538046235,7.277823297230553,0,0.8489807315624607,1
33,54350.26991877571,81470.1784112325,11.832030851141164,3,0.023139766499565395,1
30,34212.95268194845,7553.106131437235,17.621844670723902,2,0.7814687461018618,0
56,21231.465624491917,144198.5921339263,2.7819393566034445,3,0.4041515589958451,0
50,24601.538253449056,157912.9140389013,23.042809039433546,1,0.799349076647883,1
43,73922.67434182214,142288.75317921827,1.7474732894573095,1,0.5523918976441938,1
65,37734.92370699857,19733.7359323141,0.03500190437591921,1,0.5268067008923089,1
18,43221.829086483325,130357.55203896531,7.296842976619438,4,0.7015913484465404,1
66,79006.80517518125,16366.480763799947,0.982725052390314,0,0.8063338370152326,0
55,27556.988770271706,102902.01510321202,0.2694033945611931,1,0.6934547954902369,0
19,35460.10348565887,110253.87899918985,12.885696740946651,1,0.4507143058282208,0
66,34624.66342878614,115509.16090541326,7.846540719162349,2,0.32083607652884905,1
23,82361.36962332079,126731.82663187341,0.5416289918214996,1,0.8456298788680141,1
63,89867.67001164827,99598.3198220364,7.500903422799768,1,0.5207776191307562,0
67,65031.264508043416,1878.5243635723746,9.289486660819723,0,0.783460751469852,0
55,65667.6944830848,126756.0504399766,11.785294313549851,1,0.9957174431233042,1
59,38392.899942945376,104880.4070563874,3.922958948723248,2,0.6438875802689655,1
41,88946.56973808566,54869.010431438335,6.077057732125102,0,0.2783461947562891,0
35,55353.92508717324,21530.128943169562,7.182452424118194,0,0.8655566069278361,0
44,67062.2052889948,177001.1092962179,5.834010300069062,4,0.2736730475778487,1
58,47889.50122458092,161565.02691453413,5.204080012555764,1,0.2604009683587938,1
25,44639.34825344779,135297.87036537274,3.965492348908689,1,0.07393702169716043,0
45,83260.84519192234,66185.00443826485,3.261902298113699,1,0.07856269724984621,0
27,60794.47359476614,1000.0,27.766073325890538,0,0.8623213679184644,0
34,79027.50922140764,138233.95877176174,2.0591323468197236,1,0.23072951509609785,0
46,55106.56343490089,118334.33869275375,0.4620501838825167,2,0.10868818152381376,1
23,33032.66927153819,81266.88454639117,7.2416353754918275,0,0.3525879938713512,0
31,38333.141342430245,156240.31533489382,1.202875368431863,2,0.713544105958214,1
39,52059.30484929221,142399.8766981425,3.8038480963668575,2,0.3396310556329344,1
23,37469.99567913347,108804.77441154247,0.5035319070372841,3,0.3092800671597721,0
43,27850.771827446188,101752.9208935557,4.828506115253412,1,0.48806572949883453,1
56,74028.34063574049,102548.38587998407,14.412679047726893,0,0.02120014362069622,1
29,39102.59858352976,133996.9936417373,6.41336160560301,0,0.4910734727105407,1
52,52763.854955826406,57126.18267285059,1.2073954876961122,1,0.9900190220236337,0
31,55922.67179771209,121299.15608925183,17.726154985606666,1,0.799348600403299,0
39,38236.93749358862,53970.45277652047,1.8342536462727663,0,0.07049179916181192,0
68,79015.98932617478,166827.75858761172,2.8689601199240222,0,0.6548224898591845,1
40,27657.164775907742,126606.42857876173,3.446941473883629,3,0.46111221313927675,0
65,55232.50527161542,65588.58691805352,23.398791645050775,3,0.8262485671999121,0
24,54922.354127531675,104029.79120148749,0.35689680257816797,0,0.09852621575224918,1
57,48914.90794271704,57310.68099859796,5.965630786248861,3,0.2327288109511486,0
67,24061.747734560347,175205.6418850398,2.246543280985424,1,0.7911410802966231,0
42,67416.35103726928,181143.7992235605,0.4078147918177874,2,0.8491993380600145,1
30,64870.21340669193,134811.1841281424,13.669275841173674,1,0.52931576662535,0
38,36488.62942817567,177832.82838272885,4.45626307955627,0,0.019697026971121523,1
58,64149.74414410724,107589.79744362502,7.002331706331908,1,0.8937150232045481,1
27,57498.15372601552,138175.62835873984,1.3747206320717011,1,0.38276522602397567,1
26,24387.757092777832,161236.22609548777,7.1677878336386485,2,0.039680534188093364,1
32,32921.42170857285,99712.82022420414,8.815144078837777,0,0.8188122458496552,0
69,72765.62889779158,103555.19286586726,2.8178753032351747,1,0.41806912235515425,1
19,56188.32370284101,146682.83007144489,4.242651946921775,1,0.18999029042913695,1
42,38713.941083787475,132324.89827979967,17.855043876745764,4,0.801578264419503,0
30,32830.48217654716,62226.96398994736,9.377759346599856,0,0.45771567686221837,1
51,39692.12403769158,1000.0,2.9425852074243313,3,0.6078095634608476,0
68,41110.409402445905,91223.59687014758,5.461767460644388,2,0.8231214237197464,0
51,33080.73934741497,1000.0,7.667745488954441,0,0.5224220890414957,0
52,15164.717752333956,50449.133194722584,0.12314827832452507,2,0.11047803206942508,1
55,72800.26572801571,56285.65213998078,4.438103207358225,0,0.9637618253865446,1
20,69412.67345222886,71567.88445299368,20.843814938451573,2,0.28654050744322124,0
59,24534.89096386281,141021.9072081771,14.704388374228065,0,0.9942494315547915,0
23,52726.22591127335,151883.977036513,8.932080694264346,5,0.006024538046446204,1
65,31955.235945704666,125437.03599036037,0.561445051314099,1,0.4837880582548335,1
66,44768.6555354693,131625.34880309025,25.614642691854424,1,0.704934996793921,0
36,43104.66840252687,132806.0228184323,4.7021250888693995,3,0.9063019340183481,0
20,41443.31568564255,1000.0,1.2609842624171077,0,0.7803369453824599,0
35,90058.94168152573,100509.88410035582,5.608412193634756,3,0.2556278186907207,0
56,41193.48630647619,10177.063941499742,9.707922264706344,1,0.24330440792992925,0
26,33834.72349866151,125456.97378357704,0.5957635208890091,0,0.35658666592462895,1
69,34748.371410059044,1000.0,12.41084061226185,0,0.1105402007091586,0
29,70875.5391280351,90978.07323246503,12.64142713916397,2,0.6695732453952048,0
22,16957.9533661413,127388.48880097934,0.06777936655034719,0,0.9412583425458304,0
20,34747.5416712896,44112.102584184395,11.528907062093781,2,0.6421043810746968,1
28,78936.45680223068,148085.79802566103,14.670168741964655,1,0.5333736291698195,1
47,54879.72375995293,125331.10849758734,0.19210251133494743,1,0.5033492160381464,1
21,53838.44010072226,119041.23479189549,1.7418782747451036,0,0.5926131271797094,1
22,92642.92920287403,134900.0793755266,2.334901076386107,2,0.710612924862805,0
18,54926.95905896997,82039.99561166721,2.14538702625768,1,0.7949993538235368,1
44,35836.27677280835,107595.94318784044,7.114858891190438,5,0.6983211716049109,1
45,44358.458862473024,100502.57861170996,2.2166484880108843,2,0.7050318727747409,1
46,27291.353819388627,99372.55276919276,15.684038528792142,5,0.9517338093016817,1
35,75118.74080031394,66398.44616764615,26.484217570749344,1,0.8993433953183175,1
29,61491.2343507343,37873.39426386471,1.9049762897319895,1,0.8239233184568069,1
30,72488.28299941777,83157.08253552625,3.5545271777562455,2,0.043360240960183205,0
58,74259.67857098741,80402.60464028665,4.078900492906074,3,0.6688673470876072,0
19,41715.784381449346,63163.45062415551,4.330398720704901,1,0.45498077638082135,0
54,31104.942959822205,142602.68909050123,2.3436941008327654,0,0.6175992182669536,1
62,48965.737773839086,41389.66910721935,0.9075704261873592,0,0.686282173105824,0
33,32544.778584229236,91424.54205543792,0.2805271218929931,2,0.7146518762635335,0
65,53299.137508180494,158316.9855780626,0.5621979310029506,1,0.8694262897795457,1
41,72641.93761669379,145456.46762997762,11.57790779152675,0,0.9099911682352615,1
52,46637.207079016654,160814.69425486412,1.645125225930519,1,0.6068284132445005,1
39,52999.90179815478,70460.97113128865,0.39967139348734276,2,0.8941642353860708,1
53,48123.08767553267,139214.40628638535,4.884580590527847,2,0.7646217203363415,1
28,66054.55144875395,46851.48015109342,0.3914682601496251,3,0.20272538855548783,1
63,36644.3521142342,86206.30220917298,0.36313809415192033,1,0.03531189863388817,0
46,10000.0,90912.20946099034,4.8586275026348025,2,0.009888318552643383,1
52,59417.37718750762,71207.98939009948,4.4750347870337945,3,0.5866231974728808,0
65,69756.68842615988,81909.30059577373,0.21181010162180966,2,0.5215932555864967,0
32,58927.48489517071,75331.20362513236,3.085357048734628,2,0.6963685525054121,1
48,37195.39009063972,50880.30944491523,2.861451551274514,1,0.8428282869493567,1
59,27299.75803627862,142820.6753002896,3.955885704811454,1,0.16444249736184846,1
58,59889.95063560643,90877.49985628654,6.694091212733333,1,0.8564317695035335,0
60,52829.579058693475,110071.82719586429,1.6620030178383094,6,0.0980820454060527,1
33,47484.147446833405,108188.84355964273,2.835042717044678,3,0.883243354504646,0
27,86449.26685987582,102736.32125550107,7.868970934847606,1,0.8504864438353148,1
66,31063.998116373365,104640.22730282143,12.791026131559768,3,0.696955802985576,1
49,85500.74042254931,84729.13899844894,11.09687425398157,4,0.3000292190169547,1
68,50635.6780974128,170919.84342574317,3.2469047628621226,1,0.09341345948829916,0
19,13288.590462582506,138037.23808176795,3.6788727376957513,1,0.7780870659288138,1
41,46415.94691361718,100919.10163855099,3.7656053935814553,2,0.217879413959585,1
40,69189.92153198882,77647.27820169684,10.151945429368258,0,0.44093708292579425,1
19,42698.899343900586,94058.95786354598,9.161017267828338,2,0.5308590667143719,0
55,20504.4291752321,120881.07581858728,1.8664360372827036,1,0.6854423179362207,1
48,46709.7093640766,174997.0046268156,0.8887582104262514,1,0.4874380722532863,1
68,32856.55252216589,31347.62276674778,2.3819161705340814,1,0.6945332661509895,0
57,59836.288021759254,132988.73793208887,1.7012414675404741,1,0.8140382395145027,1
43,65467.99632135223,156336.18183893172,15.057349800759114,1,0.7130608877447268,1
46,28874.591845037874,25664.076504738405,1.5456568940831734,2,0.2995027084580103,0
20,35883.91889768701,90942.45616343626,0.9996179280890728,3,0.8942861503154493,0
31,65132.849302138755,46774.10134584805,11.486946202185674,2,0.550571438804407,0
42,32823.11443402081,121526.48058385172,0.45224240912430463,1,0.46537481776738,0
65,28356.837283440098,82082.45338222239,1.5073234319231368,1,0.5750470058045267,1
18,26426.177364074905,93493.04665599373,2.891162999398334,3,0.4832200002253765,1
20,57040.772259162404,79447.20963607628,4.520666891437889,2,0.7551099664067855,1
43,56183.154390349286,136008.17163841342,1.9850514776980834,4,0.420663976135047,1
35,36319.07939241917,111451.64802990691,3.42821699163542,2,0.7767231392937451,1
26,50101.70792256468,111546.33820198278,1.1084180029966948,1,0.7601552368136568,1
55,80542.64768310261,108031.09125407269,4.269798072695919,1,0.2768704170254659,1
40,30518.796861635565,128624.54402260686,2.6196962324647943,0,0.09594133050987796,0
38,10965.147819791011,86901.40725718383,9.460983529634344,0,0.8509580166948545,1
18,59101.51151440741,185038.73937704635,2.686995743511998,1,0.16891979402979684,1
38,47791.97672196823,38260.262439074024,2.933275287994663,3,0.031182539575532298,0
44,35799.49826369797,13704.077591517562,4.484585460135121,0,0.4023264953295015,0
59,63041.60474709816,9565.971569571338,0.6572107634744355,2,0.2541494287742929,1
23,66784.5028933758,1000.0,0.8527269049320043,2,0.22036121211677762,1
61,10000.0,133658.49074101262,7.808902596305357,2,0.17231359176811967,1
53,36948.04181337023,127568.38496413204,1.5970250237636907,2,0.7491965647609372,1
45,96350.32462393711,160388.82458877974,5.77110486160712,1,0.7834227190544623,0
62,61668.09831596382,47168.0892647239,0.5125283617803599,3,0.04638958366359014,1
34,63522.072765943,137273.07273727504,8.625553203226154,1,0.5468117537246384,1
57,73457.88557262957,102841.20310746529,22.210204354624246,2,0.1351454459323843,0
69,50341.37650399452,108329.32495779297,2.33955665979767,1,0.4995541273002818,0
20,65933.6832018324,131281.14476748038,3.5213450160492012,2,0.34792980869988954,1
29,64361.24087674405,62185.91244687782,2.923365404256134,2,0.2018161937439189,0
56,60780.82993505518,229362.45677022438,11.230444844496041,2,0.9480597023099471,0
29,43559.76058765191,166594.0152137677,0.04991854742038399,2,0.9567461767837984,1
19,53441.178447325176,73414.70230023198,5.298775340021811,1,0.5639705210811585,1
63,38232.76871386444,45463.097113832606,5.2830580736880295,3,0.188050064266291,1
39,50256.2860913299,95604.79190976541,2.4094500321861028,0,0.5832659442675097,1
40,26630.18215801466,109112.92217910211,1.2380370951555484,2,0.9284992667251015,0
47,34187.52017454095,153280.76298541552,1.3700970419347018,2,0.377760780066969,1
22,44353.75916150141,41563.9544215837,8.058806076413683,0,0.1377367973574578,0
26,31125.891371398477,114274.34715995831,0.3419461420177945,3,0.6936901845373474,0
38,39899.65458509647,23549.24877926054,4.148548913586841,1,0.6562689374130933,0
28,46721.48046488968,121817.87967055594,1.8324764805406792,1,0.0013882415097277168,1
22,58045.24689328755,94624.78897709747,1.541109982206479,0,0.8536055879863731,0
52,68985.14603705818,196833.98811428816,3.523444306558343,1,0.6607470983758903,0
44,40724.31257243784,22699.872789016154,11.407128025394059,1,0.19569859380822452,0
66,76702.09234537248,168530.41907450525,4.81287662541379,1,0.0032387588528003386,1
19,68772.22157250986,14808.433241689083,7.77026740006865,1,0.972300138299489,1
41,60081.876638878835,33639.48627967479,4.590008214025601,0,0.7546797360606777,1
48,53072.982585932376,16145.272076391731,5.981937889698557,1,0.3650512012719118,1
50,56382.41683737082,112517.6304225527,2.831759047311695,0,0.4327884325523129,1
56,73741.02301332763,41315.05946231332,13.017210218526891,1,0.538860511787883,0
47,74471.59319518547,32583.424735973094,3.485163802681967,2,0.7186279034199528,1
63,76698.93456767287,110138.38008116903,4.012296012692144,2,0.1729309664463351,0
54,50826.53663754006,122588.76929373453,3.7218392642895557,2,0.19572905009717712,1
68,61099.34329997226,101992.46520751629,1.900368724101627,0,0.04826967889708911,1
45,76870.93013244102,91889.04254892236,1.3148720842577277,0,0.9857942379831084,1
48,37525.67930167215,191445.4816218589,0.3835141785940789,2,0.8755709875379476,1
28,43631.66292563392,107291.81331209851,6.332344520955823,2,0.5529580135969052,1
40,50320.73326026957,140284.57369611246,1.7073503673298025,1,0.4302736456528612,1
19,67991.97475958813,107146.10628449795,2.4649118549646833,0,0.23743995262864892,0
57,68303.44301437246,45106.18558726579,12.624155406580597,1,0.5949827976834338,0
58,45382.717776041296,127494.38409510083,4.178710177463343,0,0.6905103584094772,0
44,19827.810912405803,67210.1344265104,0.5105958940407399,5,0.6891827733616814,1
52,54923.67888591935,95450.69309803819,8.03749678383578,1,0.006436137938264586,0
19,31633.677253431975,115270.1340946713,1.4794489799740447,1,0.7020389198743041,1
56,20201.27590719555,2929.096655667847,4.022694153295046,2,0.866372851242774,1
54,24722.568785325668,19524.89380541355,3.566560410960448,1,0.1149166848962353,1
38,56527.62015691121,145472.95862487817,1.3595609815101222,1,0.7553770122947577,0
22,77220.74721865614,66812.6776700528,0.61519619734265,2,0.8232385925651264,1
69,50777.890324724875,69183.90054455695,1.186602901420347,2,0.27616938503087585,1
62,54227.613092919295,108321.91986854101,0.5120344072429981,2,0.7121061918768363,1
38,73657.8987775585,80716.37014390653,1.6122511628074188,0,0.0967548730300889,0
46,19110.901818328915,120879.41908213947,29.56790990809334,2,0.6492121318789292,0
37,60403.528432005434,97443.9105633478,2.5715941331834715,1,0.5103293509773202,1
55,49768.20431362357,109930.14750902243,9.971400389241634,2,0.8498521472606846,0
37,61321.149176641346,64907.08048788737,3.9834100648389734,1,0.4519676105758842,1
67,40330.32183192368,109679.74116404638,5.491807790524216,1,0.4280958285126826,1
42,33641.254191470354,155254.4543417722,0.8500757791695379,2,0.9337848438741518,1
19,52810.178085712105,71612.58919429008,1.606579454490324,3,0.9342667512206299,1
49,82983.82646668924,145765.91501360756,3.5712762127216924,0,0.03571163134010569,1
43,67218.20209082926,97421.98408386754,10.64918921250964,1,0.48556505258806126,0
23,39846.14459639817,136724.08279889688,0.2191744973849126,2,0.16095760153337302,0
58,23180.559280374404,106438.56591765555,3.5354188214766764,1,0.27370621764958203,1
20,16358.654326044292,98329.45399510369,0.261796746365845,4,0.6661403424645692,1
50,76321.98903700963,117486.48410381831,3.0515972482484677,1,0.12928787825988242,0
18,30898.35423728345,160679.87811511246,4.95598956910953,1,0.011270493422808836,1
68,43489.73174010127,111804.86471075378,6.82703399384045,1,0.7271236426006724,0
22,76424.22252155152,123926.54154541988,0.7455868716299575,0,0.6413442861982552,0
30,17721.970890420165,81575.75432116493,0.9110595147988688,3,0.9026642843862662,1
36,79845.29018950117,178544.3236997513,3.1750038684851907,1,0.542310121117728,1
29,44927.19092214996,132016.8555464836,30.0,2,0.9453306915356681,1
65,27028.333695225225,103885.42300125031,2.2006464084877924,2,0.6093133612654622,0
42,45052.981457021735,93867.31638726627,2.788952263794276,1,0.38715036539522807,1
68,35548.064371970446,148895.4134636555,2.832103443845341,0,0.6084637052934029,1
52,58816.39597811431,69689.79614773703,0.42071830786042375,4,0.7491802701162894,1
29,37037.351322244445,10856.249186433357,7.439911373886773,2,0.3475411526667046,0
47,11767.155781619142,103619.97997122277,1.4591300631274664,0,0.37252493709604384,0
22,45588.74931182021,159500.2286557172,6.08135824476231,1,0.6299372948502964,1
51,22869.09895426922,179565.4405592337,3.2226411441430196,0,0.4555919561270315,0
39,54086.39767976639,94635.30282830601,4.7309121286644,1,0.5269732061474895,0
56,26257.393354333515,102179.38319708916,0.2774136390814897,2,0.9820816324818173,1
30,40239.74393655828,125976.52162579776,11.034815009948396,3,0.04377493234483665,1
64,53651.756084286724,86782.52905681175,1.3976223115402755,1,0.6479003730188805,1
20,45750.82549931461,125820.29741955744,5.5447585966916515,2,0.9228854653586399,1
37,55008.6056600209,95729.9124465866,7.997911001230282,2,0.23621140652189043,1
48,63605.74331435514,150568.41285950897,3.8830648052413603,0,0.21202759431403462,0
22,26841.326005373878,136149.0256548912,2.057421098941641,2,0.36299806093030706,0
41,48712.04918750584,140511.39161512163,19.061651867841974,4,0.07407853225221628,1
57,10000.0,89734.1177598956,1.6316967338428536,1,0.5602847931819782,1
50,54946.66603365048,196296.36602511303,14.846653135193556,2,0.6454588782729672,1
25,43983.71739250315,124195.59711897362,0.8493419044582162,4,0.8198868095077821,0
41,30331.004730440574,112364.70267434158,2.4651096997936217,2,0.06617609831491555,1
67,56314.38844593048,61952.850971651416,0.7453754862757522,1,0.4361849792744925,1
37,73453.95154370135,95146.40899257231,0.011214933443262819,1,0.784206836470232,1
33,40479.645048021135,105718.9880351318,1.5072726637255456,3,0.7683018637913037,0
67,31103.710195165597,60616.135178785,0.45624937510196445,0,0.07364055927293556,0
69,53300.505248774236,85384.1427115456,21.46843916197645,1,0.011395589642960169,0
29,23287.866667072787,91709.99909484951,7.170145089654132,2,0.7833277438612216,1
30,36792.37258928922,102796.03304616091,0.018558380386101036,0,0.1379776353545331,0
62,74448.04323301004,11864.650497919793,1.265737152741004,3,0.5777895645243009,0
59,51243.58459624575,93236.47296478678,5.545195920749128,2,0.09424616989025625,0
56,12410.660721076674,81132.69084600342,2.542076929993233,1,0.29551113410447905,1
42,14060.167054411977,98955.79251875501,8.914273068346931,2,0.15803728203239742,1
63,53241.713852935514,151763.8283090128,3.5145815007592187,4,0.7363943686562127,0
49,67247.81151835376,202619.7746060603,5.301547768241629,0,0.6727244176315794,0
41,17647.570827476997,133918.85998223134,4.544557596713238,2,0.13530548059366143,1
65,58994.252149930166,38278.89139668319,5.0828887617267124,4,0.059330346137176804,1
64,76606.87014979438,82729.65240837328,1.3074657698488503,0,0.4663352509721924,0
61,87757.17975917278,129798.16544155456,2.3363523522964935,2,0.19554794916092566,1
26,56624.45519719752,124164.52482145115,0.25977942644366964,2,0.008142036903027061,1
57,60136.05189104949,149366.28677265372,4.429250363401857,1,0.26427274122820166,1
67,10000.0,95132.45028547022,3.0740693152384813,2,0.215243676987257,1
40,91995.05095991978,81824.98778172472,7.150523853769892,1,0.6849592487198379,0
67,38490.19573807757,187621.20019580194,1.1557681363235623,1,0.8608630786870408,1
30,31330.576831499173,102933.53016848188,2.870709936370939,1,0.23763891598774156,0
49,44895.87731120751,49166.28119894426,0.996802084389367,6,0.22304776160983097,0
67,80233.46828370861,173756.68285164604,4.759320451828458,1,0.38776633892244783,1
32,94160.92095087096,25195.22543027776,9.42036916973265,0,0.17255763396908164,0
53,52508.17358951689,1000.0,7.250288547485916,2,0.9468150400812485,1
66,69961.6834520731,138469.3379018787,14.429725387375463,2,0.24352653957696158,0
22,50864.08097371008,145535.04855123156,17.829024547393367,0,0.09332911354725515,0
39,29244.09053963632,120700.64709723456,7.392791015437153,0,0.5568887963569144,1
33,79534.87341576582,34877.19580039751,1.6900096276565924,0,0.5376195462534835,0
58,37557.45039287222,97056.50723788395,1.2375742754345749,2,0.6319141723481814,0
27,80710.61546743764,86091.57132230644,2.966952999218008,1,0.9667025653720267,1
41,75970.82659538167,73135.54945538053,25.483985269117625,2,0.3234871845364745,0
35,62280.725279144164,170603.47154046397,2.6608253337392513,3,0.35957137658146054,0
66,86579.49512508707,47666.69706841555,1.1098987100919067,1,0.3370404454113597,0
35,94646.92066371476,115805.22265531999,14.442726135589625,1,0.6286296606464112,0
24,46495.13274071377,159702.34918312874,2.438133863898893,1,0.6040690389460868,1
21,33824.117631671375,119072.0762659519,5.8704341490526515,4,0.5288070627255029,1
43,12714.603254870555,162055.91862476867,7.759454310126712,1,0.36432595945326485,1
22,94893.64510860512,128185.73612144646,9.262514868701436,2,0.4276496528570518,0
33,41206.359821631006,121467.48352460144,8.609685548745178,2,0.7925072014256445,1
52,72700.73714203479,118341.74344160735,9.046976236991217,1,0.6092467256571003,1
43,35174.89264981034,130672.16333250751,5.507884808525921,1,0.7163078537829314,1
35,80765.3128182407,80723.04512938697,2.5861560563026345,2,0.2767297228511433,0
46,35997.64816369173,34906.30740636067,5.502372919276766,1,0.9114920933345287,1
40,26165.617327653137,147702.17057316547,9.06188276275094,4,0.0351627219430064,1
31,45829.871380925,158087.1150252883,2.1588590600168662,1,0.5956968848273174,1
32,39364.485980767255,112598.94054530218,1.758493802027713,4,0.8123500519306939,1
66,61925.99570922425,72581.2190182815,2.1057413710933286,3,0.866285480329225,1
50,48972.101456149525,22114.1441735181,4.006818810350591,2,0.319551731167258,1
42,62554.047891038426,104290.35499616941,0.26934554377509895,1,0.45975086283046485,1
38,44179.57053829412,32552.482764101427,7.5473027276660005,0,0.034889160041931655,0
34,36697.8525796239,25550.624868103725,0.7474442396476367,1,0.7897654138330443,0
40,38328.789042078526,98963.42359921537,0.7126511292012432,1,0.12457198786174117,1
60,90898.77596062052,61811.52494059928,1.101108740682454,1,0.42808142571944063,1
34,54503.41864453872,117265.47780823853,4.301057830601263,0,0.9908090099950743,1
31,10324.75581093911,92035.21987190629,1.6813399180390918,3,0.9177372396664757,1
46,39595.81973091838,69668.2716888695,2.2950441033087574,2,0.330023564962996,0
37,51937.32064951751,14754.245963551715,13.415503544965027,2,0.22388060126593912,0
47,86907.99362500757,57355.59370848212,9.39319834608288,1,0.2516924766545665,0
36,70573.97431779798,59193.175497445474,9.55915610227105,1,0.68478565707439,0
56,31565.6432703617,38734.6163242519,4.3095079436234025,2,0.7257972780688937,1
30,98367.11507144902,83547.78523788076,10.067001274694643,2,0.21649307978782983,0
35,49376.792703970445,42637.40044126741,7.538149567653464,2,0.2399899599109151,0
40,74926.59622149888,91812.86263543925,15.313293862057458,0,0.3233890828514163,1
63,26899.830052001947,112020.5606834328,0.3326673754615744,5,0.4331779783575046,0
50,10000.0,58691.502280541106,0.1457391718198151,0,0.9174708827336517,1
56,21831.370192632785,121270.43147092924,0.9620409254627678,2,0.026507844146644644,0
57,10000.0,31932.106437614813,13.231353855759565,1,0.6381973847256187,1
35,92241.78654505816,44391.13008018547,4.6515059321019345,1,0.8616975999061783,0
26,54290.65837772832,94339.13511876155,2.7766096286856645,0,0.7233636001610512,1
50,31507.11963103937,134352.05459443192,3.594490144552145,0,0.21674211979565683,1
49,59052.48059960242,143369.97707446333,8.848167955840797,1,0.47674665435530383,1
34,53786.68072360332,180619.53110787796,13.233129199619233,0,0.9102805786032152,1
36,62418.66791227982,81170.55625912448,6.5410925656689205,2,0.11571746536242122,0
44,74190.62802272537,93624.93406608478,7.132412635619766,0,0.9875111823612193,0
23,44201.5769394997,48366.22354910065,1.9310929135387365,1,0.1436236764062967,1
52,32403.213877980263,37311.68340044885,3.1464994470327268,1,0.14241754353020597,0
54,66555.50428743835,111428.60431637624,10.823262961709343,1,0.8128593177815052,0
51,66046.65555768932,61206.42502768786,7.707357072468406,1,0.8283465182943164,0
37,52014.7161624269,161618.96000086452,5.764353850108485,3,0.03791865602929023,1
42,93551.08377361545,26880.713406630457,0.33736390074345524,2,0.16830540614295653,1
21,41243.557542766954,124317.66029123482,0.20154406575772207,1,0.9485276536678734,0
27,32002.840567294636,49713.03805914854,0.6986726366602436,2,0.2793452654105125,1
27,58361.828550132035,58977.57666139582,4.354091029663206,1,0.012239665168893077,0
41,36501.24286173003,126955.60326260154,3.8435239860697763,0,0.2540421005382505,1
38,59910.330482897916,66205.97819460458,14.296472864552259,1,0.7354325631798991,1
28,33339.8348832112,74210.796624005,5.9332787365187745,1,0.9164533791808384,1
44,41995.154341362286,59392.08182242157,1.7405062830566491,0,0.15515658522799658,1
33,87816.80840078331,189251.4895806721,0.8806813885579213,1,0.22441381985171405,0
43,41888.25286504642,69125.68444599952,9.470065392555082,0,0.44153130419333875,1
47,34022.96911965407,102577.61087163816,3.077451386562199,2,0.7483023524009247,1
66,73413.57577413,89904.31998594629,5.298922168302744,0,0.658697022053559,1
33,28979.160994266127,111070.85308621306,4.163697162460941,0,0.3275335810060329,1
24,36141.135397058635,69263.15265170325,0.5683992731638251,0,0.06635181916253652,1
33,61531.22241017989,89959.1382729175,0.2937545548571173,3,0.25296064658121153,1
52,68768.22847746583,119697.60044969677,2.3661897879875533,3,0.21956339632629107,1
33,74409.5278216215,56849.64309985041,2.243561905777197,0,0.02105376307410456,0
57,35055.563355590304,154466.0678314077,5.601194019610153,1,0.9750399765414619,1
29,61920.1734597224,159274.0259520816,5.001085395524906,2,0.25537153134334645,1
52,40677.83600911641,130324.63130793697,17.359321771515926,0,0.8365350472606017,0
66,37886.88732978735,103493.81917982418,9.763145953729849,3,0.4848616053400465,0
38,74064.25564584571,1000.0,3.4316774223915663,3,0.9722907569065073,1
67,39008.912082808274,121214.55663272314,3.4659894348544236,0,0.149553120953565,0
60,55564.091920419596,80433.47973855678,5.6062719226356315,1,0.1106731609395577,1
53,53111.58938461277,87686.27942912301,0.6057028574839664,2,0.002462924490255314,0
65,28584.91247322995,5131.133473859169,30.0,1,0.7184470889866125,1
34,69321.85710712642,124679.42429370963,3.657445652627299,1,0.30637627005641965,0
49,61205.617873579075,27570.94765865228,12.034446051350898,1,0.8703549476336496,0
58,10274.18776259158,105921.22729956971,17.110522294981834,2,0.6338048521470965,0
23,55548.422224746864,145232.87409549206,4.357097611336041,2,0.5774318886867612,1
41,34540.53131666758,76533.59093412239,0.5454408711206159,2,0.4868915367272295,1
44,71941.50612825256,160802.58626142202,4.25890724824172,1,0.25817364508445806,1
37,21092.00326438484,62650.48108964098,4.552070629559816,3,0.06468853125884899,0
42,42870.46062740912,130021.65383655007,7.78406452421827,0,0.44356797855235974,0
19,57240.49101976932,34760.712427073624,0.2471554993474686,1,0.09911965198526673,0
26,51086.80588283751,151556.52173402617,3.1397509487596,1,0.9057311320953739,1
45,65259.16513427943,143799.5191289645,12.804853207192263,1,0.8293291184033433,0
55,19631.560279814217,123417.89614818648,23.721631799615743,2,0.6197612894740295,0
20,83038.28673734756,80335.79316930944,1.0621475036631138,3,0.4524396929677499,1
37,60502.89317576543,29899.9688285944,10.224195564134469,1,0.4541954019645855,1
23,77194.36426001792,80467.98423902712,0.7905876296852693,0,0.46451507701058015,0
56,67484.80338466483,155515.35878740612,9.199743758703928,3,0.7454631339734644,1
50,49767.79771089913,106498.09357845577,1.6236513133238994,1,0.1262050637962201,1
18,24316.035781776787,22348.153524377514,16.047755434567357,2,0.5312957828144111,0
54,38728.93637502598,43763.61802900294,5.945367608060293,1,0.8126666613652517,0
23,81791.26665725154,162657.57004261398,2.546721951585198,1,0.5101258764022482,0
62,77708.75563312764,124395.63760639429,1.6492841431816343,1,0.01374123188519083,0
51,37608.0003979262,38299.99396300361,1.340949933996571,1,0.2446905939378522,0
64,10000.0,11708.425191270318,5.709566877367729,2,0.6685846423130258,0
32,45746.205313897626,68747.89326999668,11.306784028799587,3,0.9341995749929453,0
62,44245.94223741767,7432.064600504033,7.031301188835214,1,0.8937480848684757,0
43,45004.54775919233,92208.27549964997,9.002735982734697,5,0.8227049195234015,0
31,60570.78403662803,222581.2685918152,7.6021872498943495,2,0.9501641632885912,1
24,67524.25158643327,20152.196215041404,19.351447092197585,0,0.2799178554686321,0
63,69805.99094199049,90698.71683968924,7.0900589502248135,3,0.01239767906713296,0
48,58914.182802707335,165596.32876656257,1.1800581962618004,2,0.3543745958782569,1
41,13984.58596154728,137454.39291500475,7.841443028819915,2,0.5770110019269309,1
48,43176.00534613409,92562.96426004308,1.9435514930622346,2,0.3164660001437033,1
46,96081.79567098379,92682.56649159014,27.36319027453967,1,0.04420375854584513,0
59,57484.33469604957,42204.51087877104,2.363417044050136,6,0.5071869915167037,1
49,57356.3913688773,86617.21149972233,1.7321646914807043,0,0.19969636098669463,0
34,57189.71879547716,112172.0357120065,1.3670288970937232,0,0.7275712771394993,1
31,58307.592450119795,155255.6771637045,5.372252529471426,2,0.08920157644661653,0
57,10000.0,68991.2188242622,0.5782950870850665,0,0.9581257800601037,1
53,45209.51366177863,90508.24359682687,15.347957877463621,4,0.8766804791098896,1
65,49242.14336410621,52539.32596216588,1.7429151359454254,0,0.8738541507283372,1
41,75629.90798506825,111266.25897702525,1.7506294014432449,3,0.7898906387535269,1
62,50953.45789244592,139188.97251544817,0.23580446322905232,1,0.6335892924591671,1
44,17069.772267961176,131482.40067149475,1.4119307224907718,2,0.05342903930961229,1
42,58601.783123435045,41490.64622788224,2.7148449518129203,0,0.6624258884404557,0
49,33923.5070351451,107343.16047282075,2.307054386334226,2,0.7469272816792416,1
69,25664.287178371644,66134.37358749058,1.594281020373565,0,0.13081991545521587,0
35,33316.81906566839,150552.50078264167,0.20798562969753331,1,0.6157560255071125,1
63,60850.08459329031,91934.3638613231,1.7875291137264662,1,0.4788674742015746,0
35,75175.22479520137,24024.33308794578,7.532848611123672,2,0.4724415423199988,0
54,59658.598903551734,89009.86471961334,2.888320920363033,2,0.19946223351832715,0
43,62640.46447234043,122923.62845994407,1.7179147226355551,1,0.7394381855960992,0
26,59460.905456760025,112200.30315713998,1.8177219528910846,1,0.9251246609446535,1
52,52026.54353720936,74410.19931740098,4.042089608918502,1,0.7878033162500583,0
25,63938.61269925515,70736.3305064427,1.7997778661808432,4,0.3690322228173921,1
37,10000.0,50624.780089184176,4.98204758539562,2,0.9841773105448673,1
59,52221.76702609666,80262.51898323468,22.76028675926687,0,0.3641703059569329,0
39,29101.49930755497,57216.051673709866,0.2102408014060687,2,0.23442386316778852,1
36,73258.05145088279,148504.29930886574,0.9240437707167765,2,0.9680846389330361,0
47,47056.89389566279,54943.13046341919,0.9868158557696259,3,0.7898165349846519,1
45,50618.9617653566,106114.22311811005,2.962622213728575,0,0.7612441415334618,0
52,19898.56251492393,102715.19516631664,0.21150456318167576,2,0.07743194340703186,0
60,70336.61778025703,147283.37239424555,3.245857965553924,2,0.1920236062239159,1
28,62546.56240547619,154468.41444791853,13.220081088376844,1,0.018517961517369175,0
48,61138.957646810064,134798.49716406642,0.05815736380150596,1,0.7766491782441368,0
66,33739.542956623554,117646.41716450649,2.2701700628699504,0,0.2782429612924868,0
65,34527.2031012374,47567.692695297104,7.154236788211894,0,0.13222382546009614,1
56,54471.989088918104,46556.49561308712,0.8391030301642971,1,0.18189120363239242,0
53,36110.03179503897,57715.45901175255,0.40365932245654257,0,0.6411319435840692,1
47,58697.85925354677,137596.04998139577,4.981793224758288,1,0.4330506907913265,0
40,10000.0,103666.4964125318,0.05000375132103993,1,0.9413963892439542,1
36,40249.10887186814,143432.86203677813,8.091648920299958,2,0.3658916173313853,1
29,85935.06930852983,150140.13671600414,0.34596135093185476,4,0.8338743309124896,1
32,58789.716559915294,63702.4049850376,3.7154097215819446,1,0.5464650115120746,0
48,53335.87329061986,101603.71637785935,6.737824809125326,3,0.7053474941924383,1
60,89704.53071342714,99350.31606582049,1.385431952359317,1,0.16866076152304177,0
54,10000.0,83610.61551878924,0.5465089275785726,1,0.7489845260570066,1
54,33693.77770423785,73257.85727376443,0.9656352304509369,1,0.0856553590435154,0
32,41976.536565052214,159237.77517055284,9.64420825860356,0,0.691121389925204,0
46,67167.0246601078,102598.58633577505,6.117142417162407,2,0.4655175987219189,0
67,67513.12726456473,100657.23942798839,1.1038446723432798,2,0.22852613995254645,1
60,32679.865820347477,59861.11625657021,6.296032366575233,3,0.4803871274712891,0
43,69959.086442851,133760.62152067522,6.165603710168492,0,0.8556781294760597,1
61,41933.70465356585,49744.62495809925,30.0,4,0.15471917808442248,0
19,74232.79251298335,122745.27644223411,2.484252195180866,0,0.16962641676325052,1
37,29347.146037558843,124111.4680027581,10.006979302032406,2,0.533997245628507,0
32,47533.76801867679,79374.24753382156,2.956949919081387,4,0.625254550311821,0
69,40196.6536924688,115882.60405915898,11.402172377661051,0,0.4201997720682389,1
21,71120.60743131427,109283.47795222435,0.48035509088646444,3,0.26639259812651706,1
39,39544.37566867658,98031.96875949252,0.9637545503592143,1,0.06719207857837228,1
67,49151.02941976488,100647.19900726163,9.484078924686552,0,0.04979312898239485,0
55,60136.22795326098,103089.09115967607,8.554594374979695,1,0.04082010297478178,0
40,60905.16966052239,106495.58363360241,1.8223389461609216,3,0.9012830333652367,1
43,67739.05214946343,103012.10156718532,4.54159195468841,0,0.1313571556719405,0
68,54222.49553689334,44806.79048939291,2.411998496996957,1,0.29512346075645124,0
28,41635.021694403375,92389.45244971976,0.05185471047116008,2,0.9858922858178729,1
45,43006.02509282499,113247.43005984361,0.13225443590441482,1,0.9274747444956084,1
19,50513.44630415224,104864.43642696457,0.27891873054614635,0,0.04286191340226808,1
25,54991.84952148767,147687.5129697569,4.5078992759410905,2,0.551263588008672,1
46,47056.567043031275,131004.32947497272,1.6371602596605503,4,0.6334984934950337,1
28,50384.06841931095,56479.523247343204,0.7771225274975179,4,0.054114126434874454,1
54,19654.922788557895,91668.64459728026,14.162212423953335,1,0.7281261248084856,1
35,63347.105689093565,84433.1673276406,0.6466649034071614,0,0.9878699877235811,1
67,53622.2457777886,99782.5756686408,5.604009073009232,4,0.4293795755859531,1
31,70037.40827082176,99850.93000806501,11.229142432631555,3,0.4494175472371701,1
27,50003.2101481417,130576.08346199244,0.8946146966433679,3,0.6593468847836194,1
52,15232.048429564275,108866.41815705718,1.2086363331356855,3,0.7365420553803407,0
26,42831.0762138665,161527.25026042754,4.26439156935716,0,0.7897723341178516,0
52,46001.40153763167,112050.156883118,3.5509447138335375,0,0.0775798423110301,0
28,64858.06610867198,58470.473983136166,3.6805596048387605,1,0.8006888881639691,0
61,10000.0,76635.96899158902,4.044789370515719,2,0.8640739522709809,0
29,50823.5903389787,130189.45353658793,14.96896237700211,1,0.04522724408898593,1
20,60273.50431586612,19291.58677471573,0.2767076079452577,3,0.03913499816347121,0
56,36770.24229436961,32705.979261997738,7.144934701608523,7,0.5508904851989904,0
31,51492.56019633695,100534.86035626152,1.3231258375622612,0,0.4968066104491279,1
45,37459.26981700311,147546.10592605828,2.3394506826078456,0,0.9800966987584643,1
28,35408.54133559219,165351.77159774388,0.4676599848524507,1,0.29440150169384993,1
56,41831.60299737366,89144.71264891143,2.949585585905932,0,0.5901999796067829,0
42,35786.16015065979,153041.4343492942,8.153799399732142,1,0.5066732536618241,0
38,63672.36623872665,103613.39548844489,0.5198093518302331,0,0.5357333247254888,0
27,35300.962463292446,23429.25088783847,1.612082600792303,0,0.6596683150242035,0
60,31941.799859041454,99596.17317608152,2.3345358106765097,4,0.5375949906600914,0
32,85358.57333679067,69054.59376892244,0.5485118789024939,1,0.006944552748937016,1
36,69214.8002364807,145911.54402388705,7.184083132069351,3,0.8437102674556844,1
65,12769.732786815992,98716.23698227566,7.731072251884942,3,0.2011544076355718,1
39,34704.63420294933,36104.34467217648,9.036243992980342,0,0.2311546096175522,0
38,54849.259434454216,25014.259454572035,4.384102710828089,2,0.6479727626551695,0
69,56475.10134462987,98951.00212927745,3.5386532297509623,1,0.47775165545986875,0
61,20190.14268526213,1000.0,1.5228015290007755,0,0.5744799602042552,1
49,73171.30985644643,74091.73550860496,5.323344215062909,2,0.497498937532438,0
67,66504.48838363252,111551.51628714209,2.9400048102104464,2,0.41786262923400386,0
40,59638.03264080677,47149.174797232095,17.663894424623727,2,0.4833024713851898,0
30,77134.56981424242,149699.35784526647,17.238222238632844,0,0.1410854102330258,0
22,59045.799851418364,159550.3274875346,11.780200021415313,2,0.9693057809980766,1
21,58971.61758503695,49164.952362402415,2.232131952379575,1,0.5747517646772445,1
45,81153.58543644485,85097.79129017566,2.2941115124223233,0,0.2868169864869581,0
31,72024.39161455417,149734.65756607358,9.575508931945999,2,0.7128402647342271,1
25,33169.850821769374,99934.62328724554,6.530672426011942,3,0.8801061173878931,1
26,62663.90357343831,30276.071095049003,6.093080307364098,0,0.2964676533310271,0
68,36714.64270082836,92833.94657178235,1.639819752390208,1,0.3245115812394199,1
52,60083.09101900556,57353.583885208034,8.959255713783996,1,0.4385487054484807,0
54,59532.270140396286,155409.89482129426,4.330609643071633,0,0.21728977178156839,1
38,22330.65375088028,130296.60471622944,2.960771112202622,1,0.8097883768489912,1
35,47563.0877737793,84312.15273671859,10.02806122291911,6,0.5841766748325812,0
50,55305.14047160804,107107.40062650203,2.506107488448774,0,0.05704450608266043,1
25,41274.196180116865,34593.92115137568,5.30551055170604,2,0.9967040765065497,0
68,56294.19884781519,62311.12707211942,3.1359094699708456,1,0.5749715061639593,1
66,66117.95554002137,177663.95938462464,4.4914904503618605,2,0.8899363290216877,0
34,49388.138715384885,102675.73262898336,0.20695698950046915,1,0.5016181662784326,1
60,54491.989534165186,146504.29023956825,3.0912669585574024,2,0.5824494988407758,0
48,77668.4815711195,111600.65442040142,4.065189388213909,1,0.45447524971892095,1
51,59463.93166450452,165714.09215147622,3.3934542409225714,1,0.4227607334704375,1
23,54016.485793489475,1000.0,9.400015671542064,1,0.21830444226572776,0
39,30838.412407172786,90589.12079904968,1.8634697927220634,5,0.9621242515669197,0
31,63420.52022777697,182239.08231081947,10.774125278228707,1,0.18177124362414154,1
20,56602.99898783877,147808.6717780322,2.5830614204073417,4,0.5264042787895161,1
29,75674.78867402815,166268.61293950956,5.9294650375366444,1,0.08709684593702016,1
53,50937.57086606623,99661.77031717545,0.45357875590955693,0,0.9933769031370897,1
29,13674.669997320088,73144.67922933082,1.1166808716292966,0,0.555676393204808,1
62,15997.582623434762,48641.777015603584,7.159932878438463,0,0.8145832299138863,1
19,64713.615275194665,45153.59541692449,0.062026571272251196,1,0.5629288538776241,0
19,38596.12804603693,140353.02811042595,17.293243644789197,2,0.8049852198297156,1
32,58735.355022209944,125660.5525210426,1.0574887697614672,1,0.5344099264071637,0
40,52284.652890047124,96671.32753348199,11.578553604234408,2,0.44497436761821707,0
46,46663.20664612159,125409.53274258404,3.627784003350695,2,0.4559057986505237,0
34,48072.77428823553,107122.58795260305,4.157167779915369,3,0.0023435398465865287,1
49,32692.209899095462,148110.88506997417,0.43941398994790315,1,0.37065495078488797,1
24,49684.44622200658,147634.3377454085,2.2723741708870033,0,0.9519440554235233,1
47,38310.13134411203,46706.294975757875,0.8493106586738481,1,0.6755768427833191,0
45,42554.8695974859,113682.2993734895,3.732017205326775,2,0.9193190029525001,1
31,43527.01910581678,16556.662490295887,4.000680057930442,2,0.2002625698133036,0
61,45466.13460202562,106651.03690452981,6.183632826281168,1,0.4911602486097254,1
47,68443.46913014172,130215.21398507926,10.530084101722219,1,0.03448193041873471,0
34,47404.18341590613,34314.03276034196,3.1572492364139797,2,0.677052151914907,0
49,70474.04673180197,79176.86322695839,1.3286921583868607,1,0.7840162680089244,0
63,80757.09902652963,100476.31886099011,2.0291133209309757,3,0.7478013912115393,1
23,67098.89302112299,111695.74581866949,9.38952271310944,2,0.08676999293120813,0
68,60689.37070137022,86069.81483875826,0.7883212221551623,2,0.24752765661883047,0
41,56536.644189670405,41385.5923797664,4.934318161069303,0,0.6558273668826241,1
23,67307.1741810014,97299.63990403709,0.06586129186495862,2,0.7589911008901475,1
44,51787.21477192479,17387.821652951097,1.4096222534260503,0,0.2742105450308634,1
35,69691.39691914397,88367.92816589275,4.47519696720527,1,0.4062410443811444,1
41,62282.116105793684,77931.31931515352,3.047818727970256,0,0.351266077615646,0
54,42803.190784392245,93286.71632802897,3.401643351602641,3,0.004564923202764359,1
41,67917.01760205612,72033.90112621585,5.402320594096349,1,0.576513106441835,0
55,51829.60011955137,24615.958092189976,1.3366922348531025,4,0.6691127655211322,1
51,47877.35984775368,81682.83397052439,1.6481133252267368,1,0.27643570858174027,0
57,40476.01679202026,146541.00625186594,5.767320706012579,1,0.6877845242927889,1
64,53320.37695749145,163073.04019944023,3.8641066958387436,2,0.24274880000522536,1
32,69929.25230825967,221966.71393596334,0.07347129002259037,1,0.715530392000036,1
