LoanAmount,MonthlyIncome,CreditScore,LoanDuration,HistoricalDelinquencies,DebtToIncomeRatio,Age,EmploymentDuration,OtherLoans,Homeownership,target,date,uid
20795,6574,727,51,2,0.4077129871011927,45,16,3,0,0,2023-05,100001
5860,8827,786,41,2,0.29441606036181744,29,14,5,0,0,2023-09,100002
43158,7904,802,16,0,0.8809897328174772,56,5,7,0,1,2023-05,100003
49732,9820,533,23,4,0.9019962227083242,37,11,2,0,1,2023-06,100004
16284,3270,501,21,2,0.4130316916718513,46,24,5,0,0,2023-09,100005
11265,4543,694,22,1,0.697408438774211,36,21,5,0,0,2023-07,100006
21850,3549,593,29,8,0.40692293183231093,29,26,0,0,0,2023-07,100007
42194,8233,827,39,9,0.38010130171486306,30,21,5,0,1,2023-06,100008
26962,7663,807,9,5,0.21696644050513225,66,8,0,0,0,2023-06,100009
49131,7014,634,40,2,0.66172753406885,43,9,8,0,1,2023-05,100010
21023,7454,703,20,6,0.31995323454844576,38,18,3,0,0,2023-05,100011
46090,8769,749,7,8,0.20989694629354558,63,8,4,0,1,2023-07,100012
6685,8733,646,56,8,0.28388093146945387,35,7,0,0,0,2023-08,100013
5769,8453,845,36,0,0.45101535327025105,42,8,0,0,0,2023-08,100014
7433,4712,847,14,1,0.7353305520893694,31,15,8,0,0,2023-06,100015
10311,6240,753,15,7,0.3620984426657001,38,19,5,0,0,2023-09,100016
42819,4362,833,58,0,0.9100724500253374,44,4,9,0,1,2023-06,100017
44188,7893,675,30,2,0.43079072830636006,22,7,9,0,1,2023-05,100018
22568,4284,624,56,6,0.46498103153892,32,21,5,0,0,2023-09,100019
24769,3886,750,10,7,0.37438174396158186,40,23,4,0,0,2023-07,100020
33693,8854,630,19,4,0.40304426965747076,41,22,5,0,1,2023-09,100021
11396,8318,549,47,1,0.25930809164251345,66,4,7,0,0,2023-06,100022
32480,5258,592,53,2,0.4358164629729516,48,15,6,0,0,2023-08,100023
46434,7382,809,43,8,0.8876939676804985,68,2,6,0,1,2023-05,100024
30658,8811,719,45,9,0.7507396331164908,62,12,8,0,1,2023-09,100025
23942,4785,833,7,6,0.9002145630924934,44,6,8,0,1,2023-05,100026
23431,7838,833,23,0,0.28388721150348534,42,6,8,0,0,2023-05,100027
7747,6543,519,34,2,0.5644933046737273,31,14,0,0,0,2023-05,100028
5189,8601,704,58,8,0.38340389838409206,68,6,5,0,1,2023-07,100029
24118,9136,590,58,6,0.7769724724449185,42,1,4,0,1,2023-06,100030
40773,8142,672,58,1,0.9761902597807124,24,6,7,0,1,2023-09,100031
6899,3295,688,25,5,0.8522875832402304,48,18,9,0,0,2023-09,100032
6267,5053,811,13,8,0.22822253340080512,24,26,7,0,0,2023-09,100033
36551,5597,501,42,3,0.45332775571538736,58,21,7,0,0,2023-09,100034
16394,3680,667,54,9,0.22286375236041886,54,16,4,0,0,2023-09,100035
8556,8987,523,53,1,0.23213357354478845,54,23,9,0,0,2023-09,100036
8890,7890,567,31,2,0.2636122433315311,36,26,9,0,0,2023-09,100037
46606,7298,693,42,6,0.4210615431764495,49,1,0,0,1,2023-09,100038
35740,3324,583,54,3,0.4433622141105049,21,21,3,0,0,2023-06,100039
19502,9968,706,9,6,0.5203628105879106,34,25,6,0,1,2023-06,100040
26777,5291,548,38,4,0.5239448755730369,42,19,1,0,0,2023-08,100041
15627,7422,531,27,7,0.8171272094745448,61,29,6,0,1,2023-05,100042
13792,3986,816,11,7,0.31312259486311983,45,18,4,0,0,2023-06,100043
48323,6118,669,38,4,0.32619249264340616,30,26,5,0,1,2023-08,100044
48021,3760,628,33,6,0.7012712413377873,43,2,5,0,1,2023-08,100045
13433,6693,601,29,5,0.6573937217539974,28,19,4,0,0,2023-08,100046
48001,4036,534,9,7,0.32320376438569,33,17,9,0,0,2023-09,100047
16016,3906,806,7,8,0.8818115414831353,43,18,6,0,1,2023-08,100048
28897,8499,698,18,4,0.46324753128096596,26,22,3,0,0,2023-07,100049
7612,3364,800,51,6,0.493573878835589,29,24,0,0,0,2023-06,100050
28483,6413,576,54,0,0.5363680646676708,52,4,8,0,0,2023-06,100051
22159,8340,820,16,7,0.45816149659114863,52,18,6,0,1,2023-06,100052
49974,9216,513,40,2,0.6459640418181012,65,5,8,0,1,2023-05,100053
45994,8744,848,44,0,0.5109181785265589,46,29,8,0,1,2023-06,100054
19541,4069,630,15,5,0.4075477807562301,27,12,6,0,0,2023-09,100055
40920,7369,737,48,7,0.9235798941686195,33,15,1,0,1,2023-08,100056
31531,5255,779,15,2,0.4466805921121238,26,15,1,0,0,2023-08,100057
6585,9048,564,13,0,0.7587911403750576,37,3,3,0,0,2023-09,100058
8943,8980,637,10,2,0.47778141628551696,45,21,8,0,0,2023-06,100059
28939,6686,768,28,4,0.5481759895019775,60,3,6,0,1,2023-07,100060
24457,7219,727,39,7,0.3887548187210653,34,11,8,0,1,2023-05,100061
6021,6081,700,52,8,0.8018636955098033,52,20,3,0,1,2023-09,100062
16653,8448,641,37,8,0.7897626011410026,30,21,8,0,1,2023-07,100063
48573,6258,599,21,3,0.21779195664648016,38,14,6,0,0,2023-05,100064
18417,9686,637,9,7,0.24815523224103347,61,7,7,0,0,2023-06,100065
45757,8787,667,59,4,0.9379011637959518,37,18,0,0,1,2023-09,100066
14692,5107,598,33,2,0.9110614777902806,41,6,8,0,0,2023-05,100067
11873,5933,810,53,4,0.6048697542228243,55,22,7,0,1,2023-09,100068
10675,5829,818,49,1,0.5946859132466692,37,6,0,0,0,2023-06,100069
5161,3441,826,19,5,0.849939339507034,37,23,7,0,0,2023-06,100070
42065,8336,565,17,0,0.3107601175079032,41,11,4,0,0,2023-06,100071
31557,8006,834,26,5,0.7229592970767673,44,3,2,0,1,2023-07,100072
38763,8121,828,53,4,0.5807863955898076,63,29,7,0,1,2023-07,100073
37606,4559,546,21,8,0.7946648234524984,50,21,2,0,1,2023-07,100074
16534,4741,836,59,6,0.22408223304959238,28,14,7,0,0,2023-07,100075
34127,9975,730,49,5,0.6741804397791509,69,12,4,0,1,2023-07,100076
45397,8830,807,7,6,0.6453825721724461,57,25,7,0,1,2023-06,100077
30851,3625,645,28,9,0.8726786636713484,38,14,2,0,1,2023-06,100078
6016,6863,706,34,4,0.7414690380440223,44,15,9,0,1,2023-07,100079
29253,4690,645,51,0,0.9041282867165101,34,25,5,0,0,2023-07,100080
29276,8093,651,48,8,0.9098186573140472,24,23,5,0,1,2023-05,100081
28247,5781,778,14,4,0.5265312007197742,30,9,3,0,0,2023-08,100082
29300,3090,639,59,3,0.3099473070014505,32,19,4,0,0,2023-08,100083
13529,9310,650,12,5,0.7042269246577504,53,12,6,0,1,2023-06,100084
22262,6006,520,34,4,0.8989968787268083,27,7,0,0,0,2023-07,100085
14268,7302,753,49,0,0.25996267535580864,44,17,7,0,0,2023-09,100086
26271,4088,563,22,1,0.6463386184677313,46,14,2,0,0,2023-05,100087
17185,9007,717,14,3,0.29199962132785917,30,29,6,0,0,2023-09,100088
26243,7611,571,11,7,0.22159679340416158,37,15,8,0,0,2023-07,100089
44099,4180,661,49,4,0.7437082831526669,29,14,1,0,0,2023-08,100090
13571,8888,629,25,6,0.7454796894977311,52,23,9,0,1,2023-08,100091
44976,9890,568,15,1,0.6805264359970896,55,19,9,0,1,2023-07,100092
43044,9449,724,14,7,0.8873782431214379,36,19,6,0,1,2023-05,100093
45774,4901,745,17,4,0.2647011518347827,68,14,0,0,0,2023-09,100094
7568,9101,567,38,3,0.2842082093590075,24,23,4,0,0,2023-08,100095
7027,7490,606,37,8,0.8916283503835578,42,8,6,0,1,2023-07,100096
7695,8193,608,39,5,0.6026213759090104,22,13,4,0,0,2023-07,100097
10258,3186,827,24,3,0.4184422470705898,58,4,4,0,0,2023-07,100098
27002,4597,602,38,7,0.79052558238823,56,12,5,0,1,2023-09,100099
44504,6408,640,53,2,0.9155229780835217,29,1,9,0,1,2023-05,100100
38159,6747,564,21,9,0.7516826289623697,46,5,9,0,1,2023-09,100101
18986,8687,633,55,1,0.8335460773427592,26,26,5,0,1,2023-05,100102
17666,5670,698,55,6,0.425997792156154,68,4,9,0,1,2023-08,100103
43660,7825,654,28,3,0.43102028752843397,48,16,1,0,0,2023-06,100104
8561,3239,578,31,3,0.891299104283706,68,25,9,0,0,2023-08,100105
31854,5580,749,50,9,0.6918902789241723,58,19,9,0,1,2023-05,100106
43952,7236,586,59,8,0.3873302013389892,25,20,8,0,1,2023-07,100107
27662,3138,803,49,1,0.6193294523697698,28,26,2,0,0,2023-09,100108
13392,5506,740,46,0,0.7486883771777995,27,19,0,0,0,2023-07,100109
35535,7165,587,42,6,0.3748392650006304,33,3,0,0,0,2023-05,100110
18067,7480,823,14,7,0.7239251265661888,57,16,8,0,1,2023-05,100111
28599,7725,671,35,2,0.23371587985421424,28,7,5,0,0,2023-08,100112
40222,5245,516,18,1,0.442953298403329,30,5,6,0,0,2023-05,100113
16837,7300,722,53,3,0.7391774493808918,30,21,1,0,0,2023-05,100114
19039,4749,793,47,1,0.31947925239192126,59,20,0,0,0,2023-07,100115
35818,3567,809,21,1,0.3777592245139991,54,26,1,0,0,2023-06,100116
24115,8077,718,51,4,0.9032746322867116,30,29,2,0,1,2023-06,100117
15965,7900,733,7,9,0.7394568795452867,55,24,2,0,1,2023-07,100118
29538,8806,747,36,4,0.5991349682053391,22,1,7,0,1,2023-06,100119
47530,3881,551,56,7,0.36871471370196185,64,11,3,0,1,2023-06,100120
10056,9131,514,48,8,0.4731277252658065,38,25,0,0,0,2023-07,100121
37482,8069,823,24,1,0.6594643986298874,27,27,1,0,1,2023-06,100122
13110,3639,611,16,0,0.32425007512373477,47,25,8,0,0,2023-05,100123
18773,8550,683,19,2,0.5853952639185511,20,27,1,0,0,2023-08,100124
32266,6961,506,52,5,0.527179515310418,59,21,8,0,1,2023-07,100125
22412,7420,550,30,4,0.5813498731420946,49,17,4,0,0,2023-06,100126
38270,7537,813,12,7,0.28444865702423955,60,28,3,0,1,2023-07,100127
11910,7899,740,20,7,0.2851976696360229,57,12,3,0,0,2023-09,100128
30446,5335,744,35,1,0.9712887621970572,30,18,2,0,0,2023-09,100129
5206,7321,685,36,8,0.9834941869798148,48,2,1,0,1,2023-07,100130
26518,8183,786,29,3,0.5409317263294546,50,22,7,0,1,2023-05,100131
27361,8062,591,30,0,0.83119636292067,29,10,5,0,0,2023-07,100132
28419,5985,605,13,1,0.7246331415384615,54,25,8,0,0,2023-05,100133
46523,3559,512,35,5,0.2935334836947112,59,19,1,0,0,2023-07,100134
27403,3713,645,41,4,0.43734292586775825,48,16,0,0,0,2023-09,100135
23141,7593,618,55,6,0.45092112691561637,56,8,7,0,1,2023-07,100136
19820,9992,702,19,8,0.6766195478873791,21,2,7,0,1,2023-07,100137
45342,6988,640,34,5,0.663981369851576,67,5,4,0,1,2023-05,100138
11374,9203,614,32,5,0.9388069549622045,20,28,1,0,1,2023-05,100139
6678,3256,651,58,1,0.8320290511810191,51,4,9,0,0,2023-09,100140
38827,3576,556,55,6,0.885478131682379,43,21,4,0,1,2023-06,100141
21198,9382,656,41,1,0.9129828908888076,21,4,7,0,1,2023-06,100142
14914,3037,809,39,6,0.8410213380439844,22,1,3,0,0,2023-07,100143
32890,5072,632,26,7,0.46630500884568615,28,15,1,0,0,2023-08,100144
27299,7505,662,43,0,0.37201037706760004,68,13,2,0,0,2023-06,100145
48585,3460,774,16,8,0.6574138704168375,43,17,2,0,1,2023-07,100146
48689,4440,682,38,7,0.7516546531626551,31,6,8,0,1,2023-06,100147
47557,9500,576,20,8,0.5092543751705327,53,24,2,0,1,2023-07,100148
49020,7478,824,17,4,0.8786709199716083,53,23,0,0,1,2023-05,100149
7693,4832,543,29,3,0.9684532742543868,42,20,6,0,0,2023-07,100150
34467,7664,705,55,0,0.6555165809098816,38,13,0,0,0,2023-05,100151
34723,8167,537,42,8,0.5652736497729747,51,21,5,0,1,2023-09,100152
8627,6399,817,16,3,0.8743096935540144,68,24,9,0,1,2023-08,100153
30939,3432,521,58,3,0.21941563759150934,47,22,3,0,0,2023-09,100154
47941,7151,572,24,3,0.30321009266739846,45,24,6,0,0,2023-07,100155
26834,9720,740,59,1,0.8765261272050142,68,22,6,0,1,2023-05,100156
23047,9411,653,6,3,0.7856228685183939,64,29,6,0,1,2023-07,100157
31105,9212,736,22,1,0.5329093585634608,31,24,5,0,1,2023-08,100158
15230,4751,504,45,7,0.911081486179524,62,12,6,0,1,2023-06,100159
20707,5047,720,21,6,0.4811666301163097,50,12,7,0,0,2023-07,100160
26976,7997,809,31,9,0.707076286293534,30,20,2,0,1,2023-05,100161
49262,8720,585,48,1,0.7074675762607328,59,10,4,0,1,2023-08,100162
28776,5840,676,56,1,0.347465514091389,69,2,9,0,0,2023-09,100163
35080,3256,758,48,1,0.42788138893124644,23,15,8,0,0,2023-06,100164
6306,3671,719,20,0,0.9328055381568687,37,19,7,0,0,2023-08,100165
11776,3489,537,13,5,0.3467318830347337,48,21,5,0,0,2023-05,100166
32251,9889,641,35,5,0.33885969747809963,66,4,8,0,1,2023-06,100167
14474,6714,734,19,0,0.5836923789870992,58,21,9,0,0,2023-07,100168
45294,5096,702,38,0,0.2737578945902728,66,14,4,0,0,2023-06,100169
26959,4682,828,47,5,0.9157009511874987,50,1,1,0,1,2023-08,100170
10530,7411,793,12,5,0.28011931064997686,47,1,8,0,0,2023-07,100171
34320,5460,671,23,3,0.6932459814726355,46,28,4,0,1,2023-05,100172
8748,7529,624,17,2,0.4718254851562545,49,18,7,0,0,2023-05,100173
36968,8121,825,7,8,0.8434183083768272,68,15,7,0,1,2023-05,100174
37562,6912,564,55,5,0.6718485966140308,61,11,3,0,1,2023-09,100175
18545,4975,780,34,0,0.5106449128635506,30,18,3,0,0,2023-08,100176
5663,6216,771,26,2,0.9870983876358486,33,29,0,0,0,2023-09,100177
39766,9075,743,12,0,0.25298479077242453,23,24,4,0,0,2023-07,100178
12994,4389,514,57,2,0.6622290425845414,55,10,8,0,0,2023-05,100179
33021,7515,725,32,1,0.991654649235236,20,4,4,0,1,2023-08,100180
35303,8692,630,17,4,0.7527621145704138,63,14,4,0,1,2023-07,100181
8304,6856,694,25,2,0.7918157053137544,58,22,5,0,0,2023-07,100182
44353,4584,792,19,6,0.22567291566358874,56,18,5,0,1,2023-06,100183
22675,7939,708,15,7,0.21709053047756993,52,1,7,0,0,2023-08,100184
49417,8563,612,46,6,0.22888808958575427,40,28,0,0,1,2023-08,100185
28938,5963,743,28,1,0.9933791217409857,43,7,4,0,0,2023-05,100186
28664,7529,665,35,9,0.9836158085926812,59,4,8,0,1,2023-09,100187
6636,9786,690,52,9,0.4676071406114095,69,4,2,0,1,2023-08,100188
25080,8674,756,36,6,0.43278545301266313,32,18,6,0,1,2023-07,100189
32728,9200,826,57,9,0.3167669964142754,68,9,6,0,1,2023-08,100190
31736,8059,717,15,2,0.46331223933180676,53,2,9,0,0,2023-05,100191
33673,3976,774,24,6,0.49611994443781626,57,5,2,0,0,2023-09,100192
42505,6364,551,24,0,0.798626253407227,48,6,6,0,0,2023-06,100193
5854,3045,657,49,1,0.8930348423357879,55,3,2,0,0,2023-06,100194
29548,4193,554,28,9,0.7973880957931105,59,27,5,0,1,2023-09,100195
43623,6342,513,49,0,0.7171800808764581,66,19,7,0,1,2023-06,100196
12392,7512,768,46,8,0.8127200624710385,24,22,7,0,1,2023-09,100197
26556,7943,839,37,1,0.7907979833214442,39,21,5,0,1,2023-06,100198
43559,9282,589,25,1,0.5805997549843158,48,5,1,0,0,2023-07,100199
31309,3246,526,9,5,0.4686811219690863,30,21,0,0,0,2023-06,100200
26919,6219,588,38,6,0.42622457350207965,27,9,2,0,0,2023-08,100201
9931,7325,540,53,1,0.7434843676102254,47,24,2,0,0,2023-05,100202
37970,3791,803,6,3,0.9674432995561801,68,20,6,0,1,2023-09,100203
49215,3636,767,18,2,0.6648437751485041,60,6,3,0,0,2023-06,100204
17688,6775,637,8,4,0.9300212019778129,37,5,1,0,0,2023-07,100205
30342,5421,505,17,8,0.21138349677835802,49,27,1,0,0,2023-05,100206
42157,7833,741,34,1,0.8355765173888046,33,6,6,0,1,2023-09,100207
7327,4088,661,36,4,0.8828821263680637,28,15,7,0,0,2023-09,100208
45772,7183,679,46,7,0.7047950703549566,29,11,4,0,1,2023-07,100209
45545,6159,796,41,5,0.9472487994893837,44,24,1,0,1,2023-09,100210
5197,3712,505,7,3,0.6719303943050396,46,22,2,0,0,2023-09,100211
28509,8845,770,27,9,0.39242952202139947,21,22,0,0,1,2023-07,100212
39698,8323,771,27,7,0.3725737835585554,22,18,9,0,1,2023-06,100213
49542,9032,655,46,2,0.6446690133541721,48,23,3,0,1,2023-07,100214
20087,8501,584,36,3,0.9251871443969688,56,28,6,0,1,2023-06,100215
27671,7696,699,57,8,0.2578943566040616,46,29,9,0,1,2023-07,100216
30184,8595,509,50,4,0.6835124097687288,23,28,8,0,1,2023-09,100217
32848,6644,637,19,5,0.8158427783856197,54,29,2,0,1,2023-06,100218
47107,6890,741,34,1,0.2923216556988553,46,19,3,0,0,2023-09,100219
25666,5586,700,40,8,0.2934157525696104,38,12,5,0,0,2023-09,100220
49357,7309,655,55,7,0.4929023973356705,29,12,0,0,1,2023-09,100221
20708,9217,774,14,6,0.4191049388397735,45,29,4,0,1,2023-07,100222
31370,5108,724,52,8,0.35865132711495185,26,29,9,0,1,2023-07,100223
7811,7793,567,59,4,0.3589553388890762,46,7,4,0,0,2023-09,100224
11546,6614,683,37,4,0.3045352259398687,49,16,9,0,0,2023-05,100225
39754,4242,694,32,8,0.688683210465562,31,12,8,0,1,2023-08,100226
35206,5059,541,15,4,0.7505004828672697,59,21,8,0,1,2023-07,100227
46106,9957,650,30,8,0.7623489815032356,24,4,0,0,1,2023-06,100228
16411,6486,583,54,0,0.6258831809108849,32,10,2,0,0,2023-08,100229
7911,9175,633,50,9,0.9623250157324534,60,28,3,0,1,2023-06,100230
6734,8279,808,38,9,0.9044262220720527,23,17,0,0,1,2023-09,100231
23227,8096,797,16,7,0.966104914133024,21,28,8,0,1,2023-08,100232
13680,7332,529,42,2,0.5110363825017423,56,15,1,0,0,2023-08,100233
24360,6810,508,14,7,0.9022265279640198,53,8,4,0,0,2023-07,100234
23343,8300,669,12,4,0.810299759525507,69,14,2,0,1,2023-06,100235
10759,6900,789,12,1,0.4719783224272105,25,18,3,0,0,2023-08,100236
28078,5605,667,39,8,0.28527460680337546,45,26,3,0,1,2023-08,100237
40153,8577,843,24,3,0.7460969999174463,30,8,1,0,1,2023-05,100238
16111,8199,644,25,6,0.3091618592975043,61,14,1,0,0,2023-06,100239
42504,7742,727,55,7,0.43502064560088965,20,23,7,0,1,2023-09,100240
6802,6034,805,47,6,0.6002916611550299,53,16,1,0,0,2023-08,100241
13155,9963,575,30,5,0.7439060281187786,40,19,9,0,1,2023-08,100242
13120,7568,722,10,6,0.9409821257578439,29,27,6,0,1,2023-06,100243
44384,7207,676,53,3,0.6745920358791972,24,7,0,0,1,2023-08,100244
26918,7051,688,34,9,0.7371304797376759,45,17,0,0,1,2023-08,100245
25445,6363,801,32,0,0.44801108012078245,63,5,9,0,0,2023-07,100246
35306,7021,545,30,4,0.7498340931428311,38,13,2,0,0,2023-05,100247
21646,4845,516,42,7,0.5502320965840597,40,18,2,0,0,2023-05,100248
36065,8750,565,20,9,0.8855449463070191,53,18,8,0,1,2023-07,100249
30199,3382,760,59,5,0.5139604111211795,48,19,1,0,0,2023-08,100250
46976,7112,622,53,4,0.5746176173252455,57,23,3,0,1,2023-05,100251
21371,7588,730,9,1,0.5460702055282063,34,18,2,0,0,2023-07,100252
16835,6810,624,19,9,0.848898267445908,59,20,6,0,1,2023-07,100253
7049,4896,611,54,4,0.9629593576095243,35,20,5,0,0,2023-05,100254
36616,4509,771,22,9,0.46182104078661923,37,17,8,0,1,2023-06,100255
43191,7212,580,26,2,0.5800223206096615,68,23,7,0,1,2023-08,100256
25932,4578,745,21,1,0.7647410133545887,20,4,1,0,0,2023-08,100257
34855,3879,846,31,2,0.9163052976277848,30,17,2,0,1,2023-08,100258
12158,5162,827,14,3,0.5949605574768166,55,19,0,0,0,2023-08,100259
48016,8914,714,7,1,0.28711480658138183,51,8,7,0,1,2023-07,100260
12400,4572,734,48,3,0.4949371068010573,47,20,1,0,0,2023-09,100261
47642,9957,581,20,3,0.6402895083520904,25,1,3,0,1,2023-09,100262
20151,4648,793,40,5,0.534019684772826,26,7,1,0,0,2023-08,100263
6154,7739,809,29,4,0.3492445814304561,59,8,1,0,0,2023-07,100264
9499,4359,575,53,6,0.229591596274574,43,5,2,0,0,2023-09,100265
11295,7431,514,58,6,0.749926932863916,29,9,9,0,1,2023-05,100266
17183,5969,719,56,2,0.994189752621714,49,7,4,0,1,2023-05,100267
34299,6960,729,59,8,0.9353653071172936,36,4,7,0,1,2023-09,100268
17874,6811,764,43,6,0.7466167286886509,63,25,9,0,1,2023-09,100269
37711,7242,763,19,6,0.8732238468131435,27,22,1,0,1,2023-09,100270
10539,7217,609,42,1,0.40458209477375456,31,27,4,0,0,2023-09,100271
47405,3080,806,42,9,0.6979475488627571,45,8,3,0,1,2023-07,100272
7557,5732,699,11,2,0.24848337231917236,36,2,2,0,0,2023-09,100273
43360,5709,725,23,2,0.7657471418499662,54,5,9,0,1,2023-06,100274
21482,5422,684,27,5,0.9758978712194148,65,3,5,0,1,2023-09,100275
7200,6641,530,23,3,0.8886378457742874,63,5,8,0,0,2023-07,100276
7961,9206,601,56,3,0.62755269981731,24,24,7,0,0,2023-05,100277
26357,7599,758,7,0,0.8309921754502214,64,29,1,0,0,2023-08,100278
16969,3667,598,37,5,0.9551190479585319,30,22,0,0,0,2023-06,100279
7869,5496,838,22,7,0.3728140623513723,35,1,7,0,0,2023-06,100280
33643,6499,798,6,7,0.8346068103819024,61,7,4,0,1,2023-05,100281
29736,6498,784,14,7,0.4158775663750827,49,10,1,0,0,2023-05,100282
43467,4444,765,18,4,0.9015579375517333,59,16,9,0,1,2023-08,100283
28328,4345,639,41,9,0.2786836045521164,25,1,0,0,0,2023-07,100284
30876,9823,801,42,5,0.3425747350958732,39,17,7,0,1,2023-09,100285
26295,4189,785,35,4,0.7764931707774414,39,4,7,0,1,2023-07,100286
8987,8716,849,36,3,0.3398220030905992,43,16,5,0,0,2023-09,100287
27399,9076,715,28,3,0.32644344152243554,46,9,4,0,0,2023-09,100288
38986,8768,531,55,3,0.6443735019190977,22,8,4,0,1,2023-05,100289
25880,9604,802,33,3,0.8679897901672566,43,26,5,0,1,2023-05,100290
9735,3458,587,15,5,0.41477394021970326,29,19,4,0,0,2023-06,100291
49064,4212,562,30,5,0.872910546164388,44,22,1,0,1,2023-09,100292
9555,7559,778,41,4,0.8463627172367798,47,17,6,0,1,2023-09,100293
46914,3911,573,31,8,0.6632843207674683,37,10,3,0,1,2023-06,100294
45818,9522,805,31,7,0.7172502029498162,61,17,6,0,1,2023-05,100295
24830,4025,623,50,9,0.23235294928952657,64,22,0,0,0,2023-09,100296
22429,5411,768,18,5,0.49370844664297064,33,21,5,0,0,2023-07,100297
11893,3071,784,22,8,0.41071594489468205,20,16,1,0,0,2023-05,100298
19373,8546,620,45,4,0.32000308858197796,39,22,2,0,0,2023-09,100299
8436,5685,845,9,9,0.5117274633255853,66,9,2,0,0,2023-09,100300
13754,4193,711,28,3,0.4839233570779463,44,28,9,0,0,2023-05,100301
15677,4848,647,40,5,0.7831133425037817,31,5,0,0,0,2023-06,100302
10895,5384,577,16,3,0.6784770723814026,67,2,4,0,0,2023-09,100303
24738,5022,513,17,7,0.9304800550416155,58,14,7,0,1,2023-07,100304
35746,9338,635,14,6,0.31632606644467115,65,17,7,0,1,2023-09,100305
37352,6741,803,20,4,0.2477988842588208,28,13,9,0,1,2023-09,100306
44790,8107,779,50,9,0.6276862299929029,28,13,6,0,1,2023-05,100307
46919,7748,578,42,5,0.20082171088862807,61,27,6,0,1,2023-08,100308
10600,4298,742,10,6,0.8301751545079725,60,13,7,0,0,2023-08,100309
34124,7102,692,24,1,0.6047783109480076,44,18,7,0,1,2023-05,100310
32643,3904,741,16,8,0.5904524608463149,49,24,4,0,1,2023-05,100311
45764,6026,550,14,6,0.4899967829793395,67,1,6,0,1,2023-07,100312
14007,5028,731,40,7,0.49997906891901006,59,22,1,0,0,2023-07,100313
42410,9709,758,55,4,0.5449069426005246,47,21,3,0,1,2023-07,100314
49080,7711,717,32,2,0.21282587554082416,21,26,5,0,1,2023-06,100315
45447,8969,705,18,1,0.26683662977296374,44,27,9,0,1,2023-07,100316
13208,5620,813,17,1,0.6040384160089897,37,25,2,0,0,2023-06,100317
23589,5646,810,14,2,0.3200978121758433,43,4,1,0,0,2023-09,100318
48484,7865,619,47,0,0.8230100866775987,37,21,0,0,1,2023-06,100319
22453,5289,579,33,0,0.41958813920362065,46,5,3,0,0,2023-09,100320
41212,8662,541,18,6,0.27831970987945925,63,11,1,0,0,2023-06,100321
48525,6872,520,25,9,0.38816794072275984,54,2,2,0,1,2023-07,100322
37635,4485,509,57,7,0.4856785841246305,53,27,9,0,1,2023-06,100323
38828,6151,812,18,5,0.2282532868759069,57,2,5,0,0,2023-09,100324
23711,4440,652,32,6,0.3133404195090632,25,25,9,0,0,2023-09,100325
8420,3765,811,31,0,0.45907740358201576,68,29,2,0,0,2023-09,100326
36216,7479,793,34,0,0.44838437904781125,35,28,2,0,0,2023-08,100327
5301,5438,585,34,8,0.8403093572478715,42,16,3,0,0,2023-06,100328
5699,7092,612,27,4,0.8746043802501224,47,3,2,0,0,2023-08,100329
5190,7783,688,14,6,0.35473487931484,32,6,5,0,0,2023-09,100330
15492,4149,611,29,5,0.29915190713027795,31,20,8,0,0,2023-08,100331
40743,6565,674,47,3,0.7073299874571346,30,4,7,0,1,2023-09,100332
11102,7142,809,24,0,0.8436988445563451,66,5,1,0,0,2023-06,100333
24778,4972,801,43,3,0.9709784777793053,68,21,2,0,1,2023-09,100334
31641,5666,503,36,9,0.20543702779721143,41,7,7,0,0,2023-08,100335
39584,3463,721,44,9,0.5309424907414436,50,7,2,0,1,2023-09,100336
37745,8968,720,20,7,0.7871902672755084,46,28,4,0,1,2023-08,100337
28093,7218,670,59,0,0.8628474390994836,46,17,8,0,1,2023-07,100338
5569,5181,817,37,1,0.24982875894647824,59,6,1,0,0,2023-08,100339
43210,4642,712,56,7,0.744491615571302,45,4,8,0,1,2023-09,100340
39663,6888,752,51,1,0.43115097391917606,26,2,9,0,1,2023-07,100341
41631,3840,623,53,9,0.25967756746650034,30,6,4,0,0,2023-09,100342
12455,8681,627,51,8,0.5912820654037338,41,7,8,0,1,2023-05,100343
9014,9992,712,34,2,0.3265226745633168,59,2,3,0,0,2023-05,100344
16093,5654,611,57,2,0.7896060144493477,38,18,7,0,0,2023-07,100345
23070,8899,584,39,5,0.7930094397595628,57,10,7,0,1,2023-09,100346
40777,7118,503,14,2,0.8736542119900077,39,27,2,0,0,2023-06,100347
21538,3565,564,40,8,0.5020549481182017,38,7,4,0,0,2023-08,100348
15729,9005,817,11,7,0.2106478377845149,38,9,9,0,1,2023-07,100349
39177,9909,845,42,3,0.4077887506995838,55,19,0,0,1,2023-06,100350
5784,3964,619,19,5,0.5742493596202216,66,19,5,0,0,2023-06,100351
32751,5282,742,52,7,0.7552090235328404,46,24,8,0,1,2023-05,100352
45864,3995,636,55,3,0.5056324685493931,36,2,0,0,0,2023-07,100353
45328,4187,746,54,4,0.6288387168537104,37,25,1,0,1,2023-07,100354
17533,8890,544,14,6,0.6194108699645735,39,23,6,0,0,2023-06,100355
45111,7921,645,24,7,0.33198587948665326,63,24,5,0,1,2023-09,100356
44974,7311,675,28,6,0.6984396000640102,61,25,9,0,1,2023-09,100357
10801,6254,541,46,7,0.5514013825643183,60,12,2,0,0,2023-07,100358
24190,3656,796,33,3,0.8463349613219944,27,19,1,0,0,2023-07,100359
43754,5982,588,21,0,0.75248896650312,59,6,6,0,0,2023-05,100360
34592,4113,717,31,5,0.28917534895804375,30,24,9,0,0,2023-08,100361
15647,9083,727,43,4,0.5910067280292548,49,1,9,0,1,2023-09,100362
13716,7406,797,45,3,0.76199548679535,31,15,4,0,1,2023-09,100363
28355,3556,790,30,1,0.26960938064587414,42,29,5,0,0,2023-05,100364
27009,6019,566,40,0,0.8339976260453053,25,22,8,0,0,2023-05,100365
29376,5304,750,59,8,0.37760361171551954,54,19,6,0,1,2023-09,100366
9780,5580,540,10,1,0.6024678363789517,34,14,3,0,0,2023-05,100367
7368,8652,598,12,8,0.952449029978109,57,24,8,0,1,2023-07,100368
17039,3051,805,28,5,0.6570673878578273,47,25,2,0,0,2023-05,100369
11655,4361,841,30,5,0.5392435613631579,26,13,3,0,0,2023-09,100370
45941,4194,578,6,1,0.20543594191931414,25,29,9,0,0,2023-05,100371
9495,7019,800,27,5,0.30673089821926247,46,5,2,0,0,2023-08,100372
15893,6138,698,58,2,0.6629311080783902,21,2,9,0,0,2023-05,100373
30547,4648,646,9,6,0.5950600325229907,25,15,2,0,0,2023-05,100374
27386,9443,605,33,9,0.49106334051746514,51,16,0,0,1,2023-07,100375
18403,3671,692,53,3,0.9385727083152939,48,7,4,0,0,2023-05,100376
37097,3777,621,19,8,0.46598602994075267,53,28,3,0,0,2023-05,100377
18121,7927,576,38,4,0.6297206051552853,20,22,8,0,0,2023-05,100378
15966,5279,811,9,9,0.6549707276193041,34,6,3,0,0,2023-05,100379
38621,6022,611,47,2,0.6219747120511381,29,28,2,0,0,2023-09,100380
33312,4860,848,16,0,0.5820683132320794,29,17,5,0,0,2023-07,100381
27677,6139,796,44,0,0.4696509888095265,29,1,9,0,0,2023-09,100382
36289,8625,669,37,3,0.9270109064316956,56,6,4,0,1,2023-06,100383
36024,9171,505,9,9,0.5606426094073158,51,6,3,0,1,2023-05,100384
47675,9068,696,6,9,0.6227590938768606,55,4,0,0,1,2023-08,100385
9777,4074,597,31,3,0.7251823870641938,44,8,2,0,0,2023-05,100386
34749,4716,828,38,8,0.2541248339452278,34,29,3,0,1,2023-07,100387
20338,4283,729,22,7,0.8250305131705962,28,9,9,0,1,2023-05,100388
7491,7686,667,32,3,0.6100058480688284,35,22,7,0,0,2023-08,100389
32236,9928,796,47,5,0.7257415486759735,60,10,8,0,1,2023-09,100390
19599,9763,764,10,6,0.8176096523309531,38,24,7,0,1,2023-09,100391
24508,4986,507,12,9,0.8992795126113717,65,8,8,0,1,2023-07,100392
8051,5633,671,30,7,0.5137763335623449,63,2,9,0,0,2023-07,100393
26606,4001,694,13,3,0.8491439141458041,31,20,0,0,0,2023-05,100394
26699,9327,768,39,0,0.4070695164527214,54,17,0,0,0,2023-08,100395
5876,4046,518,46,4,0.7282685207658932,62,1,2,0,0,2023-09,100396
37093,5176,548,9,0,0.2821658405437115,24,14,3,0,0,2023-07,100397
9142,5338,837,17,3,0.2160243739392602,57,22,1,0,0,2023-08,100398
20202,4855,657,36,6,0.2766105008901118,25,23,9,0,0,2023-08,100399
44734,3500,565,16,6,0.45550598924998065,33,5,6,0,0,2023-08,100400
12079,5233,846,42,0,0.22487569105973143,67,24,8,0,0,2023-08,100401
12987,7574,558,49,8,0.7043930177498101,31,9,5,0,1,2023-06,100402
44567,8690,808,58,1,0.45323563070581185,69,20,3,0,1,2023-08,100403
33940,5539,807,41,4,0.7891008541714384,41,17,5,0,1,2023-05,100404
42233,7608,836,50,5,0.23673210901568453,64,6,0,0,1,2023-08,100405
22019,6714,658,27,0,0.37336125323799857,60,1,5,0,0,2023-05,100406
23077,9610,770,6,1,0.5264027402637589,69,18,3,0,0,2023-09,100407
31258,5332,620,55,6,0.506121249835237,23,28,2,0,0,2023-09,100408
26136,3600,753,9,5,0.3047989382690724,62,11,5,0,0,2023-08,100409
13311,8536,760,41,5,0.9953094508653257,37,4,8,0,1,2023-05,100410
22214,8219,634,13,5,0.42755166466706873,50,20,7,0,0,2023-09,100411
19098,7284,773,30,6,0.7768256677211705,54,6,7,0,1,2023-09,100412
33251,3988,555,33,9,0.37602135776937456,23,8,8,0,0,2023-08,100413
42945,4881,830,57,8,0.9022809685808673,28,19,5,0,1,2023-09,100414
30945,7483,595,43,8,0.510206648119754,64,15,7,0,1,2023-05,100415
30316,9384,613,41,1,0.9207219911912836,34,22,6,0,1,2023-08,100416
37217,8901,527,41,1,0.4734679357071769,61,19,0,0,0,2023-07,100417
13308,9129,805,48,4,0.20691505719753078,40,2,5,0,0,2023-05,100418
10949,4754,501,46,9,0.6136163448627692,51,29,3,0,0,2023-08,100419
6150,5464,711,51,6,0.6198303489208772,28,28,2,0,0,2023-08,100420
28944,5223,567,9,2,0.2958673462309085,67,4,2,0,0,2023-05,100421
39699,7482,627,18,2,0.38797085873543397,51,4,9,0,0,2023-08,100422
14204,4494,832,43,3,0.8267964727850796,35,12,7,0,1,2023-05,100423
6081,3852,523,50,2,0.2294046597029274,64,18,0,0,0,2023-07,100424
34305,9806,752,30,2,0.5916213493493445,24,12,6,0,1,2023-08,100425
21896,3451,729,8,7,0.6243264987308503,61,27,9,0,1,2023-05,100426
12805,5324,675,37,6,0.7509696485408992,50,19,3,0,0,2023-07,100427
10237,4758,720,44,6,0.22996501392010815,44,25,0,0,0,2023-07,100428
25056,7308,535,6,9,0.6685170616723712,20,26,1,0,0,2023-08,100429
8343,6353,501,16,1,0.20247842926254656,22,25,6,0,0,2023-07,100430
18500,7136,773,7,8,0.41214269383135255,40,28,9,0,1,2023-06,100431
34375,8241,676,10,5,0.599747404253185,47,15,0,0,0,2023-06,100432
14662,9437,763,27,2,0.9290250699404938,22,10,5,0,1,2023-09,100433
21964,7695,685,51,8,0.30127185280442836,61,7,3,0,1,2023-05,100434
13130,6338,514,18,8,0.33543130320262005,51,2,2,0,0,2023-05,100435
24531,9120,778,53,5,0.7354000515070622,51,13,6,0,1,2023-05,100436
6679,5588,693,28,9,0.4998893550579191,68,16,8,0,1,2023-05,100437
8506,9126,697,52,5,0.6987371215382974,49,21,4,0,1,2023-05,100438
18284,4782,848,36,7,0.9979633337074139,69,8,5,0,1,2023-05,100439
12253,8947,804,40,7,0.9894973290790834,32,1,6,0,1,2023-05,100440
24128,9594,563,43,5,0.48297086359553715,53,17,9,0,1,2023-06,100441
32932,6520,789,46,6,0.6031402830598661,67,27,5,0,1,2023-05,100442
14435,4779,517,40,3,0.9237521269035147,23,15,5,0,0,2023-05,100443
49078,6132,563,50,0,0.2737341299268461,37,27,2,0,0,2023-07,100444
18296,6573,829,18,3,0.5618431230694776,51,22,2,0,0,2023-08,100445
35445,6218,750,59,7,0.5020618786531672,33,23,4,0,1,2023-08,100446
18245,6757,516,12,7,0.4359062181287978,51,14,6,0,0,2023-07,100447
34124,7016,640,10,1,0.9953633695378785,25,7,5,0,0,2023-07,100448
34899,5837,807,34,6,0.7868394351779024,62,19,1,0,1,2023-08,100449
48919,5381,819,13,0,0.5109975939143376,36,10,2,0,0,2023-09,100450
48225,9000,744,13,1,0.8632175133323354,27,20,4,0,1,2023-08,100451
40247,9187,789,59,7,0.5917328805696456,54,25,6,0,1,2023-05,100452
34222,7239,586,12,9,0.898259529894287,43,11,5,0,1,2023-07,100453
31211,6936,698,24,3,0.41310387650446273,22,26,9,0,1,2023-07,100454
42220,7428,660,44,2,0.37888018190965234,36,29,2,0,0,2023-07,100455
31646,8093,639,28,1,0.3978293449979581,55,20,6,0,0,2023-07,100456
43649,4419,575,41,5,0.6307844609000419,59,21,4,0,1,2023-08,100457
28049,7150,518,47,3,0.43305071292410774,36,22,9,0,0,2023-05,100458
19069,4330,829,37,2,0.3176957473171073,49,23,3,0,0,2023-07,100459
37580,5917,549,50,2,0.9957023348045857,44,5,5,0,1,2023-09,100460
36843,4446,731,9,9,0.920346581953128,41,7,1,0,1,2023-07,100461
7849,4440,794,35,2,0.7080099499944639,56,12,6,0,0,2023-05,100462
45158,6744,511,56,7,0.9132342991391569,30,2,1,0,1,2023-08,100463
28289,5844,834,47,8,0.9483701900062551,31,7,6,0,1,2023-09,100464
49690,9468,514,44,8,0.7408866334926685,40,21,7,0,1,2023-09,100465
40257,8829,527,10,4,0.6149438229530466,34,26,1,0,0,2023-06,100466
14823,8790,791,8,0,0.9056014337717417,31,5,7,0,0,2023-07,100467
46975,7175,820,27,9,0.6542375975303276,41,27,6,0,1,2023-07,100468
14540,8080,749,33,4,0.3014404342830992,58,22,2,0,0,2023-08,100469
21364,9701,597,27,0,0.4934848003660046,54,12,6,0,0,2023-08,100470
9611,3864,802,27,8,0.5567367613883016,61,25,0,0,0,2023-05,100471
32663,9860,836,39,9,0.9482952129084765,35,4,1,0,1,2023-09,100472
43646,8683,538,34,7,0.7273483778446579,52,21,4,0,1,2023-09,100473
35977,3471,537,48,6,0.9002220502367126,62,21,8,0,1,2023-07,100474
34168,9217,799,47,1,0.806073360671949,68,19,0,0,1,2023-05,100475
30471,8672,678,18,1,0.4478887092181464,33,3,4,0,0,2023-08,100476
27687,4502,596,12,3,0.7749671944513465,37,28,5,0,0,2023-06,100477
5851,7684,781,15,8,0.3562397887390997,63,17,2,0,0,2023-08,100478
23071,4410,737,33,8,0.5265166493739741,35,4,4,0,0,2023-06,100479
11833,6770,663,9,7,0.8448734857247457,59,9,1,0,0,2023-06,100480
16938,4905,596,37,4,0.6895433295321827,22,2,7,0,0,2023-09,100481
40195,7659,756,27,6,0.8603300047620921,62,29,2,0,1,2023-08,100482
31144,7001,808,25,8,0.40376286588004107,45,10,4,0,1,2023-05,100483
9000,6504,761,53,2,0.7997990659418359,34,20,0,0,0,2023-08,100484
10052,6483,792,25,3,0.3618594891534692,55,25,4,0,0,2023-08,100485
40506,7562,757,11,1,0.6362433379184058,46,9,0,0,0,2023-06,100486
33074,3598,748,14,8,0.5468276755635451,67,8,8,0,1,2023-09,100487
43155,8740,744,33,6,0.6451806862166456,36,18,1,0,1,2023-06,100488
45770,3991,750,18,5,0.30842673922261804,33,11,5,0,0,2023-09,100489
37320,4932,622,36,4,0.4889823004104094,21,19,8,0,0,2023-06,100490
43304,5784,824,44,6,0.7335230646929389,46,22,2,0,1,2023-08,100491
8913,6041,668,55,2,0.6468246352648219,66,18,5,0,0,2023-07,100492
22450,9391,674,19,4,0.6391758071294558,43,19,0,0,0,2023-09,100493
29107,8700,768,27,1,0.6086640897050035,59,17,6,0,1,2023-07,100494
25764,3066,703,42,4,0.9551079280311028,64,20,1,0,1,2023-05,100495
48404,9716,824,59,6,0.9476557583517875,54,27,4,0,1,2023-09,100496
25491,6398,565,50,9,0.48811597823863545,23,22,4,0,1,2023-05,100497
43494,5750,814,29,6,0.4815160092673638,45,17,0,0,1,2023-09,100498
8373,3469,823,13,8,0.6439187652584489,55,15,6,0,0,2023-05,100499
17161,9636,558,20,2,0.27648502731136626,23,28,3,0,0,2023-07,100500
36996,4724,718,56,7,0.44240536061401275,53,16,3,0,1,2023-08,100501
32122,9806,765,46,4,0.3846940526409382,32,17,6,0,1,2023-06,100502
39850,9429,640,11,6,0.3787117346691428,59,8,9,0,1,2023-09,100503
32350,6985,735,28,0,0.7108044207162143,60,23,0,0,0,2023-07,100504
32472,4631,717,30,0,0.5074802674753195,20,7,5,0,0,2023-06,100505
33761,9455,514,36,3,0.33693149980664505,20,23,0,0,0,2023-06,100506
30351,9452,801,51,4,0.9100574759902076,28,21,5,0,1,2023-05,100507
28132,3774,637,34,9,0.8993189503502355,30,4,9,0,1,2023-08,100508
20305,6012,731,28,2,0.8899703388257882,35,29,1,0,0,2023-06,100509
14817,8232,588,15,5,0.5125959538062342,48,7,9,0,0,2023-06,100510
16261,9107,576,14,2,0.24558596280836192,55,11,0,0,0,2023-09,100511
5417,5503,635,54,4,0.2853936143155489,34,3,7,0,0,2023-06,100512
46576,4486,609,18,0,0.4208384638170394,58,25,6,0,0,2023-09,100513
25358,7019,800,37,2,0.3759760032869237,21,2,1,0,0,2023-09,100514
8267,7227,590,54,6,0.8991884961190684,29,1,1,0,0,2023-09,100515
22209,3929,689,56,2,0.9890865443114076,68,24,4,0,1,2023-05,100516
29052,6012,572,50,4,0.8533389298654419,30,6,3,0,0,2023-09,100517
43513,8024,672,46,6,0.7838791221993509,49,14,3,0,1,2023-06,100518
31092,9264,534,6,1,0.6708993119418514,42,29,8,0,0,2023-06,100519
16338,8316,709,6,2,0.8159266393438982,41,4,0,0,0,2023-09,100520
5412,4505,797,42,3,0.9576266497539128,61,16,9,0,1,2023-07,100521
12543,7729,632,45,4,0.6810757359256648,55,10,8,0,1,2023-08,100522
45355,5944,782,23,8,0.3236905952158671,48,25,2,0,1,2023-06,100523
38496,5819,697,41,8,0.33108665381497576,64,5,7,0,1,2023-06,100524
28548,8158,531,36,3,0.667090242502869,51,29,4,0,1,2023-07,100525
32384,9709,635,59,8,0.4667748318278463,52,11,9,0,1,2023-09,100526
49425,9655,747,6,3,0.9281979001959755,58,1,2,0,1,2023-06,100527
43756,4184,840,52,1,0.689313867068778,28,17,8,0,1,2023-06,100528
23888,3288,645,57,9,0.7411940907386882,20,14,8,0,1,2023-05,100529
40735,9343,833,41,0,0.20465656808072208,37,7,7,0,1,2023-06,100530
22506,4811,642,14,6,0.5990788416500985,69,14,2,0,0,2023-06,100531
25463,3527,733,27,3,0.5449317771111294,67,29,2,0,0,2023-05,100532
22955,3916,543,33,7,0.7646974854140265,41,1,9,0,0,2023-07,100533
42841,4708,531,31,7,0.5061109282666926,67,6,9,0,1,2023-05,100534
10104,6574,730,57,7,0.9812600255097299,56,7,2,0,1,2023-07,100535
39911,6319,527,15,5,0.7361625452451215,33,11,5,0,0,2023-05,100536
28190,4406,659,52,8,0.7279346665140716,41,10,1,0,1,2023-09,100537
12357,4241,832,8,3,0.9354729158063861,52,21,8,0,1,2023-06,100538
37479,8206,706,7,4,0.9961638671186765,25,3,1,0,1,2023-05,100539
49811,6133,517,59,3,0.35825655140969065,46,19,9,0,1,2023-09,100540
41208,3798,602,42,4,0.8484265145717824,25,28,7,0,1,2023-07,100541
25150,4523,569,36,1,0.329855596257622,63,2,9,0,0,2023-09,100542
10644,7107,618,38,4,0.565634762443368,69,27,3,0,0,2023-06,100543
48286,7928,638,37,9,0.2801483234659761,60,12,3,0,1,2023-07,100544
7914,5888,659,48,7,0.6986967827737318,35,12,4,0,0,2023-07,100545
26352,5690,731,17,8,0.57481453072406,66,1,0,0,0,2023-07,100546
49912,7091,647,8,6,0.7029591586605721,21,14,3,0,1,2023-07,100547
19397,4241,742,53,6,0.7423686020923304,56,11,5,0,1,2023-07,100548
46555,8768,534,31,5,0.6955458000249904,48,8,9,0,1,2023-08,100549
5728,9249,824,19,1,0.43522329808589855,42,29,1,0,0,2023-07,100550
5698,3690,738,17,9,0.869567325794935,40,9,2,0,0,2023-08,100551
44954,3527,833,57,9,0.6413489595000993,32,18,3,0,1,2023-08,100552
18923,4495,648,31,8,0.5918809385734425,20,13,2,0,0,2023-08,100553
21779,6825,610,21,4,0.9896510433878996,48,29,8,0,1,2023-07,100554
12400,5893,516,58,5,0.4268063253651815,67,4,5,0,0,2023-05,100555
29466,3892,725,13,0,0.6224242439161385,26,16,4,0,0,2023-08,100556
41939,3386,639,54,4,0.7458596628863932,50,3,4,0,1,2023-09,100557
9360,4249,643,54,5,0.30018074634658687,64,4,1,0,0,2023-08,100558
40270,5528,759,33,9,0.4833917793172283,41,4,8,0,1,2023-07,100559
22101,8873,716,12,1,0.841350972797861,35,8,1,0,0,2023-07,100560
37307,7503,661,20,6,0.389406587679864,47,11,4,0,1,2023-08,100561
10486,6528,591,46,3,0.5946322919228854,63,3,6,0,0,2023-09,100562
13335,8772,673,41,4,0.7045044847863768,58,19,2,0,1,2023-05,100563
26364,3897,830,13,2,0.7369298826460802,44,28,7,0,1,2023-05,100564
42259,3710,704,15,4,0.7826483536382607,33,6,4,0,0,2023-09,100565
28576,6695,652,20,3,0.8927818536343555,69,27,9,0,1,2023-07,100566
36667,5686,602,23,9,0.5142875544269101,40,3,2,0,0,2023-08,100567
16130,8778,701,51,5,0.7653055407710849,38,21,2,0,1,2023-08,100568
26972,9958,779,42,1,0.7857397182162014,32,4,2,0,1,2023-08,100569
45419,8013,564,46,2,0.4402193041015922,21,27,2,0,0,2023-08,100570
6167,9346,616,50,9,0.974526360169313,55,4,3,0,1,2023-07,100571
32192,7512,652,56,0,0.8921753388176497,33,2,9,0,1,2023-07,100572
6062,3415,655,48,6,0.43188906295965124,53,16,0,0,0,2023-08,100573
23540,4471,663,49,8,0.74005494134959,37,25,2,0,1,2023-09,100574
29244,8631,581,40,1,0.7742405075674352,43,5,9,0,1,2023-05,100575
26545,7180,505,7,6,0.5451869090203034,49,15,9,0,0,2023-06,100576
26689,7262,821,27,2,0.8909946287527732,38,5,4,0,1,2023-06,100577
16174,5431,566,20,4,0.7521834828072318,55,23,7,0,0,2023-08,100578
27925,5515,737,42,5,0.7265237481221745,40,12,7,0,1,2023-06,100579
42497,4095,571,44,7,0.37667229782777456,38,19,8,0,1,2023-06,100580
14348,3809,594,41,3,0.526273849079666,45,15,8,0,0,2023-05,100581
28714,6044,803,10,1,0.5471379913058799,54,28,5,0,0,2023-09,100582
43102,8640,825,53,2,0.7869288772632166,59,6,9,0,1,2023-07,100583
13924,8912,577,20,7,0.694715636206042,23,1,6,0,0,2023-06,100584
42098,9616,566,32,6,0.2686884725010137,40,5,3,0,1,2023-07,100585
29394,3992,675,21,5,0.44615836150979205,22,21,2,0,0,2023-05,100586
11801,4281,820,41,4,0.5784380035692365,24,25,2,0,0,2023-06,100587
42614,7370,671,43,4,0.7893863566855945,62,28,1,0,1,2023-08,100588
11731,4773,754,23,0,0.7948553040637394,48,21,7,0,0,2023-08,100589
28625,6561,562,40,5,0.5924346468573094,38,24,6,0,1,2023-08,100590
22337,6816,801,30,8,0.2935459058085421,36,19,7,0,1,2023-07,100591
40307,9633,745,27,7,0.43432272269827127,53,28,5,0,1,2023-06,100592
12056,4756,691,36,9,0.4037539057976554,39,11,9,0,0,2023-09,100593
16516,5373,828,42,0,0.8248211282465929,47,22,9,0,1,2023-05,100594
49261,5576,570,39,5,0.34398905120452283,28,14,4,0,0,2023-08,100595
6542,3891,728,28,2,0.5719369779161538,22,14,0,0,0,2023-09,100596
26677,7184,562,21,5,0.7365750428115121,29,2,7,0,0,2023-06,100597
44081,9629,796,11,8,0.9718289223600296,40,25,1,0,1,2023-05,100598
32569,3707,744,20,5,0.999392464179552,60,22,0,0,1,2023-07,100599
28322,5397,506,23,7,0.9623377148443513,23,5,8,0,0,2023-06,100600
24065,7482,759,43,5,0.7745938762028282,41,9,7,0,1,2023-09,100601
22924,5134,588,18,5,0.7971526664176734,26,17,8,0,0,2023-06,100602
27556,5354,676,29,6,0.8073680780872139,31,19,4,0,1,2023-06,100603
31962,8969,703,18,9,0.8900839012370321,30,15,2,0,1,2023-09,100604
33295,8273,633,6,3,0.9614283702817665,41,29,7,0,1,2023-06,100605
18807,7535,581,53,7,0.556564915616262,48,2,3,0,0,2023-09,100606
47348,9883,520,41,3,0.5332087024337016,46,9,0,0,1,2023-06,100607
31432,9407,627,54,6,0.5683715699029046,66,11,8,0,1,2023-09,100608
22749,3976,694,23,0,0.7278537371652753,39,22,3,0,0,2023-06,100609
46459,3734,693,53,8,0.8203563170222117,33,27,1,0,1,2023-06,100610
31256,5468,683,38,9,0.8964355127210635,26,6,9,0,1,2023-07,100611
45262,5540,746,43,8,0.5649686034260846,34,15,2,0,1,2023-06,100612
42080,3632,823,48,6,0.4906981009441036,65,21,5,0,1,2023-06,100613
6324,8088,659,11,7,0.9866820917617811,47,20,8,0,1,2023-06,100614
30731,9554,693,22,1,0.385510096805781,62,4,5,0,0,2023-08,100615
40909,7268,609,9,9,0.37760386820198183,29,15,3,0,1,2023-09,100616
28803,7099,565,19,9,0.7723259638611966,22,18,0,0,0,2023-09,100617
24870,5901,753,35,6,0.34372583648211386,31,7,1,0,0,2023-08,100618
39578,4663,782,51,0,0.519527199796898,32,16,6,0,0,2023-05,100619
11588,5015,559,25,2,0.43390945785140156,58,22,2,0,0,2023-07,100620
43069,8591,617,13,5,0.3349683654055589,63,3,1,0,0,2023-05,100621
31790,6181,543,59,4,0.6637657912783148,53,12,5,0,1,2023-05,100622
30289,8156,709,7,4,0.4988091926037031,20,7,3,0,0,2023-08,100623
33178,7063,535,42,8,0.5697873382787568,57,9,0,0,1,2023-08,100624
33710,5630,518,9,5,0.35669040386041284,44,10,8,0,0,2023-09,100625
20485,6872,590,15,2,0.8142934421374053,38,1,8,0,0,2023-09,100626
49482,4054,800,25,1,0.4517696667605966,44,12,4,0,0,2023-07,100627
25652,3380,711,58,8,0.4741745432215191,25,27,7,0,1,2023-09,100628
9748,8387,721,40,9,0.40172316968009014,64,28,5,0,1,2023-07,100629
26233,6082,716,53,3,0.5475228576952271,23,26,6,0,1,2023-09,100630
14435,5391,722,15,4,0.5708613017909376,45,24,5,0,0,2023-05,100631
8709,4592,597,33,8,0.6237335330636121,45,18,6,0,0,2023-05,100632
35355,7261,518,20,4,0.9740546255855518,45,1,2,0,0,2023-07,100633
18116,5747,796,41,6,0.9237534464365629,33,25,2,0,1,2023-05,100634
30470,5389,525,6,1,0.6875141047896429,51,18,9,0,0,2023-05,100635
47344,6553,527,27,1,0.231122774210478,67,23,2,0,0,2023-05,100636
47918,8138,563,32,3,0.6898082727013877,47,7,9,0,1,2023-08,100637
44298,8747,823,34,7,0.27173488541129304,21,17,5,0,1,2023-09,100638
47956,6027,722,20,1,0.768275390814998,60,13,0,0,1,2023-06,100639
19683,4207,579,15,9,0.5120621172647445,64,10,8,0,0,2023-09,100640
5504,6853,550,25,6,0.8701571932548149,40,14,8,0,0,2023-09,100641
38982,3544,601,27,0,0.9540233962121045,65,1,3,0,0,2023-06,100642
39299,6081,675,55,8,0.5336882731724872,33,23,1,0,1,2023-07,100643
33016,6663,509,53,9,0.568444236378997,56,6,6,0,1,2023-09,100644
28960,5239,736,58,5,0.6721180648102802,21,4,6,0,1,2023-09,100645
38591,5367,599,14,0,0.35770617748644046,24,19,5,0,0,2023-06,100646
22312,6773,727,56,9,0.9418662726626892,57,15,7,0,1,2023-06,100647
42797,5627,563,37,5,0.5463999412010981,21,21,2,0,0,2023-09,100648
7105,9618,518,22,4,0.33345626873280587,20,21,1,0,0,2023-07,100649
41395,6931,831,47,4,0.8101854667351072,67,27,9,0,1,2023-05,100650
27700,9780,817,24,4,0.3753210979551882,41,19,0,0,1,2023-06,100651
39620,5474,640,45,3,0.314823420057484,60,22,2,0,0,2023-08,100652
42678,6130,524,32,6,0.6502976603952058,44,12,7,0,1,2023-05,100653
25559,6507,727,56,8,0.7371962042332727,65,14,7,0,1,2023-08,100654
32509,3096,588,42,3,0.6556501925319331,49,3,6,0,0,2023-08,100655
32860,9639,591,39,1,0.7252085191578905,28,29,1,0,1,2023-06,100656
16003,6858,541,52,1,0.29241920984619557,56,4,2,0,0,2023-06,100657
26732,5708,794,54,1,0.580814430307286,66,3,6,0,1,2023-09,100658
30826,8397,580,15,6,0.485614915270833,29,28,7,0,1,2023-08,100659
35354,6336,606,35,3,0.9786948929920976,34,12,8,0,1,2023-08,100660
18843,9152,610,26,3,0.23969914734357395,68,22,5,0,0,2023-07,100661
49472,3456,776,26,0,0.43863536244793844,22,9,9,0,0,2023-06,100662
11190,8914,713,59,3,0.9534897552733776,27,19,2,0,1,2023-07,100663
22640,7368,730,39,5,0.9867969465474637,44,16,8,0,1,2023-08,100664
43413,5987,805,14,1,0.8599212861817069,55,1,4,0,1,2023-05,100665
47356,7088,620,39,3,0.2607985952131275,62,14,3,0,0,2023-05,100666
49597,6884,633,55,6,0.6490840226748322,65,13,8,0,1,2023-07,100667
45821,4031,805,17,8,0.5200983941363737,69,23,9,0,1,2023-07,100668
8330,3207,707,52,1,0.8451620541563214,40,12,1,0,0,2023-09,100669
24087,4937,756,26,7,0.24401938845706664,53,5,9,0,0,2023-05,100670
46430,8756,684,25,5,0.3577030013157617,46,20,3,0,1,2023-06,100671
29504,4146,785,11,7,0.5913560529781036,28,3,5,0,0,2023-09,100672
12114,8152,679,55,1,0.32611813035826154,29,23,5,0,0,2023-08,100673
18323,8632,547,50,0,0.7541721141554387,46,2,9,0,0,2023-07,100674
39121,7299,586,41,6,0.8566137769118387,44,11,4,0,1,2023-08,100675
15975,9661,518,17,8,0.7636159149021149,32,20,9,0,1,2023-05,100676
16023,8928,545,46,8,0.5522269709119858,23,2,6,0,0,2023-09,100677
26447,5564,555,36,1,0.902710133002117,35,16,4,0,0,2023-05,100678
29933,3442,728,7,3,0.3101489053759534,31,26,5,0,0,2023-05,100679
28959,7784,644,21,0,0.4082708671192071,44,8,0,0,0,2023-06,100680
5667,9993,591,6,6,0.5916317482018427,67,3,7,0,0,2023-08,100681
34703,3832,581,9,1,0.2490708791034016,68,21,4,0,0,2023-06,100682
14337,9482,724,52,3,0.27654862525323787,35,27,4,0,0,2023-05,100683
41487,4461,578,57,1,0.5179546973778977,58,4,9,0,0,2023-05,100684
24129,6516,649,6,0,0.9551090373876432,21,21,5,0,0,2023-06,100685
45251,4159,782,57,6,0.9267309546216003,28,4,5,0,1,2023-05,100686
36921,3386,810,52,5,0.5727798866227289,63,8,7,0,1,2023-06,100687
38307,5041,659,40,1,0.31372683560858405,32,6,3,0,0,2023-05,100688
32355,5553,815,18,3,0.34248612476674845,33,14,3,0,0,2023-06,100689
42732,8444,655,55,2,0.5020368436873018,31,15,2,0,1,2023-07,100690
9835,4718,655,50,2,0.36805935606942514,54,29,8,0,0,2023-08,100691
25159,7775,701,47,2,0.26638047551230226,41,17,7,0,0,2023-06,100692
43810,7050,840,36,3,0.7390219868159977,40,5,4,0,1,2023-07,100693
45080,6409,841,25,0,0.665158910234156,67,1,7,0,1,2023-09,100694
43088,3689,616,12,0,0.43303740638246807,69,12,5,0,0,2023-09,100695
18216,8664,653,45,6,0.8231587060418433,22,19,4,0,1,2023-07,100696
40547,9766,830,38,4,0.8207591101646676,41,12,8,0,1,2023-07,100697
36471,4169,618,33,2,0.5928015761702095,28,11,8,0,0,2023-08,100698
22308,7988,698,55,8,0.27722604440951515,66,22,7,0,1,2023-07,100699
32532,3952,762,49,4,0.9347755200810861,59,9,9,0,1,2023-05,100700
39349,8350,683,55,9,0.7349284188327772,61,19,2,0,1,2023-07,100701
10713,7879,647,49,2,0.3976406553215608,22,28,8,0,0,2023-09,100702
9804,9142,665,25,8,0.6883636376273814,50,28,5,0,1,2023-08,100703
15136,8967,574,37,0,0.5240171966621042,56,28,8,0,0,2023-06,100704
5009,7590,735,14,8,0.7082797117887665,25,29,0,0,0,2023-09,100705
24255,6496,813,39,4,0.5790967165848167,33,4,0,0,0,2023-06,100706
28793,6917,771,19,5,0.5883777201917868,38,13,5,0,1,2023-06,100707
34548,7842,678,9,1,0.7887056735258875,37,10,3,0,0,2023-08,100708
42892,5484,782,34,7,0.6909805968511806,26,1,4,0,1,2023-07,100709
6015,4854,550,20,2,0.26396215299538056,55,10,4,0,0,2023-06,100710
32712,6439,574,22,0,0.25229885635704297,48,18,2,0,0,2023-07,100711
39961,9488,643,24,6,0.4440073899973802,22,29,8,0,1,2023-06,100712
13415,6231,842,43,2,0.5441967972309971,32,13,0,0,0,2023-08,100713
28833,5597,687,14,3,0.4201780473434289,55,7,5,0,0,2023-05,100714
9158,6983,622,32,4,0.7211678864559345,60,8,1,0,0,2023-08,100715
25309,9963,831,54,0,0.35608634538049755,44,17,1,0,0,2023-05,100716
11970,9684,750,20,8,0.7633128771169357,47,25,8,0,1,2023-06,100717
11938,5191,795,42,6,0.8185205935111441,57,22,9,0,1,2023-06,100718
26168,5635,822,33,1,0.29945544607652047,30,1,1,0,0,2023-09,100719
25384,3656,629,55,0,0.7206449946903903,60,16,8,0,0,2023-07,100720
23017,6812,751,9,1,0.9691487807200914,28,20,7,0,1,2023-08,100721
15344,8978,679,26,2,0.3542590538106774,41,4,6,0,0,2023-07,100722
45034,9488,848,39,2,0.9274422648929237,40,23,7,0,1,2023-09,100723
13702,6340,609,24,7,0.6848383594192133,38,17,8,0,0,2023-05,100724
5384,6911,837,42,4,0.6727558938653695,52,13,9,0,1,2023-08,100725
5404,9839,577,9,8,0.24153814585669375,23,10,8,0,0,2023-08,100726
45943,4796,501,42,2,0.7986402227091187,52,9,2,0,0,2023-08,100727
34189,7363,820,56,5,0.5826184421184466,64,14,9,0,1,2023-09,100728
17763,9312,775,37,3,0.7769395134681074,35,17,0,0,1,2023-08,100729
23384,4762,789,50,7,0.8473448827572849,63,26,7,0,1,2023-09,100730
37606,9176,796,53,0,0.6190370986978229,20,3,9,0,1,2023-05,100731
14860,7472,668,17,3,0.41091545062265133,34,1,3,0,0,2023-06,100732
43757,6285,739,46,6,0.31325799311425073,41,1,4,0,1,2023-07,100733
20106,4585,522,21,8,0.32840250234593144,51,20,5,0,0,2023-09,100734
28574,8559,793,19,0,0.8935477231566391,56,2,5,0,1,2023-07,100735
28524,6563,671,59,7,0.29886247650431097,42,16,6,0,1,2023-08,100736
8636,5440,822,6,1,0.5077552584372548,52,9,9,0,0,2023-06,100737
15916,7584,817,57,3,0.46741971703122465,68,14,2,0,1,2023-09,100738
9809,7817,785,37,3,0.8923645333911763,59,1,1,0,0,2023-06,100739
37201,8041,842,26,7,0.5821548005554333,41,3,8,0,1,2023-07,100740
18456,6100,692,9,1,0.9971571338785101,59,18,1,0,0,2023-07,100741
43765,9182,668,14,6,0.7896437970425159,66,1,8,0,1,2023-07,100742
39816,8731,617,56,2,0.8807388603234285,31,11,9,0,1,2023-08,100743
22100,6244,505,51,8,0.27893781282133995,67,25,3,0,0,2023-05,100744
26949,4040,830,27,4,0.40248180421191676,37,5,0,0,0,2023-09,100745
9544,6127,631,17,7,0.30835695645746264,51,11,2,0,0,2023-06,100746
42744,5273,592,35,4,0.5708975779204477,22,6,9,0,0,2023-08,100747
47783,6629,750,35,0,0.774629990529528,55,24,1,0,1,2023-06,100748
31657,5114,509,37,8,0.3352508545624001,66,7,3,0,0,2023-05,100749
41187,4677,550,41,9,0.3041348356557911,65,13,1,0,0,2023-06,100750
12239,9978,848,12,6,0.6916869990243524,20,23,9,0,1,2023-08,100751
19489,6094,793,22,3,0.3842502030107392,44,16,5,0,0,2023-08,100752
48125,3998,628,6,6,0.5834600574029928,39,25,9,0,1,2023-07,100753
33538,8873,748,19,4,0.24089418218217418,36,3,0,0,0,2023-09,100754
37049,5284,601,52,9,0.7444902496539718,68,26,4,0,1,2023-07,100755
42131,8052,836,49,8,0.633053105313643,41,15,8,0,1,2023-06,100756
47944,4589,582,49,1,0.7179383191669062,69,8,0,0,0,2023-05,100757
13427,4161,690,43,3,0.4203251040477969,52,22,3,0,0,2023-05,100758
46348,5520,642,31,5,0.4228823802892249,45,24,1,0,0,2023-06,100759
29285,8964,736,32,4,0.8410884264726066,46,20,1,0,1,2023-05,100760
42626,6855,786,50,0,0.7748498503878609,53,16,4,0,1,2023-07,100761
47808,7648,776,21,8,0.6637829209588917,42,17,1,0,1,2023-09,100762
27928,8729,790,51,8,0.7025147806256644,35,27,4,0,1,2023-07,100763
24198,3694,668,12,2,0.27523534360088436,33,13,0,0,0,2023-07,100764
24758,7412,643,37,3,0.8849370435610029,69,3,4,0,1,2023-06,100765
20254,9741,683,30,3,0.8159256264093302,60,26,2,0,1,2023-05,100766
49238,7863,544,36,9,0.6723932270587581,33,3,1,0,1,2023-06,100767
6252,6798,742,21,7,0.9348761048807257,64,13,3,0,1,2023-07,100768
44764,6683,814,46,5,0.3349103261595199,45,17,0,0,1,2023-07,100769
17173,9704,767,19,1,0.7493259088273334,65,29,2,0,1,2023-06,100770
42441,4971,752,30,3,0.9703854221217287,68,14,0,0,1,2023-06,100771
31698,9401,788,35,0,0.44800717165593673,46,5,7,0,1,2023-07,100772
20781,4503,711,12,2,0.21223385125400762,59,29,4,0,0,2023-08,100773
18051,6249,676,17,3,0.7878939735753065,23,12,0,0,0,2023-06,100774
44649,9900,520,8,7,0.20558425956490167,28,16,1,0,0,2023-06,100775
11949,7218,815,32,2,0.8980269193457338,46,6,8,0,1,2023-08,100776
47289,9485,551,51,4,0.2450410016828559,62,9,6,0,1,2023-07,100777
13017,6242,732,24,0,0.7222117838975017,58,16,2,0,0,2023-09,100778
11941,4868,622,48,3,0.5017473155385204,34,24,0,0,0,2023-06,100779
30934,4671,599,42,1,0.36267252297338626,44,4,1,0,0,2023-08,100780
28386,4082,713,50,3,0.9186067198830632,37,6,6,0,1,2023-05,100781
15209,4728,826,47,4,0.7969966815414897,49,19,7,0,1,2023-07,100782
22715,6851,634,12,2,0.47235245291460815,56,1,4,0,0,2023-06,100783
33920,9403,817,54,5,0.42732247428578,35,25,3,0,1,2023-05,100784
36703,9092,717,21,1,0.7888098353289115,31,8,9,0,1,2023-08,100785
47318,5142,587,37,4,0.8692566100850645,36,6,3,0,1,2023-07,100786
9637,4148,779,13,3,0.7726803714366477,44,3,4,0,0,2023-07,100787
9854,9184,539,54,4,0.7119913800285931,34,27,6,0,1,2023-07,100788
48088,9010,739,18,8,0.3823397801509191,44,21,6,0,1,2023-06,100789
42660,3253,831,16,5,0.8822431866211777,40,14,3,0,1,2023-08,100790
44811,7102,635,25,6,0.7997295867667,38,25,0,0,1,2023-05,100791
24856,6542,681,23,7,0.6138194318131316,43,23,4,0,1,2023-08,100792
26833,5775,764,42,8,0.6092702098134246,26,2,6,0,1,2023-07,100793
24963,9212,758,11,4,0.6553384222458771,31,16,3,0,1,2023-07,100794
41932,7637,681,25,7,0.8626211153429302,68,22,6,0,1,2023-05,100795
32169,6333,520,37,1,0.7938076390700461,58,13,7,0,0,2023-06,100796
12941,7184,695,51,9,0.8849959951567066,30,25,1,0,1,2023-06,100797
19388,9034,711,49,8,0.605826217326978,52,16,1,0,1,2023-06,100798
10569,6279,515,34,1,0.6997192472146058,68,11,4,0,0,2023-09,100799
9300,7308,701,9,4,0.8836574455167836,44,11,2,0,0,2023-09,100800
44037,5881,717,12,5,0.3858560481413723,58,16,3,0,1,2023-07,100801
41586,3265,592,48,3,0.5552165442049792,53,10,0,0,0,2023-06,100802
17015,5340,632,25,7,0.6965217895835096,30,17,3,0,0,2023-09,100803
11254,8326,638,39,9,0.9321170058864812,35,12,3,0,1,2023-08,100804
22144,9476,656,41,2,0.21266880883689998,51,5,3,0,0,2023-05,100805
29214,6148,834,12,4,0.37005852653858207,34,25,2,0,0,2023-07,100806
45118,6359,569,38,1,0.3875604062090323,59,12,1,0,0,2023-08,100807
20183,4004,803,20,2,0.4612901442094354,34,3,3,0,0,2023-05,100808
11238,5094,514,57,7,0.42542929633654314,26,19,7,0,0,2023-05,100809
11090,7717,734,37,4,0.6721110284497909,56,28,2,0,1,2023-07,100810
16637,6271,711,27,2,0.9084962114037964,59,28,5,0,1,2023-05,100811
27415,7522,789,45,4,0.7095822728579115,21,10,1,0,1,2023-05,100812
29071,3209,559,34,8,0.39322124716348733,25,16,0,0,0,2023-05,100813
47679,3887,751,30,2,0.8910022800560677,55,25,6,0,1,2023-09,100814
46240,8539,501,10,9,0.7056366313180107,58,19,5,0,1,2023-08,100815
23271,3153,735,19,6,0.3751696999903213,57,29,9,0,0,2023-07,100816
41034,6593,835,55,7,0.4893332297332026,47,11,3,0,1,2023-07,100817
38434,3414,518,40,4,0.8319718453918261,41,25,6,0,0,2023-08,100818
9188,6424,548,7,2,0.7911449451896915,56,16,5,0,0,2023-07,100819
15161,8276,577,30,5,0.6612658956045141,24,28,1,0,0,2023-05,100820
33732,4284,527,59,2,0.3158140021924495,37,10,3,0,0,2023-08,100821
16314,6148,547,21,8,0.8426314378516033,30,15,8,0,1,2023-05,100822
28954,3768,595,51,1,0.4460340228421985,27,3,7,0,0,2023-07,100823
26508,3982,664,21,2,0.81727835119933,39,24,5,0,0,2023-09,100824
26969,8607,675,16,6,0.718053092609807,30,10,0,0,0,2023-05,100825
42545,6202,572,54,9,0.41133622531481456,46,12,6,0,1,2023-08,100826
41668,7674,528,40,7,0.36989538250612536,48,9,0,0,0,2023-05,100827
28061,6526,656,28,4,0.30472793860617503,44,19,7,0,0,2023-09,100828
18716,5787,813,10,4,0.39355698927049265,38,1,2,0,0,2023-08,100829
44749,5210,803,40,4,0.326263217959312,21,13,8,0,1,2023-09,100830
44144,4038,778,34,3,0.6936409982302011,61,25,4,0,1,2023-08,100831
21907,9338,782,52,8,0.6790264951818028,58,7,5,0,1,2023-06,100832
23777,6932,506,10,5,0.6689376481062378,63,22,3,0,0,2023-09,100833
32693,3541,804,59,7,0.7135118473798707,21,28,5,0,1,2023-08,100834
47928,3358,681,8,7,0.8518276271716532,26,20,8,0,1,2023-07,100835
31329,3849,608,11,4,0.9308421692398428,50,21,6,0,0,2023-07,100836
21282,7522,823,28,8,0.3843004303214097,52,7,1,0,1,2023-06,100837
28624,5544,705,51,1,0.6702195921351406,30,25,5,0,0,2023-07,100838
28321,9971,733,7,7,0.2626689769978172,59,6,8,0,1,2023-06,100839
15488,7581,686,23,2,0.2961139506844761,59,12,7,0,0,2023-09,100840
27574,4831,828,35,6,0.7234714503691124,65,4,0,0,1,2023-05,100841
10240,4472,507,43,8,0.5892644493523607,32,28,4,0,0,2023-07,100842
48221,4436,552,10,4,0.8066656694675471,29,20,5,0,0,2023-09,100843
15478,3329,698,51,7,0.5405419847924571,68,10,8,0,1,2023-05,100844
24262,8851,636,54,3,0.3020787254663505,57,19,3,0,0,2023-06,100845
9432,8266,758,16,0,0.8976429230646603,39,2,0,0,0,2023-05,100846
34721,7354,833,6,0,0.2663107769162578,40,4,5,0,0,2023-07,100847
18568,9435,671,15,5,0.35117171402830566,33,15,8,0,0,2023-06,100848
19178,7238,585,46,7,0.4215814927694808,43,6,5,0,0,2023-09,100849
27195,9112,545,57,9,0.9962244856523415,59,1,6,0,1,2023-08,100850
5302,7008,845,49,1,0.5334878561407872,26,18,9,0,0,2023-07,100851
22022,9890,685,31,3,0.6013668243824919,24,8,3,0,0,2023-09,100852
5055,7722,655,38,2,0.8157574007790949,25,13,1,0,0,2023-06,100853
13717,4388,508,32,8,0.7091324682710509,59,19,2,0,0,2023-07,100854
33699,7185,614,55,2,0.8731365535530669,54,16,0,0,1,2023-07,100855
13150,3719,653,17,7,0.589146766870315,28,1,1,0,0,2023-05,100856
7125,6235,629,7,6,0.9777421499945775,61,2,6,0,0,2023-09,100857
49247,7576,830,6,0,0.8374498892690465,20,19,8,0,1,2023-08,100858
21748,5131,580,6,7,0.5210923106506122,58,14,8,0,0,2023-09,100859
44577,4100,789,38,8,0.5050174583561984,39,15,8,0,1,2023-09,100860
9621,3672,646,27,7,0.9435929536353742,25,2,0,0,0,2023-07,100861
20034,3516,794,17,9,0.7475325086517739,51,13,6,0,1,2023-09,100862
10126,5532,768,44,9,0.6971469076205109,32,20,6,0,1,2023-07,100863
10122,8709,632,41,0,0.8062645099470487,58,29,8,0,1,2023-09,100864
23030,6670,549,26,6,0.6486670624893691,59,20,8,0,1,2023-06,100865
22302,3781,522,25,8,0.3273334184685813,40,11,0,0,0,2023-05,100866
24181,9247,587,41,4,0.4553723696627449,56,10,9,0,1,2023-05,100867
43638,6523,611,31,1,0.6463558909671758,31,2,4,0,0,2023-05,100868
6531,6558,610,52,7,0.21453425674173357,25,29,1,0,0,2023-07,100869
45940,9131,571,36,8,0.5498805639705823,34,17,5,0,1,2023-05,100870
45441,5386,653,6,6,0.8046423034207495,40,3,1,0,0,2023-06,100871
28333,7782,556,43,4,0.3313872036130179,40,4,5,0,0,2023-05,100872
44650,4589,756,19,7,0.25164716012552457,47,27,6,0,1,2023-07,100873
39674,7995,655,31,5,0.868823312582159,55,22,5,0,1,2023-06,100874
40854,4501,612,51,3,0.6938190947706896,36,5,0,0,0,2023-07,100875
13152,6794,817,47,0,0.3412631779915712,65,2,3,0,0,2023-05,100876
43518,9750,546,12,5,0.8450439844665549,26,4,2,0,1,2023-07,100877
15267,7318,737,59,7,0.7265035771897699,42,12,4,0,1,2023-05,100878
30289,6080,833,17,2,0.46729541571875055,64,6,6,0,0,2023-05,100879
6062,4076,605,29,6,0.5009570175693914,41,28,2,0,0,2023-06,100880
34926,4100,686,24,6,0.3247105305496387,29,20,0,0,0,2023-09,100881
11229,8837,658,14,8,0.8682044753669922,37,27,8,0,1,2023-08,100882
9632,3502,697,40,0,0.6072053213149937,21,27,5,0,0,2023-09,100883
44056,4339,676,9,4,0.6456152613149284,31,15,5,0,0,2023-07,100884
8596,6885,760,50,7,0.9067935321581981,64,7,3,0,1,2023-06,100885
49243,9965,786,47,2,0.21266449316247515,58,29,0,0,1,2023-09,100886
11168,3623,792,37,4,0.2535384500186337,69,6,8,0,0,2023-06,100887
47563,4886,834,51,0,0.32926318548785205,41,22,9,0,1,2023-05,100888
12561,9308,642,11,8,0.22403025047051647,62,26,6,0,1,2023-09,100889
13258,6350,807,33,3,0.7265249252995196,41,14,9,0,1,2023-05,100890
21616,4050,696,33,4,0.7071035745506566,61,18,6,0,0,2023-08,100891
31734,8189,724,45,2,0.3686415223431885,41,27,6,0,1,2023-05,100892
11371,9081,542,56,1,0.3195251559093558,25,29,6,0,0,2023-05,100893
31069,8484,650,34,6,0.3165477611092854,65,7,7,0,1,2023-07,100894
19369,6772,795,47,4,0.9625931306549138,56,25,7,0,1,2023-05,100895
17910,6916,562,59,9,0.7548036228997932,39,6,2,0,1,2023-09,100896
12943,7018,629,10,2,0.6683430627720635,25,24,7,0,0,2023-08,100897
17199,4329,754,10,1,0.45798949744407547,28,6,3,0,0,2023-06,100898
20728,8243,842,42,9,0.5464345583270318,48,6,6,0,1,2023-07,100899
28275,7114,713,46,5,0.27152470495936615,56,20,4,0,1,2023-08,100900
11738,8376,572,33,9,0.9985215104440013,24,22,3,0,1,2023-08,100901
20913,6367,603,46,5,0.8040683708573078,32,10,3,0,0,2023-06,100902
40240,8141,657,52,2,0.6971625254625824,46,4,5,0,1,2023-09,100903
24123,6951,771,14,8,0.6702137561823058,42,10,1,0,1,2023-09,100904
39529,8084,814,34,0,0.603451497626538,56,22,4,0,1,2023-05,100905
15167,5497,737,19,2,0.4059419421397567,65,1,7,0,0,2023-09,100906
15554,9695,802,43,0,0.381112322767787,53,23,1,0,0,2023-08,100907
22260,4573,657,59,6,0.6396259657513795,44,14,4,0,0,2023-09,100908
8812,8167,608,57,1,0.25616065164636137,56,18,6,0,0,2023-07,100909
33024,9838,508,45,3,0.2595766390948286,42,22,4,0,0,2023-08,100910
32285,5634,820,39,3,0.6486508825282802,47,9,9,0,1,2023-06,100911
31900,5768,558,42,7,0.9358496385681914,45,10,8,0,1,2023-08,100912
6605,8302,691,54,3,0.9314174809038838,31,19,8,0,1,2023-07,100913
10622,8554,635,47,2,0.20866264052863387,58,4,7,0,0,2023-07,100914
11767,9250,750,19,9,0.28591537251795984,22,21,8,0,1,2023-08,100915
32139,4211,645,23,2,0.666462155006956,28,24,1,0,0,2023-07,100916
16613,3775,846,38,4,0.8787805774449313,66,13,2,0,1,2023-08,100917
15589,8955,557,59,5,0.9635592693254631,34,10,3,0,1,2023-09,100918
18918,8962,676,39,6,0.8884657808366234,27,13,4,0,1,2023-09,100919
25119,4160,787,33,4,0.7420905082371647,47,22,9,0,1,2023-06,100920
32446,8977,744,41,6,0.36042006207138866,45,12,1,0,1,2023-09,100921
18046,5383,547,50,3,0.2580971791831699,35,24,9,0,0,2023-08,100922
29818,5654,800,53,4,0.2380126261485158,53,3,3,0,0,2023-06,100923
40358,9981,599,42,5,0.6896614277003291,39,19,3,0,1,2023-05,100924
9324,8876,712,28,8,0.22895088321228618,20,9,4,0,0,2023-09,100925
15787,6540,801,47,5,0.7913919651724406,43,13,5,0,1,2023-07,100926
14111,7697,664,22,9,0.7699765898807753,48,22,0,0,1,2023-06,100927
43110,8690,625,16,0,0.26368865982134315,23,8,5,0,0,2023-07,100928
21389,9546,801,37,6,0.9252978920294357,23,4,8,0,1,2023-06,100929
46427,7635,620,42,2,0.6175434309002419,57,21,2,0,1,2023-09,100930
19043,4095,587,20,5,0.9235508538701853,22,28,1,0,0,2023-07,100931
33746,8901,716,9,1,0.9212880449506577,59,9,7,0,1,2023-07,100932
27350,3023,560,44,6,0.3576272511096947,21,7,1,0,0,2023-08,100933
46605,7719,801,35,0,0.5044621023490279,48,21,7,0,1,2023-06,100934
5117,8931,678,15,1,0.30770106680305304,68,23,9,0,0,2023-05,100935
23935,6556,689,28,8,0.8199824081090565,47,11,3,0,1,2023-08,100936
18234,4079,662,29,8,0.6032999324302901,31,25,8,0,1,2023-09,100937
43328,8081,580,41,6,0.9430460603159856,63,15,3,0,1,2023-05,100938
5846,7318,669,57,1,0.3665721719010219,34,13,0,0,0,2023-09,100939
15954,3178,800,10,4,0.7506941292153808,69,3,7,0,0,2023-07,100940
18703,5847,695,42,3,0.9913894622181672,60,3,0,0,0,2023-06,100941
27700,9577,702,48,1,0.7323050094567931,50,20,4,0,1,2023-05,100942
37043,4960,546,24,1,0.2550191462645701,56,11,6,0,0,2023-06,100943
11469,4473,657,42,9,0.6707394797561524,51,26,2,0,0,2023-06,100944
35105,7888,693,58,7,0.34387419974498934,41,23,5,0,1,2023-05,100945
47101,7979,778,13,4,0.22440222193545234,22,21,0,0,0,2023-05,100946
31386,9635,816,12,7,0.46796855784417135,36,5,5,0,1,2023-08,100947
41976,4212,768,45,1,0.41288326644325263,48,20,4,0,0,2023-08,100948
44051,8697,698,18,1,0.8310167190526034,31,24,1,0,1,2023-08,100949
7048,3809,723,42,2,0.49894443286248036,33,19,3,0,0,2023-05,100950
44001,8056,762,32,9,0.7863670243081573,27,12,6,0,1,2023-05,100951
17941,3419,665,23,7,0.21299119355946516,60,18,5,0,0,2023-07,100952
47533,6659,679,29,7,0.21184970674671286,21,4,9,0,1,2023-06,100953
6828,9792,691,46,2,0.2234507660380457,53,29,5,0,0,2023-08,100954
6917,8283,715,7,0,0.3754867534260644,43,8,8,0,0,2023-07,100955
25618,6816,783,21,6,0.49919022802284935,67,14,1,0,1,2023-09,100956
37254,4278,606,19,3,0.6862766424934836,39,16,0,0,0,2023-05,100957
44756,5523,597,22,2,0.9887311086615782,62,20,1,0,1,2023-06,100958
25128,4440,729,11,4,0.4835276536114661,29,8,2,0,0,2023-07,100959
5009,9313,756,40,5,0.244527125405733,59,5,8,0,0,2023-05,100960
21644,4340,542,22,0,0.35592012933267897,26,9,9,0,0,2023-07,100961
27422,5221,741,50,8,0.9182814670518897,20,2,8,0,1,2023-05,100962
14865,9613,541,43,5,0.7595033521181671,29,8,4,0,0,2023-08,100963
7219,5392,594,45,2,0.8321606592308479,24,7,6,0,0,2023-05,100964
44809,9588,753,11,0,0.29933456453823415,59,18,2,0,0,2023-09,100965
10287,8137,687,53,8,0.30798959096600637,40,21,9,0,1,2023-05,100966
39387,8189,806,43,1,0.28979680603591684,28,22,1,0,0,2023-07,100967
13512,4361,666,54,9,0.88573533144762,48,9,5,0,1,2023-05,100968
6342,9771,770,26,5,0.36797408695488354,50,11,5,0,0,2023-05,100969
48336,3591,624,40,5,0.7145213963037773,64,12,4,0,1,2023-08,100970
24216,3526,660,28,2,0.6129330929466072,65,8,0,0,0,2023-08,100971
32534,5503,586,17,5,0.635511929499083,46,23,9,0,1,2023-08,100972
19231,4292,808,34,1,0.3563482867130146,25,27,1,0,0,2023-07,100973
37293,4654,725,32,7,0.7081968747631917,62,17,6,0,1,2023-09,100974
31614,7906,644,11,0,0.23448042756666496,50,26,9,0,0,2023-06,100975
41258,3187,844,26,5,0.9947778210061029,60,19,1,0,1,2023-06,100976
33253,8688,747,12,0,0.22140712519418326,64,1,4,0,0,2023-09,100977
47078,5758,505,48,8,0.24012523257268975,55,26,9,0,1,2023-09,100978
45752,3528,530,46,8,0.4597179359133451,21,22,3,0,0,2023-07,100979
22988,3433,696,21,5,0.8653002846156308,40,3,9,0,0,2023-06,100980
36037,9431,731,10,5,0.40575136942139434,53,14,0,0,1,2023-06,100981
17219,9037,795,20,8,0.5775480110330626,41,18,4,0,1,2023-07,100982
5235,9642,824,26,4,0.21438186494095435,32,29,0,0,0,2023-08,100983
47929,6512,634,9,8,0.2631034531869154,38,26,2,0,1,2023-05,100984
6908,4804,512,10,4,0.6863728388325657,52,2,8,0,0,2023-08,100985
13567,3302,503,12,3,0.3554867755595429,57,8,6,0,0,2023-05,100986
41298,7182,677,40,1,0.7554036504156203,59,17,1,0,1,2023-09,100987
10256,9973,733,41,1,0.8283129400137417,68,9,4,0,1,2023-07,100988
24019,3437,758,20,0,0.8802673595778268,22,12,3,0,0,2023-09,100989
13162,5588,639,33,9,0.3070394703994581,57,7,6,0,0,2023-08,100990
10415,8141,564,7,2,0.5644068392255399,38,1,3,0,0,2023-07,100991
41159,3832,782,10,0,0.9576651599230765,26,21,8,0,1,2023-05,100992
48925,3796,805,12,5,0.8176668339554463,34,21,2,0,1,2023-07,100993
10951,3559,704,27,6,0.2935683054769187,57,14,5,0,0,2023-05,100994
26852,6588,516,54,8,0.6020001960147154,44,2,4,0,1,2023-09,100995
13007,3761,699,36,6,0.9379044654710711,41,17,9,0,1,2023-06,100996
46832,8794,531,37,3,0.5520310444185488,42,7,7,0,1,2023-09,100997
35523,6574,711,13,3,0.8699340870727752,69,15,0,0,1,2023-06,100998
28325,6785,772,46,7,0.5966749769508458,29,28,9,0,1,2023-06,100999
26204,5514,789,47,3,0.285449341796603,55,9,1,0,0,2023-06,101000
20524,8220,790,16,0,0.3182839408476059,56,8,6,0,0,2023-08,101001
24282,9818,733,6,8,0.23734060224654377,69,7,0,0,0,2023-07,101002
28930,3684,681,52,2,0.35625179246045163,61,4,4,0,0,2023-05,101003
5077,8260,645,45,0,0.9148912798963473,61,10,7,0,0,2023-05,101004
45345,7233,549,24,8,0.7201584367546054,61,7,9,0,1,2023-06,101005
25611,3577,602,49,9,0.7910855479063288,26,15,4,0,1,2023-06,101006
21984,7805,532,43,9,0.6973291667146622,65,13,4,0,1,2023-09,101007
19060,3227,588,47,4,0.5092314337106782,44,8,8,0,0,2023-07,101008
22449,5328,840,42,8,0.3734889062368013,59,9,4,0,1,2023-05,101009
23520,5731,814,12,2,0.9404916672078647,60,9,0,0,0,2023-05,101010
48303,3827,740,44,5,0.6118638252464172,43,5,2,0,1,2023-05,101011
14510,3430,765,30,6,0.5848799049663516,24,21,4,0,0,2023-08,101012
34287,4063,722,59,4,0.9968832708748365,40,6,7,0,1,2023-09,101013
33173,4709,735,27,7,0.5071439907107813,59,16,9,0,1,2023-08,101014
44711,8782,652,32,9,0.8833002519137914,39,16,1,0,1,2023-08,101015
16954,4234,556,46,5,0.8898752482534851,48,24,3,0,0,2023-06,101016
12804,3301,821,52,5,0.3861361682862365,56,14,3,0,0,2023-09,101017
11565,8205,611,43,6,0.2758717538801297,39,19,2,0,0,2023-05,101018
10984,4420,514,53,7,0.9804960925726915,37,19,5,0,0,2023-09,101019
26526,7628,768,44,1,0.5407174913084536,23,16,9,0,1,2023-05,101020
42438,3768,613,20,6,0.20177625760815643,30,27,1,0,0,2023-06,101021
23574,9034,751,7,8,0.5992142670631668,41,5,2,0,1,2023-07,101022
14184,4404,641,13,0,0.6954402909979602,62,27,1,0,0,2023-05,101023
24096,3443,613,49,0,0.8208705979584274,33,1,9,0,0,2023-06,101024
7192,6104,789,48,6,0.9543536945789108,64,5,7,0,1,2023-06,101025
39016,7355,524,11,4,0.9321365031563704,47,9,1,0,0,2023-08,101026
16246,6305,809,25,0,0.9521086560438949,23,21,4,0,0,2023-08,101027
23381,4538,754,32,0,0.22570011860757822,35,7,3,0,0,2023-05,101028
41455,6930,767,50,1,0.7694193070643742,57,10,0,0,1,2023-05,101029
31727,4331,625,28,9,0.3806863702445493,42,25,6,0,1,2023-08,101030
9018,9882,749,53,8,0.3500421497645232,32,24,5,0,1,2023-07,101031
16302,9939,786,45,2,0.8402548548794002,39,15,9,0,1,2023-07,101032
6970,3069,833,22,8,0.5337037513383038,24,21,0,0,0,2023-09,101033
46157,8573,552,18,5,0.9332800606258687,38,12,8,0,1,2023-07,101034
32202,8558,542,9,9,0.2339480726365653,40,13,3,0,0,2023-05,101035
36110,8944,665,25,5,0.8417446635897305,61,18,0,0,1,2023-08,101036
22586,6435,541,47,6,0.30946752902607655,24,21,7,0,0,2023-09,101037
29519,3480,675,30,9,0.3412617612519876,33,10,0,0,0,2023-07,101038
36273,8263,566,27,7,0.5818813724195993,55,24,1,0,1,2023-08,101039
26951,7094,565,57,2,0.5164719526982396,25,27,4,0,0,2023-07,101040
20374,9167,582,53,7,0.5889378449029368,24,1,0,0,0,2023-07,101041
10788,6496,849,22,5,0.9520212176248442,43,26,0,0,1,2023-05,101042
10408,5793,604,45,5,0.7259111484508585,48,4,5,0,0,2023-05,101043
30053,5892,786,16,2,0.4322475054736005,48,17,0,0,0,2023-07,101044
14446,4198,685,30,5,0.338326969854276,21,21,4,0,0,2023-06,101045
5922,5372,783,10,7,0.5360370201047469,25,13,9,0,0,2023-09,101046
38187,4892,503,26,6,0.5613128218141901,53,2,4,0,0,2023-05,101047
15789,8790,637,31,9,0.681035527919613,31,15,1,0,1,2023-05,101048
37184,4883,678,21,9,0.41280216283181437,41,12,2,0,0,2023-05,101049
6120,8467,736,45,6,0.8140073976774536,23,2,2,0,0,2023-08,101050
49028,3797,517,26,2,0.2787681963835053,64,7,2,0,0,2023-07,101051
37154,3017,802,53,9,0.6483626908805236,68,4,2,0,1,2023-08,101052
22334,3043,508,37,2,0.6988253225952891,25,14,3,0,0,2023-05,101053
7336,3154,528,9,4,0.3654652648521163,22,18,9,0,0,2023-07,101054
43141,7962,643,43,4,0.8608090803996968,32,11,0,0,1,2023-08,101055
7243,6448,847,58,8,0.692345700166142,42,3,3,0,1,2023-08,101056
24029,7838,648,13,8,0.7165777717183783,54,3,3,0,1,2023-07,101057
37265,7080,563,14,9,0.5981948046107508,45,18,7,0,1,2023-05,101058
42380,8947,686,50,4,0.9276753737410708,28,23,3,0,1,2023-09,101059
48872,4425,726,22,4,0.7551420651900995,42,1,4,0,1,2023-07,101060
28710,7320,617,46,5,0.50546845191661,23,13,3,0,0,2023-09,101061
34486,7312,753,18,7,0.390884710227269,53,25,4,0,1,2023-07,101062
11371,6639,530,14,5,0.2568493398587898,56,5,2,0,0,2023-06,101063
11359,7126,660,11,5,0.3322886697442876,27,4,2,0,0,2023-06,101064
45631,4892,714,32,8,0.9941463616669279,53,3,7,0,1,2023-07,101065
40996,8178,668,47,0,0.5254135167933122,56,19,0,0,0,2023-08,101066
25103,9011,580,42,3,0.9189497818219254,25,13,2,0,1,2023-08,101067
19382,3897,545,44,9,0.3364554855082116,26,16,1,0,0,2023-06,101068
23755,6424,548,48,9,0.5402886970726797,64,19,9,0,1,2023-05,101069
40659,7540,797,29,1,0.968414773626759,60,1,5,0,1,2023-06,101070
8756,4258,782,14,8,0.27290580113543994,58,18,7,0,0,2023-09,101071
25609,8226,587,47,2,0.6751874270500022,55,27,5,0,1,2023-05,101072
21478,8310,620,16,9,0.9353375205570418,24,7,3,0,1,2023-06,101073
40442,5015,502,40,1,0.9597466983634007,22,3,2,0,0,2023-07,101074
44666,9673,815,34,7,0.8768059816894207,36,22,3,0,1,2023-07,101075
15147,9032,726,13,3,0.8847475458881195,38,20,7,0,1,2023-09,101076
38561,7833,578,22,1,0.7217463632939725,64,10,8,0,1,2023-05,101077
39884,4702,644,12,3,0.37633848647599405,20,21,7,0,0,2023-05,101078
10779,3873,741,17,6,0.7845428355879358,56,8,8,0,0,2023-06,101079
17298,3565,531,53,6,0.9827075715669786,28,2,7,0,0,2023-07,101080
19153,5018,762,20,0,0.6207468117382486,23,10,4,0,0,2023-06,101081
48879,4885,710,58,0,0.408557887261521,61,21,4,0,1,2023-06,101082
15789,5123,570,34,2,0.6587768542119983,65,18,0,0,0,2023-09,101083
49165,7642,696,50,1,0.7524882849924932,29,12,7,0,1,2023-09,101084
17999,5314,557,55,2,0.3666242475395305,51,14,1,0,0,2023-09,101085
5814,7412,611,55,3,0.7753514780875381,20,25,5,0,0,2023-08,101086
15541,6883,547,29,6,0.6699462871075135,42,2,5,0,0,2023-05,101087
29938,6192,684,42,1,0.6898799273184417,36,17,9,0,1,2023-05,101088
7443,4859,826,19,6,0.4447903437918673,49,20,3,0,0,2023-08,101089
15457,3024,664,16,4,0.3242134480889609,46,12,8,0,0,2023-07,101090
15380,6503,714,40,7,0.6987599162445256,34,7,2,0,0,2023-08,101091
12783,7255,830,22,7,0.6689863913220575,57,15,7,0,1,2023-08,101092
49241,9739,829,32,4,0.47040975017104397,26,2,1,0,1,2023-09,101093
22368,4137,620,49,9,0.4367149340367098,52,27,4,0,1,2023-08,101094
20328,7995,712,8,7,0.47779556932982725,24,26,5,0,1,2023-06,101095
31215,9645,810,7,8,0.5919066707990561,58,25,1,0,1,2023-05,101096
38595,4189,540,9,6,0.9798557880889291,53,12,6,0,1,2023-07,101097
32306,7798,788,23,5,0.8108516976209652,22,17,4,0,1,2023-08,101098
24915,7096,667,25,6,0.8813917913323908,51,1,9,0,1,2023-06,101099
44915,9018,533,26,6,0.6045196551228249,21,8,3,0,1,2023-05,101100
42219,9884,817,19,2,0.6208988894230216,35,5,3,0,1,2023-09,101101
20343,6157,774,13,5,0.36345972914962216,36,28,1,0,0,2023-07,101102
43727,5367,696,7,5,0.7768366690408628,31,28,8,0,1,2023-06,101103
5126,8520,690,31,8,0.5372672046325089,24,25,0,0,0,2023-05,101104
32632,7477,720,24,0,0.793957487054169,23,8,0,0,0,2023-09,101105
46563,4741,509,47,6,0.5272443050501003,35,22,3,0,0,2023-09,101106
49409,6688,619,33,0,0.2868137497711265,37,20,2,0,0,2023-08,101107
25530,8922,622,34,9,0.3384429502287068,64,14,8,0,1,2023-07,101108
44964,8369,746,10,3,0.8492560624597467,39,6,6,0,1,2023-09,101109
49327,8644,720,48,6,0.4068931916471461,28,18,1,0,1,2023-06,101110
8368,6746,760,33,5,0.41148353805365545,35,5,3,0,0,2023-07,101111
8797,8674,557,46,5,0.9434944720018652,54,10,4,0,1,2023-05,101112
18718,3897,814,53,4,0.7261084982934796,48,15,9,0,1,2023-07,101113
39560,7023,627,31,6,0.29144604310748506,68,3,3,0,0,2023-06,101114
16053,3716,686,10,8,0.3148682161055474,49,3,3,0,0,2023-09,101115
27116,6967,704,20,5,0.41789394617622355,39,17,3,0,0,2023-06,101116
41244,9450,585,51,9,0.6751965502613062,61,14,7,0,1,2023-09,101117
41185,7021,603,14,6,0.8022603759245384,41,27,6,0,1,2023-08,101118
6645,6215,642,37,8,0.41959715476255766,42,24,3,0,0,2023-05,101119
24256,3390,704,57,6,0.8965136299319716,55,10,0,0,1,2023-09,101120
40840,6884,628,31,5,0.2873441431073189,41,19,5,0,0,2023-08,101121
39622,4699,745,42,2,0.36607933443454366,20,16,4,0,0,2023-07,101122
42430,6037,537,20,0,0.976371936914302,40,17,4,0,0,2023-05,101123
44282,9441,608,46,9,0.30779589092292614,67,20,5,0,1,2023-08,101124
7708,3232,808,9,8,0.9104890461790487,62,13,7,0,1,2023-05,101125
16694,4926,551,58,6,0.7631480603232763,38,1,5,0,0,2023-05,101126
14524,9414,500,58,2,0.2584696725133654,27,1,5,0,0,2023-05,101127
36880,6131,510,41,9,0.5869654631199551,24,17,6,0,1,2023-06,101128
44224,8415,813,25,8,0.6151834825158451,59,18,7,0,1,2023-08,101129
41980,6306,734,32,2,0.94571170513267,48,28,3,0,1,2023-08,101130
37409,5724,627,26,2,0.536883674461735,37,17,6,0,0,2023-05,101131
18224,7801,713,27,6,0.5574108923714207,48,12,7,0,1,2023-08,101132
45738,3233,742,12,1,0.28998700382910264,34,6,5,0,0,2023-07,101133
30150,4391,543,52,9,0.7113380507501301,69,7,8,0,1,2023-05,101134
39393,5892,505,59,6,0.3687175807112773,64,17,5,0,1,2023-06,101135
48082,4255,655,36,6,0.2620266065789655,50,26,3,0,1,2023-08,101136
12973,8992,507,22,0,0.9975352000566353,34,16,5,0,0,2023-08,101137
13577,5538,504,55,9,0.4157037023702442,64,1,1,0,0,2023-05,101138
13070,6690,681,12,1,0.3128425321030432,22,11,7,0,0,2023-05,101139
13666,9646,611,24,4,0.7595922996777411,63,10,5,0,1,2023-06,101140
41368,3889,772,33,3,0.8573457247375216,63,25,3,0,1,2023-08,101141
11783,7687,764,15,2,0.2512619945010774,61,25,6,0,0,2023-09,101142
46914,3745,711,32,9,0.28431464597582967,52,1,7,0,1,2023-07,101143
9971,4719,577,18,7,0.2721390588656367,43,11,2,0,0,2023-05,101144
18490,3427,769,7,6,0.23756744265800897,57,24,9,0,0,2023-07,101145
6990,9840,653,27,8,0.727565182907427,43,3,2,0,1,2023-09,101146
10299,9789,720,25,2,0.6706505517914914,32,23,9,0,1,2023-09,101147
24956,3731,846,48,9,0.7302453252479464,46,16,2,0,1,2023-09,101148
27359,3799,524,10,0,0.6045337306193448,52,1,2,0,0,2023-08,101149
42148,9507,707,11,8,0.8540061483244654,38,7,1,0,1,2023-07,101150
33734,7297,502,40,8,0.6373346419988604,44,11,4,0,1,2023-09,101151
9757,9289,714,6,0,0.9349975478396999,25,17,5,0,0,2023-09,101152
24097,3835,611,40,7,0.5885188260031946,52,19,0,0,0,2023-05,101153
15395,9782,691,8,9,0.8325269289692792,44,28,5,0,1,2023-08,101154
21241,3134,546,59,0,0.5258882829469074,42,14,6,0,0,2023-09,101155
43356,9769,720,41,5,0.5481791158211543,68,23,1,0,1,2023-09,101156
32696,8383,686,12,8,0.8791936361903334,36,16,0,0,1,2023-08,101157
9944,9207,549,34,2,0.2861278682861307,40,17,6,0,0,2023-07,101158
24816,5538,696,20,5,0.6519342039865665,62,14,5,0,1,2023-08,101159
42011,6718,715,16,2,0.7810691742230285,39,9,2,0,0,2023-07,101160
29917,3040,720,23,4,0.8003364923336429,31,21,1,0,0,2023-06,101161
36195,6367,589,49,6,0.6731948217359803,32,13,1,0,1,2023-06,101162
26566,8008,731,9,9,0.558451587327611,37,2,1,0,1,2023-07,101163
14916,8825,822,29,3,0.4086259550934062,41,20,7,0,1,2023-07,101164
25806,8070,757,16,3,0.9275409882832979,43,8,0,0,0,2023-07,101165
14984,8229,652,11,6,0.4958303580170603,52,4,2,0,0,2023-06,101166
6759,5415,755,56,4,0.8391936708266767,22,26,7,0,1,2023-07,101167
46949,8555,757,23,0,0.22533249037010902,36,5,5,0,0,2023-08,101168
31838,5040,564,20,9,0.3857353717492873,58,15,6,0,0,2023-09,101169
7482,7339,689,8,1,0.4764678343072981,51,2,1,0,0,2023-07,101170
29442,5949,590,22,5,0.7372592506481634,36,21,8,0,1,2023-08,101171
38719,7261,672,38,8,0.45546464572951284,67,23,6,0,1,2023-05,101172
32965,8145,746,39,6,0.23309104065544572,63,9,2,0,1,2023-05,101173
7079,6466,755,35,3,0.33909401284321283,44,8,8,0,0,2023-05,101174
7717,8593,615,24,1,0.40733228189546083,27,26,2,0,0,2023-09,101175
32952,6088,548,14,3,0.3408379839486553,62,11,9,0,0,2023-07,101176
25908,7823,726,45,4,0.3629796481129067,54,22,7,0,1,2023-07,101177
47460,4115,568,49,1,0.8151655525386836,48,13,6,0,1,2023-08,101178
29861,7578,625,36,0,0.5296269151603681,31,25,2,0,0,2023-05,101179
12311,5590,712,32,3,0.5241433957343402,55,7,4,0,0,2023-05,101180
33071,6573,552,52,5,0.973285069327589,28,19,6,0,1,2023-06,101181
28570,5978,611,30,0,0.5573614703553602,45,27,2,0,0,2023-06,101182
23449,5447,658,12,0,0.9421265060259161,41,15,1,0,0,2023-06,101183
38536,4230,739,58,8,0.43925047857334426,50,12,8,0,1,2023-09,101184
43258,5666,649,53,4,0.5205010079233385,68,13,1,0,1,2023-07,101185
33865,9244,638,12,1,0.5170266848539697,67,1,2,0,0,2023-07,101186
11645,7975,612,25,1,0.6368630658517156,63,21,0,0,0,2023-08,101187
43000,7925,642,58,3,0.6673978326831618,49,25,0,0,1,2023-06,101188
31737,9120,637,49,1,0.3985000232338151,34,8,0,0,0,2023-09,101189
16485,7854,803,54,3,0.8348674003336949,66,15,9,0,1,2023-09,101190
43565,7258,530,48,5,0.597220763741434,52,22,2,0,1,2023-08,101191
30522,8292,792,41,6,0.205634842815046,22,29,5,0,1,2023-06,101192
17342,9645,607,24,5,0.6730725066533442,53,14,9,0,1,2023-09,101193
45806,5594,783,7,3,0.8384475532233091,36,8,2,0,1,2023-05,101194
18087,8403,658,39,9,0.4003733902523663,63,24,3,0,1,2023-08,101195
42641,6430,825,22,2,0.23029680748954082,24,3,1,0,0,2023-07,101196
39249,9524,513,29,3,0.8457429245205781,49,12,6,0,1,2023-05,101197
15093,5917,621,14,4,0.9810213727773018,62,15,3,0,0,2023-09,101198
21438,5952,714,59,3,0.2612508917319219,34,22,0,0,0,2023-09,101199
45411,4995,771,6,2,0.9504294458605769,58,16,3,0,1,2023-09,101200
31399,9030,524,47,0,0.48741952958084966,27,7,3,0,0,2023-05,101201
24846,8652,821,33,2,0.9531516868704701,61,18,2,0,1,2023-06,101202
20708,6891,793,20,4,0.7190714592019576,57,13,7,0,1,2023-09,101203
49039,9752,668,26,5,0.9121954499587306,47,27,6,0,1,2023-05,101204
15998,3306,602,20,3,0.8286664200411307,40,23,9,0,0,2023-07,101205
35678,4362,539,28,0,0.22239819425650148,66,26,9,0,0,2023-07,101206
15682,5102,734,58,9,0.25235400186004314,29,6,2,0,0,2023-05,101207
13519,6030,819,7,6,0.6205956840948352,47,2,3,0,0,2023-09,101208
36480,3332,588,51,8,0.3036952158759301,40,2,7,0,0,2023-05,101209
24694,9270,599,41,5,0.5688273913257211,68,22,9,0,1,2023-07,101210
8300,5752,643,55,5,0.9637042388515742,47,19,2,0,0,2023-06,101211
11722,3242,581,14,8,0.4358058300435874,41,6,4,0,0,2023-07,101212
44986,4884,576,7,3,0.5911301710525927,57,25,4,0,0,2023-06,101213
29160,9743,558,7,4,0.5074077040544556,38,10,4,0,0,2023-08,101214
25059,4432,728,23,4,0.7038615713985987,57,28,4,0,1,2023-09,101215
40822,5550,590,22,4,0.3550759445212471,65,17,8,0,0,2023-09,101216
18575,9747,500,46,7,0.4079514321074267,43,19,9,0,1,2023-08,101217
12970,3302,768,13,0,0.8870142810912081,47,16,4,0,0,2023-08,101218
39911,7330,785,39,9,0.8490689790882706,64,18,8,0,1,2023-09,101219
26591,6109,696,39,9,0.8313517510965125,32,27,8,0,1,2023-07,101220
36821,5186,773,10,2,0.8167356874543168,28,19,9,0,1,2023-07,101221
14503,7290,577,49,7,0.5675499947692633,28,2,3,0,0,2023-09,101222
23922,4550,640,34,8,0.7831126180257666,40,3,8,0,1,2023-08,101223
17175,4792,787,33,1,0.5097638542976943,43,15,1,0,0,2023-05,101224
46124,3646,570,21,3,0.2805676641515842,50,15,2,0,0,2023-08,101225
26389,9144,549,19,7,0.5146997133191139,48,12,0,0,0,2023-05,101226
5822,7656,579,57,4,0.3269304353823447,59,20,6,0,0,2023-09,101227
22327,8215,734,7,0,0.5126813445060077,29,13,9,0,0,2023-08,101228
11150,3712,786,45,5,0.4379401722903093,23,23,8,0,0,2023-09,101229
9425,7508,806,9,8,0.67932853365434,22,2,2,0,0,2023-05,101230
21032,3537,654,57,8,0.48923233239873876,32,18,7,0,0,2023-09,101231
7198,8974,559,46,0,0.7644717307033428,40,15,0,0,0,2023-08,101232
25079,9572,532,57,3,0.6097173448381195,27,18,5,0,1,2023-09,101233
41220,3234,626,36,0,0.93559382281232,28,13,5,0,0,2023-07,101234
46874,5396,720,31,6,0.2728203482803096,65,6,4,0,1,2023-06,101235
18859,8875,699,32,2,0.7501673509130657,20,8,3,0,0,2023-06,101236
36419,8989,625,56,1,0.7379175020560318,33,16,2,0,1,2023-05,101237
13705,4504,540,39,7,0.9605012379301605,31,20,3,0,0,2023-07,101238
47880,8958,774,36,8,0.49724149363492204,55,28,6,0,1,2023-05,101239
28236,9539,796,53,6,0.44435037576972986,41,26,6,0,1,2023-07,101240
27419,4374,584,16,5,0.33791475537092525,55,3,2,0,0,2023-08,101241
24978,7511,588,13,9,0.4122308122842349,64,25,9,0,1,2023-07,101242
42609,4909,541,17,5,0.6015126182041108,35,17,2,0,0,2023-05,101243
20358,3915,619,40,8,0.8701703695679817,30,26,2,0,0,2023-07,101244
39177,6958,778,50,4,0.42742928278451303,22,18,4,0,1,2023-09,101245
34378,3080,532,39,4,0.32619369332591247,53,12,0,0,0,2023-07,101246
42334,5083,775,18,1,0.417702776859335,44,7,9,0,0,2023-06,101247
16382,8186,652,32,5,0.2807415800227877,45,12,6,0,0,2023-08,101248
19596,5688,589,13,5,0.941356333046397,22,3,7,0,0,2023-08,101249
38572,4690,603,52,5,0.8980993216177977,39,12,6,0,1,2023-05,101250
18221,3756,511,26,3,0.4467933735881219,50,25,7,0,0,2023-06,101251
6279,5670,659,46,6,0.39759025274549364,68,15,8,0,0,2023-07,101252
12083,6751,695,16,8,0.9243178512519326,20,17,3,0,1,2023-06,101253
48861,6552,806,27,0,0.20141756105676478,45,12,2,0,0,2023-06,101254
22771,3467,761,26,2,0.6804620223930773,44,9,6,0,0,2023-07,101255
34975,8261,590,33,9,0.9328030087565364,30,22,8,0,1,2023-06,101256
24063,9499,696,8,8,0.6068459911250823,35,1,8,0,1,2023-06,101257
7106,9852,568,12,4,0.20237356767970713,39,25,7,0,0,2023-08,101258
29557,4494,719,19,5,0.37509714350812456,61,16,2,0,0,2023-07,101259
25607,8740,713,20,7,0.9379532751135473,57,25,5,0,1,2023-09,101260
42599,4019,645,14,8,0.21361793934386342,21,29,1,0,0,2023-09,101261
33529,8710,732,57,7,0.5158238128505612,48,26,5,0,1,2023-09,101262
40954,3901,733,48,2,0.8317957810663825,26,15,4,0,1,2023-06,101263
32856,3672,713,12,9,0.8704727949480027,68,11,3,0,1,2023-07,101264
7573,3438,560,17,0,0.5820863461029361,59,5,2,0,0,2023-07,101265
17808,9674,577,24,4,0.38598700138628206,64,7,7,0,0,2023-09,101266
40367,7222,594,32,6,0.6797637741489272,44,3,9,0,1,2023-07,101267
41801,9348,829,23,1,0.4110224252458412,23,13,5,0,1,2023-06,101268
46196,5076,715,18,0,0.4042114063967331,62,24,8,0,0,2023-07,101269
39072,3444,712,48,3,0.8460798107176106,53,13,2,0,1,2023-05,101270
28752,3965,803,6,2,0.3234126682372905,44,19,4,0,0,2023-09,101271
22685,6790,699,43,3,0.20441718272159265,27,10,3,0,0,2023-07,101272
46401,3463,530,26,0,0.4694201736046793,51,7,5,0,0,2023-08,101273
16372,5198,789,39,1,0.592779163996024,37,20,1,0,0,2023-06,101274
13996,5287,842,18,0,0.764064313516259,59,21,5,0,0,2023-07,101275
21458,9409,634,50,2,0.824892206083431,30,23,2,0,1,2023-07,101276
36889,6765,582,56,3,0.7308153689069041,56,15,7,0,1,2023-08,101277
31665,6176,546,46,0,0.7012071042535413,58,18,9,0,0,2023-09,101278
43243,7008,705,56,5,0.7325989778555482,55,20,9,0,1,2023-08,101279
36653,6504,576,28,1,0.4172212140648792,29,7,5,0,0,2023-07,101280
31657,3912,758,6,9,0.5058890583716542,25,3,7,0,0,2023-09,101281
44952,3496,591,28,4,0.6931492007996516,64,29,6,0,1,2023-06,101282
27180,4463,599,33,7,0.2524565282831783,35,20,5,0,0,2023-07,101283
36896,8867,694,37,3,0.4362602800542845,44,10,8,0,1,2023-08,101284
17875,9828,691,13,4,0.5251351558061225,53,15,8,0,1,2023-07,101285
6622,7253,567,31,8,0.6267525462831488,50,12,9,0,1,2023-06,101286
45809,7267,741,19,1,0.589185685888769,66,16,9,0,1,2023-05,101287
21725,3493,589,29,1,0.774505502523195,27,24,3,0,0,2023-08,101288
45760,8065,844,53,5,0.5787413403331689,36,19,7,0,1,2023-05,101289
20646,8430,509,34,5,0.9233039870599911,33,12,2,0,0,2023-05,101290
22029,4426,763,9,2,0.5042546737219339,49,25,4,0,0,2023-05,101291
34402,4692,767,23,8,0.6202973649409251,37,21,2,0,1,2023-08,101292
9263,4793,819,19,0,0.20256831168162145,65,2,9,0,0,2023-05,101293
35987,5723,617,32,2,0.4483823651569515,55,8,3,0,0,2023-09,101294
13646,3658,749,46,7,0.8932583818511939,40,26,4,0,1,2023-08,101295
32529,7761,558,52,7,0.4668611156770333,50,24,7,0,1,2023-06,101296
16664,7462,694,8,3,0.4025490666659696,52,13,9,0,0,2023-07,101297
40737,3549,549,35,7,0.6348295699537774,42,29,7,0,1,2023-05,101298
40796,3642,795,41,9,0.262984078753658,57,1,2,0,1,2023-09,101299
29027,8989,596,28,7,0.6252841053203194,24,25,7,0,1,2023-06,101300
34373,7350,626,23,0,0.44293263859375065,34,2,9,0,0,2023-05,101301
41397,3207,745,51,2,0.5064823118995101,49,14,3,0,0,2023-08,101302
25609,5497,586,52,0,0.833092003469716,35,4,1,0,0,2023-06,101303
40835,7190,576,45,1,0.7295712148912947,59,6,2,0,0,2023-07,101304
43709,4883,703,15,3,0.5568848744990743,48,13,7,0,1,2023-09,101305
24250,5886,645,17,2,0.6620130504679516,47,9,4,0,0,2023-08,101306
26172,3477,648,58,5,0.8134870042561835,25,16,1,0,0,2023-06,101307
16555,9826,610,46,4,0.7966269961569508,24,1,6,0,1,2023-09,101308
26874,3761,628,13,4,0.34825736844094274,57,9,4,0,0,2023-06,101309
18081,3189,752,37,9,0.4407353775993638,44,24,5,0,1,2023-07,101310
29063,9854,665,22,6,0.47858954477282023,47,28,1,0,1,2023-08,101311
11819,8603,796,46,6,0.35003383200400356,20,7,6,0,0,2023-05,101312
30712,8852,636,50,8,0.20972916320504337,33,18,0,0,1,2023-07,101313
29762,8655,778,19,7,0.33917381503104976,38,16,9,0,1,2023-07,101314
16046,3755,833,42,2,0.8465954616651898,50,7,9,0,1,2023-09,101315
36463,4446,510,14,1,0.6367363611139769,34,18,4,0,0,2023-06,101316
33769,7931,570,31,0,0.4733264215897447,38,9,8,0,0,2023-06,101317
28150,4663,658,53,9,0.6866755565035718,57,28,6,0,1,2023-07,101318
7711,8724,715,56,5,0.7918673002774335,51,20,8,0,1,2023-08,101319
9853,4835,525,29,3,0.48354222641669015,50,2,8,0,0,2023-07,101320
34077,7228,785,28,2,0.5728598732279796,56,5,0,0,0,2023-05,101321
28863,7150,661,36,1,0.2513705733360925,45,9,7,0,0,2023-06,101322
26792,7060,601,44,1,0.6776724289699834,67,4,6,0,0,2023-05,101323
45483,7605,568,49,3,0.48512567644174776,60,16,1,0,1,2023-08,101324
13942,7765,632,7,0,0.5468189180806302,44,21,2,0,0,2023-09,101325
6762,6612,688,55,5,0.5380804943575398,66,24,5,0,1,2023-05,101326
36987,9553,710,23,9,0.7059274309940342,59,3,2,0,1,2023-07,101327
20850,4689,742,21,4,0.6579722791635847,27,6,7,0,0,2023-07,101328
17112,4316,665,34,9,0.5376848382212545,23,17,3,0,0,2023-07,101329
29058,7829,560,16,8,0.21356401719258297,50,19,6,0,0,2023-07,101330
43890,6186,778,7,1,0.6967700917051034,51,8,3,0,0,2023-08,101331
5481,7020,612,19,8,0.9036619792274616,53,10,1,0,0,2023-07,101332
37921,8789,529,9,8,0.8156412572751182,67,10,6,0,1,2023-09,101333
45385,7354,822,44,9,0.9852925058000659,22,16,7,0,1,2023-07,101334
6524,4145,660,39,8,0.31126027041657073,60,6,0,0,0,2023-05,101335
39888,7394,733,58,9,0.37801604223028296,45,26,4,0,1,2023-09,101336
20048,3560,838,51,9,0.6314139721775833,23,20,9,0,1,2023-05,101337
40111,4912,669,44,3,0.3887053618750452,21,28,7,0,0,2023-08,101338
42904,4864,817,14,4,0.22763982502535188,38,8,0,0,0,2023-07,101339
39008,3296,685,45,7,0.521830620931157,42,29,2,0,1,2023-08,101340
5060,5409,556,46,7,0.430115787323186,44,3,1,0,0,2023-07,101341
14130,5636,739,12,0,0.41100867652710626,66,2,2,0,0,2023-05,101342
23023,4461,756,56,9,0.9625382536193989,26,10,2,0,1,2023-06,101343
18350,9270,700,22,0,0.3907632930123597,27,8,2,0,0,2023-08,101344
29354,7292,824,28,9,0.30354605694991826,22,12,0,0,1,2023-08,101345
33145,5268,814,50,5,0.30025540632628095,42,20,2,0,1,2023-09,101346
39020,3994,801,16,6,0.8450592587908234,66,12,1,0,1,2023-08,101347
25587,9234,605,27,1,0.7718784596213923,52,9,8,0,1,2023-06,101348
46131,9554,789,23,1,0.3035889564536498,67,27,9,0,1,2023-05,101349
14650,3007,600,54,4,0.37580249508862906,47,19,7,0,0,2023-08,101350
24933,5591,596,33,8,0.7978744067548242,41,25,5,0,1,2023-09,101351
25581,5515,652,21,4,0.4196931182676913,54,26,6,0,0,2023-08,101352
28393,7415,528,47,7,0.9852336601258818,53,22,0,0,1,2023-07,101353
28051,4417,652,9,7,0.632456053296727,49,15,6,0,0,2023-09,101354
31212,5316,572,41,4,0.35360637632807057,66,14,7,0,0,2023-06,101355
9090,6932,753,27,7,0.8870467636101866,55,5,7,0,1,2023-06,101356
11960,8794,503,16,7,0.45558043671778814,33,29,5,0,0,2023-07,101357
40772,9204,736,26,4,0.4310458840515023,28,18,6,0,1,2023-05,101358
26520,8557,537,45,4,0.4619529867611988,41,29,1,0,0,2023-08,101359
41408,4287,519,46,3,0.8145577985784302,47,12,3,0,0,2023-05,101360
33470,5844,612,21,0,0.3385703597727585,60,27,7,0,0,2023-06,101361
25491,4118,522,47,8,0.5054286242087505,33,6,3,0,0,2023-07,101362
6341,3552,635,14,1,0.22466621822752836,34,20,7,0,0,2023-08,101363
49623,3660,747,40,0,0.8613012938796862,56,21,9,0,1,2023-05,101364
29791,3715,800,39,5,0.47257501304560423,43,29,3,0,1,2023-06,101365
5338,9922,596,14,4,0.39853833584669957,53,11,8,0,0,2023-06,101366
10895,6585,532,18,0,0.6639145939003994,68,15,0,0,0,2023-05,101367
17254,6761,634,11,6,0.7639935070011004,62,22,5,0,1,2023-08,101368
16344,9337,754,9,6,0.8503168297463546,64,23,0,0,1,2023-06,101369
6750,5529,777,51,2,0.47822795639925436,63,4,5,0,0,2023-05,101370
7421,6970,632,33,7,0.8498406801192557,22,27,3,0,0,2023-08,101371
44887,6407,737,16,5,0.5719048002971665,42,24,7,0,1,2023-05,101372
10319,4458,514,39,3,0.28091381403618,39,14,7,0,0,2023-09,101373
20896,6267,776,40,9,0.8770459861726234,64,5,8,0,1,2023-08,101374
16918,3854,625,10,9,0.6381078256836915,34,23,6,0,0,2023-05,101375
30064,9641,844,44,9,0.6819756575579083,62,22,7,0,1,2023-06,101376
32935,9355,516,16,2,0.9499930157557883,35,27,2,0,1,2023-09,101377
42641,7760,811,17,0,0.6473211879514043,26,27,9,0,1,2023-08,101378
34711,9813,549,48,1,0.2044668245423912,52,21,3,0,0,2023-08,101379
9806,6537,634,24,1,0.8964926728024822,38,23,3,0,0,2023-08,101380
46360,4897,617,18,4,0.427800864258768,37,11,5,0,0,2023-07,101381
17182,8770,805,9,3,0.6014135366272031,60,20,6,0,1,2023-05,101382
27297,9364,559,19,1,0.3639092820491362,37,7,8,0,0,2023-05,101383
24541,3272,624,49,8,0.43758685476397874,22,13,9,0,0,2023-08,101384
33921,8273,615,7,6,0.7493190784536272,22,19,5,0,1,2023-09,101385
21774,7087,672,13,7,0.5436586808303312,55,24,1,0,0,2023-06,101386
49813,4272,686,27,7,0.7017045044651098,35,26,9,0,1,2023-07,101387
42198,7374,587,56,1,0.8588605530503608,62,4,9,0,1,2023-09,101388
13820,7019,702,18,4,0.47265761774907616,42,20,6,0,0,2023-06,101389
29070,3815,810,26,2,0.6546720306608328,42,12,9,0,0,2023-06,101390
9232,7371,819,26,9,0.8220703146985091,34,14,8,0,1,2023-06,101391
16122,8100,681,33,8,0.7720985542154997,28,1,7,0,1,2023-05,101392
20023,9657,667,38,8,0.6318747487854808,59,8,3,0,1,2023-07,101393
13007,3922,680,34,5,0.5067068085818841,57,16,1,0,0,2023-06,101394
22905,7737,799,42,3,0.526001584986414,37,21,7,0,1,2023-05,101395
46786,7600,629,27,7,0.5465081695970124,57,25,5,0,1,2023-08,101396
34398,9733,648,31,4,0.4790764231569215,25,19,7,0,1,2023-08,101397
39268,7867,805,16,2,0.7592605079117585,63,5,8,0,1,2023-09,101398
11737,4264,708,16,7,0.3003322018174638,56,14,2,0,0,2023-09,101399
41062,6724,610,50,5,0.9739632965738214,65,12,7,0,1,2023-09,101400
30510,5787,636,39,4,0.8231884015772322,25,12,9,0,1,2023-05,101401
24426,5722,710,24,0,0.4385304417334191,40,20,7,0,0,2023-06,101402
42265,8355,645,53,2,0.23403805541650852,49,12,4,0,0,2023-05,101403
22850,8109,583,42,6,0.7690425379031409,47,11,5,0,1,2023-06,101404
5614,7223,529,19,2,0.7874872359758667,39,15,4,0,0,2023-05,101405
26776,5550,564,34,0,0.9708980884220613,38,7,5,0,0,2023-08,101406
29077,8319,523,24,7,0.40296444606013204,33,10,0,0,0,2023-08,101407
14374,5949,710,42,6,0.2661800721633791,20,5,9,0,0,2023-05,101408
40435,9686,721,26,4,0.9321078061747461,46,15,9,0,1,2023-08,101409
35907,8621,589,29,9,0.4069192276902202,51,2,9,0,1,2023-05,101410
18409,4673,605,31,4,0.7772251578591056,48,22,1,0,0,2023-07,101411
21514,7587,671,46,5,0.24852771026214235,50,13,7,0,0,2023-06,101412
34866,6092,729,17,6,0.8084678439809336,44,14,0,0,1,2023-09,101413
7983,8353,576,53,2,0.3016207177097123,26,20,8,0,0,2023-09,101414
36705,9857,567,24,3,0.7564690784332828,58,6,6,0,1,2023-05,101415
25662,5838,591,52,0,0.6258744382827239,65,1,0,0,0,2023-09,101416
28510,4666,587,54,6,0.9643905043738084,35,15,4,0,1,2023-07,101417
17651,7511,549,35,9,0.22953411446187444,63,11,1,0,0,2023-07,101418
45998,5195,602,20,1,0.4336389966400465,30,13,0,0,0,2023-07,101419
33535,8065,545,8,6,0.2556071338673951,37,28,0,0,0,2023-08,101420
11640,9172,678,54,5,0.9033581081917752,63,17,4,0,1,2023-06,101421
49547,4384,766,18,3,0.6751209229288861,61,4,3,0,1,2023-05,101422
20317,7403,767,14,1,0.6279756898863191,24,23,4,0,0,2023-07,101423
12564,6954,819,18,6,0.3051663136930478,21,11,5,0,0,2023-07,101424
32345,9305,507,21,6,0.5912258058504407,29,23,0,0,0,2023-07,101425
33687,5899,764,56,4,0.5189629241406524,45,1,1,0,0,2023-08,101426
18737,3060,577,19,8,0.4526014945112186,43,14,1,0,0,2023-05,101427
14323,9268,739,13,2,0.8177511643988755,45,21,4,0,1,2023-09,101428
20229,8575,757,59,8,0.24902083186675583,35,22,9,0,1,2023-09,101429
49481,9981,695,24,4,0.7173485818897614,44,5,8,0,1,2023-05,101430
13502,9026,829,37,1,0.8583944249617694,57,23,6,0,1,2023-06,101431
5545,6947,630,40,8,0.9258458262882596,25,22,9,0,1,2023-07,101432
42114,9609,842,28,0,0.7967332758043282,31,21,3,0,1,2023-06,101433
34430,5290,760,26,0,0.42596454308657244,28,5,4,0,0,2023-07,101434
14996,8609,741,23,6,0.6804059684189627,68,25,6,0,1,2023-06,101435
32788,3472,670,53,2,0.31312288873148425,61,3,9,0,0,2023-08,101436
34969,3958,646,19,7,0.2936484989958208,27,9,8,0,0,2023-06,101437
18919,3532,769,21,6,0.7108993137108117,50,13,9,0,1,2023-07,101438
8810,3493,648,29,6,0.8808861236673622,60,11,6,0,0,2023-07,101439
35586,3081,798,54,0,0.25379850055969516,51,18,1,0,0,2023-09,101440
44974,9999,527,57,0,0.284802985706639,26,10,3,0,0,2023-08,101441
46773,7974,648,37,1,0.6524858459434856,51,23,9,0,1,2023-05,101442
21371,8641,779,16,1,0.3745694888154722,61,6,3,0,0,2023-06,101443
34629,5970,681,50,4,0.6894544982221182,44,24,8,0,1,2023-07,101444
13436,3011,665,16,8,0.37163506020427195,52,9,7,0,0,2023-08,101445
17984,8382,516,9,6,0.2931855794448476,47,13,5,0,0,2023-07,101446
38039,7544,649,31,1,0.6364599857318619,30,22,7,0,1,2023-08,101447
24895,3761,838,51,4,0.8897561104260951,50,18,6,0,1,2023-09,101448
23155,6185,544,10,4,0.748097577720424,29,10,7,0,0,2023-05,101449
15616,3025,829,41,7,0.8549801100287717,21,15,6,0,1,2023-08,101450
42129,4806,688,38,8,0.41306813951203863,65,12,1,0,1,2023-08,101451
44837,9651,638,19,7,0.9087829210376206,63,20,5,0,1,2023-09,101452
29574,8664,560,37,1,0.5016313396610166,23,15,3,0,0,2023-09,101453
8430,7157,793,12,3,0.8819581342855949,41,14,3,0,0,2023-06,101454
17676,7324,821,15,1,0.5769404721189809,64,19,9,0,1,2023-07,101455
15816,8934,532,7,5,0.414286117888397,47,19,5,0,0,2023-06,101456
37733,7702,798,15,3,0.4082070648214344,29,21,7,0,1,2023-06,101457
25144,8154,611,40,6,0.6541343074917223,21,10,4,0,1,2023-06,101458
7050,8824,790,26,1,0.2632082161654767,68,1,2,0,0,2023-09,101459
49460,8575,536,45,8,0.944044955670807,50,25,0,0,1,2023-05,101460
38933,6659,599,47,4,0.41717079655882855,61,20,4,0,1,2023-06,101461
29951,4525,522,13,0,0.4684998542766843,42,7,2,0,0,2023-08,101462
37413,3760,717,51,2,0.3866412429929862,35,23,2,0,0,2023-08,101463
39801,3594,588,23,3,0.20240636844857712,28,23,3,0,0,2023-08,101464
37913,8688,708,14,2,0.7540401894470383,62,11,8,0,1,2023-05,101465
45600,4055,770,59,5,0.6724423208273789,25,21,3,0,1,2023-07,101466
30280,4854,736,46,5,0.8477156321576926,44,4,4,0,1,2023-05,101467
29557,6083,708,35,9,0.2328086187607844,23,4,9,0,1,2023-09,101468
40400,6916,777,9,6,0.9429245157866564,67,29,4,0,1,2023-09,101469
9494,6675,705,40,8,0.46470955204829245,31,21,0,0,0,2023-05,101470
20152,5048,577,19,9,0.9304558900046351,43,22,6,0,1,2023-08,101471
28895,4458,827,19,8,0.28570518565403163,46,10,1,0,0,2023-09,101472
14155,8957,597,58,6,0.7951364651757129,67,23,5,0,1,2023-06,101473
36883,8255,845,53,0,0.6634865851458613,22,5,3,0,1,2023-08,101474
48194,4219,849,42,2,0.4865529722020672,31,29,4,0,1,2023-05,101475
48001,7228,835,25,4,0.26331391674641547,66,16,4,0,1,2023-05,101476
6828,7181,593,34,9,0.6837892078773924,49,28,3,0,1,2023-09,101477
46898,4499,579,28,5,0.2211519064591305,31,12,1,0,0,2023-08,101478
37123,4830,537,52,5,0.6010256793168061,60,25,7,0,1,2023-09,101479
42573,6395,727,26,4,0.6833668606349239,61,25,0,0,1,2023-07,101480
5806,4203,633,36,5,0.7860189978300176,59,1,8,0,0,2023-05,101481
45970,9659,695,37,8,0.9930677073798768,64,5,5,0,1,2023-06,101482
34757,7270,781,46,0,0.4080749708062119,41,18,3,0,0,2023-09,101483
39636,5810,600,12,0,0.4579118570987801,34,4,5,0,0,2023-05,101484
19561,6092,574,18,8,0.4729162774471936,47,27,8,0,1,2023-06,101485
29262,6044,793,28,7,0.7852661694870682,36,15,8,0,1,2023-06,101486
19899,9071,707,13,8,0.945455414604891,63,23,2,0,1,2023-06,101487
20934,7673,582,17,6,0.979458999665247,67,26,7,0,1,2023-05,101488
43197,6514,642,41,9,0.9566490932465033,44,6,0,0,1,2023-09,101489
46844,4798,555,21,5,0.9035064061721947,62,7,8,0,1,2023-05,101490
41332,9192,786,31,8,0.9927818990565049,64,19,6,0,1,2023-09,101491
39157,5575,710,34,1,0.5007565814675976,22,14,9,0,0,2023-06,101492
16593,3144,678,34,3,0.9586570559989651,55,15,6,0,0,2023-07,101493
45042,7857,557,11,1,0.8088159699167294,50,21,5,0,1,2023-07,101494
22320,6926,572,42,5,0.33476788762238263,34,16,0,0,0,2023-08,101495
32376,4377,714,38,0,0.23637215030176187,65,22,1,0,0,2023-08,101496
48513,6146,765,36,6,0.3715871662962578,47,15,2,0,1,2023-08,101497
19199,4825,572,51,6,0.823000899430101,62,27,0,0,0,2023-08,101498
20876,8024,770,46,6,0.7053575049807075,50,6,4,0,1,2023-05,101499
13245,3793,733,23,3,0.3794850058773482,64,6,4,0,0,2023-07,101500
12214,4601,818,43,7,0.7935371635770874,39,25,5,0,1,2023-07,101501
5726,8756,518,52,4,0.3130577915505624,69,6,6,0,0,2023-06,101502
16362,7414,612,36,1,0.8574731150869557,64,12,9,0,1,2023-07,101503
23297,4110,562,21,4,0.8353287807765857,40,2,8,0,0,2023-07,101504
35448,8672,683,45,9,0.9780607765648388,46,25,6,0,1,2023-07,101505
31172,7053,776,56,8,0.3202236517034545,38,4,5,0,1,2023-05,101506
47874,7793,661,42,9,0.9252903955316802,55,23,8,0,1,2023-07,101507
12657,6937,742,19,0,0.47288213097747084,31,6,1,0,0,2023-08,101508
23850,6963,644,44,1,0.5328478918362494,54,25,5,0,0,2023-07,101509
30425,7942,645,9,9,0.5747560503094156,67,10,4,0,1,2023-07,101510
31685,8897,580,35,7,0.7015232425620448,52,29,5,0,1,2023-09,101511
29578,3782,821,58,4,0.9958106960944342,55,19,9,0,1,2023-09,101512
33831,9185,820,38,8,0.6799670424441866,60,24,0,0,1,2023-09,101513
12906,4116,542,41,5,0.9413726920323258,42,5,4,0,0,2023-05,101514
12287,4750,812,35,7,0.4040225616677784,32,6,7,0,0,2023-08,101515
38660,5576,792,19,0,0.5187293294521198,49,14,2,0,0,2023-06,101516
15222,7027,675,28,8,0.6035996235508647,29,15,2,0,0,2023-07,101517
42443,6336,568,53,8,0.4583215918293366,60,19,6,0,1,2023-08,101518
39701,8745,555,33,2,0.9814936823714642,39,19,6,0,1,2023-07,101519
22764,7387,618,12,0,0.7805468431177818,25,7,1,0,0,2023-07,101520
49641,8064,703,47,7,0.5831050817460481,50,22,7,0,1,2023-09,101521
22674,4487,554,15,7,0.8010437609678351,38,18,4,0,0,2023-08,101522
23024,6875,537,9,8,0.573953999266121,22,26,8,0,0,2023-09,101523
28874,6631,742,49,5,0.21378026189434085,29,29,0,0,0,2023-09,101524
48642,8938,700,43,8,0.6345547262482689,29,12,3,0,1,2023-08,101525
37284,7192,735,18,9,0.7001481750089613,40,8,7,0,1,2023-06,101526
22602,6958,514,26,8,0.9849659349748494,21,28,8,0,1,2023-06,101527
42784,8214,643,38,3,0.23263427860849417,64,21,8,0,1,2023-06,101528
28265,6397,576,45,4,0.6096775659641072,58,23,9,0,1,2023-06,101529
30931,3073,808,33,5,0.27852380536668947,64,3,0,0,0,2023-08,101530
33841,4359,762,28,5,0.31919672125676835,49,15,0,0,0,2023-05,101531
34192,4091,684,37,9,0.6883706711747808,65,10,6,0,1,2023-09,101532
47520,7853,554,53,1,0.3852541698131979,47,21,5,0,1,2023-08,101533
20585,4941,807,10,3,0.7993392890360196,37,28,6,0,0,2023-07,101534
30559,6148,503,31,8,0.6113589540762182,33,19,7,0,1,2023-06,101535
45059,7303,798,44,6,0.3745703081325898,64,12,5,0,1,2023-05,101536
38742,4244,539,31,8,0.595033342080852,38,3,9,0,1,2023-06,101537
9133,4285,729,8,5,0.20070538152649658,59,28,9,0,0,2023-05,101538
19663,7505,785,29,6,0.8901920349262729,55,14,9,0,1,2023-09,101539
26754,9474,637,58,8,0.21014270164461024,60,17,6,0,1,2023-07,101540
8972,9487,602,39,3,0.20560791399374603,31,27,6,0,0,2023-06,101541
10295,6036,506,39,8,0.6892031545437176,39,3,6,0,0,2023-05,101542
46873,3770,663,25,2,0.9788167406320663,53,7,1,0,0,2023-07,101543
34125,4843,775,35,7,0.8847467874831831,55,27,2,0,1,2023-08,101544
45996,3073,548,47,2,0.40161513007156135,40,25,9,0,0,2023-08,101545
14903,4660,595,25,2,0.35733344891814856,38,17,8,0,0,2023-06,101546
8020,7349,558,46,2,0.7008897445067643,60,15,0,0,0,2023-09,101547
46755,3819,730,23,8,0.8581101976176619,60,20,7,0,1,2023-07,101548
25420,6818,676,43,9,0.4896629367200238,62,10,6,0,1,2023-06,101549
26452,8081,589,25,2,0.5458836722936607,61,7,5,0,0,2023-06,101550
43001,3331,781,11,5,0.29239161094220095,54,22,0,0,0,2023-05,101551
14516,4421,535,47,3,0.3222611370042874,27,20,8,0,0,2023-07,101552
7396,6655,670,30,1,0.6546812760208167,41,27,1,0,0,2023-08,101553
23546,9890,625,46,2,0.2821249165987496,62,3,9,0,1,2023-07,101554
24129,7931,798,46,4,0.3616368998367208,57,22,4,0,1,2023-09,101555
6591,4691,703,8,9,0.3877416192095073,37,15,8,0,0,2023-07,101556
16303,7550,788,49,3,0.5551396265709043,27,20,7,0,1,2023-09,101557
35561,9025,596,48,4,0.236489571298909,21,5,9,0,0,2023-08,101558
11183,8234,737,51,0,0.5998167773543509,39,2,3,0,0,2023-05,101559
31572,7408,672,24,3,0.9429395251152652,24,9,7,0,1,2023-05,101560
39080,8113,800,15,9,0.2195709288952581,61,18,8,0,1,2023-09,101561
25695,3227,587,56,2,0.7047878921659723,49,13,4,0,0,2023-06,101562
12314,5881,516,10,1,0.8686738921212338,37,20,0,0,0,2023-05,101563
24623,7953,639,27,6,0.44996867403934176,63,24,5,0,1,2023-09,101564
7139,8364,753,14,9,0.3052148360153799,42,7,3,0,0,2023-09,101565
36290,5865,777,38,8,0.23467183008741044,21,4,5,0,1,2023-09,101566
23088,8113,650,20,0,0.715122447548642,61,8,0,0,0,2023-08,101567
44692,5575,845,29,6,0.6417875041832547,63,27,3,0,1,2023-05,101568
38130,8045,833,35,0,0.3834359907135981,56,6,4,0,1,2023-05,101569
37088,7522,639,41,4,0.8652938461053985,61,24,5,0,1,2023-08,101570
31292,9185,613,44,0,0.7884050817218748,51,4,4,0,1,2023-07,101571
25670,3464,567,11,2,0.42114302798942654,20,5,1,0,0,2023-05,101572
8738,8741,678,20,7,0.8026904182917072,58,20,2,0,1,2023-08,101573
7469,3277,624,43,3,0.3959953708006181,20,23,4,0,0,2023-07,101574
27534,9979,812,44,0,0.7402139694930887,68,20,6,0,1,2023-08,101575
14017,7114,810,57,0,0.29483603285910354,63,21,3,0,0,2023-07,101576
7808,3065,837,27,7,0.7537915706665659,50,9,5,0,0,2023-05,101577
17713,7262,732,8,7,0.39101953518580823,58,8,8,0,1,2023-08,101578
45329,8704,646,58,3,0.6579754833933713,27,2,9,0,1,2023-08,101579
7719,3402,610,34,3,0.337971093481506,22,7,6,0,0,2023-05,101580
27890,6983,737,34,9,0.780773558054362,66,28,2,0,1,2023-09,101581
16700,7504,502,36,1,0.24870365951444137,31,18,4,0,0,2023-05,101582
41509,9255,710,50,1,0.33233422944217506,68,10,8,0,1,2023-07,101583
47534,6478,524,7,5,0.3473091838966692,53,3,4,0,0,2023-07,101584
41766,6444,830,40,7,0.23307486868319885,68,17,2,0,1,2023-06,101585
31705,7692,683,50,6,0.7960100129281966,44,2,7,0,1,2023-07,101586
23787,9794,560,14,6,0.9847620037919462,55,3,6,0,1,2023-08,101587
31588,8158,622,27,2,0.8227182307293459,26,5,4,0,0,2023-08,101588
31123,9248,554,24,1,0.8885055696979165,34,13,4,0,0,2023-09,101589
38062,7419,662,55,9,0.20480612827062172,40,13,0,0,1,2023-09,101590
15177,9078,686,42,6,0.29429597101967464,44,6,7,0,1,2023-09,101591
26727,6039,538,15,3,0.64721627143589,67,14,5,0,0,2023-07,101592
35220,4437,684,51,0,0.9822951078353339,57,23,4,0,1,2023-07,101593
14882,3428,582,26,0,0.728570344838563,56,5,6,0,0,2023-06,101594
6136,5682,694,22,3,0.49930935499046214,35,21,1,0,0,2023-06,101595
39832,5777,533,8,4,0.3169194443851674,20,27,2,0,0,2023-05,101596
36966,8180,612,12,4,0.32226855550612066,66,24,8,0,1,2023-08,101597
12009,8731,729,46,0,0.49020256185342703,56,1,4,0,0,2023-08,101598
17987,6378,782,42,2,0.771048157875206,64,9,5,0,1,2023-06,101599
42311,8473,786,41,5,0.22545543281992853,33,3,7,0,1,2023-09,101600
36575,3392,654,8,9,0.8817420731693109,53,27,2,0,1,2023-07,101601
6007,9347,664,18,6,0.9532411485518446,21,6,0,0,0,2023-05,101602
10445,9401,681,46,0,0.911053168424665,50,4,3,0,0,2023-05,101603
15706,9629,738,35,7,0.9304215275175145,38,2,1,0,1,2023-05,101604
49486,8636,636,28,3,0.212271423534611,38,16,8,0,1,2023-06,101605
34257,7541,838,12,8,0.9822338527599166,63,29,3,0,1,2023-09,101606
26736,8299,765,35,5,0.4930856919122791,42,6,8,0,1,2023-08,101607
47207,8119,686,34,0,0.8954248946921399,49,14,6,0,1,2023-06,101608
18281,3341,539,13,1,0.3494470965596913,36,10,6,0,0,2023-06,101609
6435,3132,809,15,2,0.5572205941297895,21,24,0,0,0,2023-08,101610
38339,9586,666,38,1,0.23533151089918133,30,4,1,0,0,2023-09,101611
40150,8955,759,25,9,0.2320607974742618,68,24,6,0,1,2023-06,101612
30821,9396,642,34,6,0.9546208806157106,33,7,4,0,1,2023-07,101613
31660,3264,703,34,0,0.8484852900232314,60,17,6,0,0,2023-09,101614
10084,7188,675,58,8,0.6238608355310347,48,5,2,0,1,2023-08,101615
21661,4685,761,26,1,0.6203665388516303,38,14,7,0,0,2023-09,101616
18507,4434,751,6,3,0.7990036947809491,47,16,3,0,0,2023-06,101617
12059,9281,828,56,7,0.4733350252563921,20,8,7,0,1,2023-08,101618
23271,8327,699,39,2,0.8094954206895617,24,16,5,0,1,2023-05,101619
12491,8097,698,49,8,0.588006703994618,53,6,8,0,1,2023-08,101620
19859,4660,695,37,6,0.710333922329172,33,25,5,0,1,2023-06,101621
13073,6817,813,50,9,0.9718635600825183,38,11,3,0,1,2023-08,101622
14077,8692,576,19,2,0.5770524460162092,43,23,2,0,0,2023-05,101623
25953,5354,518,42,2,0.5347237277971602,59,2,3,0,0,2023-08,101624
16383,3265,561,40,4,0.9245993391530869,36,1,6,0,0,2023-08,101625
7353,7741,826,29,4,0.9220643959330752,21,28,7,0,1,2023-09,101626
28821,9461,780,54,9,0.9939349615065407,50,9,1,0,1,2023-08,101627
42567,4136,749,6,4,0.6406903994466473,36,29,8,0,1,2023-07,101628
29860,8497,726,51,8,0.4754092328212822,27,5,6,0,1,2023-08,101629
26195,7549,626,11,8,0.3923120505421629,65,2,6,0,0,2023-06,101630
16939,9334,557,54,5,0.22727708556132944,36,27,9,0,1,2023-08,101631
30338,9010,703,9,6,0.7813828993687084,57,14,3,0,1,2023-08,101632
26730,8559,742,43,9,0.3867809389883574,45,29,6,0,1,2023-06,101633
26427,8306,831,6,7,0.6853127081805259,62,20,1,0,1,2023-09,101634
40196,7926,825,46,8,0.9332738922915165,59,26,9,0,1,2023-06,101635
32083,4390,751,36,5,0.9601708859156215,64,13,2,0,1,2023-05,101636
26510,4112,821,41,7,0.20352810718424827,59,12,1,0,0,2023-06,101637
49064,5234,698,14,1,0.45366002510108516,26,22,4,0,0,2023-05,101638
12813,5866,842,46,9,0.8699024235721815,43,9,0,0,1,2023-06,101639
36598,9065,739,59,7,0.6291561642812282,49,24,1,0,1,2023-05,101640
32570,6068,638,50,1,0.8460069867857223,45,6,5,0,0,2023-07,101641
32082,5179,621,28,7,0.8826586262703504,49,4,5,0,1,2023-08,101642
34241,7967,548,36,1,0.5541009759530582,54,10,7,0,0,2023-05,101643
35678,3634,803,34,2,0.48718635041982844,21,5,8,0,0,2023-07,101644
49569,6631,614,54,6,0.5643466128404204,63,27,8,0,1,2023-05,101645
16745,4399,842,26,8,0.7222361620994131,23,27,6,0,1,2023-09,101646
31029,7786,750,8,2,0.4937273223094547,24,4,9,0,0,2023-09,101647
18025,5739,506,31,4,0.8199906309582021,67,20,0,0,0,2023-07,101648
41124,6170,718,11,8,0.923194234948018,21,24,3,0,1,2023-08,101649
19288,4865,576,25,6,0.4258489617269812,50,4,6,0,0,2023-07,101650
28650,8153,678,52,1,0.9719917153393915,46,13,1,0,1,2023-06,101651
11540,4955,644,51,4,0.6981801973802485,43,16,8,0,0,2023-06,101652
37232,7677,653,18,4,0.9025350169757929,64,11,0,0,1,2023-08,101653
21422,5218,620,46,8,0.2831331482176844,23,19,8,0,0,2023-07,101654
8342,4389,623,28,1,0.401199309644991,47,18,6,0,0,2023-09,101655
46846,7879,649,20,0,0.4568152635460738,24,26,9,0,1,2023-09,101656
40612,6130,767,51,3,0.44225772093961063,46,1,5,0,1,2023-06,101657
15396,7276,826,36,3,0.33748892527882546,63,21,6,0,1,2023-07,101658
22482,7114,500,9,0,0.894560758019866,66,4,1,0,0,2023-07,101659
28411,4249,660,16,9,0.5348897130316401,24,26,9,0,1,2023-09,101660
18261,6166,743,59,6,0.9705041699734305,24,9,1,0,1,2023-08,101661
8093,8712,750,7,1,0.6667778934321178,67,9,2,0,0,2023-08,101662
16722,9318,563,21,8,0.3107157085158905,28,11,5,0,0,2023-08,101663
27042,4245,798,56,6,0.6367237678671658,66,5,0,0,1,2023-06,101664
49413,8734,747,36,6,0.9948361181793939,46,21,3,0,1,2023-09,101665
33087,3053,796,53,0,0.6521373496794198,23,6,7,0,0,2023-05,101666
37347,9838,614,44,8,0.2014954761036501,68,20,7,0,1,2023-05,101667
38756,5910,794,48,9,0.9464639228723353,43,29,4,0,1,2023-07,101668
44214,8522,500,49,8,0.3879155249025515,46,6,6,0,1,2023-05,101669
21335,5396,540,9,1,0.7508232424551653,20,8,4,0,0,2023-07,101670
33602,3442,672,53,9,0.6120641239643542,51,28,3,0,1,2023-05,101671
39450,9976,587,33,8,0.46034700547270896,35,21,5,0,1,2023-07,101672
37196,7675,597,21,1,0.42611161894111094,42,24,7,0,0,2023-06,101673
10626,6611,587,44,1,0.9430078900056837,47,24,9,0,0,2023-06,101674
12424,7377,750,30,7,0.9295407167358698,39,19,0,0,1,2023-07,101675
17857,5407,834,18,2,0.6105078720430234,36,22,2,0,0,2023-09,101676
49923,3822,640,10,2,0.4067961564281114,55,1,3,0,0,2023-08,101677
24982,6702,570,35,6,0.2818736257375982,64,5,4,0,0,2023-05,101678
16425,5939,636,6,9,0.32526110628726845,27,23,0,0,0,2023-07,101679
6980,8765,598,10,5,0.6178013805924836,37,21,8,0,0,2023-09,101680
31431,7736,650,59,6,0.4462639684632073,32,19,7,0,1,2023-07,101681
24440,4031,674,19,5,0.23365451380796537,28,2,1,0,0,2023-07,101682
46752,5016,666,16,8,0.5641339082488801,56,28,4,0,1,2023-09,101683
22175,3562,842,39,1,0.796951433971451,49,16,8,0,1,2023-05,101684
31385,5538,756,34,7,0.91335609276799,62,2,2,0,1,2023-08,101685
43158,3340,723,23,5,0.6682272365464714,47,9,4,0,0,2023-06,101686
28019,7567,829,20,3,0.7786336990739569,65,18,8,0,1,2023-09,101687
23639,8806,564,51,5,0.49125637669194594,69,16,5,0,1,2023-05,101688
24994,6775,568,30,5,0.5969905433735516,37,7,4,0,0,2023-09,101689
39375,5296,566,35,9,0.7837014852080235,39,9,7,0,1,2023-08,101690
26563,3234,549,50,2,0.7821265818978356,67,12,4,0,0,2023-06,101691
44341,8202,813,7,7,0.5396210116556033,55,19,8,0,1,2023-08,101692
10776,4116,808,56,4,0.6349338732466583,38,23,2,0,0,2023-09,101693
41444,4908,590,45,9,0.9390842716407757,24,1,0,0,1,2023-05,101694
8380,4417,614,32,3,0.705598083954587,53,28,3,0,0,2023-09,101695
13711,7919,556,59,1,0.7140597005492717,36,6,6,0,0,2023-06,101696
13782,4291,841,54,9,0.8276962339082881,47,27,2,0,1,2023-05,101697
22434,6488,517,20,0,0.2921783170527783,55,2,9,0,0,2023-05,101698
25017,7727,771,37,6,0.618307433318982,57,26,7,0,1,2023-09,101699
35707,6654,629,25,9,0.9675453890167856,49,17,1,0,1,2023-09,101700
44110,3528,768,58,2,0.48932831374087915,37,21,8,0,1,2023-09,101701
22343,6324,579,19,2,0.43594091713767286,25,14,2,0,0,2023-07,101702
43827,4980,798,32,2,0.6809663724838062,45,13,5,0,1,2023-09,101703
46652,9265,809,8,9,0.37689553965224276,34,22,6,0,1,2023-07,101704
10655,5939,701,54,2,0.6447561252189191,20,11,4,0,0,2023-05,101705
49859,9153,724,8,1,0.32452160868611246,36,16,9,0,1,2023-06,101706
20251,8435,658,18,5,0.6638347685583246,50,18,4,0,1,2023-09,101707
5526,9981,703,30,9,0.681903346916142,21,20,0,0,1,2023-08,101708
8224,8392,636,23,2,0.5347203832098103,55,3,3,0,0,2023-06,101709
16536,4329,572,6,0,0.5061971403509509,54,1,0,0,0,2023-08,101710
33541,4233,547,44,9,0.3963666227203595,46,14,8,0,1,2023-07,101711
18547,9077,517,10,8,0.4647378462668755,22,17,8,0,0,2023-05,101712
39531,4753,766,7,5,0.5986767737530907,65,3,4,0,1,2023-06,101713
13712,5800,839,35,5,0.39812712082328083,39,12,4,0,0,2023-05,101714
43565,5933,518,22,9,0.82626757069749,27,2,4,0,1,2023-06,101715
14208,9607,599,34,8,0.7672281930606173,48,2,6,0,1,2023-08,101716
10109,5759,615,58,1,0.4154446937167964,27,12,5,0,0,2023-05,101717
40201,5775,845,47,9,0.2779481304812384,60,26,1,0,1,2023-07,101718
21967,9860,573,9,8,0.20014403118717025,69,21,9,0,1,2023-08,101719
34759,9044,779,14,2,0.6773750819051911,46,5,2,0,1,2023-07,101720
25172,6487,768,26,2,0.3690909971629191,45,28,4,0,0,2023-05,101721
41935,9223,624,48,2,0.21006597608123131,58,23,6,0,1,2023-06,101722
31589,6850,615,17,0,0.4872682164736182,29,16,1,0,0,2023-07,101723
35015,5527,673,17,9,0.9695987698539468,49,5,3,0,1,2023-06,101724
34009,7997,680,55,6,0.751954246103854,52,3,0,0,1,2023-07,101725
22773,3890,725,9,9,0.8862109623379666,55,26,6,0,1,2023-07,101726
46125,8666,656,33,6,0.3157912786085841,39,6,1,0,1,2023-05,101727
31143,8920,663,14,1,0.2586305236955491,23,19,7,0,0,2023-08,101728
11154,5065,570,45,5,0.20922381080777797,42,12,9,0,0,2023-05,101729
26804,4188,721,56,3,0.9645298320155897,48,8,0,0,0,2023-07,101730
46688,8644,625,37,6,0.4401621882828388,65,6,1,0,1,2023-08,101731
25581,7297,644,18,6,0.5676039538726865,51,14,7,0,1,2023-08,101732
35087,3740,675,39,3,0.5156188988814197,56,23,4,0,0,2023-07,101733
37981,4369,651,24,2,0.7843655483142875,56,29,4,0,1,2023-08,101734
8762,4389,681,19,6,0.44797190556219446,45,3,6,0,0,2023-08,101735
14768,5000,846,10,8,0.6283623060912413,24,11,3,0,0,2023-06,101736
48408,4471,584,32,3,0.9964658119643741,43,7,8,0,1,2023-09,101737
44499,4536,620,33,5,0.555250841075389,62,9,2,0,0,2023-05,101738
43559,3318,628,31,6,0.6410172325598045,21,24,7,0,1,2023-06,101739
13783,5264,505,15,9,0.6020224498486703,34,11,2,0,0,2023-08,101740
34781,8153,833,29,2,0.8425489265088257,65,13,7,0,1,2023-09,101741
35811,4894,682,22,4,0.41347172322686004,65,18,0,0,0,2023-06,101742
40488,9409,537,57,0,0.3363504129142376,59,10,9,0,1,2023-07,101743
13905,6711,615,21,5,0.8032745266118897,27,26,9,0,1,2023-05,101744
14127,7819,601,22,4,0.5324945490949233,56,29,6,0,0,2023-06,101745
27431,5822,507,6,6,0.9309808071813499,56,2,0,0,0,2023-06,101746
11368,8796,717,26,8,0.7153274286347182,33,7,1,0,1,2023-09,101747
32424,7508,706,59,3,0.651474489369394,24,15,0,0,1,2023-05,101748
23333,4275,577,52,8,0.25636564386070176,28,10,9,0,0,2023-05,101749
28116,6083,554,54,5,0.7843295241102384,41,12,2,0,0,2023-07,101750
48201,3400,803,48,4,0.7488322924103665,62,20,8,0,1,2023-07,101751
20525,8935,727,27,1,0.712057539589724,68,25,0,0,0,2023-05,101752
28398,3723,587,10,0,0.41432761885655245,63,22,2,0,0,2023-06,101753
37857,5329,509,41,7,0.9573914573395557,63,9,1,0,1,2023-09,101754
15361,4135,807,26,5,0.4573241016262561,67,27,4,0,0,2023-07,101755
21369,5770,789,14,6,0.32178476540314743,49,19,6,0,0,2023-05,101756
8041,7846,663,32,5,0.9897609239480112,52,22,5,0,1,2023-05,101757
5105,3267,738,53,9,0.7969970232990145,69,6,9,0,1,2023-05,101758
14078,9441,816,17,6,0.531829505860945,57,24,4,0,1,2023-06,101759
30003,8436,643,23,8,0.9487331447109655,56,23,2,0,1,2023-09,101760
11090,3569,834,59,4,0.27289389949295784,69,19,6,0,0,2023-09,101761
43850,5556,517,40,0,0.27012897314124623,64,1,8,0,0,2023-06,101762
6925,4973,570,20,0,0.7459608149028685,57,2,1,0,0,2023-08,101763
23440,3545,674,55,8,0.3423776387030748,26,15,5,0,0,2023-08,101764
44685,5822,841,49,4,0.9337116121546274,22,11,4,0,1,2023-07,101765
31015,7460,787,35,1,0.8722873394390966,62,26,8,0,1,2023-07,101766
38320,7642,798,50,2,0.4450937792809492,59,18,7,0,1,2023-05,101767
30291,3270,838,38,0,0.9110716658154963,51,1,8,0,1,2023-06,101768
41679,3738,747,41,5,0.23431014960586272,55,4,6,0,0,2023-06,101769
31289,9680,692,45,5,0.6389102821899951,61,22,4,0,1,2023-09,101770
8389,4257,824,56,2,0.9484502189670667,60,4,3,0,0,2023-07,101771
30683,3058,805,58,2,0.8843063831485585,64,29,7,0,1,2023-06,101772
18629,8370,767,35,6,0.484858659040796,38,4,1,0,0,2023-05,101773
29826,8966,703,31,0,0.34629634818770794,50,27,0,0,0,2023-07,101774
40198,7181,840,26,4,0.3684324707229957,49,25,2,0,1,2023-08,101775
31630,7858,622,42,2,0.6116063024627243,66,18,6,0,1,2023-09,101776
38226,3389,557,48,4,0.6774183550691792,56,1,0,0,0,2023-08,101777
37975,8299,838,36,3,0.22625145329890917,44,7,4,0,1,2023-09,101778
5899,3718,700,22,5,0.5308412473879105,32,14,4,0,0,2023-07,101779
16653,9999,611,22,8,0.8643096925151237,31,16,2,0,1,2023-09,101780
32961,7244,627,39,1,0.5554631601886377,28,15,0,0,0,2023-07,101781
21405,7678,535,29,9,0.33534031275952836,59,5,4,0,0,2023-05,101782
13601,3120,733,38,7,0.9638882344152775,28,13,7,0,1,2023-06,101783
38662,9908,809,9,1,0.4130204319411734,64,5,8,0,1,2023-06,101784
38282,5652,546,14,3,0.8387426125072486,46,18,5,0,0,2023-06,101785
26288,5303,614,7,8,0.35503533307114793,60,29,0,0,0,2023-08,101786
34545,7861,754,40,3,0.538538183377272,50,22,4,0,1,2023-08,101787
41877,5911,722,43,6,0.5923380318198495,25,5,1,0,1,2023-06,101788
20313,3799,623,50,4,0.6005082367585957,48,5,0,0,0,2023-06,101789
20349,6380,659,20,1,0.613179094480564,49,6,2,0,0,2023-07,101790
12179,5106,595,48,7,0.37995803255180916,57,14,9,0,0,2023-05,101791
15326,8117,606,47,9,0.6127324175686681,30,2,4,0,1,2023-08,101792
49555,8565,619,8,9,0.5853702031022034,61,15,8,0,1,2023-05,101793
6560,9531,600,36,1,0.3669755977010106,65,16,6,0,0,2023-09,101794
18612,4109,602,57,2,0.9905532476029688,25,5,5,0,0,2023-07,101795
22650,9929,665,46,9,0.8924507142292402,58,27,8,0,1,2023-06,101796
31745,4250,685,47,6,0.9100610808179865,60,16,5,0,1,2023-08,101797
36890,5640,531,58,4,0.7484568403063159,50,1,3,0,0,2023-07,101798
25022,4649,565,28,9,0.32791762455340523,54,29,6,0,0,2023-05,101799
9780,8911,678,17,2,0.654473651119799,31,29,1,0,0,2023-09,101800
23311,4345,766,13,1,0.8571517053019089,67,8,1,0,0,2023-07,101801
33380,5956,536,58,5,0.23098919095093004,64,1,5,0,0,2023-05,101802
49662,8437,700,26,9,0.5966744826300958,25,7,4,0,1,2023-08,101803
7356,9709,548,26,0,0.5168983039959345,64,29,5,0,0,2023-05,101804
9790,5446,774,37,7,0.36969978372744294,45,6,1,0,0,2023-09,101805
31911,8828,667,22,4,0.5026000030122542,56,8,1,0,0,2023-07,101806
29363,7994,762,59,4,0.9867980086955623,51,5,0,0,1,2023-08,101807
25049,6364,632,42,1,0.7785946610894221,23,27,1,0,0,2023-07,101808
15181,9436,797,29,6,0.43962966401195314,59,15,9,0,1,2023-05,101809
44825,3484,843,13,4,0.6842840411846637,22,22,6,0,1,2023-08,101810
21082,3802,675,23,7,0.39732499222854384,21,20,1,0,0,2023-06,101811
5661,4715,510,16,4,0.6886751272194191,39,26,2,0,0,2023-08,101812
42412,4915,700,59,8,0.9169333515879454,38,26,5,0,1,2023-06,101813
7920,6483,796,15,4,0.645501439954042,58,16,5,0,0,2023-06,101814
30658,4757,502,31,2,0.7866719803621463,31,17,9,0,0,2023-07,101815
19025,4809,713,52,1,0.5626711989730375,55,11,8,0,0,2023-09,101816
13946,9387,795,11,4,0.6192991341311973,61,23,1,0,1,2023-08,101817
33706,8539,806,56,9,0.7560600630039029,47,2,6,0,1,2023-05,101818
44004,9048,531,22,9,0.8499240040411178,28,1,0,0,1,2023-08,101819
21309,6007,547,28,4,0.7275611092203598,63,17,5,0,0,2023-07,101820
38120,6225,826,47,5,0.9819935951120744,30,1,8,0,1,2023-08,101821
35027,9959,751,42,1,0.8558580702386263,49,2,7,0,1,2023-06,101822
12005,6495,698,33,4,0.8217281636863001,21,28,5,0,0,2023-07,101823
5956,5320,588,21,0,0.8760812631848205,57,17,5,0,0,2023-06,101824
39839,4670,608,17,2,0.4249687483394793,57,29,5,0,0,2023-05,101825
13595,8944,790,26,2,0.5456377231587046,52,4,7,0,0,2023-09,101826
17803,7615,607,29,2,0.6515703347156726,26,12,1,0,0,2023-08,101827
30963,4151,539,33,2,0.5699090547541485,63,29,8,0,0,2023-08,101828
41221,8492,551,42,7,0.8779662545792639,40,10,9,0,1,2023-05,101829
44443,9711,611,26,0,0.22165481414338561,31,10,7,0,0,2023-08,101830
38723,9781,794,38,5,0.3673403337862567,40,15,1,0,1,2023-06,101831
44063,9302,567,7,5,0.9053652328014838,42,11,7,0,1,2023-08,101832
20282,7747,688,42,0,0.24728011014157378,25,7,0,0,0,2023-06,101833
9703,5223,831,24,0,0.3815906428870385,33,10,5,0,0,2023-05,101834
11563,9046,708,33,2,0.48100026430118903,51,19,5,0,0,2023-09,101835
30849,5667,564,20,7,0.8005924486493528,68,25,8,0,1,2023-05,101836
36860,3210,561,6,5,0.6481445569334787,68,18,8,0,0,2023-08,101837
36585,5494,757,48,3,0.9636837622242649,69,2,4,0,1,2023-05,101838
27015,7681,633,33,4,0.3823000120583788,64,7,0,0,0,2023-08,101839
17003,7262,621,55,9,0.8976963239909836,32,29,0,0,1,2023-05,101840
48585,5507,830,40,2,0.42633079179939903,46,25,6,0,1,2023-07,101841
31958,5963,670,37,5,0.3963986073012482,30,14,3,0,0,2023-05,101842
31017,6428,709,33,5,0.5987001584794807,51,22,8,0,1,2023-09,101843
16171,6375,795,14,5,0.256963604205195,22,11,2,0,0,2023-07,101844
17201,8352,588,29,8,0.5074456103946265,68,1,5,0,1,2023-05,101845
34426,6955,666,9,9,0.484540774487795,21,22,8,0,1,2023-08,101846
22778,8301,527,50,7,0.32808124456141885,49,20,3,0,0,2023-07,101847
47229,6705,737,46,5,0.8886358762199285,21,5,4,0,1,2023-09,101848
26116,6405,835,8,1,0.5087117149675067,58,4,4,0,0,2023-07,101849
38297,8834,562,53,3,0.985536143610946,48,14,4,0,1,2023-07,101850
24342,7038,754,27,5,0.9197663592302194,41,3,1,0,1,2023-07,101851
32490,4052,540,45,8,0.3558485596559404,44,18,1,0,0,2023-09,101852
24975,3713,528,44,1,0.6040977378703507,61,18,0,0,0,2023-07,101853
31723,5888,778,54,5,0.6814433106932423,65,26,0,0,1,2023-08,101854
28279,3687,579,30,9,0.8551684023548969,38,27,3,0,1,2023-08,101855
17765,3329,550,53,9,0.9085141997211159,68,4,2,0,0,2023-09,101856
16561,4746,611,58,9,0.6992144169243919,35,3,3,0,0,2023-09,101857
46899,4207,800,27,6,0.2281073625137723,36,27,5,0,1,2023-09,101858
5525,5142,589,55,7,0.5850211596145034,69,28,0,0,0,2023-06,101859
27861,3784,728,53,8,0.9078428289490659,46,22,7,0,1,2023-06,101860
38142,5696,649,52,4,0.771271682035408,62,10,7,0,1,2023-06,101861
31916,6820,742,39,8,0.8961135531275664,38,29,6,0,1,2023-09,101862
49965,9496,637,25,8,0.7392638317781659,62,16,3,0,1,2023-09,101863
9648,8036,634,41,6,0.23522800785197814,61,3,7,0,0,2023-08,101864
40133,8384,588,42,1,0.9744053249652886,49,19,8,0,1,2023-05,101865
35523,6718,514,44,7,0.9344148324557431,33,20,4,0,1,2023-06,101866
34052,8775,832,32,4,0.30126363193009864,65,15,5,0,1,2023-08,101867
39414,5693,673,52,7,0.29015293347499904,61,5,9,0,1,2023-06,101868
37781,3625,589,54,1,0.6312628003816161,51,11,7,0,0,2023-08,101869
9599,7234,712,37,6,0.8056406676455066,42,9,4,0,1,2023-07,101870
40046,6708,842,47,4,0.5057385695506029,55,13,3,0,1,2023-06,101871
40923,9859,560,57,3,0.3091057308345937,29,11,7,0,1,2023-09,101872
46089,3761,719,34,9,0.6084448790250836,57,21,2,0,1,2023-06,101873
8814,8929,560,46,5,0.470052908975178,48,14,5,0,0,2023-09,101874
40984,6979,806,53,4,0.48141756444105976,30,1,8,0,1,2023-07,101875
31616,9398,665,37,5,0.7159884294723058,69,9,5,0,1,2023-05,101876
7113,6529,511,29,8,0.9084864793836032,57,13,8,0,1,2023-09,101877
48006,4555,715,8,0,0.6468733846845154,34,2,7,0,0,2023-08,101878
18760,6633,576,59,0,0.7500820086637086,51,29,8,0,1,2023-09,101879
26927,3675,731,32,5,0.7279575932169933,46,4,9,0,1,2023-08,101880
25939,7187,611,14,1,0.6409169540455439,57,16,8,0,0,2023-08,101881
37419,8188,565,45,7,0.44860651646650407,20,10,7,0,1,2023-09,101882
17588,3036,681,28,6,0.502235347928191,60,6,8,0,0,2023-05,101883
41142,6836,703,12,5,0.45256303879233295,33,9,6,0,1,2023-05,101884
44198,4787,705,22,3,0.933998477185644,22,2,6,0,1,2023-05,101885
49738,9283,785,42,8,0.8612949364083546,49,25,3,0,1,2023-09,101886
38397,5727,604,12,6,0.6634778982809766,50,25,0,0,0,2023-07,101887
21653,8297,741,35,6,0.9297947767793606,20,1,6,0,1,2023-05,101888
15831,6880,734,18,4,0.9091269545183824,65,12,7,0,1,2023-05,101889
10724,8932,675,23,0,0.9421555198014682,33,28,8,0,1,2023-07,101890
16083,4894,710,36,1,0.3774190861244264,55,27,0,0,0,2023-09,101891
24816,3136,530,27,7,0.7740024302111157,65,22,8,0,1,2023-09,101892
47240,9333,734,19,4,0.6873795999388015,55,28,6,0,1,2023-09,101893
11276,8759,741,23,1,0.7870645102676856,62,22,6,0,1,2023-08,101894
43663,9485,652,40,4,0.4107034911346298,60,25,2,0,1,2023-05,101895
18994,8678,695,22,7,0.7558472571506383,62,22,0,0,1,2023-08,101896
28499,6076,768,24,3,0.5278628122035096,34,29,6,0,1,2023-07,101897
28040,8067,669,36,2,0.8672734370450403,57,16,9,0,1,2023-08,101898
48320,6883,822,44,4,0.8362925801294185,44,2,7,0,1,2023-07,101899
21959,3661,835,58,6,0.3690860886871337,63,13,5,0,1,2023-07,101900
11099,9386,731,41,1,0.3470842211226424,64,8,6,0,0,2023-05,101901
47267,4810,683,20,0,0.7741853770278928,69,1,8,0,1,2023-09,101902
24576,3414,774,34,4,0.6403799157825284,33,5,7,0,0,2023-06,101903
40946,9850,531,45,6,0.6457647285456392,43,10,4,0,1,2023-07,101904
11116,3342,676,21,7,0.8020122587674836,62,3,3,0,0,2023-06,101905
20563,5729,564,38,7,0.883976634417432,21,11,3,0,0,2023-06,101906
31788,6450,697,30,9,0.39117112048697344,53,22,3,0,1,2023-09,101907
31928,6665,526,21,8,0.6444316374324401,68,28,1,0,1,2023-06,101908
41336,6737,650,35,0,0.8631637675936619,42,5,9,0,1,2023-06,101909
14847,9796,802,39,6,0.8982353369560021,27,12,9,0,1,2023-06,101910
31155,6897,767,7,9,0.4299275106708133,24,12,6,0,1,2023-07,101911
19135,7241,584,45,7,0.28332308527801003,48,13,7,0,0,2023-07,101912
22774,7418,565,49,5,0.38625860310222393,62,29,6,0,1,2023-05,101913
6742,5169,632,48,9,0.9563996112116218,52,26,9,0,1,2023-08,101914
23309,8371,581,43,3,0.5699837699481713,39,29,7,0,1,2023-09,101915
5619,4878,818,56,6,0.5348590324448199,35,29,8,0,1,2023-05,101916
22658,6970,827,23,2,0.21046747898736815,56,14,7,0,0,2023-08,101917
39707,9454,597,10,1,0.2408117463370809,67,4,4,0,0,2023-07,101918
25337,7696,572,52,5,0.734956743579779,56,3,3,0,1,2023-06,101919
21001,7570,826,45,1,0.6718616549799972,61,17,4,0,1,2023-08,101920
5968,5617,529,11,5,0.660422638796323,60,8,0,0,0,2023-06,101921
30892,4515,624,17,9,0.28825830081957726,43,16,4,0,0,2023-09,101922
30619,3574,709,56,2,0.48164893565228284,48,11,5,0,0,2023-05,101923
5281,7442,771,17,1,0.8498865109121183,54,5,8,0,0,2023-07,101924
32420,5867,712,17,7,0.3399289791333098,28,16,8,0,1,2023-06,101925
20360,8606,632,14,3,0.9061498007859492,41,24,9,0,1,2023-09,101926
44030,6544,656,47,3,0.29718264027912256,39,9,2,0,0,2023-07,101927
6058,7477,546,27,6,0.33531946409919056,59,13,7,0,0,2023-09,101928
25677,8399,521,54,7,0.5821999689229829,23,8,7,0,1,2023-09,101929
15724,3071,582,55,8,0.9562399235588299,62,22,8,0,1,2023-06,101930
33404,5568,733,21,9,0.46363814251633895,55,26,0,0,1,2023-09,101931
42946,6437,559,9,7,0.7265743948464392,31,24,4,0,1,2023-08,101932
44748,5980,687,55,3,0.6709370047912611,42,5,4,0,1,2023-05,101933
34856,4117,557,8,1,0.31969810920044606,58,9,6,0,0,2023-05,101934
14200,8492,758,21,9,0.3985335211153307,27,6,7,0,1,2023-09,101935
38997,5386,661,19,4,0.9441222181150577,29,2,6,0,1,2023-07,101936
30611,6508,800,46,6,0.3478636989224796,42,7,5,0,1,2023-07,101937
46235,4359,805,43,1,0.7560079118040905,48,17,3,0,1,2023-09,101938
40057,7759,501,9,3,0.9717555860802436,64,26,8,0,1,2023-09,101939
6239,4515,770,7,5,0.29560479376182247,51,12,1,0,0,2023-05,101940
43138,8987,642,15,7,0.5193455921498515,33,1,5,0,1,2023-06,101941
5125,3039,687,16,9,0.3791457155541898,35,28,9,0,0,2023-09,101942
28857,4382,840,44,5,0.3772492139236343,58,15,5,0,1,2023-09,101943
20398,5030,723,31,5,0.2951886751997447,67,24,3,0,0,2023-08,101944
11638,5621,679,42,5,0.7196409471931726,36,28,2,0,0,2023-05,101945
11570,8373,522,31,3,0.7970748079285694,39,21,2,0,0,2023-08,101946
8249,8061,536,9,2,0.741435128018445,31,11,1,0,0,2023-07,101947
14110,9724,606,31,0,0.9397251660953223,28,10,2,0,0,2023-05,101948
45363,4900,796,43,1,0.31654304697444335,27,16,3,0,0,2023-08,101949
18605,5217,728,33,1,0.45587629870800495,60,9,9,0,0,2023-06,101950
17115,7796,812,7,9,0.4756582477619648,56,12,3,0,1,2023-08,101951
44062,7606,596,7,6,0.38566568307752375,40,22,9,0,1,2023-06,101952
27911,4283,780,21,5,0.31376395532557333,61,15,6,0,0,2023-05,101953
43525,3583,609,28,7,0.589362780741011,51,29,3,0,1,2023-07,101954
37556,8079,536,28,8,0.8675517024379429,56,16,8,0,1,2023-06,101955
17595,3458,539,18,4,0.9636317804826546,65,1,7,0,0,2023-05,101956
6969,9672,584,26,2,0.3034725057747982,37,6,0,0,0,2023-05,101957
48753,9001,801,44,3,0.8585257824581889,48,13,9,0,1,2023-08,101958
22275,9484,687,30,7,0.8596648983722199,26,1,0,0,1,2023-05,101959
9470,9200,739,42,2,0.5111824972420536,59,13,5,0,0,2023-05,101960
15225,5265,518,54,1,0.28802369931636335,56,5,3,0,0,2023-09,101961
47324,5666,846,18,6,0.9920064054055184,25,3,9,0,1,2023-05,101962
46974,3815,824,20,3,0.724474424423055,39,12,5,0,1,2023-06,101963
47759,9874,760,33,7,0.9857565560332644,28,26,8,0,1,2023-05,101964
28196,5511,657,8,0,0.5869244125477269,28,10,9,0,0,2023-09,101965
45287,3246,803,28,7,0.516154399949383,27,9,4,0,1,2023-07,101966
18669,7825,611,9,4,0.3977483807763631,36,17,7,0,0,2023-05,101967
42380,9516,643,52,1,0.9868576014176156,43,6,1,0,1,2023-08,101968
43006,3416,755,55,0,0.40260581556981895,59,14,7,0,0,2023-08,101969
20577,8150,517,8,5,0.2190102049744403,42,3,7,0,0,2023-09,101970
27473,7463,683,44,8,0.6099747308707824,52,25,1,0,1,2023-08,101971
33625,9702,786,13,8,0.5016403944407324,41,18,6,0,1,2023-05,101972
20504,6717,630,48,8,0.40910600274341163,69,28,7,0,1,2023-07,101973
29089,3107,780,30,3,0.7076864931849387,66,27,6,0,1,2023-06,101974
41487,5631,744,59,5,0.4914148919182578,41,7,5,0,1,2023-08,101975
5302,3838,507,46,9,0.5218007106534983,46,9,2,0,0,2023-07,101976
36463,7513,692,57,5,0.21843648311523545,67,15,2,0,1,2023-08,101977
49912,8739,817,17,4,0.6712567428424461,21,19,7,0,1,2023-05,101978
34259,7916,506,10,1,0.29765682387763426,50,16,3,0,0,2023-07,101979
47823,4421,635,38,6,0.37104388711633746,32,19,9,0,1,2023-07,101980
42208,7778,518,51,0,0.7736942564901106,21,19,7,0,1,2023-09,101981
35659,6912,638,30,5,0.45059418094712883,65,17,9,0,1,2023-05,101982
40840,3255,676,30,4,0.33056815795070477,26,29,5,0,0,2023-09,101983
36890,5827,510,40,4,0.6619393176499846,30,25,2,0,0,2023-05,101984
18598,3837,540,20,7,0.3719235959503525,66,25,9,0,0,2023-05,101985
24508,5962,613,47,8,0.41678257116696404,45,6,1,0,0,2023-06,101986
47287,5282,679,31,6,0.697071447982299,68,25,0,0,1,2023-08,101987
18380,3552,693,15,9,0.7918894250911319,40,25,3,0,0,2023-08,101988
31984,3180,695,29,7,0.7917277481564617,68,1,7,0,1,2023-08,101989
49633,7252,847,40,1,0.5857947294966643,34,19,3,0,1,2023-08,101990
13125,4477,724,34,1,0.5634375288075484,35,15,7,0,0,2023-06,101991
41059,3570,830,43,7,0.830116147385006,28,3,7,0,1,2023-08,101992
9033,7952,822,10,5,0.3544277800900137,40,17,0,0,0,2023-08,101993
42873,8880,760,29,7,0.3217619580227674,60,6,5,0,1,2023-08,101994
22087,4727,615,24,8,0.7317560528236078,25,4,9,0,0,2023-07,101995
45901,8143,649,51,8,0.5276055475114043,20,8,7,0,1,2023-06,101996
10704,8592,617,54,5,0.7679987684561447,50,22,7,0,1,2023-09,101997
12848,8519,664,49,7,0.4052801787705888,24,4,0,0,0,2023-09,101998
26592,3591,751,14,1,0.4598975048534135,56,21,7,0,0,2023-08,101999
11924,9277,766,31,7,0.9173421193483124,45,28,8,0,1,2023-07,102000
32208,7516,543,30,2,0.5373252214572706,20,2,5,0,0,2023-07,102001
24614,5260,680,40,0,0.6727627757763075,20,10,6,0,0,2023-05,102002
5488,5947,576,55,6,0.2853457552946476,48,12,5,0,0,2023-06,102003
44882,9625,615,41,0,0.343063337754207,41,1,4,0,0,2023-09,102004
30923,3347,566,19,0,0.2287101830581154,57,12,0,0,0,2023-07,102005
40941,3165,512,11,0,0.5394966494093333,60,23,1,0,0,2023-07,102006
34165,8032,591,37,3,0.9911360035960193,38,10,9,0,1,2023-09,102007
6667,7443,745,31,3,0.8990985221211729,47,12,1,0,0,2023-09,102008
31213,5896,766,20,9,0.7063271319524056,24,19,8,0,1,2023-07,102009
9114,7493,638,54,5,0.888877193565973,40,29,5,0,1,2023-06,102010
41321,3582,840,36,9,0.6753354850819384,68,3,2,0,1,2023-05,102011
12761,9869,743,42,2,0.49501510426731016,41,22,2,0,0,2023-09,102012
36116,6506,840,43,9,0.33883712088089224,39,19,9,0,1,2023-09,102013
38768,8696,772,58,5,0.7224389934081794,31,23,9,0,1,2023-07,102014
30426,7403,803,42,6,0.35444102111259634,25,7,1,0,0,2023-05,102015
22772,6038,690,24,0,0.5339427337600482,48,21,6,0,0,2023-08,102016
43218,5845,596,19,5,0.8606414737242105,64,1,0,0,0,2023-06,102017
8712,5766,830,41,9,0.30338344204938283,59,13,0,0,0,2023-05,102018
6367,9609,704,42,0,0.3032171352454361,54,9,9,0,0,2023-09,102019
45957,7194,636,16,6,0.3795219324732779,30,16,2,0,0,2023-06,102020
46781,4265,576,32,9,0.6415338456978392,52,18,0,0,1,2023-08,102021
31200,7253,536,7,4,0.4013787826079305,44,15,2,0,0,2023-07,102022
8726,9753,785,27,9,0.6025583498040006,33,20,8,0,1,2023-09,102023
28616,7649,802,7,3,0.44158608884774975,48,15,6,0,0,2023-08,102024
32723,7746,634,25,0,0.6049937639267244,32,15,8,0,0,2023-05,102025
42574,5967,641,49,8,0.4221051592013842,34,10,6,0,1,2023-07,102026
39958,5274,753,53,6,0.9840099004868523,27,26,8,0,1,2023-06,102027
14108,5470,547,22,1,0.5941743209135742,66,18,2,0,0,2023-08,102028
17178,5290,754,9,3,0.7949147472865921,64,15,6,0,0,2023-07,102029
40643,5577,633,19,3,0.7604372471185641,52,12,5,0,1,2023-06,102030
36324,6660,789,12,7,0.592447499851489,30,1,1,0,0,2023-06,102031
43360,4068,707,20,1,0.3910896493343402,34,13,5,0,0,2023-05,102032
22824,8591,600,35,4,0.6085746223302919,40,17,2,0,0,2023-06,102033
13927,9514,545,21,9,0.7447772989763477,55,17,1,0,1,2023-08,102034
33144,8974,569,45,7,0.5679354164505694,25,7,4,0,1,2023-08,102035
36010,9795,635,7,5,0.2655400858901933,44,11,4,0,0,2023-06,102036
27443,5736,779,24,3,0.21438658364646718,63,12,1,0,0,2023-09,102037
19437,7829,566,6,4,0.4623014467742708,20,9,2,0,0,2023-07,102038
49298,4950,503,36,1,0.32017914087464955,61,15,7,0,0,2023-08,102039
44778,3091,723,9,4,0.9249521967407965,69,1,4,0,1,2023-08,102040
16207,6093,500,32,2,0.34066613606793994,52,26,7,0,0,2023-09,102041
30537,5219,789,58,2,0.5154261712092529,58,22,9,0,1,2023-09,102042
40757,8723,608,30,6,0.7696620096571851,51,11,3,0,1,2023-08,102043
17040,8311,764,27,2,0.8523373280128488,21,5,3,0,0,2023-08,102044
46986,8196,562,48,3,0.5821705225425047,44,19,5,0,1,2023-08,102045
27612,8400,765,15,6,0.3449080076867137,59,18,9,0,1,2023-05,102046
33441,4387,637,55,2,0.41671617886068246,52,18,4,0,0,2023-06,102047
11471,7274,543,38,9,0.5351747581129178,57,18,4,0,0,2023-05,102048
40631,5285,761,54,9,0.4916756714604664,30,23,8,0,1,2023-05,102049
48461,6206,715,53,1,0.4789382057357252,38,20,5,0,1,2023-08,102050
31523,5924,620,49,9,0.30548304140533145,44,7,2,0,0,2023-09,102051
36348,3279,651,35,6,0.9306482017367599,47,14,3,0,1,2023-08,102052
6177,8138,712,35,4,0.22380528513417206,29,26,8,0,0,2023-09,102053
9760,4618,733,21,0,0.552001702300601,50,1,5,0,0,2023-06,102054
37779,5787,610,14,9,0.9842571940024694,35,28,7,0,1,2023-09,102055
26636,3370,819,22,7,0.7277791510592817,67,26,6,0,1,2023-06,102056
21353,8896,721,40,2,0.48432853098646667,61,20,0,0,0,2023-09,102057
16556,6183,725,55,6,0.31687806756253595,37,9,0,0,0,2023-08,102058
32598,6834,709,52,5,0.9710980845166088,41,16,9,0,1,2023-09,102059
16563,4703,570,20,9,0.21118908949851978,69,23,6,0,0,2023-09,102060
48790,5268,588,53,5,0.7451100564905149,54,26,1,0,1,2023-06,102061
13234,3303,761,33,7,0.904109977156262,31,6,8,0,1,2023-05,102062
30519,6774,687,25,3,0.22012839190899378,61,7,9,0,0,2023-09,102063
31966,4348,611,38,3,0.7801398912724009,47,18,8,0,1,2023-07,102064
21173,8556,738,38,2,0.999070209003788,67,1,1,0,1,2023-09,102065
31987,9581,755,41,0,0.7117139748586796,28,26,8,0,1,2023-06,102066
18178,8289,649,18,9,0.531743158274719,49,25,8,0,1,2023-05,102067
44338,5422,626,9,2,0.8995205754850255,37,16,9,0,1,2023-05,102068
29596,6628,818,28,0,0.6433433971381026,64,18,5,0,1,2023-08,102069
38174,5428,773,13,5,0.7995526774319521,43,18,4,0,1,2023-05,102070
46974,6033,832,18,7,0.670223193454804,65,19,9,0,1,2023-08,102071
9431,9157,638,29,2,0.23063287399035942,38,28,1,0,0,2023-07,102072
32764,9886,602,45,3,0.3705159905642781,33,13,5,0,1,2023-07,102073
26627,3668,741,51,4,0.2630108591893997,21,19,8,0,0,2023-09,102074
44310,3499,616,35,6,0.2853502099065784,30,3,2,0,0,2023-06,102075
13906,4414,713,35,5,0.2123243948704576,45,20,2,0,0,2023-07,102076
41914,8668,516,30,1,0.5369319832113224,27,27,3,0,0,2023-08,102077
49814,9708,678,38,6,0.3429213054033321,22,17,9,0,1,2023-09,102078
18076,3529,723,14,7,0.8845572163951774,34,11,3,0,0,2023-06,102079
42650,9102,769,31,0,0.8000300300325283,64,29,0,0,1,2023-08,102080
11012,9635,812,29,5,0.6585415958523968,59,17,1,0,1,2023-09,102081
12151,6621,848,38,8,0.5912170762803164,32,12,5,0,1,2023-08,102082
33211,6456,633,44,6,0.40469491246078065,35,12,4,0,0,2023-09,102083
32117,8315,613,30,4,0.5799611726999885,41,20,9,0,1,2023-09,102084
41378,3754,631,57,9,0.7129834206915286,52,16,3,0,1,2023-09,102085
47652,5347,638,50,9,0.8257830881542205,21,1,9,0,1,2023-08,102086
11894,7910,731,20,8,0.26534565300767476,64,28,8,0,1,2023-07,102087
18467,9690,591,46,1,0.76677175099644,48,20,1,0,0,2023-05,102088
36010,3726,766,53,6,0.7941839014090284,65,13,7,0,1,2023-06,102089
47641,7826,598,54,8,0.6471777607398852,53,2,3,0,1,2023-06,102090
17289,7923,706,46,1,0.371455356562561,35,16,8,0,0,2023-05,102091
49976,5649,507,11,9,0.63134767000094,33,7,3,0,1,2023-05,102092
48596,8427,820,25,5,0.6021639054522483,58,22,1,0,1,2023-06,102093
28171,5046,592,49,8,0.580568077109437,65,2,5,0,1,2023-05,102094
39905,5815,657,21,2,0.5685119323737473,69,18,8,0,1,2023-05,102095
25829,3874,598,26,7,0.2886604530332158,68,28,6,0,0,2023-05,102096
39054,6279,724,20,4,0.34631398788589185,24,17,0,0,0,2023-07,102097
49139,5984,839,44,6,0.2778656707610739,62,16,8,0,1,2023-09,102098
34734,5178,707,47,2,0.3939822621343876,37,20,5,0,0,2023-09,102099
12052,6807,572,9,7,0.4107814261845384,67,18,8,0,0,2023-09,102100
8654,9099,558,29,1,0.3960606891944363,45,21,1,0,0,2023-08,102101
28486,8773,786,8,7,0.3687432545484828,29,28,6,0,1,2023-06,102102
23743,3607,563,55,1,0.7883376363878312,25,28,7,0,0,2023-08,102103
29489,9169,755,6,6,0.8548523196784943,33,20,7,0,1,2023-08,102104
13636,8573,547,35,1,0.4616873732580559,21,16,4,0,0,2023-07,102105
11441,3634,778,18,6,0.44410311334755914,46,1,6,0,0,2023-09,102106
29611,8305,697,59,0,0.8752258798020065,28,21,6,0,1,2023-05,102107
47435,7579,657,23,5,0.6991391213326328,32,5,2,0,1,2023-07,102108
17149,5727,810,45,9,0.43475065983124606,40,15,1,0,1,2023-07,102109
39566,4074,506,16,6,0.7708898340692658,63,13,4,0,0,2023-09,102110
47368,4914,747,47,3,0.4756742481865339,21,5,3,0,0,2023-05,102111
26675,9148,731,34,0,0.6692444914737385,22,18,7,0,1,2023-06,102112
10495,3588,605,9,5,0.9941072239902413,32,20,4,0,0,2023-07,102113
47668,6231,597,30,3,0.44127550017282663,40,5,8,0,0,2023-09,102114
18673,9351,767,41,2,0.9444208005666666,52,16,6,0,1,2023-05,102115
16130,5304,559,41,3,0.45652193142775854,39,11,0,0,0,2023-08,102116
27668,8324,807,49,5,0.6322293634998588,55,11,1,0,1,2023-06,102117
20222,6838,639,45,4,0.5679870316792319,37,22,7,0,1,2023-05,102118
28669,4973,827,33,1,0.826527649875149,44,23,9,0,1,2023-06,102119
39068,9154,689,50,1,0.24887415958559586,64,26,7,0,1,2023-07,102120
28253,8044,624,13,2,0.7016978432549312,57,27,1,0,0,2023-09,102121
14435,5055,662,26,5,0.8085335554790583,44,3,6,0,0,2023-08,102122
33552,6480,559,40,0,0.5777158811056955,57,19,7,0,0,2023-07,102123
42384,5079,530,49,6,0.2842340852302443,34,10,3,0,0,2023-06,102124
21393,9103,832,23,7,0.3958440107878505,69,28,2,0,1,2023-06,102125
15617,9683,575,52,6,0.7437378960806911,36,2,9,0,1,2023-08,102126
43520,8837,742,30,2,0.9163499084002522,65,25,8,0,1,2023-05,102127
14852,6052,816,51,5,0.537286885600391,55,17,1,0,0,2023-05,102128
36401,7482,757,46,3,0.6483296280626074,48,3,2,0,1,2023-08,102129
11295,4251,689,10,4,0.3827080293814897,52,3,7,0,0,2023-09,102130
40993,9783,814,52,2,0.5297706512294972,51,8,1,0,1,2023-05,102131
39084,8886,795,13,4,0.4694318462163932,27,16,4,0,1,2023-08,102132
44575,8594,676,28,5,0.724420438377219,62,12,9,0,1,2023-06,102133
41451,6795,787,8,7,0.9877591613400889,32,22,7,0,1,2023-05,102134
12227,6822,793,49,5,0.850642761588549,36,19,6,0,1,2023-09,102135
36910,7302,847,42,8,0.3537316679409481,40,1,3,0,1,2023-07,102136
41041,6389,706,36,9,0.6621428746454134,33,19,9,0,1,2023-05,102137
28384,8914,714,34,9,0.2531293719587213,44,4,8,0,1,2023-09,102138
5145,4780,843,46,9,0.39753238947410846,68,17,1,0,0,2023-07,102139
42778,5604,640,25,9,0.33777414084831237,43,19,6,0,1,2023-08,102140
21035,6688,584,8,3,0.4684364301115704,52,4,6,0,0,2023-07,102141
8040,9491,681,28,1,0.7430511752353708,27,15,6,0,0,2023-05,102142
47422,7888,831,45,8,0.5995146535334615,47,7,6,0,1,2023-07,102143
31160,9377,627,26,2,0.9463274078633741,38,20,4,0,1,2023-06,102144
22633,4724,768,18,6,0.37019907187880696,30,17,0,0,0,2023-06,102145
34344,8101,538,13,3,0.49136731700315217,29,25,3,0,0,2023-08,102146
22014,5784,522,10,0,0.4638820614339756,20,22,4,0,0,2023-05,102147
19996,8037,741,30,7,0.38877090076794396,24,9,9,0,1,2023-06,102148
46621,8261,606,44,3,0.9945366153009958,35,7,3,0,1,2023-07,102149
16695,6719,847,42,5,0.5097804363544436,39,4,6,0,1,2023-08,102150
7852,9319,641,46,6,0.9524071843996789,39,17,1,0,1,2023-08,102151
21014,4677,644,10,7,0.5123787790823916,47,15,1,0,0,2023-09,102152
32042,3448,779,13,9,0.3632733429925288,24,23,1,0,0,2023-09,102153
38755,7687,744,49,1,0.29536506454616895,67,9,9,0,1,2023-09,102154
45390,3081,690,9,8,0.8844505545404042,22,28,2,0,1,2023-08,102155
28711,9278,789,46,9,0.2256781123880626,49,16,4,0,1,2023-08,102156
31122,9999,678,59,2,0.9715156706714252,42,6,9,0,1,2023-05,102157
14160,4406,611,27,0,0.5345529694284388,53,28,8,0,0,2023-07,102158
32213,4480,713,19,1,0.3978994808674857,68,17,2,0,0,2023-08,102159
44420,9583,637,24,7,0.6939569057722901,47,25,5,0,1,2023-07,102160
12421,4079,699,18,9,0.3063303934689491,20,7,5,0,0,2023-06,102161
26400,6598,506,40,5,0.25771645885308464,67,17,5,0,0,2023-07,102162
38537,9840,845,9,0,0.8622266815276536,46,14,4,0,1,2023-09,102163
22727,7514,512,38,8,0.5397366197002614,53,15,1,0,0,2023-06,102164
9358,7183,579,27,6,0.6146039296836256,50,20,0,0,0,2023-06,102165
33482,6680,785,6,9,0.3413568071000519,51,21,4,0,1,2023-08,102166
37117,5703,658,16,2,0.24913939562155385,26,18,7,0,0,2023-05,102167
28164,7310,771,21,6,0.4942209061214774,62,19,9,0,1,2023-09,102168
36910,6756,700,9,5,0.6049170019040715,57,18,4,0,1,2023-08,102169
37496,4758,649,34,2,0.8123444975024223,53,14,2,0,0,2023-06,102170
49311,5599,795,44,7,0.6008416001883707,65,20,2,0,1,2023-08,102171
34371,8616,792,49,0,0.8260056141487224,23,23,1,0,1,2023-06,102172
43467,8813,833,43,4,0.2923462237394511,38,5,6,0,1,2023-08,102173
22625,5550,771,29,7,0.25117021763516134,41,7,1,0,0,2023-05,102174
38893,6853,542,57,2,0.32708877131476133,48,12,5,0,0,2023-07,102175
15793,5746,818,14,9,0.8176097015109829,53,17,7,0,1,2023-06,102176
36007,5292,514,13,5,0.8074641846709611,53,19,7,0,1,2023-09,102177
30766,4501,747,19,9,0.3130942436085132,64,16,1,0,0,2023-08,102178
44532,7404,671,20,1,0.2247909266005438,64,2,5,0,0,2023-09,102179
17323,3230,717,58,8,0.7482255489697323,22,12,2,0,0,2023-08,102180
12843,7250,636,27,1,0.8842254265943821,40,29,8,0,0,2023-08,102181
19210,4198,820,42,4,0.8032861564081457,57,17,2,0,1,2023-07,102182
21456,9991,726,20,2,0.36223918449206255,40,21,0,0,0,2023-08,102183
36367,3114,543,11,9,0.6670143177802685,36,3,8,0,0,2023-05,102184
15106,4413,519,6,8,0.805892576500433,48,8,7,0,0,2023-09,102185
42957,7406,618,25,8,0.40466296363763166,52,5,1,0,1,2023-08,102186
7472,3992,733,46,6,0.6221766410955625,58,21,9,0,1,2023-09,102187
11704,5347,835,41,9,0.45156832317901624,45,23,9,0,1,2023-08,102188
8713,4041,761,7,4,0.38046033386161693,26,24,2,0,0,2023-06,102189
10051,9927,582,11,8,0.9756714614166822,64,17,6,0,1,2023-06,102190
15756,3011,530,7,6,0.9300655683095411,28,21,5,0,0,2023-08,102191
7475,8523,821,8,1,0.5565341847611897,37,25,7,0,0,2023-05,102192
41378,9375,773,12,9,0.30942244885118114,20,27,9,0,1,2023-05,102193
9255,6676,733,25,0,0.7823258426565189,30,28,4,0,0,2023-05,102194
19484,9109,527,54,9,0.4045609041025762,41,25,4,0,1,2023-06,102195
39503,7825,751,46,9,0.3348142446704756,51,14,1,0,1,2023-05,102196
13258,8397,823,59,3,0.5052232141905477,62,23,5,0,1,2023-09,102197
45747,8472,752,46,9,0.6238798473333913,29,14,4,0,1,2023-07,102198
40196,6065,738,56,7,0.2779522638563317,68,4,8,0,1,2023-06,102199
45194,5036,813,10,5,0.6573971784388213,46,15,2,0,1,2023-08,102200
13533,6046,674,30,1,0.21227869981009723,68,2,4,0,0,2023-05,102201
37581,5350,693,43,4,0.9134952484744694,31,21,2,0,1,2023-08,102202
10249,3540,679,23,8,0.9365933514230933,49,4,8,0,0,2023-07,102203
24201,9613,794,6,5,0.7864566188094813,29,29,8,0,1,2023-05,102204
14686,5860,714,30,5,0.5732395268593421,31,17,9,0,0,2023-06,102205
37007,3076,702,22,6,0.403917016450649,57,29,6,0,1,2023-08,102206
5661,6067,749,51,4,0.7952896725691172,40,23,0,0,0,2023-05,102207
49843,3023,756,20,2,0.9454377615616509,46,3,8,0,1,2023-09,102208
35137,8134,574,10,2,0.32682696391795163,25,22,8,0,0,2023-09,102209
47828,3675,843,22,4,0.5726575914381584,57,28,9,0,1,2023-08,102210
15526,9668,701,26,3,0.45220930882874255,27,21,4,0,0,2023-05,102211
8374,5394,641,58,4,0.48539343123672796,56,16,1,0,0,2023-06,102212
30592,7267,705,28,8,0.5246062250583461,25,12,0,0,0,2023-06,102213
33982,8988,698,48,4,0.9614370754970707,53,20,1,0,1,2023-05,102214
5207,6398,670,15,3,0.40690973429447497,68,3,3,0,0,2023-09,102215
40433,5759,815,22,3,0.5941406712748054,59,25,3,0,1,2023-05,102216
28197,3488,727,6,0,0.9611899773294323,41,5,0,0,0,2023-06,102217
38400,4485,678,42,9,0.5808455121746539,48,16,7,0,1,2023-09,102218
8083,9521,774,53,3,0.8908796175371627,28,26,9,0,1,2023-05,102219
34328,6659,561,12,3,0.24701181946022477,40,7,7,0,0,2023-07,102220
47891,6235,826,17,8,0.9624243347705888,51,20,7,0,1,2023-09,102221
25103,5419,703,45,3,0.35002491762084076,27,16,4,0,0,2023-06,102222
44891,6495,632,55,6,0.9839480277850274,62,17,9,0,1,2023-08,102223
15754,3756,571,6,0,0.34046149220683875,29,2,1,0,0,2023-05,102224
39447,5524,577,25,6,0.5554927582359794,68,12,3,0,1,2023-08,102225
20901,9525,688,49,1,0.4468915932580356,42,26,0,0,0,2023-06,102226
38004,7250,570,36,7,0.5465851368760353,39,13,9,0,1,2023-08,102227
12446,3256,762,9,0,0.40041979194042043,32,5,0,0,0,2023-07,102228
42211,4779,805,31,9,0.9722539299421136,41,16,9,0,1,2023-06,102229
34301,7769,545,17,2,0.44457998725847336,60,28,2,0,0,2023-07,102230
31116,5115,723,27,7,0.7226199296513784,34,8,3,0,1,2023-05,102231
46323,9487,827,6,9,0.3099579916790308,50,24,2,0,1,2023-09,102232
23752,6348,749,6,7,0.8595099878799071,64,28,2,0,1,2023-08,102233
37376,7768,575,8,4,0.6340063548076107,51,14,7,0,1,2023-07,102234
21669,9534,573,58,4,0.9835568996250528,64,8,3,0,1,2023-06,102235
37916,4472,641,17,7,0.5387217734667482,32,29,2,0,0,2023-09,102236
18395,3258,572,59,9,0.35635829998132834,44,25,8,0,0,2023-08,102237
25421,7075,601,26,4,0.4768151995527869,40,18,0,0,0,2023-06,102238
31342,3306,593,18,8,0.7895724848747954,23,20,7,0,0,2023-09,102239
9895,4118,568,18,0,0.7272852167967008,61,12,4,0,0,2023-08,102240
16023,6017,564,58,4,0.8226779260941801,34,11,7,0,0,2023-05,102241
15699,7341,692,46,2,0.2587762337633673,40,16,9,0,0,2023-05,102242
14715,5780,561,23,2,0.6642950202758292,61,26,2,0,0,2023-09,102243
24169,4658,519,38,1,0.9457349416290437,27,22,5,0,0,2023-06,102244
21163,3186,740,11,2,0.2863215355852619,50,15,6,0,0,2023-08,102245
10782,4797,702,30,6,0.2754682071303831,29,13,7,0,0,2023-05,102246
27641,3924,799,28,7,0.7732834916156113,40,22,6,0,1,2023-07,102247
23792,3784,694,29,7,0.45214596467536156,36,28,6,0,0,2023-06,102248
40585,6444,561,42,7,0.7268633682887256,24,28,1,0,1,2023-05,102249
35682,8691,606,31,0,0.636307610440288,32,21,2,0,0,2023-08,102250
23880,9551,624,9,6,0.9888533266719246,40,18,5,0,1,2023-09,102251
43067,6196,800,43,1,0.9112451335638994,63,24,2,0,1,2023-08,102252
47685,4360,766,40,9,0.7424582252493694,31,1,8,0,1,2023-05,102253
23073,3340,701,54,3,0.4093397008825204,44,29,8,0,0,2023-06,102254
41035,3562,661,16,4,0.4095265297203756,47,1,5,0,0,2023-06,102255
42174,7746,843,41,0,0.9057950404551567,21,28,0,0,1,2023-08,102256
29837,5999,801,30,3,0.6682728522203144,40,1,0,0,0,2023-08,102257
22826,4193,611,25,3,0.831425425641682,60,9,3,0,0,2023-08,102258
29981,6110,836,6,8,0.5598913652294641,41,21,9,0,1,2023-08,102259
15382,3068,531,35,8,0.2824589093212213,21,14,7,0,0,2023-07,102260
9437,8679,597,9,9,0.46614916659170086,49,28,2,0,0,2023-07,102261
10435,5428,746,28,0,0.3289193554306905,20,18,3,0,0,2023-05,102262
29819,9200,760,40,7,0.8254662531404018,65,27,5,0,1,2023-07,102263
41875,8396,690,47,3,0.7604095917256721,32,1,8,0,1,2023-07,102264
36982,9993,528,27,3,0.27073033791043255,22,20,3,0,0,2023-08,102265
38328,8218,547,36,4,0.6971083190095017,39,11,2,0,1,2023-06,102266
17329,8011,749,6,1,0.8993084055958365,24,2,9,0,0,2023-06,102267
30169,6598,725,9,0,0.7578914363199734,21,19,9,0,0,2023-06,102268
26932,5372,771,24,4,0.6088895303875371,45,2,8,0,0,2023-05,102269
39594,7556,652,35,6,0.44949062795110983,48,24,6,0,1,2023-08,102270
16421,9322,827,6,9,0.9096773996687164,37,19,8,0,1,2023-08,102271
12629,3843,784,53,8,0.5382439057128159,28,2,9,0,1,2023-07,102272
13325,3573,679,24,1,0.8843148641870284,41,6,5,0,0,2023-07,102273
33495,7214,801,57,7,0.8263998705745577,47,23,3,0,1,2023-06,102274
36750,5596,652,26,6,0.8529815722246878,31,15,4,0,1,2023-08,102275
34619,7741,733,27,1,0.991838016129317,56,25,9,0,1,2023-09,102276
45461,4478,522,55,4,0.7990068126983716,37,11,1,0,0,2023-07,102277
13264,5073,593,7,6,0.22723274857491874,53,26,2,0,0,2023-07,102278
17686,4513,744,11,2,0.36434714798459594,61,16,4,0,0,2023-05,102279
29226,9127,789,26,1,0.22815612026013163,61,20,2,0,0,2023-08,102280
11721,8127,659,38,5,0.3519308559533525,22,21,2,0,0,2023-07,102281
25609,3968,784,24,9,0.24915160854889065,65,27,8,0,1,2023-09,102282
12373,9106,508,32,5,0.6012936329490024,24,22,3,0,0,2023-07,102283
43675,8635,684,42,3,0.22256497050646226,42,3,3,0,0,2023-06,102284
33937,9676,794,34,0,0.5780632796922076,32,3,0,0,0,2023-07,102285
10656,5196,634,33,4,0.9190727256960096,43,19,6,0,0,2023-09,102286
13984,4511,609,39,0,0.7988608100598475,47,21,9,0,0,2023-08,102287
34984,8144,568,6,7,0.9551647389214049,36,11,8,0,1,2023-05,102288
13286,3654,635,53,1,0.3813174190052164,25,6,7,0,0,2023-06,102289
10901,9050,595,30,8,0.624868653124235,46,25,1,0,1,2023-06,102290
36552,5992,618,26,8,0.4548635625326711,64,9,5,0,1,2023-09,102291
30709,7650,773,39,2,0.5950558365536273,48,28,9,0,1,2023-08,102292
36055,7520,837,31,5,0.6456606636674308,31,5,9,0,1,2023-09,102293
42685,3292,676,41,8,0.22894890438069215,54,24,4,0,1,2023-05,102294
13429,8304,736,40,6,0.3866049081719865,67,7,7,0,1,2023-09,102295
19716,5601,771,28,3,0.763818223395198,24,20,0,0,0,2023-05,102296
16138,7526,776,22,2,0.8183424196322397,21,1,8,0,0,2023-06,102297
40298,9747,637,52,1,0.6555610939900026,30,3,8,0,1,2023-05,102298
28429,7412,631,47,9,0.4166632223589414,23,11,6,0,1,2023-05,102299
10772,7493,543,17,9,0.524067293378192,41,26,7,0,0,2023-09,102300
40732,8443,622,49,0,0.2768294495051077,20,21,8,0,0,2023-05,102301
44905,4588,635,25,9,0.9625436934340734,64,10,4,0,1,2023-05,102302
22347,3595,625,44,0,0.8949419769682305,69,13,1,0,0,2023-09,102303
21920,5593,774,32,3,0.25248187752597073,35,29,0,0,0,2023-08,102304
36822,5123,563,47,3,0.33319253252666436,21,3,4,0,0,2023-07,102305
45108,4943,795,42,8,0.6648755529510029,60,11,7,0,1,2023-05,102306
28563,3915,731,25,9,0.3859440593033727,46,20,9,0,1,2023-08,102307
12967,9852,550,57,0,0.9475205584113027,31,9,3,0,0,2023-07,102308
16871,9629,636,16,3,0.8044724646968597,24,25,3,0,0,2023-06,102309
33763,6869,657,33,2,0.41863321032886625,24,11,3,0,0,2023-06,102310
16916,5794,555,7,8,0.20488112895238092,41,9,7,0,0,2023-07,102311
13734,8351,580,29,4,0.8395579129623798,32,13,6,0,0,2023-07,102312
38613,6078,731,21,8,0.5392717676808525,35,9,0,0,1,2023-09,102313
33179,9693,825,17,9,0.7139021694862218,45,14,9,0,1,2023-08,102314
40262,3975,627,21,5,0.429579860337038,28,16,5,0,0,2023-08,102315
17677,4075,625,41,8,0.3142986074865368,67,28,3,0,0,2023-08,102316
23268,5989,816,7,0,0.7402492734285966,51,17,1,0,0,2023-08,102317
17330,6467,579,30,3,0.5602596705173273,38,25,2,0,0,2023-08,102318
25733,8340,832,34,3,0.3881357608559848,55,15,3,0,1,2023-09,102319
42947,4451,674,33,9,0.3101023996529626,47,28,9,0,1,2023-07,102320
32286,6823,644,15,9,0.6643836755533068,34,28,6,0,1,2023-07,102321
11610,8262,625,50,5,0.7804399521660594,28,11,0,0,0,2023-08,102322
11430,6932,681,28,9,0.42710956969849223,35,12,0,0,0,2023-05,102323
44922,5028,718,37,0,0.7881140282776993,25,11,2,0,0,2023-08,102324
18828,3362,777,36,9,0.34649775898621754,27,29,1,0,0,2023-09,102325
47913,5429,582,24,4,0.47073255287608745,52,18,2,0,0,2023-06,102326
36497,6632,640,20,2,0.7959058294399644,51,24,2,0,0,2023-08,102327
44256,5318,833,38,0,0.7281148157176636,65,25,0,0,1,2023-05,102328
41618,6085,594,22,5,0.41641890152313005,55,12,5,0,0,2023-08,102329
31526,5345,693,57,2,0.29770800123754654,61,8,7,0,0,2023-07,102330
35158,6598,609,41,3,0.23397873995779356,67,25,4,0,0,2023-08,102331
30032,7329,551,25,8,0.8703321439354286,55,21,0,0,1,2023-05,102332
42846,9718,602,14,1,0.26011355965428806,53,10,9,0,0,2023-09,102333
49936,4731,600,43,0,0.29187612176511024,21,28,6,0,0,2023-06,102334
34794,3026,641,8,9,0.39016850422026694,32,23,9,0,0,2023-08,102335
10448,8590,700,59,5,0.5565357633918784,62,27,8,0,1,2023-07,102336
33861,3092,818,7,0,0.8318296641891969,29,3,6,0,0,2023-08,102337
33141,5664,698,23,0,0.39798426075288484,57,20,8,0,0,2023-05,102338
14074,3308,783,28,6,0.6348065986878015,26,4,9,0,0,2023-08,102339
11406,3051,716,24,1,0.2722980176400345,66,13,8,0,0,2023-08,102340
36823,3318,545,12,3,0.5716088041092198,22,26,1,0,0,2023-07,102341
28291,4992,527,40,3,0.3421111947018466,46,20,7,0,0,2023-07,102342
46568,7276,501,55,1,0.3689532471124521,33,27,6,0,0,2023-06,102343
37003,8688,516,25,5,0.49346274728714357,49,8,6,0,1,2023-09,102344
39406,6891,814,25,9,0.8090781589606859,53,2,1,0,1,2023-08,102345
28312,7742,576,24,1,0.7951891439201877,42,28,0,0,0,2023-08,102346
48108,6956,664,46,7,0.5319783811882561,67,2,3,0,1,2023-09,102347
6382,9057,596,21,3,0.2949369233539269,36,21,6,0,0,2023-06,102348
39171,8379,604,43,0,0.4245532960191571,34,6,5,0,0,2023-08,102349
46779,9340,523,26,6,0.6042846212241106,64,20,9,0,1,2023-08,102350
8292,5692,699,34,5,0.8955294229560986,63,28,1,0,0,2023-09,102351
46779,6018,534,49,5,0.9746036918506644,26,7,6,0,1,2023-07,102352
38187,9398,501,43,2,0.7099767480191308,22,26,9,0,1,2023-07,102353
17411,5024,788,50,9,0.48054919239792104,28,4,8,0,1,2023-05,102354
42285,9875,831,29,6,0.7547627629555029,22,8,1,0,1,2023-05,102355
20422,7431,841,42,5,0.4689841086564789,67,18,9,0,1,2023-07,102356
47468,8672,637,34,9,0.7003787627332851,54,10,4,0,1,2023-05,102357
37371,4525,836,36,9,0.3950132573565413,59,20,1,0,1,2023-05,102358
10693,8085,561,50,8,0.4135909609851024,27,11,0,0,0,2023-09,102359
38535,4278,798,57,2,0.2601804712328985,45,7,6,0,0,2023-09,102360
19818,3513,696,44,2,0.53611292177054,34,5,1,0,0,2023-06,102361
36238,9125,558,17,3,0.6945396160765342,24,26,5,0,1,2023-08,102362
35874,7337,764,35,2,0.8310359550484969,32,11,6,0,1,2023-09,102363
31715,9292,832,58,3,0.848278835870155,34,18,0,0,1,2023-07,102364
32605,4733,687,9,5,0.993955559605731,58,16,8,0,1,2023-06,102365
39317,6370,562,35,0,0.27020458066956954,31,19,5,0,0,2023-05,102366
36174,9900,807,10,1,0.594509414756663,54,20,1,0,1,2023-05,102367
14956,6921,778,21,9,0.6170996603219308,27,5,0,0,0,2023-08,102368
43908,9763,529,32,5,0.843626741102314,29,7,0,0,1,2023-06,102369
15837,5500,670,9,5,0.41308681247107765,53,3,1,0,0,2023-08,102370
8716,6464,520,13,0,0.25549785595157365,27,25,8,0,0,2023-07,102371
9481,5259,798,53,5,0.45100704821473575,41,10,1,0,0,2023-06,102372
29282,7763,700,13,8,0.9871422632514089,69,19,0,0,1,2023-05,102373
11548,7689,634,22,7,0.9195529582596691,31,5,3,0,0,2023-06,102374
42605,9274,771,51,9,0.5161975687573213,41,29,8,0,1,2023-09,102375
12758,5659,522,49,4,0.9010175989960485,46,5,7,0,0,2023-09,102376
48668,3255,586,8,3,0.22620358729332699,37,23,6,0,0,2023-05,102377
28177,4502,530,32,5,0.45136326197136045,38,22,7,0,0,2023-05,102378
29022,7656,620,57,4,0.7814494783900356,24,11,1,0,1,2023-08,102379
45761,5110,568,39,5,0.37716180081347117,35,19,4,0,0,2023-06,102380
10542,8430,633,50,9,0.35871276118984535,68,12,6,0,1,2023-08,102381
30476,3406,814,26,2,0.8894460367714987,60,17,0,0,0,2023-07,102382
35784,5849,645,48,6,0.6927631688613951,29,22,5,0,1,2023-08,102383
27740,6176,832,29,7,0.9912181746496287,38,27,6,0,1,2023-05,102384
29817,4860,762,49,4,0.3077357410233188,63,22,7,0,1,2023-09,102385
21052,9158,792,55,4,0.48490272578651733,20,20,4,0,1,2023-05,102386
40153,8806,585,46,3,0.4489706974429476,41,15,7,0,1,2023-05,102387
5671,7354,515,34,9,0.9041057901751277,36,18,9,0,1,2023-06,102388
5163,3722,715,44,4,0.40423721603440854,54,9,0,0,0,2023-09,102389
46424,4282,615,11,9,0.48276879813933604,58,22,3,0,1,2023-05,102390
49002,3613,617,19,7,0.314267100540342,28,29,5,0,0,2023-09,102391
9795,6331,769,55,4,0.8203207861193498,24,17,3,0,0,2023-05,102392
15634,8790,842,19,8,0.39016262716708233,28,24,4,0,1,2023-05,102393
9798,6116,661,42,0,0.25465621778577563,30,26,1,0,0,2023-08,102394
27420,4978,687,57,6,0.5480869861527173,33,23,6,0,1,2023-09,102395
34300,3812,603,29,4,0.5131664991692277,65,27,8,0,1,2023-08,102396
29345,4786,640,18,3,0.34208736344430046,59,11,6,0,0,2023-06,102397
15749,3330,666,6,2,0.30687804791681245,43,6,0,0,0,2023-09,102398
43595,5212,799,17,9,0.9172457707066086,39,12,1,0,1,2023-05,102399
30121,4216,527,56,6,0.2542755892409845,52,11,7,0,0,2023-06,102400
42487,8640,771,47,1,0.279448765357056,23,27,0,0,0,2023-07,102401
33411,8493,549,29,4,0.3960378249107248,35,17,1,0,0,2023-05,102402
38361,7482,655,42,1,0.9622713517252017,44,10,4,0,1,2023-07,102403
26223,8614,823,25,6,0.2683073996158841,20,13,5,0,1,2023-07,102404
12394,8913,847,11,5,0.8528118613943059,43,5,0,0,1,2023-09,102405
19056,8913,620,17,9,0.9136417226550617,22,4,0,0,1,2023-08,102406
33380,8910,639,26,6,0.5022941931607083,51,7,1,0,1,2023-06,102407
31035,6337,515,8,8,0.4351155198654739,53,15,2,0,0,2023-08,102408
35620,5375,808,32,1,0.7419021826059264,68,2,8,0,1,2023-06,102409
24877,8611,548,51,8,0.7621076804881783,44,17,2,0,1,2023-07,102410
48404,4240,663,58,6,0.8239817302593244,62,23,7,0,1,2023-05,102411
35911,3319,561,41,1,0.8644534250631406,22,24,5,0,0,2023-06,102412
37784,7494,839,22,9,0.41471636480987206,26,21,9,0,1,2023-07,102413
8191,4914,653,54,1,0.7495692815093193,61,8,4,0,0,2023-08,102414
38160,7200,811,51,3,0.30792457942774043,54,16,8,0,1,2023-05,102415
30000,7791,845,20,1,0.6085850652353229,48,20,7,0,1,2023-08,102416
44040,3329,649,44,0,0.6903095332100755,59,24,2,0,0,2023-09,102417
8631,3659,572,9,5,0.32938554934123837,44,27,6,0,0,2023-06,102418
11172,6688,568,22,9,0.26120523177563265,47,3,3,0,0,2023-08,102419
47080,6118,676,43,4,0.3557970290209544,43,23,7,0,1,2023-05,102420
28561,9742,501,16,2,0.5364709982818937,24,22,6,0,0,2023-07,102421
29817,7916,808,17,0,0.9102727822522998,46,17,2,0,1,2023-08,102422
25281,4972,618,52,8,0.6255315396277817,29,5,6,0,1,2023-06,102423
33671,9784,506,37,7,0.7987943133871924,31,14,5,0,1,2023-05,102424
30364,4793,754,32,5,0.3393156226331573,37,14,5,0,0,2023-07,102425
46674,9457,574,49,5,0.2847825584441804,57,14,9,0,1,2023-09,102426
32425,6218,694,48,3,0.39169388610579187,27,11,2,0,0,2023-05,102427
33602,7557,686,32,1,0.45110433023228724,69,28,3,0,1,2023-05,102428
28253,8703,502,54,3,0.6384816150577596,57,20,3,0,1,2023-09,102429
28472,5533,683,45,1,0.9049946562915527,49,13,5,0,1,2023-06,102430
13080,8771,834,49,6,0.5408740934218923,28,22,8,0,1,2023-06,102431
12099,5457,772,34,8,0.6150385502759761,67,9,4,0,1,2023-05,102432
30431,9170,551,14,1,0.20369082878793654,62,20,7,0,0,2023-05,102433
36186,6100,762,48,8,0.2266496503130293,44,2,4,0,1,2023-08,102434
35111,7366,632,8,8,0.2670153599420381,49,12,5,0,0,2023-07,102435
44851,5733,724,44,7,0.759195268383223,21,8,5,0,1,2023-06,102436
27614,9644,809,34,0,0.5889530950175339,36,16,3,0,1,2023-07,102437
31724,7480,560,26,4,0.3543689588254865,64,1,9,0,0,2023-06,102438
46991,7155,515,40,9,0.6740795509518553,26,16,9,0,1,2023-08,102439
9940,8226,728,58,3,0.6356897214552288,41,6,4,0,0,2023-09,102440
33758,3219,694,53,6,0.27103944144799663,29,20,3,0,0,2023-08,102441
41224,8560,750,15,7,0.712330218173717,45,6,1,0,1,2023-05,102442
12788,5818,802,28,9,0.8137238981044081,32,3,1,0,1,2023-05,102443
33082,4906,547,44,7,0.42924352616727757,61,9,7,0,1,2023-07,102444
29034,5611,734,30,1,0.749991089595446,47,19,3,0,0,2023-09,102445
40479,8691,620,29,2,0.3597756136070272,55,3,8,0,1,2023-06,102446
16280,5593,819,25,9,0.805383050969396,30,21,5,0,1,2023-09,102447
23052,3095,549,20,9,0.9294193352981763,28,7,4,0,0,2023-05,102448
21531,3988,540,26,6,0.5534936990413177,35,14,6,0,0,2023-05,102449
27804,4112,521,58,3,0.3956976625692943,36,22,5,0,0,2023-09,102450
33903,9971,681,47,5,0.5193413617581599,24,14,3,0,1,2023-05,102451
49857,9041,504,17,7,0.40006197812457356,24,23,9,0,1,2023-07,102452
15142,5278,644,23,7,0.20099150061310037,57,25,8,0,0,2023-06,102453
14866,8063,577,28,6,0.7203652894435562,50,3,5,0,0,2023-05,102454
9531,9418,730,46,1,0.23402131356975753,21,5,2,0,0,2023-08,102455
43098,3245,796,34,1,0.36831259217378487,46,5,3,0,0,2023-09,102456
43278,5158,847,46,2,0.7779596449038568,65,19,3,0,1,2023-08,102457
33138,7329,708,41,3,0.7325800111326268,62,27,7,0,1,2023-06,102458
32065,6349,662,10,0,0.25866312963693255,38,10,4,0,0,2023-08,102459
34956,9560,667,44,4,0.7280437928632617,62,9,7,0,1,2023-05,102460
46732,5725,777,31,6,0.944459911660626,44,29,7,0,1,2023-07,102461
44261,8247,736,44,9,0.25960197521454653,57,16,5,0,1,2023-07,102462
15759,8356,675,16,4,0.532550582141309,32,9,4,0,0,2023-06,102463
10439,7077,552,47,6,0.7835471120913131,48,6,1,0,0,2023-08,102464
47533,7898,848,16,4,0.7341784025423308,38,5,0,0,1,2023-05,102465
33270,5666,509,23,9,0.38120843397559867,54,4,6,0,0,2023-07,102466
18279,6199,645,17,7,0.33045382199736506,44,20,9,0,0,2023-09,102467
44279,5754,726,21,6,0.8273976032327457,67,21,9,0,1,2023-06,102468
49251,9994,735,32,0,0.9649957241910374,28,18,6,0,1,2023-06,102469
28888,4417,741,41,0,0.8140667740342633,54,16,1,0,0,2023-08,102470
22630,9618,804,22,4,0.9705635857582002,34,24,2,0,1,2023-08,102471
40144,3654,570,54,1,0.6839963393096342,41,28,7,0,0,2023-06,102472
36182,5442,657,26,8,0.9432790885535336,32,7,3,0,1,2023-06,102473
30538,3110,518,42,1,0.7523485556359095,68,14,4,0,0,2023-08,102474
16824,3089,554,36,8,0.9271078001608692,49,23,6,0,1,2023-06,102475
37125,3762,714,50,9,0.32927117437567266,40,17,7,0,1,2023-08,102476
11979,8399,708,40,1,0.8524521725951593,44,8,0,0,0,2023-05,102477
31189,8452,520,32,3,0.357396640762762,44,11,6,0,0,2023-07,102478
47600,6172,781,28,2,0.22194328155676582,59,17,2,0,0,2023-08,102479
17504,5179,748,37,5,0.6140689072343704,41,14,4,0,0,2023-07,102480
25669,8132,527,22,3,0.4546014244494755,65,9,0,0,0,2023-05,102481
11910,5504,795,16,8,0.2348250894304143,60,6,2,0,0,2023-07,102482
39964,4464,710,6,8,0.9842435029825276,22,8,4,0,1,2023-06,102483
25131,3097,784,33,9,0.7331728763919942,28,17,0,0,0,2023-05,102484
30227,8239,519,23,8,0.9214497385724789,43,22,1,0,1,2023-05,102485
10978,3292,519,54,2,0.9992660686975585,63,13,2,0,0,2023-05,102486
26991,4839,829,46,2,0.5135733893368737,66,13,7,0,1,2023-09,102487
22153,4734,619,25,3,0.40378962298729215,51,17,4,0,0,2023-08,102488
38548,8120,596,12,8,0.34710751414946306,36,19,4,0,1,2023-09,102489
47676,5619,619,42,5,0.6121496862330741,60,2,2,0,1,2023-05,102490
44071,9393,524,21,8,0.684864622001726,43,18,8,0,1,2023-07,102491
8983,7747,652,44,7,0.5779381888260199,27,4,8,0,0,2023-05,102492
14503,5196,744,50,6,0.5098016118765459,25,7,1,0,0,2023-05,102493
34921,6466,759,50,4,0.33461805076730267,28,28,7,0,1,2023-07,102494
21905,9187,503,52,8,0.5534876990484991,34,16,0,0,0,2023-08,102495
28953,4906,642,28,3,0.268194509663252,43,19,4,0,0,2023-05,102496
31806,4721,781,37,3,0.8920382071100736,69,15,6,0,1,2023-06,102497
27168,6691,834,54,7,0.23752212167836753,30,23,7,0,1,2023-05,102498
9583,8163,845,22,3,0.5045168493852438,50,25,7,0,1,2023-06,102499
43714,9305,719,24,6,0.2801102952343748,65,14,5,0,1,2023-07,102500
44896,4816,826,47,3,0.8199843995736626,64,13,6,0,1,2023-06,102501
16889,3252,659,39,0,0.45018958306234147,64,20,3,0,0,2023-07,102502
32413,7227,575,19,9,0.29048449012204386,32,7,9,0,1,2023-07,102503
17275,6519,598,8,8,0.6251930390916112,49,15,6,0,0,2023-06,102504
7461,4907,679,44,3,0.933021605783632,44,1,6,0,0,2023-06,102505
19291,4910,626,30,2,0.9269158968953628,67,2,8,0,0,2023-07,102506
16435,5521,531,16,2,0.39972083290623195,31,24,1,0,0,2023-06,102507
32935,8775,764,54,8,0.7757277407681868,40,3,7,0,1,2023-08,102508
38453,6849,833,20,7,0.22422735427279303,43,21,8,0,1,2023-05,102509
23544,8228,512,24,9,0.3054814372027397,45,24,2,0,0,2023-09,102510
17258,9849,838,48,6,0.5995778962510236,69,5,7,0,1,2023-06,102511
35841,4058,701,20,6,0.3830051475906817,31,16,0,0,0,2023-08,102512
15736,6538,517,20,3,0.8386094831681106,56,28,9,0,0,2023-09,102513
42643,9021,592,43,2,0.944857737642129,68,17,4,0,1,2023-09,102514
48950,5322,779,20,3,0.2034666531862258,40,29,0,0,0,2023-07,102515
39964,3186,815,14,5,0.38633266368078384,42,18,0,0,0,2023-06,102516
33044,3948,559,10,3,0.5516426768609819,20,26,5,0,0,2023-08,102517
44933,5290,713,24,3,0.6504634306819108,64,16,4,0,1,2023-05,102518
20997,7359,599,29,1,0.9327222220736808,29,11,4,0,0,2023-08,102519
19215,9093,500,34,6,0.9135067924122349,54,3,1,0,0,2023-08,102520
38069,7617,542,10,5,0.7097360795743728,57,10,9,0,1,2023-08,102521
28911,8660,810,27,1,0.4059104112671077,67,18,8,0,1,2023-07,102522
22030,7878,667,18,4,0.826630247902689,47,16,4,0,1,2023-07,102523
34334,7630,691,55,5,0.36212141702978545,20,9,2,0,0,2023-05,102524
19571,3209,533,57,4,0.9721378592774534,27,21,6,0,0,2023-08,102525
47719,5093,533,54,3,0.2046719325871984,60,1,5,0,0,2023-07,102526
33927,6538,675,52,8,0.6558164031263212,42,11,5,0,1,2023-07,102527
25714,4563,695,51,2,0.27071779753730224,39,11,4,0,0,2023-09,102528
48541,3025,657,34,1,0.5260796241456172,51,27,3,0,0,2023-08,102529
28387,3174,744,21,8,0.7079468322483338,42,13,5,0,1,2023-07,102530
33444,8635,839,41,7,0.7516787964735332,26,28,6,0,1,2023-06,102531
24921,4334,845,22,8,0.8284555757391481,30,8,7,0,1,2023-07,102532
18057,3321,834,25,9,0.6746621622118161,27,19,1,0,0,2023-06,102533
29858,8698,570,19,2,0.4010554810287956,62,27,3,0,0,2023-05,102534
49638,8254,826,55,0,0.9114025943478972,33,9,6,0,1,2023-08,102535
31062,7150,613,11,0,0.8488859304109502,33,25,2,0,0,2023-08,102536
41850,7047,784,27,2,0.32804185416548004,55,28,4,0,1,2023-09,102537
25567,8662,642,45,3,0.8612089473662792,60,6,9,0,1,2023-07,102538
34739,8705,596,14,1,0.9781156127283854,59,4,6,0,1,2023-09,102539
48285,6227,808,37,7,0.7097752934463342,66,28,8,0,1,2023-05,102540
8754,4872,819,29,2,0.42544417849111504,46,28,5,0,0,2023-08,102541
32044,9811,711,38,3,0.6852750650187314,39,9,1,0,1,2023-09,102542
6724,9290,816,18,5,0.47402805531863923,57,27,8,0,1,2023-08,102543
6376,8604,684,40,9,0.740757176513845,44,25,5,0,1,2023-07,102544
13706,9742,704,11,5,0.6358399675646988,67,15,9,0,1,2023-07,102545
13894,5067,715,54,1,0.9435924896718011,67,18,1,0,0,2023-09,102546
23037,3332,745,45,5,0.6943268345606423,48,26,0,0,0,2023-09,102547
23450,8674,738,35,3,0.3711853469817353,33,22,3,0,0,2023-07,102548
21406,8002,792,43,4,0.7800878986735078,47,27,1,0,1,2023-08,102549
34725,5991,507,21,6,0.4407026542887056,49,4,6,0,0,2023-09,102550
10926,3910,577,6,6,0.4179127623590435,34,19,6,0,0,2023-06,102551
44019,7496,823,47,5,0.5134213004596028,40,26,2,0,1,2023-07,102552
14496,3949,776,23,9,0.20959734325014054,31,16,9,0,0,2023-09,102553
41068,8425,701,27,5,0.9753125281290242,69,6,0,0,1,2023-06,102554
34806,5075,713,31,5,0.6258648890869587,30,27,1,0,0,2023-08,102555
27663,5514,593,19,3,0.8187951150983683,58,12,7,0,0,2023-08,102556
46321,6331,574,42,2,0.4062817779023027,25,15,3,0,0,2023-05,102557
41495,6029,656,54,0,0.7972945053069005,22,15,2,0,0,2023-09,102558
27656,9006,652,19,2,0.6537364018225083,60,15,9,0,1,2023-07,102559
30860,3100,641,31,2,0.539315339023602,34,16,6,0,0,2023-07,102560
21832,7646,577,55,8,0.9765353809571697,53,14,9,0,1,2023-08,102561
43787,9945,821,41,2,0.5950749713171246,23,8,3,0,1,2023-07,102562
26727,5400,681,57,7,0.7259668655117415,53,25,1,0,1,2023-06,102563
47815,6371,694,28,7,0.21227375319190378,57,28,2,0,1,2023-07,102564
34545,8801,657,7,2,0.44116416519891866,63,25,3,0,0,2023-06,102565
49522,5343,645,44,9,0.9109532529280531,58,2,0,0,1,2023-07,102566
7520,3352,553,12,9,0.8071672488928152,60,15,7,0,0,2023-05,102567
8081,5955,776,44,5,0.6294032289405198,25,29,7,0,1,2023-09,102568
39196,4018,808,50,7,0.9201277656906284,41,8,4,0,1,2023-07,102569
41735,4179,582,56,7,0.5889764105660447,56,11,5,0,1,2023-05,102570
44213,8193,655,27,9,0.6532056513502205,51,16,3,0,1,2023-08,102571
19566,6536,503,33,9,0.5057222777580366,47,8,2,0,0,2023-05,102572
19042,6650,810,43,8,0.6960320293783073,45,5,2,0,1,2023-07,102573
30498,5502,770,25,8,0.45520122473669905,23,20,3,0,1,2023-08,102574
16329,6819,563,54,7,0.5083937420338858,29,25,5,0,0,2023-05,102575
36656,9855,611,23,6,0.9730610105658151,46,4,1,0,1,2023-05,102576
7159,3979,738,29,9,0.2890469438396721,39,12,5,0,0,2023-05,102577
42900,8451,643,38,2,0.2842042761968328,55,10,7,0,1,2023-09,102578
24363,7834,519,50,6,0.2346528155640126,24,4,8,0,0,2023-08,102579
48241,3976,563,31,3,0.4560356158082141,36,19,3,0,0,2023-06,102580
24033,4371,788,24,1,0.5185833939743394,69,10,4,0,0,2023-06,102581
15805,5280,580,53,7,0.275612515255637,51,29,7,0,0,2023-08,102582
40851,8897,696,47,1,0.6393047962934637,54,28,9,0,1,2023-07,102583
31832,9245,568,18,0,0.6666412232438953,42,29,1,0,0,2023-06,102584
18944,8048,685,15,4,0.8008213548906624,32,19,9,0,1,2023-05,102585
24873,7576,666,19,9,0.9807744932926412,20,19,1,0,1,2023-08,102586
45372,8333,704,14,8,0.6954817978339196,50,11,8,0,1,2023-09,102587
28928,3107,663,58,4,0.2893206453447563,38,23,5,0,0,2023-06,102588
20379,3972,593,16,1,0.27081939459662624,42,13,9,0,0,2023-05,102589
41751,4626,748,8,9,0.822037490920297,53,21,8,0,1,2023-05,102590
39546,3703,567,45,3,0.7202673028287414,23,25,9,0,1,2023-07,102591
29286,9478,842,17,7,0.3295315157652494,67,2,6,0,1,2023-06,102592
10110,9229,520,40,6,0.4026879781468273,67,14,4,0,0,2023-05,102593
17087,9877,818,44,4,0.8001923098340147,68,20,8,0,1,2023-07,102594
28762,3874,584,51,3,0.6529246254445172,63,18,8,0,0,2023-06,102595
22081,8543,523,44,4,0.6680000500020312,53,27,1,0,0,2023-05,102596
39947,6809,610,37,6,0.36800693703032766,49,16,7,0,1,2023-08,102597
14596,5411,582,44,4,0.7032463853261692,29,24,7,0,0,2023-07,102598
43019,5107,577,19,7,0.8165028763258042,25,4,1,0,0,2023-09,102599
47003,6553,639,49,6,0.9082017803710776,31,1,9,0,1,2023-06,102600
23313,4273,770,6,6,0.7893738598544393,31,26,6,0,1,2023-05,102601
6013,3559,838,32,8,0.6611005208072129,68,3,0,0,0,2023-06,102602
28705,3116,668,42,7,0.7386074457974214,37,12,4,0,0,2023-08,102603
6828,7969,696,48,7,0.5880891700111022,55,23,4,0,1,2023-06,102604
12909,8063,761,6,5,0.38151859449409803,54,28,9,0,1,2023-06,102605
43356,6046,714,50,6,0.9057655782175484,44,3,4,0,1,2023-05,102606
18109,8664,566,34,7,0.6260981065339403,68,21,1,0,1,2023-09,102607
7023,3043,728,29,4,0.675454648917788,60,18,2,0,0,2023-09,102608
19537,3508,660,22,9,0.9920871310025461,41,24,5,0,1,2023-08,102609
31661,9107,621,40,1,0.9880125426181123,49,4,0,0,1,2023-06,102610
43659,8284,648,36,6,0.6690487879999498,63,29,5,0,1,2023-08,102611
38848,6439,839,47,9,0.22716580961397295,48,17,5,0,1,2023-07,102612
42804,6928,692,37,2,0.5169180304358747,26,12,6,0,1,2023-08,102613
20379,8411,730,24,9,0.9498346240407114,67,20,8,0,1,2023-09,102614
32766,7944,610,36,7,0.43064527390080737,59,8,8,0,1,2023-06,102615
48590,8975,644,44,5,0.9994149481570529,22,25,3,0,1,2023-09,102616
7563,3916,720,25,3,0.267454021485242,40,17,1,0,0,2023-09,102617
41060,5945,563,33,1,0.6544913448041498,64,14,4,0,0,2023-07,102618
34197,3798,625,8,6,0.6123594881397554,39,22,0,0,0,2023-08,102619
8586,7971,717,37,0,0.4042823306941601,28,20,4,0,0,2023-07,102620
21087,4760,783,27,6,0.9588857045160799,60,11,9,0,1,2023-08,102621
28225,5333,735,49,9,0.6953369679978483,55,8,2,0,1,2023-07,102622
34750,6275,512,59,9,0.38418262675574094,33,1,6,0,1,2023-06,102623
11643,9827,652,47,6,0.507238558270669,37,21,6,0,1,2023-06,102624
32523,3818,738,58,9,0.7769835415056501,52,17,2,0,1,2023-08,102625
41727,5168,689,49,2,0.4381573701570509,21,20,4,0,0,2023-09,102626
16005,8040,650,20,3,0.9036849616489449,56,28,8,0,1,2023-06,102627
48543,6735,585,43,3,0.3325391183660993,50,18,3,0,0,2023-06,102628
5161,6065,520,24,3,0.411604071891879,41,29,1,0,0,2023-09,102629
21029,6259,681,36,8,0.31591889069288004,65,10,2,0,0,2023-05,102630
19226,3906,818,31,5,0.28334307100759865,28,9,0,0,0,2023-09,102631
33731,7108,657,10,9,0.44025233877114145,39,2,4,0,0,2023-08,102632
48922,3602,575,25,8,0.9993429970683525,39,20,8,0,1,2023-09,102633
49848,7295,828,7,3,0.2754635306093345,66,3,1,0,0,2023-09,102634
8390,5633,702,26,6,0.37040175347783066,20,1,2,0,0,2023-08,102635
10997,4791,728,56,9,0.4172934392624017,49,28,2,0,1,2023-05,102636
17693,6527,651,56,8,0.695303747577763,38,1,6,0,1,2023-07,102637
47092,7543,762,41,9,0.796276557126282,55,18,9,0,1,2023-06,102638
5541,4811,571,33,2,0.8015469398832367,33,8,6,0,0,2023-09,102639
26817,6911,724,25,2,0.20690878555106496,20,18,0,0,0,2023-08,102640
42861,3840,630,42,5,0.7214803670395722,24,1,2,0,0,2023-05,102641
18428,6142,527,44,7,0.7045895034936824,29,22,0,0,0,2023-06,102642
48934,7685,798,41,0,0.6141237455119017,28,17,8,0,1,2023-05,102643
15258,8249,596,16,3,0.5033668491230073,68,10,6,0,0,2023-08,102644
21044,5090,545,8,7,0.837955357968984,33,9,4,0,0,2023-07,102645
34411,7615,500,42,5,0.4751046363466818,58,22,6,0,1,2023-06,102646
10469,4036,665,25,1,0.38400981768528103,37,10,2,0,0,2023-07,102647
33854,3724,744,37,7,0.4480761396540904,61,22,2,0,1,2023-05,102648
11256,9766,718,52,0,0.5517183336985327,44,1,0,0,0,2023-06,102649
15720,3987,601,30,0,0.3712459104021917,55,16,4,0,0,2023-05,102650
38937,3802,790,26,6,0.6860569969643893,50,7,6,0,1,2023-09,102651
38598,5582,703,55,9,0.9073673620095166,65,3,2,0,1,2023-06,102652
6651,9445,701,21,2,0.6763680993296601,54,17,4,0,0,2023-07,102653
24194,6837,553,53,7,0.5573346459819051,46,9,9,0,1,2023-07,102654
30051,3526,779,47,8,0.8374950129799232,41,15,0,0,1,2023-08,102655
32386,4665,777,6,7,0.7984308982996231,30,8,6,0,1,2023-06,102656
14518,4138,515,28,0,0.49364649722455695,29,4,7,0,0,2023-05,102657
21184,3459,512,48,0,0.6833227765322896,27,19,7,0,0,2023-05,102658
38787,9975,817,54,5,0.783874288254393,60,2,0,0,1,2023-05,102659
26621,5552,586,29,0,0.39637060641555283,47,2,3,0,0,2023-07,102660
15028,8027,577,52,7,0.4930191032673519,42,13,8,0,1,2023-06,102661
17448,9082,566,30,5,0.2846208564399764,25,27,1,0,0,2023-07,102662
39051,7420,846,12,4,0.9901442226454666,33,19,0,0,1,2023-05,102663
35447,7674,710,43,5,0.26870212033850865,43,1,5,0,1,2023-08,102664
23394,5808,713,52,3,0.33488490009886196,28,28,0,0,0,2023-09,102665
39501,5898,684,52,0,0.5838655597313118,65,26,5,0,1,2023-05,102666
35254,8633,532,44,6,0.8922174668356315,59,23,0,0,1,2023-06,102667
23509,6243,614,40,9,0.48470561835836756,57,15,5,0,1,2023-06,102668
19472,7068,774,19,8,0.8148769180250768,44,2,8,0,1,2023-06,102669
8471,9645,697,14,3,0.7408272586529889,57,28,4,0,1,2023-05,102670
46796,9096,642,8,3,0.7109312617277432,49,16,3,0,1,2023-05,102671
35268,9477,727,43,8,0.8760138007734721,41,22,7,0,1,2023-09,102672
13329,5331,619,25,3,0.21133623170290053,21,28,3,0,0,2023-08,102673
39865,7570,523,46,9,0.9433224308483135,44,14,3,0,1,2023-09,102674
33272,8173,526,38,3,0.8633809442690346,43,6,8,0,1,2023-07,102675
47845,8577,574,46,7,0.9502937757214618,56,11,0,0,1,2023-09,102676
11397,8698,740,49,3,0.8348703070853498,22,14,2,0,0,2023-09,102677
37373,8539,522,37,8,0.902873125963418,62,20,3,0,1,2023-09,102678
40525,6685,660,41,7,0.3624624385595834,45,4,7,0,1,2023-05,102679
29570,3631,540,31,4,0.45538325350164044,49,17,0,0,0,2023-08,102680
23284,7798,737,53,8,0.4521768107765848,48,16,2,0,1,2023-07,102681
23994,5456,738,10,7,0.2873333967024454,26,27,1,0,0,2023-07,102682
28284,3981,555,54,9,0.7836634042276727,28,6,5,0,1,2023-07,102683
22833,8423,597,35,3,0.3089367141496583,64,8,8,0,0,2023-08,102684
30122,9054,645,22,3,0.24200733286324852,49,29,9,0,1,2023-09,102685
10017,7654,761,11,0,0.8203574960440512,35,13,8,0,0,2023-09,102686
21370,7317,539,20,3,0.9237305357855434,63,26,9,0,1,2023-09,102687
34252,4556,692,6,7,0.8112986783721066,59,4,4,0,1,2023-07,102688
12999,5205,738,18,4,0.8602817702655812,33,16,2,0,0,2023-08,102689
27436,7443,541,53,5,0.676497342264617,45,17,7,0,1,2023-07,102690
47963,8278,721,39,3,0.9101970703318025,65,4,8,0,1,2023-06,102691
7096,7984,695,35,4,0.5973627858862841,56,16,8,0,1,2023-09,102692
30279,6955,787,24,9,0.9906580947899719,29,2,0,0,1,2023-09,102693
48363,3921,509,7,7,0.28273203421555915,49,20,9,0,0,2023-08,102694
31201,8354,734,58,8,0.8473445653611071,41,24,4,0,1,2023-09,102695
24715,9805,824,49,2,0.7131115328090203,49,13,9,0,1,2023-06,102696
34309,3404,764,17,9,0.6645168545769562,51,3,8,0,1,2023-07,102697
20078,8376,568,45,3,0.7806484246888972,33,28,2,0,0,2023-09,102698
10105,7772,638,49,0,0.8722332246390792,42,29,6,0,0,2023-06,102699
34312,7684,718,29,4,0.8903072534724079,36,21,8,0,1,2023-05,102700
7839,4620,695,16,3,0.340304770355188,55,10,1,0,0,2023-06,102701
8384,9701,573,7,5,0.3576287438023754,48,27,1,0,0,2023-06,102702
48619,5952,602,6,5,0.2129332076108777,43,18,4,0,0,2023-05,102703
47821,6118,724,33,9,0.30547396623381823,66,25,7,0,1,2023-06,102704
18493,9622,622,9,5,0.4111059942799397,30,3,9,0,0,2023-09,102705
22069,9630,601,46,2,0.7768286580402264,60,1,4,0,1,2023-09,102706
12531,4594,763,35,6,0.5806140072020081,34,23,7,0,0,2023-07,102707
42051,3565,660,12,2,0.8063228284672139,41,11,3,0,0,2023-08,102708
12736,9667,732,27,5,0.5892286782559126,46,5,8,0,1,2023-05,102709
12710,7799,774,31,9,0.6444779623279746,53,25,3,0,1,2023-08,102710
6619,5868,757,34,0,0.288853269274866,52,3,4,0,0,2023-07,102711
18975,3857,810,30,7,0.8212466277408261,40,11,6,0,1,2023-08,102712
28252,4284,638,15,6,0.806501225759644,43,1,8,0,0,2023-08,102713
20261,3584,726,25,8,0.4460492733444957,39,15,4,0,0,2023-06,102714
6431,9829,772,19,2,0.46286246224032157,68,7,6,0,0,2023-09,102715
14067,7327,816,38,7,0.3757451604585084,23,24,3,0,1,2023-07,102716
42481,9413,585,10,1,0.8510717408289221,56,27,1,0,1,2023-08,102717
32037,4245,790,50,8,0.7976054415694243,56,2,1,0,1,2023-05,102718
14557,3051,716,11,0,0.6873181905474022,65,15,4,0,0,2023-08,102719
14435,5163,565,27,9,0.39105768250375794,52,18,1,0,0,2023-06,102720
42766,3537,756,22,6,0.3374826660909954,50,25,1,0,0,2023-09,102721
5162,3540,634,20,9,0.2402150809396905,53,29,1,0,0,2023-09,102722
39742,8138,554,44,0,0.2364891854228156,41,4,3,0,0,2023-05,102723
24675,3814,742,45,5,0.34970891184666164,61,1,7,0,0,2023-08,102724
13461,4415,751,33,0,0.28042602585857773,49,9,6,0,0,2023-05,102725
22015,5838,520,58,3,0.6448861383379545,24,9,4,0,0,2023-09,102726
37591,4652,806,7,6,0.4864721022355816,60,22,6,0,1,2023-05,102727
33047,5665,662,23,1,0.555956625734517,64,6,5,0,0,2023-05,102728
39782,7514,763,32,2,0.6752537468697519,42,14,7,0,1,2023-06,102729
14833,7062,567,26,3,0.7272813962828109,32,9,7,0,0,2023-08,102730
12896,5356,606,28,5,0.7185613759060625,28,2,6,0,0,2023-06,102731
37972,6810,566,12,8,0.408685269456666,33,9,4,0,0,2023-07,102732
46800,3863,698,57,3,0.8477016162368822,36,13,5,0,1,2023-07,102733
35508,3185,691,53,5,0.9341677359353839,54,20,9,0,1,2023-07,102734
10347,7356,501,24,6,0.4527506777785562,37,20,7,0,0,2023-07,102735
35314,4551,756,14,3,0.21365233325285438,31,29,6,0,0,2023-05,102736
7643,8392,500,17,5,0.919323349318804,60,25,4,0,0,2023-09,102737
45785,5207,614,51,2,0.9388389863627808,35,23,9,0,1,2023-06,102738
23681,3761,587,35,4,0.24075715233042683,49,12,7,0,0,2023-09,102739
43328,7319,696,12,9,0.2039652734873698,32,10,3,0,1,2023-07,102740
20892,4279,591,7,3,0.8531238263941938,37,28,5,0,0,2023-08,102741
22073,7275,773,22,6,0.44117068358648526,31,5,3,0,0,2023-06,102742
41768,9163,843,16,5,0.9316657338367909,53,24,4,0,1,2023-06,102743
35682,8743,659,55,6,0.3733948586156373,52,12,9,0,1,2023-07,102744
37262,7727,672,17,5,0.8889236929012696,25,29,2,0,1,2023-06,102745
36358,6694,532,8,1,0.25491541578002935,37,1,1,0,0,2023-07,102746
19289,6281,572,26,6,0.4085094778511789,22,23,0,0,0,2023-07,102747
12927,4536,695,19,7,0.9785031033165128,25,4,2,0,0,2023-06,102748
6171,9201,783,20,6,0.38495732346502587,55,13,0,0,0,2023-06,102749
16918,6164,586,56,3,0.30641038726003295,68,18,5,0,0,2023-09,102750
46903,5770,808,47,3,0.8856437219783964,69,2,1,0,1,2023-07,102751
44110,4963,723,46,4,0.29424063340918327,41,11,2,0,0,2023-09,102752
16929,6845,543,15,8,0.2779648868636028,26,28,7,0,0,2023-05,102753
7539,6435,835,57,4,0.4587401073516286,49,25,4,0,1,2023-05,102754
41727,7710,637,41,1,0.7082628052775677,21,22,1,0,0,2023-07,102755
27669,3561,769,56,4,0.7685970990229565,51,27,1,0,1,2023-09,102756
10432,5421,535,15,2,0.9049910270619166,34,4,2,0,0,2023-08,102757
25644,7717,533,22,9,0.6327292207672849,41,18,2,0,1,2023-08,102758
23745,5135,587,49,7,0.5147342294087803,68,7,7,0,1,2023-05,102759
33228,8109,645,30,9,0.48706700946757214,57,9,4,0,1,2023-09,102760
39521,5061,515,32,9,0.8775221827819792,27,2,7,0,1,2023-07,102761
36703,5180,732,38,1,0.7790522475861323,27,4,3,0,0,2023-05,102762
31928,4960,540,16,3,0.9243432109801115,58,14,8,0,0,2023-07,102763
23322,6879,754,18,4,0.9712283645852913,55,17,2,0,1,2023-05,102764
27360,8153,780,6,3,0.44004066886704596,39,1,1,0,0,2023-07,102765
34055,6279,625,36,4,0.6237392949606716,56,3,5,0,0,2023-08,102766
47891,6884,507,38,9,0.7054566458918663,27,1,3,0,1,2023-06,102767
21376,6270,849,26,3,0.33107915742116606,33,20,1,0,0,2023-06,102768
11588,7687,839,21,2,0.2426776271399878,39,22,5,0,0,2023-07,102769
30000,3582,823,44,0,0.8942111312922509,54,29,3,0,1,2023-07,102770
11304,4613,675,28,3,0.6284188086042986,44,21,9,0,0,2023-07,102771
12345,4101,727,15,8,0.6566193730880314,37,25,3,0,0,2023-07,102772
34300,3288,822,53,0,0.6439314763423638,66,13,9,0,1,2023-05,102773
29259,8664,517,38,6,0.8039685638661525,40,14,3,0,1,2023-07,102774
30470,6859,555,27,2,0.3164015557456346,56,12,3,0,0,2023-09,102775
28017,6060,534,46,7,0.6912387526172261,66,11,7,0,1,2023-08,102776
20352,5926,617,11,5,0.5755836092621041,50,18,0,0,0,2023-06,102777
38365,8539,781,52,0,0.9175665276061795,25,2,8,0,1,2023-08,102778
24446,7102,753,41,9,0.6156967503170603,61,28,2,0,1,2023-06,102779
7336,4183,712,52,4,0.9543479792593326,66,3,4,0,0,2023-05,102780
14879,7335,560,15,7,0.48260239534392535,39,4,4,0,0,2023-08,102781
37316,9082,587,21,2,0.9735157651119926,47,9,3,0,1,2023-06,102782
38340,4446,770,18,3,0.9001263584734143,60,11,3,0,1,2023-09,102783
12521,9679,846,56,6,0.6674106317882837,55,22,6,0,1,2023-06,102784
11171,4749,531,25,5,0.4829679466552197,59,29,3,0,0,2023-08,102785
28481,9213,632,9,6,0.500738685962048,45,25,9,0,1,2023-06,102786
23474,4903,563,25,8,0.8182016691666334,32,21,2,0,0,2023-08,102787
49629,9359,698,27,8,0.6645050809352356,68,25,8,0,1,2023-06,102788
26008,6175,755,34,1,0.5212700683754568,23,9,3,0,0,2023-05,102789
6633,4077,841,21,2,0.7088439691297315,53,17,3,0,0,2023-09,102790
17485,9949,654,48,3,0.7865867183207556,56,15,9,0,1,2023-09,102791
48617,5377,730,52,5,0.21832041004677274,53,9,7,0,1,2023-09,102792
8648,3847,800,48,4,0.2718902408940081,35,7,6,0,0,2023-05,102793
18140,8407,534,28,5,0.27558835232566337,42,27,3,0,0,2023-08,102794
22921,9188,525,35,7,0.3855470442106678,42,8,7,0,0,2023-09,102795
19357,5876,522,35,1,0.5415923513818512,34,3,9,0,0,2023-06,102796
8137,9341,640,48,5,0.8429199194340435,44,1,1,0,0,2023-07,102797
5097,4239,784,8,8,0.48087922799964594,48,4,8,0,0,2023-07,102798
16407,8600,819,29,4,0.21398223070448383,55,17,1,0,0,2023-07,102799
35575,4332,655,54,0,0.5866894823613832,34,1,9,0,0,2023-09,102800
17722,6506,612,42,7,0.9973028763396976,56,4,2,0,1,2023-07,102801
17924,5379,638,18,3,0.4792167965239353,54,8,5,0,0,2023-06,102802
8750,7791,708,47,7,0.9690036150138519,65,28,6,0,1,2023-05,102803
32733,7122,822,37,3,0.28107610490913815,58,17,8,0,1,2023-08,102804
13535,6237,585,42,7,0.33847972632424383,66,26,7,0,0,2023-05,102805
29487,5365,784,17,8,0.7792976561165668,56,26,5,0,1,2023-05,102806
35651,5412,559,13,4,0.600969959176565,60,12,7,0,0,2023-08,102807
9666,6174,553,29,4,0.812097442772709,47,25,4,0,0,2023-08,102808
21994,8055,592,49,1,0.890846676023112,64,22,9,0,1,2023-05,102809
6727,8622,824,21,8,0.4008679008488277,49,16,9,0,1,2023-09,102810
39622,8964,764,37,3,0.7462633363517936,26,29,8,0,1,2023-08,102811
15800,3372,712,39,2,0.6860809893070049,23,5,3,0,0,2023-08,102812
42823,4949,832,40,1,0.8892280233537049,26,25,0,0,1,2023-08,102813
48039,3244,509,37,2,0.5440831204879062,52,25,7,0,0,2023-07,102814
23708,4840,702,55,3,0.241496344568528,66,25,4,0,0,2023-07,102815
17819,8772,695,22,8,0.6593489018180096,66,13,8,0,1,2023-09,102816
14369,6427,557,7,5,0.9671026552947664,37,13,2,0,0,2023-05,102817
14283,9621,755,31,9,0.21170494360417874,34,12,8,0,1,2023-09,102818
35573,3124,722,59,4,0.3922063907379637,54,3,7,0,0,2023-07,102819
18171,7632,679,49,8,0.45285423197129604,56,28,5,0,1,2023-07,102820
35933,5753,534,22,7,0.8126711103127804,24,12,9,0,1,2023-06,102821
10774,4919,602,43,5,0.45862153797452954,67,24,9,0,0,2023-08,102822
11519,4635,660,54,2,0.39126709055705117,42,26,7,0,0,2023-08,102823
15983,4425,699,7,6,0.7188464115736328,29,20,7,0,0,2023-05,102824
35932,4540,659,13,9,0.2371242311687997,44,20,6,0,0,2023-07,102825
35798,3530,682,51,5,0.3364774879669976,41,28,6,0,0,2023-07,102826
23133,9929,635,11,7,0.5264241829355549,50,23,2,0,1,2023-08,102827
19939,7349,725,14,5,0.4844799698720249,42,24,6,0,0,2023-07,102828
5781,9264,742,6,9,0.47773265534669057,47,20,2,0,0,2023-07,102829
32624,6103,605,10,3,0.28684401049572944,64,11,8,0,0,2023-07,102830
11823,7756,570,44,9,0.4886720155598373,34,10,4,0,0,2023-07,102831
23489,4801,576,14,6,0.8383942175931223,59,29,7,0,1,2023-09,102832
44961,8156,553,19,6,0.5310753614379162,26,16,2,0,0,2023-06,102833
34118,8461,776,32,7,0.668936947852548,65,6,2,0,1,2023-05,102834
39881,4036,610,14,1,0.33086352745385406,57,17,2,0,0,2023-08,102835
21280,8302,723,41,5,0.2557690907748609,59,13,7,0,1,2023-08,102836
27263,6728,574,34,2,0.9039648335452486,34,18,8,0,1,2023-09,102837
18565,9231,513,25,7,0.4650980769167671,68,12,6,0,1,2023-05,102838
25354,7011,757,20,3,0.4802697864545062,24,5,0,0,0,2023-07,102839
47951,9189,688,41,3,0.9021502795830869,31,20,5,0,1,2023-05,102840
30643,6463,738,8,1,0.7662170791269951,32,16,2,0,0,2023-07,102841
28648,4142,833,58,5,0.8050101687900904,22,3,0,0,0,2023-08,102842
46971,8650,803,28,5,0.7456027873341302,38,16,9,0,1,2023-09,102843
23658,4755,590,59,0,0.2846337958332291,45,11,1,0,0,2023-09,102844
26253,9061,683,51,7,0.9663966568449822,49,14,2,0,1,2023-07,102845
31390,7840,516,14,2,0.9273090297023421,47,22,6,0,1,2023-08,102846
28128,4629,511,35,0,0.3889761014651636,34,26,5,0,0,2023-07,102847
18489,8062,665,24,9,0.8431953529150731,37,22,1,0,1,2023-07,102848
43314,3762,645,43,0,0.527517145197856,26,13,4,0,0,2023-09,102849
37658,9905,781,8,0,0.7470135742915864,33,11,0,0,0,2023-06,102850
11852,7889,536,55,4,0.33248239985058725,43,14,2,0,0,2023-07,102851
34450,7839,569,53,4,0.6308434005251367,43,10,0,0,0,2023-08,102852
7551,8165,668,8,0,0.30129303964792487,30,24,2,0,0,2023-08,102853
11411,6957,834,39,4,0.6289337322864927,58,18,1,0,0,2023-08,102854
38243,8627,669,7,6,0.39487516484577023,62,7,3,0,1,2023-05,102855
26800,3557,752,32,4,0.5619732230150518,59,23,4,0,0,2023-06,102856
15403,9090,845,28,8,0.7343754937395446,29,18,2,0,1,2023-09,102857
12239,7621,796,47,3,0.9016596653284952,62,29,9,0,1,2023-06,102858
11710,9740,641,37,8,0.33223120246822246,52,22,4,0,1,2023-05,102859
26384,3839,772,52,7,0.9146152923341586,39,21,6,0,1,2023-05,102860
26038,3002,724,40,0,0.5120301183418321,61,2,9,0,0,2023-09,102861
45846,4051,682,45,3,0.8750372548847047,58,25,8,0,1,2023-06,102862
27447,4404,720,23,6,0.6100383347342104,41,8,7,0,0,2023-08,102863
7285,3156,552,32,0,0.8897668574103519,54,23,5,0,0,2023-08,102864
42991,9998,617,16,7,0.7302592540161597,47,15,8,0,1,2023-08,102865
18521,4937,658,44,1,0.6069729124934147,55,6,7,0,0,2023-06,102866
11971,9050,635,24,7,0.45003090640026305,49,21,3,0,0,2023-07,102867
34139,3510,576,30,3,0.9751272700949243,25,13,1,0,0,2023-09,102868
24909,6404,835,12,7,0.8407181261331342,20,25,8,0,1,2023-08,102869
16531,7782,544,36,0,0.5049497481378091,23,5,5,0,0,2023-05,102870
19721,4137,517,7,4,0.33337887444723685,44,29,9,0,0,2023-06,102871
24206,8508,704,43,8,0.8236283348746352,58,22,7,0,1,2023-06,102872
42711,8606,823,10,6,0.9919554302487359,30,3,7,0,1,2023-06,102873
11530,6914,582,19,2,0.42317996303397765,57,25,3,0,0,2023-07,102874
16116,6321,549,23,3,0.9326904578679966,56,15,9,0,0,2023-06,102875
5258,7666,780,41,9,0.30029656447033615,31,27,4,0,1,2023-09,102876
5282,3714,665,9,6,0.9617650034014833,48,24,0,0,0,2023-07,102877
18937,8434,742,29,5,0.7962711299544507,53,9,8,0,1,2023-07,102878
6898,5286,663,18,3,0.4772769834109628,37,17,6,0,0,2023-07,102879
9135,9446,823,26,2,0.4437054578369871,28,17,0,0,0,2023-06,102880
11629,5654,555,38,1,0.7147482831514811,65,13,9,0,0,2023-08,102881
48936,3990,538,25,9,0.67480571220696,31,18,9,0,1,2023-06,102882
24584,7429,818,10,8,0.9351493611949493,28,20,2,0,1,2023-08,102883
28551,5160,627,29,2,0.8129945073673714,20,26,8,0,0,2023-07,102884
38380,8740,621,40,6,0.6322918980591414,26,5,0,0,1,2023-05,102885
22071,7457,746,35,0,0.9420526734717236,58,13,5,0,1,2023-05,102886
25074,8976,685,33,7,0.6741845050665751,61,7,4,0,1,2023-05,102887
30188,9944,707,58,0,0.8797478685285418,53,4,3,0,1,2023-08,102888
7307,5144,814,56,1,0.872754121678285,51,13,0,0,0,2023-06,102889
44901,9077,803,50,0,0.935355887159629,47,17,6,0,1,2023-09,102890
16205,5063,738,12,3,0.2540816250232837,45,8,0,0,0,2023-07,102891
10906,5603,714,47,1,0.6670557343574222,55,27,0,0,0,2023-05,102892
7591,4977,791,40,0,0.5747140729368394,59,3,1,0,0,2023-09,102893
20149,3375,723,35,0,0.592433906771738,33,25,8,0,0,2023-09,102894
49918,3741,587,39,1,0.5679284828961624,64,16,0,0,0,2023-05,102895
44951,7485,524,44,5,0.8699733515378727,50,2,7,0,1,2023-06,102896
30150,5667,719,14,1,0.4547463179335511,35,27,0,0,0,2023-08,102897
36852,4240,774,58,1,0.5702008653038227,58,1,0,0,0,2023-09,102898
47870,6470,634,17,7,0.36054603432086857,61,26,8,0,1,2023-09,102899
6283,7919,732,59,4,0.4013732927397878,30,8,7,0,0,2023-05,102900
38691,5367,565,34,7,0.7283360666751,30,3,0,0,0,2023-08,102901
6125,5243,579,15,7,0.2935487506005296,57,17,6,0,0,2023-08,102902
6529,6549,754,32,1,0.3502574487957419,31,27,7,0,0,2023-08,102903
31170,3417,624,24,6,0.6224276476570513,61,19,1,0,0,2023-07,102904
13438,3606,645,18,8,0.23501842237041082,28,24,3,0,0,2023-06,102905
25095,3567,602,47,7,0.30154159953631327,41,16,1,0,0,2023-08,102906
21154,3543,776,42,8,0.890682351173399,57,27,5,0,1,2023-08,102907
13004,9374,623,37,7,0.8769174126359967,28,20,4,0,1,2023-07,102908
14752,3883,766,20,3,0.4782208840375858,22,10,4,0,0,2023-07,102909
48360,9664,777,26,9,0.47839305224894757,58,27,7,0,1,2023-06,102910
31819,7798,610,8,6,0.949212359411203,54,23,0,0,1,2023-07,102911
41632,4223,812,13,8,0.2206729112576186,49,24,9,0,1,2023-05,102912
31515,5893,588,11,8,0.6642364104682167,45,15,1,0,0,2023-05,102913
29217,9816,657,34,3,0.6779124632325819,27,7,0,0,0,2023-08,102914
28172,8718,715,24,6,0.830309653745329,51,16,3,0,1,2023-08,102915
37994,5068,800,22,5,0.9614004126580806,41,17,1,0,1,2023-08,102916
20036,9731,535,15,2,0.4846620696346752,27,20,9,0,0,2023-09,102917
16739,6709,586,38,9,0.550266778764801,64,13,6,0,1,2023-06,102918
37220,4786,617,18,5,0.7370387844161419,21,29,4,0,0,2023-06,102919
14587,8715,827,32,7,0.9738172978753414,33,10,4,0,1,2023-07,102920
49517,4457,681,47,1,0.9126338829893661,24,9,0,0,0,2023-07,102921
35129,9514,567,17,2,0.7336424026160357,32,7,1,0,0,2023-07,102922
5645,8679,658,7,7,0.8853788573368178,42,12,4,0,0,2023-08,102923
35930,4914,784,15,3,0.268163544713149,32,1,6,0,0,2023-06,102924
21299,3077,663,26,3,0.5017015542814822,38,24,0,0,0,2023-07,102925
35090,6613,572,28,1,0.21047399655907775,43,16,6,0,0,2023-07,102926
26953,4308,618,6,9,0.3419777906087603,54,4,1,0,0,2023-05,102927
31475,3647,840,38,0,0.7043940569619216,33,14,1,0,0,2023-08,102928
23888,5187,694,57,6,0.9084492989869335,23,28,8,0,1,2023-05,102929
48732,3552,588,31,3,0.7062242479934364,45,23,7,0,1,2023-07,102930
21087,8093,844,20,5,0.7313104856068533,29,29,9,0,1,2023-06,102931
14346,3281,575,27,7,0.2830572842049615,57,22,3,0,0,2023-05,102932
5587,4281,720,30,6,0.7318883927307038,57,23,4,0,0,2023-06,102933
17763,4846,638,6,6,0.5634773738953528,53,26,8,0,0,2023-07,102934
46945,8479,740,31,5,0.7211521852654588,53,26,3,0,1,2023-09,102935
9079,5487,653,26,3,0.4609384876238619,38,17,9,0,0,2023-07,102936
41116,9413,552,46,3,0.6651887533305361,22,12,7,0,1,2023-09,102937
25215,8253,641,29,8,0.5392554374647915,55,15,4,0,1,2023-09,102938
30817,5793,819,44,4,0.6469096443480487,23,22,0,0,1,2023-05,102939
29765,6711,530,21,8,0.31767161466384003,45,12,6,0,0,2023-05,102940
35112,7199,722,37,8,0.516659882893828,30,3,9,0,1,2023-06,102941
30556,7861,791,21,3,0.49942292580548325,22,10,2,0,0,2023-06,102942
23099,9238,765,18,1,0.7891156165222466,68,20,6,0,1,2023-07,102943
48553,5776,781,47,1,0.7651276111744525,28,17,7,0,1,2023-05,102944
11450,4596,775,37,8,0.9270869477850665,65,14,3,0,1,2023-07,102945
18230,3479,543,55,8,0.7056444738265581,21,13,5,0,0,2023-07,102946
34009,9923,561,46,2,0.4516377038347787,33,13,9,0,1,2023-08,102947
10433,6312,700,49,4,0.8265797305882652,22,26,6,0,1,2023-07,102948
38866,9156,834,29,4,0.5975981148269012,21,8,7,0,1,2023-09,102949
44864,6218,508,18,1,0.35479456850326285,41,14,2,0,0,2023-08,102950
23710,4963,570,16,1,0.7979291746617012,48,2,6,0,0,2023-09,102951
16439,9744,589,20,9,0.3060251165753832,52,19,4,0,1,2023-08,102952
46855,5142,523,15,0,0.34252266499690337,55,23,6,0,0,2023-07,102953
21021,6898,639,47,1,0.807004742748118,29,2,5,0,0,2023-06,102954
11416,9436,815,46,6,0.8161157552570304,66,12,4,0,1,2023-05,102955
11980,5072,839,8,0,0.8326250150433723,63,20,2,0,0,2023-05,102956
23058,4295,577,21,0,0.43466009953369256,57,12,9,0,0,2023-05,102957
16101,8624,713,49,8,0.8932699658972152,40,23,1,0,1,2023-06,102958
45718,8285,515,22,1,0.7781345087696583,50,28,2,0,1,2023-08,102959
37602,3938,528,30,3,0.8671739276410724,54,19,1,0,0,2023-06,102960
14122,3761,790,35,2,0.766884387797512,22,16,2,0,0,2023-06,102961
17576,7749,542,52,3,0.6636771669970725,38,2,1,0,0,2023-05,102962
32516,4669,552,40,6,0.2875158172592155,41,8,0,0,0,2023-07,102963
27433,6862,775,42,9,0.7687489695615595,39,2,8,0,1,2023-08,102964
6089,5685,731,18,1,0.7523686203665474,55,10,9,0,0,2023-09,102965
42346,6899,711,29,1,0.4499929066294883,38,16,4,0,0,2023-07,102966
14127,9634,507,43,8,0.788655815237141,65,7,8,0,1,2023-05,102967
15487,4931,621,31,5,0.6403636427450621,23,27,7,0,0,2023-05,102968
5155,6939,541,14,6,0.647524990834732,51,19,6,0,0,2023-06,102969
6958,4126,832,24,4,0.49408374302857005,27,20,5,0,0,2023-05,102970
15693,6297,732,33,4,0.2934280330721093,45,22,3,0,0,2023-08,102971
44112,9021,569,12,3,0.37354276629279126,20,27,9,0,1,2023-05,102972
43547,7670,515,50,7,0.8150653226688467,45,3,9,0,1,2023-05,102973
33795,9437,568,27,6,0.4171532403975151,66,17,6,0,1,2023-08,102974
26447,8425,552,35,9,0.20180244346848922,62,28,6,0,1,2023-06,102975
41598,8373,672,42,1,0.9976139369052401,28,8,0,0,1,2023-09,102976
46814,4203,761,21,1,0.3685457870802967,54,4,8,0,0,2023-09,102977
30215,7135,788,41,5,0.7243065190963152,37,1,3,0,1,2023-08,102978
14794,9919,514,10,0,0.941537603659995,38,18,6,0,0,2023-06,102979
38209,6772,769,34,6,0.6797701877071496,67,22,8,0,1,2023-05,102980
27424,3519,666,57,7,0.839224492067566,35,1,1,0,0,2023-06,102981
42396,8735,562,56,9,0.9810973697190519,47,9,7,0,1,2023-06,102982
11370,9689,760,28,7,0.8882907407438287,22,14,3,0,1,2023-05,102983
14528,5283,620,11,2,0.6463232709426894,37,7,3,0,0,2023-05,102984
33276,7558,845,41,6,0.49096234438566094,32,8,2,0,1,2023-08,102985
49333,8347,739,38,0,0.5859715593311676,46,8,9,0,1,2023-06,102986
13179,8944,606,54,2,0.8734609345524356,59,22,3,0,1,2023-08,102987
21843,3482,679,46,5,0.8826836881205122,58,24,8,0,1,2023-07,102988
28952,5477,515,21,8,0.8766839378866911,43,23,0,0,0,2023-09,102989
38160,6093,808,39,4,0.6777795222000088,48,1,8,0,1,2023-08,102990
49898,3342,714,48,4,0.5815647342060903,41,3,9,0,1,2023-05,102991
34516,8292,576,31,8,0.4490704448765295,45,9,8,0,1,2023-08,102992
15449,4462,724,42,8,0.20268868414554345,39,8,0,0,0,2023-08,102993
26125,4202,592,18,5,0.8115882166887647,43,5,8,0,0,2023-09,102994
12418,4621,680,57,4,0.42159862401124376,31,1,5,0,0,2023-08,102995
27746,9276,673,22,9,0.46374231630826995,37,2,7,0,1,2023-05,102996
7454,5398,718,37,1,0.8747849798776353,66,10,7,0,0,2023-06,102997
22761,6596,642,37,7,0.24180092569809652,31,14,7,0,0,2023-08,102998
20223,9649,814,33,7,0.942096265165951,57,15,7,0,1,2023-09,102999
11701,9227,781,34,6,0.20108953795080514,51,10,0,0,0,2023-09,103000
7597,8088,758,30,7,0.9513352918603248,68,9,0,0,1,2023-06,103001
5141,6535,546,52,2,0.5638067928667332,42,12,6,0,0,2023-09,103002
7659,5877,504,27,2,0.2816981001214557,23,10,8,0,0,2023-07,103003
25980,5390,561,32,1,0.73932909379295,31,24,9,0,0,2023-07,103004
14031,6351,583,49,0,0.9166851405769776,36,9,7,0,0,2023-06,103005
20037,5913,632,43,2,0.550458253478096,40,18,4,0,0,2023-08,103006
43429,4189,835,25,2,0.7530863232245331,56,19,7,0,1,2023-07,103007
11142,5340,562,50,6,0.9834901761514352,48,19,8,0,1,2023-06,103008
17109,6580,780,55,9,0.39256065897040404,25,17,6,0,1,2023-08,103009
27010,4603,543,29,8,0.8563595655381506,66,2,9,0,1,2023-06,103010
13787,6297,652,52,0,0.43618968747774134,47,10,2,0,0,2023-07,103011
47864,8289,769,52,7,0.541070079992128,27,5,8,0,1,2023-06,103012
13472,3597,841,13,0,0.4254126947978087,50,7,4,0,0,2023-05,103013
28383,3644,670,56,2,0.556809398747298,39,6,7,0,0,2023-05,103014
9249,7543,655,19,3,0.20407122594262603,35,2,0,0,0,2023-08,103015
39518,9833,774,44,7,0.4427510778642172,32,8,0,0,1,2023-09,103016
23351,5902,519,19,0,0.5562352511501567,34,4,2,0,0,2023-07,103017
9088,9645,713,10,1,0.7057921469648769,32,27,1,0,0,2023-06,103018
20282,3763,578,52,4,0.7098891129407272,66,18,4,0,0,2023-06,103019
24330,7830,638,26,5,0.6670284947763943,21,4,8,0,0,2023-07,103020
47409,4642,597,20,4,0.43442546367383755,39,8,8,0,0,2023-07,103021
26778,5297,651,41,2,0.9579234527485965,47,17,7,0,1,2023-05,103022
29264,7696,697,38,9,0.5135758589928795,37,27,4,0,1,2023-08,103023
10075,5172,772,22,6,0.37351515299124627,26,25,2,0,0,2023-05,103024
15412,5160,655,25,0,0.6436103517343899,40,14,5,0,0,2023-08,103025
33365,8076,549,6,1,0.7991429359047308,60,8,7,0,0,2023-06,103026
12230,8878,727,21,8,0.20978685825781299,58,14,5,0,1,2023-07,103027
16002,6749,509,50,3,0.421075205916438,28,8,6,0,0,2023-09,103028
18947,9293,648,23,7,0.859982282080024,63,26,6,0,1,2023-05,103029
18686,5922,557,15,8,0.6056168747084786,29,25,6,0,0,2023-08,103030
34304,9486,661,28,6,0.5267906436639312,50,14,8,0,1,2023-05,103031
18074,3579,606,23,0,0.9447210236658494,61,23,8,0,0,2023-09,103032
9493,6804,788,54,4,0.27162807769827096,32,11,0,0,0,2023-06,103033
39228,7878,685,14,5,0.6924561606222792,24,9,2,0,1,2023-08,103034
19140,5368,545,51,7,0.4737509729950216,59,17,4,0,0,2023-05,103035
36655,9965,628,58,9,0.2566587186343406,61,17,3,0,1,2023-06,103036
48472,6932,817,35,7,0.3709956068886562,57,12,0,0,1,2023-08,103037
11816,7627,586,18,8,0.7023465704138274,62,20,0,0,0,2023-08,103038
16639,6360,748,57,8,0.22262154708364595,55,2,3,0,0,2023-08,103039
34492,8608,828,57,3,0.6737990523114807,21,24,4,0,1,2023-06,103040
16240,9635,756,36,5,0.9654803369738436,25,17,3,0,1,2023-08,103041
37698,7707,776,51,2,0.8360768498962154,32,20,1,0,1,2023-07,103042
31957,9395,777,48,0,0.47647766346707654,48,11,4,0,1,2023-07,103043
37808,9101,503,18,5,0.31056611708928666,63,27,9,0,1,2023-07,103044
10827,4100,564,37,0,0.5720515471303829,33,9,2,0,0,2023-05,103045
37762,4670,701,22,8,0.5143603489427244,49,18,6,0,1,2023-09,103046
13259,8511,562,8,5,0.9773863680190817,44,6,3,0,0,2023-09,103047
19849,8531,642,6,0,0.9918944436067376,59,4,1,0,0,2023-06,103048
21232,5220,743,58,2,0.5284677250590329,54,14,7,0,0,2023-07,103049
45572,7970,791,10,0,0.3190271868239495,56,28,9,0,1,2023-07,103050
29173,9344,784,37,1,0.9284876397143242,26,20,1,0,1,2023-07,103051
10374,3216,679,30,5,0.8348338205335948,69,22,6,0,0,2023-05,103052
26174,3375,673,50,6,0.6090193653245581,57,10,7,0,1,2023-08,103053
28567,4609,824,10,0,0.49228371441211305,37,29,9,0,0,2023-09,103054
40292,7106,610,42,9,0.5585326620797819,27,4,2,0,1,2023-05,103055
14277,6839,674,28,4,0.9215049402440882,26,15,5,0,0,2023-09,103056
36600,5939,652,17,5,0.34771475821083075,53,9,3,0,0,2023-09,103057
14885,7062,716,39,3,0.8454268168987769,55,12,1,0,0,2023-07,103058
5778,4613,796,28,5,0.2145525062617243,60,28,7,0,0,2023-06,103059
34165,9578,739,21,4,0.9364575945136682,67,8,1,0,1,2023-06,103060
6492,6679,725,54,6,0.6002378237169645,29,24,8,0,1,2023-07,103061
35462,7913,685,10,3,0.3813982610729378,59,5,8,0,0,2023-07,103062
18615,4296,547,49,0,0.20228520225374594,48,16,7,0,0,2023-08,103063
49900,6996,707,52,1,0.6476371749958194,35,22,9,0,1,2023-09,103064
47946,7786,656,33,5,0.3955902964478705,44,15,2,0,1,2023-09,103065
12851,8695,724,11,9,0.7050114688086746,48,17,7,0,1,2023-08,103066
21288,8628,643,18,1,0.4249354251616378,27,1,4,0,0,2023-09,103067
12156,4155,610,48,4,0.27041922335218155,39,25,9,0,0,2023-07,103068
7044,9998,817,35,3,0.6040413038748476,55,12,4,0,1,2023-05,103069
12368,9043,631,31,6,0.6515885890305155,46,20,1,0,0,2023-05,103070
24900,7879,612,22,3,0.5620720204316406,32,19,2,0,0,2023-06,103071
35600,5366,823,14,6,0.5664284434638251,45,5,7,0,1,2023-08,103072
30634,5891,588,21,7,0.6717201023200123,61,15,0,0,0,2023-06,103073
14168,4972,660,54,6,0.6210828075281227,44,9,3,0,0,2023-05,103074
25961,8972,833,57,1,0.3060540310901265,47,25,5,0,1,2023-09,103075
49096,9764,574,23,0,0.3576685171880259,28,3,8,0,0,2023-09,103076
28852,3784,780,18,4,0.3134328331432401,45,12,7,0,0,2023-05,103077
38110,7492,506,34,6,0.7546364657757967,31,23,9,0,1,2023-05,103078
37174,4081,612,48,0,0.6228787297335728,45,19,4,0,0,2023-07,103079
39215,8599,535,50,7,0.5438840988247426,66,15,6,0,1,2023-06,103080
31955,5033,765,29,2,0.8386711962182796,41,3,7,0,1,2023-08,103081
11581,4614,612,50,6,0.46063572780864415,20,20,8,0,0,2023-08,103082
49619,7555,791,49,2,0.6544853304727689,31,18,2,0,1,2023-05,103083
11317,9204,722,51,3,0.25952608119215875,43,22,7,0,0,2023-07,103084
47856,5416,710,18,7,0.7955232670600896,49,16,2,0,1,2023-06,103085
31649,9862,517,30,1,0.7561539558524719,33,15,0,0,0,2023-09,103086
28132,7641,740,46,5,0.8419037034375056,42,5,3,0,1,2023-07,103087
21789,6653,633,51,9,0.9075807664132429,21,10,6,0,1,2023-09,103088
19567,9639,719,6,8,0.8064226138363348,22,10,8,0,1,2023-05,103089
19868,3496,601,14,9,0.8755919121018352,25,13,9,0,0,2023-05,103090
29370,3504,639,9,8,0.47652367916937965,38,18,6,0,0,2023-06,103091
47533,6386,668,33,4,0.4746698896119518,40,28,9,0,1,2023-09,103092
35483,8188,690,17,2,0.9554406559198532,64,10,4,0,1,2023-07,103093
17466,5208,524,29,5,0.9316596290609638,39,16,0,0,0,2023-09,103094
33803,8733,532,51,8,0.6387978728841781,40,2,0,0,1,2023-06,103095
23230,7813,842,14,5,0.4932470282181167,59,18,8,0,1,2023-05,103096
22862,6216,828,40,3,0.8928012242070402,23,4,3,0,1,2023-06,103097
48355,8688,505,43,4,0.458728905941893,44,19,2,0,1,2023-08,103098
36259,6666,693,40,6,0.3229080663155555,26,25,4,0,1,2023-09,103099
38539,4408,729,38,9,0.7115941400043841,26,29,6,0,1,2023-07,103100
26909,7364,636,59,2,0.23409744778637354,52,5,6,0,0,2023-05,103101
35795,7077,822,58,8,0.5032815249331903,45,28,4,0,1,2023-08,103102
13770,9042,715,40,0,0.8461310525556975,36,17,7,0,1,2023-05,103103
16093,4477,848,51,7,0.4361729565542678,27,2,4,0,0,2023-07,103104
5193,9842,682,25,4,0.9450523832588267,45,15,9,0,1,2023-05,103105
39775,8637,667,7,9,0.96465973329331,34,23,3,0,1,2023-09,103106
22569,7960,781,49,8,0.8526530406120951,39,24,5,0,1,2023-09,103107
16190,5397,537,31,1,0.9901146551936502,38,6,2,0,0,2023-07,103108
47752,3109,662,47,0,0.6246112892091502,26,29,3,0,0,2023-05,103109
37327,6554,641,18,9,0.6553596417111773,64,23,7,0,1,2023-06,103110
47070,9550,747,35,6,0.8689334522163827,20,18,9,0,1,2023-05,103111
25389,3649,602,57,9,0.5942442046304723,58,14,9,0,1,2023-07,103112
45197,9194,698,37,8,0.5253760054664556,56,12,2,0,1,2023-05,103113
7261,4499,699,41,4,0.6918028729396313,37,6,9,0,0,2023-09,103114
33369,8206,541,24,3,0.7261276086791055,27,28,2,0,0,2023-09,103115
31512,3595,646,27,3,0.8007166573569331,34,22,5,0,0,2023-05,103116
11716,3978,565,6,7,0.7345605578080683,69,20,7,0,0,2023-08,103117
26259,3730,692,16,0,0.7965774362106628,25,27,9,0,0,2023-08,103118
33933,3056,797,31,0,0.7396477367110019,56,20,1,0,0,2023-06,103119
46689,9881,537,53,7,0.5843561908001431,41,18,0,0,1,2023-05,103120
9378,5243,640,24,1,0.3079476674691763,30,3,9,0,0,2023-05,103121
45583,8879,605,24,9,0.8283545831482069,45,26,0,0,1,2023-08,103122
24835,4701,651,17,5,0.22462332111014646,27,6,6,0,0,2023-06,103123
34033,4286,825,8,1,0.9940000734090717,28,4,1,0,0,2023-08,103124
29000,3111,537,23,4,0.8627667919517439,32,19,8,0,0,2023-09,103125
15332,9908,596,54,2,0.7367284863850441,22,17,9,0,1,2023-07,103126
47604,7806,607,10,6,0.9732854174835628,22,28,3,0,1,2023-09,103127
7800,4201,618,53,8,0.6899762251649675,26,11,6,0,0,2023-08,103128
34538,3947,650,29,1,0.24514630459547845,22,14,4,0,0,2023-06,103129
35119,7121,573,19,6,0.6475057392116161,30,27,4,0,1,2023-09,103130
13333,9553,556,56,7,0.4217633485255543,65,11,6,0,1,2023-06,103131
10410,3757,834,43,9,0.49558202238754945,47,29,8,0,1,2023-09,103132
22839,9674,751,8,7,0.5676681246800231,61,19,3,0,1,2023-07,103133
35519,8896,791,11,6,0.8196805971110268,50,17,8,0,1,2023-09,103134
10808,6388,812,17,3,0.602343371496765,28,4,8,0,0,2023-05,103135
11796,8651,754,57,3,0.579744232660063,46,12,7,0,1,2023-05,103136
26180,9892,753,16,9,0.44157771019347686,31,4,0,0,1,2023-05,103137
48056,4841,758,44,8,0.6318977934821624,27,27,9,0,1,2023-05,103138
22709,6535,769,31,9,0.3987126835482525,63,12,8,0,1,2023-08,103139
22543,5293,533,6,8,0.4087950523265824,60,17,2,0,0,2023-06,103140
42418,4104,825,21,4,0.8058070201156164,41,15,7,0,1,2023-08,103141
34075,3661,824,53,6,0.47403781160727204,37,7,4,0,1,2023-08,103142
42755,3908,737,54,6,0.2411197383512895,49,21,5,0,1,2023-08,103143
42465,9539,678,52,8,0.47494182871598467,68,1,2,0,1,2023-09,103144
35502,7617,603,58,6,0.7108577662932951,30,5,6,0,1,2023-05,103145
21724,4856,528,14,7,0.8511884693418579,21,12,1,0,0,2023-05,103146
8828,8855,726,10,6,0.969549345113889,48,7,2,0,1,2023-05,103147
22087,5311,731,57,3,0.7969763371799807,45,22,1,0,1,2023-05,103148
17605,3789,803,13,1,0.5430812875334695,33,26,8,0,0,2023-06,103149
36337,8393,849,26,2,0.4392954233639661,47,15,2,0,1,2023-09,103150
10482,8825,834,38,6,0.3037039921367115,54,5,7,0,1,2023-06,103151
32005,3171,616,44,8,0.7021491475568915,25,24,5,0,1,2023-07,103152
27760,7360,706,48,1,0.6079066512872051,55,9,0,0,0,2023-09,103153
10463,4986,684,25,6,0.742161213155313,31,1,5,0,0,2023-09,103154
9912,8145,637,58,3,0.3897065251640557,53,6,7,0,0,2023-09,103155
9648,8588,822,50,6,0.45891533448795646,25,16,9,0,1,2023-09,103156
38623,4885,663,27,4,0.43367627959891125,56,15,2,0,0,2023-07,103157
40634,3475,574,18,6,0.8381214737395284,56,2,6,0,0,2023-06,103158
49602,9499,732,44,5,0.3369838518906774,27,13,5,0,1,2023-07,103159
8112,4049,783,16,1,0.6867776936195964,56,24,0,0,0,2023-05,103160
27054,7129,754,23,6,0.2410840126072854,59,5,1,0,0,2023-05,103161
9492,5311,508,35,4,0.6396220607213757,52,16,4,0,0,2023-09,103162
27207,4161,702,38,8,0.25113118060244477,60,1,6,0,0,2023-07,103163
20114,3815,804,49,0,0.34070127263038985,65,21,3,0,0,2023-07,103164
39285,6766,590,8,0,0.2904202416428498,50,10,5,0,0,2023-08,103165
21018,5922,831,6,1,0.47738028310674124,53,16,1,0,0,2023-07,103166
26386,3753,649,41,7,0.47498513416618326,30,13,4,0,0,2023-07,103167
22740,7661,675,11,8,0.8611354245826051,55,21,9,0,1,2023-09,103168
49199,3461,532,42,6,0.38054996110442296,23,2,2,0,0,2023-09,103169
13210,6239,683,34,0,0.2691093934191816,36,4,0,0,0,2023-06,103170
49363,8750,656,16,6,0.6828094326513039,35,29,5,0,1,2023-06,103171
17743,5702,552,57,7,0.7499605596800054,49,22,8,0,1,2023-08,103172
47092,3080,795,18,6,0.43585889281716306,58,1,9,0,1,2023-07,103173
49299,5804,701,16,4,0.6822512930891018,63,11,7,0,1,2023-08,103174
11588,9033,773,43,6,0.8208452544053153,68,9,3,0,1,2023-08,103175
8311,3869,674,56,9,0.47804235126088984,24,23,7,0,0,2023-08,103176
27432,8526,743,30,1,0.6202830719464895,59,6,4,0,1,2023-09,103177
38755,8165,768,20,8,0.31730661893785606,56,1,2,0,1,2023-08,103178
8321,7694,573,58,1,0.21891744085614429,62,8,3,0,0,2023-06,103179
20812,8730,595,18,1,0.9850943798486638,45,8,6,0,0,2023-09,103180
42383,3806,672,47,4,0.43978468042909596,47,4,4,0,0,2023-06,103181
18146,4934,654,38,7,0.4231216405774573,38,4,3,0,0,2023-09,103182
18654,8172,682,18,5,0.9785961065384703,40,1,2,0,0,2023-09,103183
40820,3703,822,43,8,0.7825868190104934,47,29,2,0,1,2023-05,103184
5726,5523,788,58,5,0.6682383103523866,38,25,9,0,1,2023-08,103185
8760,5639,757,29,4,0.7594587160746855,55,8,5,0,0,2023-07,103186
27190,9159,574,25,0,0.7679412533563221,30,29,7,0,0,2023-09,103187
6875,7582,673,49,7,0.8106687042343861,38,26,3,0,1,2023-07,103188
28377,6909,829,22,2,0.253751385135936,24,23,0,0,0,2023-05,103189
9033,7801,730,55,1,0.5302651358263104,21,18,3,0,0,2023-06,103190
43211,8621,746,29,6,0.4361042542664132,44,23,4,0,1,2023-07,103191
22373,4164,660,31,1,0.2564557108136044,45,20,7,0,0,2023-07,103192
8744,3619,685,45,0,0.530079197477143,49,19,6,0,0,2023-05,103193
29995,6066,642,37,1,0.6929387883305174,36,11,1,0,0,2023-07,103194
21977,7872,781,34,5,0.342798143979535,40,28,8,0,1,2023-07,103195
37402,3446,627,19,1,0.44402139511028305,39,26,2,0,0,2023-09,103196
39542,5337,665,42,0,0.7113366575337232,37,20,8,0,1,2023-06,103197
15651,3208,526,27,0,0.6634597260457707,66,10,0,0,0,2023-07,103198
38703,8594,745,39,3,0.8950283705385791,35,29,8,0,1,2023-06,103199
18395,5460,634,32,7,0.8329847757203068,47,6,6,0,1,2023-08,103200
34808,9820,701,33,5,0.9724888418288236,31,7,1,0,1,2023-09,103201
41576,8546,520,27,3,0.6777546480907017,59,2,9,0,1,2023-08,103202
21715,8973,578,48,5,0.7587738931293011,25,23,6,0,1,2023-07,103203
49409,6442,657,8,5,0.8884050070515224,43,26,0,0,1,2023-08,103204
29306,5711,593,27,8,0.8719939558602146,69,18,2,0,1,2023-06,103205
24086,5337,507,53,3,0.7749773136209874,62,27,6,0,1,2023-05,103206
19376,4291,838,26,5,0.6002049674991801,25,18,2,0,0,2023-06,103207
10889,5198,758,21,9,0.4185655105845831,36,17,1,0,0,2023-07,103208
42822,8838,554,14,0,0.9017726031483249,61,13,4,0,1,2023-07,103209
41636,8374,535,18,6,0.821324353789844,38,15,2,0,1,2023-08,103210
25584,4400,505,15,6,0.8703255615667833,66,11,8,0,0,2023-09,103211
39610,8772,541,54,0,0.31263145451776336,67,7,6,0,0,2023-06,103212
15058,7950,549,26,7,0.4518503025514197,47,17,0,0,0,2023-05,103213
14101,8477,611,54,4,0.539908030319721,48,19,0,0,0,2023-05,103214
17497,5655,645,47,8,0.8706815778404486,68,27,5,0,1,2023-05,103215
9658,7012,729,45,7,0.9143093381717244,26,8,3,0,1,2023-09,103216
16381,9513,710,12,2,0.42791417140422905,38,17,0,0,0,2023-09,103217
45312,3704,805,51,0,0.7491433338126119,27,16,8,0,1,2023-05,103218
45486,3825,529,27,2,0.26225136492205076,27,28,1,0,0,2023-06,103219
22154,4004,794,23,1,0.5276586175750089,24,14,0,0,0,2023-08,103220
24539,6460,615,26,1,0.5893352862015081,62,22,2,0,0,2023-05,103221
16777,3376,725,56,3,0.8125062519192927,53,28,9,0,1,2023-07,103222
39396,3972,558,55,1,0.9135777894696964,69,18,0,0,0,2023-09,103223
35373,7213,575,19,7,0.46982658865956495,40,9,3,0,0,2023-09,103224
38154,6076,715,15,4,0.6221911119535211,23,18,3,0,0,2023-08,103225
11031,3443,631,38,0,0.7179585778940194,63,22,5,0,0,2023-05,103226
32997,3754,803,14,5,0.4629497831574518,55,20,2,0,0,2023-06,103227
11439,6604,580,23,6,0.9884305705392356,24,25,8,0,1,2023-09,103228
27785,7735,804,18,0,0.9006195036560196,68,16,5,0,1,2023-05,103229
18392,5171,566,22,2,0.43712226309329333,42,17,6,0,0,2023-07,103230
33669,5705,729,28,8,0.6063569847992387,38,17,5,0,1,2023-06,103231
33939,8396,832,30,6,0.3846724905977955,61,16,8,0,1,2023-06,103232
7282,9965,776,59,3,0.6116031351226678,65,26,1,0,1,2023-06,103233
39624,6465,571,21,5,0.746665875858628,34,19,7,0,1,2023-05,103234
29364,5711,708,29,5,0.26841687423439026,33,11,4,0,0,2023-09,103235
6998,5407,771,36,2,0.8960937638458175,67,6,1,0,0,2023-05,103236
36705,3622,643,16,1,0.6749966947572668,27,19,6,0,0,2023-08,103237
43244,8588,750,28,4,0.9916823188616013,28,7,4,0,1,2023-09,103238
14428,9104,783,46,7,0.22047320579960258,59,9,7,0,1,2023-09,103239
42437,8747,678,44,2,0.8651986808785856,30,12,9,0,1,2023-08,103240
17336,4723,579,27,4,0.833570438603638,63,26,5,0,0,2023-06,103241
14342,6322,556,38,2,0.3062820096320259,65,2,6,0,0,2023-06,103242
44832,4919,807,46,6,0.4682445080667254,37,4,0,0,1,2023-08,103243
12446,3918,673,47,5,0.9078369624353382,51,3,1,0,0,2023-09,103244
43392,8269,737,53,5,0.6147634360578034,63,22,8,0,1,2023-05,103245
12461,9595,665,58,0,0.5210251899737912,55,21,6,0,0,2023-08,103246
39587,8281,583,23,1,0.9243971458006734,64,12,6,0,1,2023-05,103247
15516,7215,547,19,5,0.27467561958164916,40,3,3,0,0,2023-06,103248
18749,3581,626,33,7,0.5784982263218051,46,9,3,0,0,2023-07,103249
22514,9043,668,16,4,0.7218992783802818,67,12,2,0,1,2023-06,103250
40426,9242,848,29,1,0.68683315121201,61,8,9,0,1,2023-08,103251
41268,8286,566,41,4,0.4114211635271132,40,19,3,0,1,2023-07,103252
29950,6881,829,24,8,0.6506503236274692,30,26,9,0,1,2023-06,103253
39888,4686,839,18,5,0.7668494114287854,63,5,5,0,1,2023-07,103254
41788,6909,693,38,4,0.6679083258613587,69,21,2,0,1,2023-05,103255
15213,4999,654,58,9,0.747569780781858,53,5,9,0,1,2023-08,103256
41027,9657,659,24,5,0.4048629915110324,24,8,7,0,1,2023-07,103257
33011,5711,683,52,8,0.8662791602174262,47,3,0,0,1,2023-09,103258
47849,3400,765,57,6,0.5597516295879759,29,19,5,0,1,2023-05,103259
39591,9508,667,37,9,0.989779075283655,67,24,1,0,1,2023-08,103260
22858,6648,644,20,2,0.21862825653355006,31,9,0,0,0,2023-06,103261
23626,8445,685,16,9,0.5042522969981147,60,21,3,0,1,2023-06,103262
18467,5628,761,28,9,0.34438004184408866,22,26,5,0,1,2023-06,103263
44758,4656,773,10,4,0.6444876215952428,20,24,6,0,1,2023-06,103264
8134,3620,827,27,3,0.39456407549889017,56,14,0,0,0,2023-07,103265
21743,9971,844,47,4,0.7899823572539855,59,21,2,0,1,2023-05,103266
20434,3246,722,23,7,0.9054926898700151,68,28,5,0,1,2023-09,103267
15233,9577,541,12,5,0.3687074828656887,20,20,5,0,0,2023-09,103268
6141,8212,503,38,3,0.3285420946414387,32,2,9,0,0,2023-05,103269
23019,6339,775,8,4,0.9002857485827829,57,27,5,0,1,2023-08,103270
25384,9758,783,33,6,0.48901753207080456,34,15,6,0,1,2023-05,103271
47903,6010,692,6,7,0.5476669079672241,26,29,6,0,1,2023-09,103272
41129,7719,603,54,4,0.3767756019548285,49,4,9,0,1,2023-08,103273
27967,5368,746,52,1,0.5402518944409178,43,2,7,0,0,2023-06,103274
45603,6994,799,42,5,0.3850400584623976,27,23,1,0,1,2023-08,103275
16172,4839,522,27,8,0.7327419525073449,22,23,9,0,0,2023-07,103276
21390,5903,802,53,2,0.5991011299840698,34,9,0,0,0,2023-08,103277
8267,9205,512,49,6,0.8304483567703271,55,28,9,0,1,2023-07,103278
44332,7395,643,24,7,0.4501824928538356,60,4,6,0,1,2023-08,103279
31167,7498,717,19,5,0.6044760123672301,62,5,0,0,0,2023-05,103280
26312,8767,682,8,2,0.4076186583817076,33,11,1,0,0,2023-06,103281
32840,6691,741,24,0,0.9475791441973052,46,4,0,0,0,2023-07,103282
23990,6841,692,38,2,0.6175485342328826,49,4,0,0,0,2023-07,103283
49179,7348,771,26,5,0.3387699970543545,60,15,2,0,1,2023-05,103284
10906,8853,664,6,3,0.4182125273680233,63,5,3,0,0,2023-05,103285
45379,9621,679,31,0,0.26632157129924816,56,3,4,0,0,2023-05,103286
22297,4392,616,15,5,0.22225279647818674,25,16,4,0,0,2023-07,103287
7011,6750,765,40,0,0.6207374608565368,38,25,1,0,0,2023-06,103288
49014,9060,537,18,7,0.4696983380204842,56,23,2,0,1,2023-07,103289
16738,7255,543,11,2,0.9710187642082453,20,1,7,0,0,2023-07,103290
33797,6008,573,48,2,0.3370651170891874,44,1,1,0,0,2023-06,103291
16120,7300,725,11,0,0.8351301221895564,29,1,3,0,0,2023-09,103292
13767,6338,806,40,2,0.4527771537543222,65,3,6,0,0,2023-08,103293
27852,8257,807,21,6,0.3788299088469642,45,9,8,0,1,2023-08,103294
18703,8487,847,46,9,0.9757094552010459,42,29,2,0,1,2023-06,103295
5929,6514,814,13,7,0.8420612789966126,36,13,2,0,0,2023-08,103296
16951,7953,512,8,7,0.7044967131562654,49,24,6,0,0,2023-05,103297
31039,3759,511,10,2,0.7576968297790017,46,13,7,0,0,2023-07,103298
34504,8686,549,26,4,0.993105179880472,30,25,3,0,1,2023-05,103299
22438,5768,812,36,0,0.6745659270599094,23,21,0,0,0,2023-05,103300
10744,6088,748,19,8,0.28152036064556807,37,23,4,0,0,2023-05,103301
23284,5115,618,42,7,0.2518929013611051,38,13,3,0,0,2023-07,103302
47417,7228,556,24,9,0.7332854219790987,55,26,7,0,1,2023-08,103303
44748,4723,681,42,1,0.7260809151401186,63,25,6,0,1,2023-06,103304
12069,5966,763,58,9,0.798539034382471,65,21,1,0,1,2023-05,103305
47359,3429,605,25,0,0.287022984186091,69,8,5,0,0,2023-08,103306
24799,5355,690,57,3,0.9559218198041375,45,8,3,0,1,2023-06,103307
38210,9793,636,7,8,0.6409267311285158,20,19,6,0,1,2023-08,103308
33226,8293,687,12,7,0.7196444168169724,39,5,8,0,1,2023-05,103309
9652,5459,619,38,2,0.2278819067025042,30,24,6,0,0,2023-06,103310
29323,7192,741,58,9,0.9687793716124591,44,10,1,0,1,2023-08,103311
47138,8802,818,55,5,0.650073478995159,38,19,7,0,1,2023-09,103312
12597,8273,571,47,8,0.6506904903957029,51,3,5,0,1,2023-08,103313
42226,4718,742,11,9,0.954844252984304,20,22,8,0,1,2023-07,103314
11591,4265,630,12,7,0.9434801425469339,20,7,6,0,0,2023-08,103315
30833,8423,768,49,9,0.37623887345379337,22,23,4,0,1,2023-07,103316
16826,4308,551,23,4,0.9448790575247434,65,6,7,0,0,2023-09,103317
31417,4050,561,48,8,0.7892970315040493,59,7,6,0,1,2023-08,103318
23693,6473,618,59,8,0.21512058186513397,51,7,0,0,0,2023-09,103319
19138,8479,763,34,2,0.3918745189906707,66,20,4,0,0,2023-05,103320
7169,5249,738,24,7,0.5303841163771571,55,8,6,0,0,2023-06,103321
23556,5809,754,30,3,0.6662579644046038,62,24,9,0,1,2023-05,103322
27052,5921,672,9,9,0.7610637843909511,27,2,6,0,1,2023-08,103323
11313,7676,808,56,6,0.3681683151655195,49,15,2,0,1,2023-08,103324
13315,7041,736,18,9,0.8693604114189513,58,10,4,0,1,2023-06,103325
13036,5417,818,37,7,0.8765722591113239,53,21,7,0,1,2023-07,103326
36778,3532,594,32,6,0.7079990554084619,27,15,8,0,1,2023-08,103327
32734,8271,836,56,4,0.9368751284125587,44,2,8,0,1,2023-08,103328
28173,8221,556,39,0,0.8503859415177504,45,3,9,0,0,2023-05,103329
35403,3898,566,33,7,0.37729892743483273,46,19,4,0,0,2023-09,103330
5785,5654,545,14,4,0.8389414930482884,38,5,1,0,0,2023-05,103331
11139,4469,593,13,2,0.962561663002484,42,24,7,0,0,2023-09,103332
11344,5920,637,26,1,0.31008515761474476,60,19,6,0,0,2023-06,103333
23800,4252,592,51,2,0.9829583078328232,35,7,3,0,0,2023-06,103334
30372,3769,731,35,8,0.2199942374160722,27,21,4,0,0,2023-07,103335
25538,3833,548,34,1,0.6177337958190179,49,14,9,0,0,2023-08,103336
19973,9000,522,14,9,0.8191145111827873,27,12,9,0,1,2023-05,103337
10619,9379,561,18,0,0.8323504820370036,30,26,1,0,0,2023-06,103338
39704,5209,766,23,1,0.7877380553170144,26,10,8,0,1,2023-09,103339
41575,7649,828,43,1,0.6234810982025296,40,10,5,0,1,2023-09,103340
44919,9931,617,27,4,0.7207714576563164,53,4,8,0,1,2023-06,103341
47261,6424,587,36,0,0.759945748522491,40,18,7,0,1,2023-07,103342
32716,4091,588,40,9,0.5956313793711165,24,6,0,0,0,2023-06,103343
8236,4196,554,47,7,0.6765479801077101,69,20,8,0,0,2023-07,103344
20848,6914,652,47,1,0.8770944427660585,62,4,8,0,1,2023-06,103345
7352,4660,738,15,5,0.4503032169166618,36,5,3,0,0,2023-06,103346
6932,7654,764,14,4,0.6185650615749059,40,14,0,0,0,2023-08,103347
15913,3260,767,36,1,0.2067837768204063,25,9,3,0,0,2023-06,103348
13556,5264,612,49,9,0.7499491198214345,64,15,5,0,1,2023-07,103349
26300,8936,665,45,0,0.3563083716918734,26,1,3,0,0,2023-09,103350
10498,8243,655,29,5,0.5848010029710151,30,21,8,0,0,2023-08,103351
15582,7900,507,46,5,0.36816417302436744,37,21,3,0,0,2023-06,103352
14569,4185,701,54,2,0.21882697166279386,57,13,9,0,0,2023-06,103353
9857,9344,716,13,7,0.5865764413584134,31,2,7,0,0,2023-08,103354
5340,5449,791,55,8,0.5398668852885656,41,15,1,0,0,2023-09,103355
48949,6533,549,25,2,0.5401196108195045,22,15,6,0,0,2023-09,103356
21766,7370,606,22,8,0.3670449279430963,38,16,7,0,0,2023-07,103357
31132,7301,508,33,7,0.9577636717985434,62,3,5,0,1,2023-07,103358
13491,6344,732,11,4,0.2028057214485556,42,13,9,0,0,2023-08,103359
5138,8819,687,47,5,0.913236359997871,53,20,5,0,1,2023-05,103360
5358,3866,822,38,0,0.7895215385115857,22,1,7,0,0,2023-09,103361
14714,3092,808,33,4,0.3376576268266172,42,26,2,0,0,2023-05,103362
24840,8161,837,58,9,0.5777535890428436,68,14,1,0,1,2023-08,103363
39395,9522,609,6,9,0.9910800652066181,24,3,8,0,1,2023-07,103364
35654,6178,644,46,6,0.714958589587446,48,17,7,0,1,2023-06,103365
30879,4351,727,57,0,0.301901379054934,53,17,9,0,0,2023-05,103366
20996,9208,808,40,9,0.5661137910851455,63,9,4,0,1,2023-08,103367
42772,3364,613,29,8,0.5745624772582498,24,20,4,0,0,2023-05,103368
31762,7916,562,11,6,0.8418106663064868,48,20,5,0,1,2023-05,103369
18283,8603,774,12,3,0.9329303462609244,64,4,5,0,1,2023-07,103370
44420,6718,623,14,3,0.2657932346309877,43,11,1,0,0,2023-09,103371
24554,9125,585,42,9,0.45122982956226587,58,15,6,0,1,2023-05,103372
25219,4924,569,21,6,0.438750501508092,40,25,2,0,0,2023-07,103373
39919,6095,546,39,5,0.9968384999352147,51,13,7,0,1,2023-06,103374
14429,9683,698,40,2,0.6473816933531198,62,27,8,0,1,2023-08,103375
49695,8181,700,40,8,0.9038651968959877,24,28,2,0,1,2023-09,103376
44673,5538,775,25,5,0.5408262795558592,37,24,5,0,1,2023-06,103377
24218,4296,536,28,1,0.7781785203271492,57,20,7,0,0,2023-09,103378
17452,5276,702,47,9,0.4292685138433169,54,12,5,0,1,2023-09,103379
23951,8139,629,59,1,0.9294288187913868,57,15,9,0,1,2023-08,103380
6307,3002,791,40,0,0.5641169927892271,35,6,2,0,0,2023-08,103381
19852,6492,563,52,4,0.8429803978528698,54,18,3,0,0,2023-09,103382
30232,4753,762,51,9,0.40465350667405187,69,22,8,0,1,2023-09,103383
40428,3910,619,28,5,0.7548834735375034,43,17,0,0,0,2023-06,103384
48171,3306,777,9,2,0.5241267235200286,55,21,3,0,0,2023-09,103385
31485,9575,701,15,3,0.22515153837963764,24,24,9,0,1,2023-06,103386
15238,7231,545,48,4,0.5304066030072507,28,17,0,0,0,2023-09,103387
43975,9028,667,16,3,0.6400173134043363,23,11,7,0,1,2023-06,103388
6140,7015,609,45,8,0.3214092911305402,52,18,6,0,0,2023-07,103389
29842,9658,545,14,2,0.3471304841540921,46,3,6,0,0,2023-08,103390
31421,9336,711,45,4,0.5718902386585256,41,23,1,0,1,2023-07,103391
6708,8704,527,17,6,0.47418376994672534,30,28,9,0,0,2023-08,103392
8630,4438,586,22,6,0.5525924304026901,24,24,5,0,0,2023-09,103393
24595,3872,790,37,5,0.5686615914581783,29,4,7,0,0,2023-05,103394
15485,4141,656,28,8,0.3120608349622045,22,13,7,0,0,2023-05,103395
33308,3665,764,20,6,0.3449556602160918,34,24,4,0,0,2023-08,103396
49789,3208,764,56,3,0.8785323147835955,65,1,7,0,1,2023-08,103397
31086,3951,521,33,9,0.33017495144838727,56,19,1,0,0,2023-06,103398
21859,4057,755,57,8,0.7327314664066087,59,20,3,0,1,2023-08,103399
12684,7744,690,43,5,0.5348224374142336,36,5,9,0,1,2023-09,103400
30552,8437,731,10,0,0.9745893487757127,39,13,1,0,0,2023-06,103401
6207,9263,685,45,8,0.25288348951059003,23,16,4,0,0,2023-08,103402
6960,7722,825,23,6,0.8643110928246096,53,16,2,0,1,2023-08,103403
5557,7620,682,58,5,0.5931593848820973,53,11,5,0,0,2023-06,103404
34689,8700,701,26,5,0.20428189669135088,50,9,6,0,1,2023-09,103405
18893,7008,564,20,3,0.410928175151643,53,18,5,0,0,2023-06,103406
37272,4868,542,8,3,0.5261574820394156,22,15,1,0,0,2023-08,103407
5882,7864,720,51,2,0.4513558027591401,47,13,1,0,0,2023-06,103408
42529,9655,516,31,7,0.48995957121114664,60,7,3,0,1,2023-05,103409
43635,9190,823,20,7,0.933337527309744,56,3,6,0,1,2023-05,103410
34535,3771,784,50,1,0.48874722591386216,48,12,7,0,0,2023-06,103411
17869,7835,682,58,4,0.5350635035221862,34,26,4,0,1,2023-09,103412
12166,7030,543,25,8,0.8089052428624903,55,18,9,0,1,2023-07,103413
17982,3521,687,26,8,0.8350668525987002,54,9,0,0,0,2023-07,103414
45697,6355,762,31,6,0.2672717214293557,60,3,8,0,1,2023-09,103415
43115,4400,673,46,3,0.7632560276536033,29,24,7,0,1,2023-05,103416
12269,9277,553,28,3,0.5860575629414206,36,1,0,0,0,2023-09,103417
33064,6738,719,54,9,0.30708311459012433,49,21,8,0,1,2023-06,103418
18527,7343,545,56,6,0.4117684511575075,27,21,4,0,0,2023-06,103419
7454,6723,759,30,2,0.23602839784521495,42,22,7,0,0,2023-08,103420
25878,8437,694,9,2,0.48818975104946816,38,7,9,0,0,2023-09,103421
17991,9579,846,57,4,0.4043251522672193,56,19,9,0,1,2023-06,103422
7808,6247,560,15,5,0.5056827179040142,62,12,1,0,0,2023-08,103423
44410,4858,665,27,7,0.6642724380246054,55,14,6,0,1,2023-05,103424
41593,7781,659,8,0,0.7858716416292959,23,13,8,0,0,2023-08,103425
41304,7064,650,24,6,0.6842815892476237,45,5,6,0,1,2023-08,103426
35386,7681,610,36,7,0.7427018418079567,66,12,8,0,1,2023-07,103427
8802,5398,536,14,4,0.8925112964950348,59,8,3,0,0,2023-09,103428
33753,3142,502,34,9,0.8990595547692088,46,6,4,0,1,2023-09,103429
26083,8062,512,42,1,0.8885754786873392,32,18,6,0,0,2023-06,103430
23354,5851,661,51,3,0.3225351323836213,63,7,0,0,0,2023-07,103431
27190,6469,843,12,5,0.40085530687491633,53,19,1,0,0,2023-08,103432
11142,6695,831,58,8,0.6018602439420577,52,15,1,0,1,2023-09,103433
33398,3717,763,43,1,0.4869914352128216,65,10,9,0,0,2023-07,103434
46862,3642,582,29,3,0.3053351746239706,45,9,8,0,0,2023-06,103435
38132,6440,764,13,9,0.4302001876845212,39,20,2,0,1,2023-09,103436
24503,5548,833,39,4,0.9803430093325114,27,16,8,0,1,2023-06,103437
39631,6693,718,31,7,0.477541404397229,35,27,0,0,1,2023-07,103438
21499,3369,645,33,7,0.5351312546367692,24,20,2,0,0,2023-05,103439
44852,6650,797,33,1,0.2051211374858376,53,4,9,0,1,2023-07,103440
13016,8205,796,51,5,0.7755319038321591,66,10,1,0,1,2023-06,103441
7384,3786,660,59,5,0.5308400524363038,46,10,1,0,0,2023-07,103442
20072,9882,728,12,4,0.2825120503161289,55,8,0,0,0,2023-07,103443
41703,8579,733,8,7,0.9748453906437375,23,1,5,0,1,2023-08,103444
19482,3949,588,57,9,0.8219465700680695,61,3,4,0,1,2023-06,103445
45510,8444,832,27,1,0.7809200715461815,69,24,4,0,1,2023-05,103446
26826,3521,809,43,1,0.9662978678733356,26,12,8,0,1,2023-08,103447
7490,9632,714,58,6,0.5259840676137102,56,7,5,0,1,2023-06,103448
30518,9048,596,51,8,0.7748268322339589,55,22,8,0,1,2023-07,103449
29045,9540,712,49,2,0.36496631790836087,43,23,3,0,1,2023-09,103450
31910,5943,811,23,6,0.7576964379616962,34,1,6,0,1,2023-07,103451
29566,3354,599,17,2,0.21126327375008228,69,24,3,0,0,2023-05,103452
38905,8042,644,36,5,0.3010443043524913,68,20,0,0,1,2023-07,103453
32103,5335,509,44,2,0.5402071348822788,25,1,3,0,0,2023-07,103454
41188,4482,543,10,0,0.20967415584480653,45,4,1,0,0,2023-08,103455
10845,4647,750,49,5,0.5695726843603355,45,18,4,0,0,2023-05,103456
26162,6045,726,46,2,0.6182333992520032,44,5,1,0,0,2023-06,103457
41674,7631,748,34,0,0.6972852780696657,52,1,1,0,0,2023-05,103458
24337,8410,668,48,4,0.2803093415948931,22,1,3,0,0,2023-08,103459
27313,9994,629,41,7,0.3448095305017699,28,5,6,0,1,2023-08,103460
31943,9981,518,19,7,0.6906266965737561,56,18,2,0,1,2023-07,103461
17413,5215,835,49,7,0.7265501699701116,57,9,6,0,1,2023-07,103462
5276,8045,734,23,2,0.220720182568221,49,10,8,0,0,2023-08,103463
22611,7716,844,12,7,0.6322938896920306,46,7,2,0,1,2023-06,103464
44105,3427,500,28,3,0.8279853855990662,32,15,3,0,0,2023-08,103465
16944,8821,629,38,7,0.2552807022283153,42,14,0,0,0,2023-09,103466
20906,5537,526,50,2,0.5305382921972158,22,4,6,0,0,2023-08,103467
25536,9498,501,21,2,0.4612090184240815,42,14,0,0,0,2023-05,103468
32810,9339,749,42,0,0.9309325002816133,54,7,2,0,1,2023-06,103469
17306,3544,721,56,7,0.34864191456516425,43,8,8,0,0,2023-07,103470
15503,5764,637,30,7,0.45468833051558416,56,24,4,0,0,2023-05,103471
24225,7919,774,14,8,0.9187557959930424,31,8,9,0,1,2023-08,103472
41976,6765,640,33,5,0.4645226448479782,39,28,9,0,1,2023-08,103473
16590,8098,755,14,1,0.6250779524684755,37,5,1,0,0,2023-09,103474
15886,3658,811,17,0,0.2264282697847035,26,23,8,0,0,2023-07,103475
17866,5827,594,23,7,0.987921948940029,45,11,5,0,1,2023-08,103476
6088,5058,672,32,9,0.8599573662969517,31,23,8,0,1,2023-05,103477
8363,6327,556,31,3,0.7075207557973411,53,2,3,0,0,2023-05,103478
37792,9539,601,31,6,0.24860421847198425,67,15,5,0,1,2023-05,103479
14764,3730,668,15,9,0.25989596909822454,51,19,6,0,0,2023-05,103480
25620,4832,569,22,3,0.6359789046325518,49,27,5,0,0,2023-07,103481
47727,3408,837,56,0,0.42805154896274744,21,18,3,0,0,2023-07,103482
17935,9505,548,37,7,0.6982315580025387,27,15,7,0,1,2023-08,103483
13068,7179,846,29,9,0.6785539854782179,52,19,5,0,1,2023-05,103484
12295,9299,504,48,8,0.8709211186234382,65,25,1,0,1,2023-06,103485
46160,6247,701,53,9,0.4251016485701139,61,7,5,0,1,2023-08,103486
16390,7802,701,13,8,0.6622908195927941,49,4,0,0,0,2023-07,103487
46216,9057,678,35,8,0.8218906550710088,64,14,8,0,1,2023-05,103488
25131,9615,556,31,3,0.592618389057861,61,8,9,0,1,2023-09,103489
34218,9762,685,29,8,0.8645149319511556,64,29,6,0,1,2023-08,103490
15433,8543,591,32,3,0.3050209612590184,47,23,7,0,0,2023-05,103491
20038,3133,791,20,1,0.7871182121177147,32,10,3,0,0,2023-06,103492
33182,7883,726,33,9,0.9543856732167828,43,13,7,0,1,2023-07,103493
16528,7959,611,16,2,0.4655066567948529,52,6,0,0,0,2023-07,103494
26281,3666,647,44,1,0.49306915392957196,24,4,3,0,0,2023-09,103495
13605,3276,768,7,0,0.26683974175268377,67,5,5,0,0,2023-06,103496
39782,6307,702,56,5,0.7131942236597695,25,10,9,0,1,2023-07,103497
6381,8871,847,14,3,0.6419605805078962,23,24,6,0,0,2023-07,103498
6098,3881,555,55,6,0.23227660698589425,61,13,2,0,0,2023-07,103499
24810,5060,800,50,6,0.8017696215770493,62,19,9,0,1,2023-05,103500
29322,9485,815,28,9,0.8634275965960201,53,11,9,0,1,2023-07,103501
46869,5082,684,38,0,0.9256956833126033,48,28,1,0,1,2023-06,103502
37955,9702,553,24,8,0.6365872689365137,40,19,8,0,1,2023-09,103503
49716,4237,536,18,7,0.562064027921406,45,5,0,0,0,2023-07,103504
15207,5452,710,19,9,0.900909723625662,51,25,9,0,1,2023-07,103505
26793,9801,792,37,0,0.5189574552545113,41,5,0,0,0,2023-07,103506
7092,3158,769,54,7,0.7243545001876495,60,1,9,0,1,2023-09,103507
33220,8229,719,27,4,0.6922898051207411,33,21,1,0,1,2023-08,103508
23514,5596,727,25,0,0.4977288798548095,53,9,4,0,0,2023-06,103509
43010,6815,710,38,3,0.2695119500528385,56,7,0,0,0,2023-09,103510
13549,8947,797,10,6,0.21713243093654855,63,9,5,0,0,2023-09,103511
27031,7374,500,25,4,0.5425901924283099,20,26,7,0,0,2023-06,103512
10185,5526,522,19,2,0.5849612598586855,51,10,9,0,0,2023-06,103513
20271,3110,783,32,3,0.8581426145519135,51,21,1,0,0,2023-09,103514
10776,9574,687,31,1,0.531529319929177,43,3,4,0,0,2023-07,103515
17449,3541,517,37,7,0.4249278997867754,63,18,2,0,0,2023-07,103516
29297,4138,548,35,1,0.5696771744601226,40,9,1,0,0,2023-05,103517
45591,6283,546,32,5,0.39039238433921697,31,5,5,0,0,2023-06,103518
20717,6610,614,31,6,0.27308848889196524,39,11,0,0,0,2023-08,103519
45123,7455,538,23,6,0.2904344269488858,56,29,7,0,1,2023-05,103520
44233,6557,716,50,0,0.4553235679175421,39,1,5,0,0,2023-05,103521
15350,5419,709,28,7,0.21014113404679258,21,2,3,0,0,2023-05,103522
35622,8334,761,49,8,0.3761626293449905,33,18,4,0,1,2023-06,103523
40323,4756,710,52,6,0.8300185127458832,36,28,1,0,1,2023-05,103524
7951,6086,552,29,7,0.3876937539442487,43,20,7,0,0,2023-09,103525
22622,8050,780,9,3,0.2885836088316127,49,14,5,0,0,2023-05,103526
9727,5306,820,46,7,0.9592644479956314,34,22,5,0,1,2023-08,103527
43454,9921,632,8,2,0.6979760930812955,68,8,2,0,1,2023-05,103528
41469,9263,763,59,0,0.2480207595485327,53,29,0,0,1,2023-07,103529
40548,3975,794,48,7,0.24979517319592226,27,29,7,0,1,2023-07,103530
28782,8008,610,35,5,0.6896977005593358,61,19,6,0,1,2023-07,103531
33454,8247,542,52,8,0.6321030416519293,22,14,0,0,1,2023-09,103532
7368,3722,837,21,2,0.2546998179143879,30,26,7,0,0,2023-05,103533
20592,5570,737,12,7,0.3794523799786683,46,14,9,0,0,2023-07,103534
27173,8807,746,44,8,0.9432343315884706,28,26,1,0,1,2023-09,103535
38204,3324,503,27,8,0.6576086483848138,34,22,7,0,1,2023-08,103536
40596,4529,848,46,6,0.5522603185182642,51,20,4,0,1,2023-09,103537
39324,8645,849,36,9,0.40012432953629284,30,8,7,0,1,2023-05,103538
28864,8169,811,54,2,0.3069584338414968,22,9,5,0,0,2023-09,103539
35750,4945,672,18,2,0.5221053472885449,45,25,1,0,0,2023-08,103540
15576,8703,692,46,1,0.9378932474650405,26,14,6,0,1,2023-05,103541
21566,9212,502,46,0,0.23896911654203334,47,12,5,0,0,2023-07,103542
12190,7486,777,57,1,0.9927830527542933,58,13,3,0,1,2023-08,103543
28071,5430,555,34,4,0.36625017616160627,23,6,8,0,0,2023-05,103544
43333,7111,773,33,0,0.5270138883192075,49,14,3,0,1,2023-08,103545
20369,6510,675,49,9,0.23604104653257407,57,15,0,0,0,2023-05,103546
29035,3845,615,58,3,0.667825762486425,33,2,2,0,0,2023-09,103547
6589,7964,583,24,9,0.5868442123207933,55,18,7,0,1,2023-07,103548
30235,3567,658,28,9,0.733365627787824,50,10,2,0,1,2023-05,103549
5159,6688,785,52,0,0.6341425018331781,38,25,6,0,0,2023-05,103550
17145,5179,579,55,9,0.5185422277176552,68,21,0,0,0,2023-09,103551
20373,5019,565,13,7,0.7902053582493367,31,7,3,0,0,2023-05,103552
36921,6319,708,30,4,0.2200169022295662,68,22,3,0,0,2023-06,103553
44323,5320,509,43,9,0.6328232166996761,34,25,8,0,1,2023-07,103554
21237,4646,698,43,3,0.2911009630632075,28,5,0,0,0,2023-06,103555
46971,7003,558,40,2,0.5488066664686666,46,8,8,0,1,2023-06,103556
13244,6909,733,31,8,0.8329002534864132,39,20,9,0,1,2023-08,103557
19743,6420,806,8,5,0.31396859700832014,47,13,7,0,0,2023-06,103558
36566,5531,743,7,0,0.9486482790179882,44,7,9,0,1,2023-05,103559
23691,9693,553,10,7,0.9108037539131237,35,25,5,0,1,2023-08,103560
38996,3356,836,25,9,0.5319240566933587,37,18,3,0,1,2023-09,103561
10590,8752,508,17,1,0.20477987258074926,69,9,5,0,0,2023-09,103562
10585,6081,600,43,8,0.8317958613395888,55,12,5,0,1,2023-07,103563
14227,5280,794,21,6,0.9047166427298263,23,24,1,0,0,2023-07,103564
33278,7131,702,42,2,0.3397904738843461,40,26,6,0,1,2023-09,103565
43814,5460,652,43,3,0.9329537670532457,46,17,8,0,1,2023-08,103566
17237,8123,609,41,2,0.9312778218357569,20,10,7,0,0,2023-07,103567
20649,9187,821,51,5,0.5770326808273524,24,7,2,0,1,2023-09,103568
42713,9711,765,34,8,0.8384278486382735,63,28,7,0,1,2023-08,103569
12927,5787,651,40,9,0.5559583826175907,65,21,3,0,1,2023-09,103570
12016,7209,582,54,8,0.6512370127348943,29,5,9,0,1,2023-09,103571
19027,8868,633,42,0,0.45587120784781066,69,23,0,0,0,2023-07,103572
29142,9540,825,59,9,0.3275754762566596,40,15,2,0,1,2023-09,103573
28545,4197,659,26,5,0.7972292670512255,29,16,0,0,0,2023-06,103574
36897,4278,538,26,0,0.20111427561530856,45,27,4,0,0,2023-08,103575
8167,3465,675,33,3,0.6636421517190252,35,16,9,0,0,2023-05,103576
49757,7000,512,11,6,0.8917488211027711,57,10,8,0,1,2023-09,103577
31917,6348,814,25,3,0.37702182942116047,22,14,6,0,0,2023-06,103578
27736,4487,566,41,8,0.4663195654384019,39,20,2,0,0,2023-09,103579
32990,7942,747,18,9,0.6699886822915702,66,17,6,0,1,2023-05,103580
19087,7597,540,45,4,0.3974961972249121,24,6,7,0,0,2023-08,103581
27440,7536,683,16,8,0.8779894858646264,25,1,3,0,1,2023-05,103582
40205,9212,534,29,0,0.49328253369004404,44,11,2,0,0,2023-08,103583
20275,3325,836,24,3,0.6652909758559089,44,1,1,0,0,2023-07,103584
10276,4765,789,28,6,0.38089691807936704,31,12,7,0,0,2023-09,103585
46627,7162,575,36,1,0.23310906959278857,20,24,2,0,0,2023-08,103586
45586,3303,569,42,8,0.3389602128109285,61,20,6,0,1,2023-08,103587
42496,8067,733,42,2,0.2369591500870426,22,15,1,0,0,2023-05,103588
24008,7579,510,8,3,0.5748831196905755,40,5,4,0,0,2023-05,103589
10738,8024,782,39,3,0.6693099127344395,24,10,4,0,0,2023-09,103590
37402,4440,803,34,7,0.2357401661483622,34,26,8,0,1,2023-06,103591
10793,3148,523,8,1,0.2723857772303463,23,17,7,0,0,2023-09,103592
42291,6034,773,20,4,0.5884200214482808,38,10,7,0,1,2023-05,103593
10571,5631,526,12,1,0.839343945760781,36,7,9,0,0,2023-06,103594
36331,9391,553,8,5,0.7024073431325755,27,27,1,0,1,2023-09,103595
21209,8220,554,52,8,0.28376817608309557,56,18,1,0,0,2023-09,103596
30394,9845,732,48,8,0.9100338190731958,43,6,9,0,1,2023-05,103597
48148,3095,776,21,0,0.9339601878317974,23,9,6,0,0,2023-07,103598
30682,6455,619,50,3,0.45996546227956875,43,2,3,0,0,2023-09,103599
7224,7377,724,39,3,0.6928142335050897,38,22,2,0,0,2023-05,103600
46157,5369,557,25,0,0.5938617201477695,43,28,2,0,0,2023-05,103601
49452,6467,754,49,9,0.9536190149038577,60,12,6,0,1,2023-08,103602
48408,3528,675,58,1,0.6069988263589887,64,5,0,0,0,2023-05,103603
37441,5310,553,44,5,0.9679726509696513,40,15,3,0,1,2023-07,103604
46430,8738,645,38,9,0.3594740404241649,36,13,5,0,1,2023-07,103605
44129,7675,758,19,2,0.47642940615654394,27,29,8,0,1,2023-09,103606
39716,4663,651,47,8,0.8250761920769099,50,29,0,0,1,2023-09,103607
49859,6364,761,40,2,0.8268885884746944,38,2,0,0,1,2023-07,103608
31586,5341,518,16,2,0.7857466191653641,30,15,1,0,0,2023-07,103609
49760,8727,841,59,8,0.8876891717322433,65,14,6,0,1,2023-08,103610
28478,9538,670,25,2,0.7620369383550498,69,9,6,0,1,2023-05,103611
11318,9656,696,35,5,0.7088681155777872,42,16,4,0,1,2023-09,103612
33694,7905,572,58,5,0.5671400104620097,56,2,3,0,1,2023-05,103613
25180,3692,802,33,0,0.5736701946634615,47,1,9,0,0,2023-05,103614
17180,7330,584,20,6,0.5249291945633934,42,25,5,0,0,2023-08,103615
38002,3951,783,43,8,0.6961694397630562,31,9,7,0,1,2023-06,103616
20372,8950,801,55,8,0.5253311433863949,35,25,6,0,1,2023-06,103617
34796,4360,631,18,8,0.3179954512692776,35,24,1,0,0,2023-06,103618
29427,8127,619,52,1,0.2852236929669174,33,20,1,0,0,2023-07,103619
38290,8562,715,40,0,0.9395778201950222,26,14,5,0,1,2023-09,103620
33099,9060,635,52,5,0.21979112603030648,40,25,0,0,0,2023-08,103621
14821,3538,615,29,5,0.284373809444522,40,2,4,0,0,2023-05,103622
10832,3819,560,6,3,0.5562438997164694,60,1,0,0,0,2023-05,103623
17820,8777,516,47,7,0.4103410135235039,54,28,6,0,1,2023-07,103624
21211,6162,533,29,4,0.5246791203217167,65,10,2,0,0,2023-08,103625
44890,6925,519,32,6,0.2939579052751067,43,23,8,0,1,2023-08,103626
10842,3271,707,23,8,0.3047255494778992,20,22,4,0,0,2023-09,103627
6316,4028,661,31,0,0.8405263269800922,33,19,0,0,0,2023-05,103628
22508,6665,798,34,8,0.8072869952802431,39,18,9,0,1,2023-08,103629
27005,9018,509,13,3,0.2834022925796915,47,24,3,0,0,2023-08,103630
20206,4242,593,49,6,0.7342323319192161,37,20,7,0,0,2023-09,103631
23971,4141,606,31,3,0.6874490586843867,22,22,6,0,0,2023-05,103632
30599,3592,604,10,3,0.7706901781441837,46,20,5,0,0,2023-06,103633
27056,4605,570,38,3,0.5795591236499793,25,29,8,0,0,2023-06,103634
6378,7210,583,45,5,0.4159894620267527,23,11,3,0,0,2023-07,103635
6519,9406,708,10,4,0.7309433354852224,20,9,9,0,0,2023-07,103636
27161,6377,758,54,1,0.4970859412182576,40,15,0,0,0,2023-09,103637
45703,8773,738,52,8,0.3751623208097284,54,28,9,0,1,2023-09,103638
43861,8541,801,41,5,0.5269032109754266,47,16,5,0,1,2023-05,103639
10355,7071,731,18,9,0.8106158684807632,37,13,3,0,1,2023-08,103640
14083,7302,781,22,5,0.5806345572289615,54,21,0,0,0,2023-05,103641
43342,6694,705,18,8,0.4398914107467377,40,6,9,0,1,2023-09,103642
25456,5350,763,30,0,0.8654948918590626,35,25,2,0,0,2023-05,103643
18324,7207,810,7,6,0.9053150041447477,45,15,0,0,1,2023-09,103644
7257,4440,846,29,2,0.5466003390181398,58,15,4,0,0,2023-07,103645
32364,6626,684,41,3,0.49975041658151576,28,22,7,0,1,2023-06,103646
29972,4882,613,30,0,0.690159157615172,42,18,1,0,0,2023-07,103647
31654,6711,578,39,2,0.24637955684633042,21,11,5,0,0,2023-06,103648
20233,3184,841,17,6,0.7530585284540778,22,1,5,0,0,2023-06,103649
20887,8860,800,24,5,0.8258300843017976,52,14,4,0,1,2023-08,103650
34320,7996,549,55,0,0.5179535418057373,43,25,6,0,0,2023-08,103651
25808,3220,819,47,8,0.3396926800059171,42,2,0,0,0,2023-09,103652
35154,8563,594,35,3,0.2230547001126908,25,2,9,0,0,2023-07,103653
39773,6188,757,42,6,0.7097964795896801,40,20,3,0,1,2023-08,103654
32747,4093,561,48,3,0.41519472530792784,66,26,5,0,0,2023-09,103655
15860,5945,641,6,6,0.5711116696970274,24,10,3,0,0,2023-09,103656
47838,9765,829,8,4,0.5090844173260247,32,16,5,0,1,2023-05,103657
47156,5474,721,54,0,0.3399078367579701,59,3,1,0,0,2023-06,103658
23156,9787,610,31,3,0.6066949347685633,32,14,8,0,1,2023-05,103659
25360,5615,603,20,2,0.5676748181925904,38,23,3,0,0,2023-07,103660
23135,5012,514,51,5,0.6993180982958658,28,7,4,0,0,2023-09,103661
30351,5490,769,52,5,0.40150799562382944,22,19,6,0,1,2023-09,103662
35499,3600,658,53,0,0.3717112638827247,50,19,7,0,0,2023-09,103663
28554,4160,656,33,1,0.8514760478051777,65,25,0,0,0,2023-06,103664
24604,7599,526,9,1,0.7617537959712333,58,23,6,0,0,2023-05,103665
21923,9274,584,24,9,0.8177651613532506,32,19,9,0,1,2023-05,103666
13547,7313,508,29,3,0.2986318494040225,60,3,8,0,0,2023-08,103667
49283,5735,775,45,8,0.37923171466161415,30,13,1,0,1,2023-05,103668
38002,5218,726,11,1,0.6604252129629119,60,19,1,0,0,2023-05,103669
19562,8594,685,21,7,0.8857610774983264,30,25,3,0,1,2023-06,103670
12480,7707,578,37,0,0.913691714534776,65,14,0,0,0,2023-05,103671
31672,4152,715,35,7,0.865527969803942,66,8,8,0,1,2023-06,103672
9213,3056,556,40,2,0.23471835686754192,68,29,4,0,0,2023-09,103673
15293,4204,643,13,4,0.8567033477245811,20,23,2,0,0,2023-05,103674
39441,7341,830,10,0,0.9192729420168655,54,8,5,0,1,2023-09,103675
7100,3143,566,42,0,0.24539927212212165,54,17,6,0,0,2023-09,103676
49617,3367,774,17,5,0.5330247150215905,22,25,3,0,1,2023-07,103677
33172,4482,604,30,2,0.6292882586373614,23,21,1,0,0,2023-09,103678
25132,9361,687,38,7,0.38620029830679975,43,29,4,0,1,2023-06,103679
23199,3615,663,44,3,0.6133485248296885,49,5,6,0,0,2023-09,103680
41609,6638,766,29,5,0.9087646303688517,51,5,9,0,1,2023-09,103681
47965,6328,550,16,9,0.8935540050766118,68,25,9,0,1,2023-09,103682
13016,8977,625,47,8,0.9518698250059847,39,21,2,0,1,2023-05,103683
44779,6227,579,40,7,0.5872878387156337,55,2,1,0,1,2023-09,103684
42261,4588,682,45,3,0.5284535562351361,32,22,1,0,0,2023-09,103685
36881,5489,809,6,9,0.7326302552258828,58,23,3,0,1,2023-09,103686
22058,9984,516,13,7,0.5334084620808273,23,11,3,0,0,2023-05,103687
29472,6003,669,28,6,0.23355567680068623,47,15,4,0,0,2023-05,103688
46346,3698,779,25,4,0.775937161736364,59,23,2,0,1,2023-06,103689
39926,7971,803,37,6,0.424787153026259,62,7,0,0,1,2023-08,103690
39832,8781,839,16,6,0.2392682498137524,26,11,3,0,1,2023-05,103691
41021,5823,713,12,9,0.21649686122152334,28,2,0,0,0,2023-09,103692
29087,9905,697,35,1,0.9450890148618545,41,6,7,0,1,2023-07,103693
17828,3944,506,53,6,0.4016608069153351,23,9,4,0,0,2023-06,103694
36128,6881,510,44,2,0.5583193540184508,55,17,1,0,0,2023-07,103695
6401,3922,511,18,7,0.9604611623190844,52,19,4,0,0,2023-08,103696
24643,4746,609,47,7,0.5740135830245802,25,12,4,0,0,2023-06,103697
20193,7120,632,54,8,0.2628874588210491,22,6,0,0,0,2023-06,103698
31853,5853,627,8,3,0.6415488377973274,54,16,4,0,0,2023-07,103699
49864,8783,647,12,9,0.27055892276325216,52,23,7,0,1,2023-08,103700
25307,4559,553,48,2,0.27607030269882915,26,2,9,0,0,2023-08,103701
41982,9907,810,18,8,0.8811816590419679,60,26,1,0,1,2023-06,103702
24611,4083,578,42,8,0.4315372346916716,54,24,7,0,1,2023-06,103703
48791,6538,845,30,1,0.7429361600899491,66,11,7,0,1,2023-07,103704
16950,3433,596,28,5,0.6071394682629294,22,15,0,0,0,2023-07,103705
15704,5926,748,56,2,0.37786135296353135,62,29,3,0,0,2023-08,103706
48111,4089,626,52,4,0.6142562389225661,37,6,4,0,0,2023-08,103707
16867,5957,529,38,1,0.25519482871980226,22,28,9,0,0,2023-06,103708
7745,5612,523,10,3,0.47776987967176754,58,25,7,0,0,2023-06,103709
8866,9047,700,37,2,0.6182689800163934,46,9,2,0,0,2023-06,103710
37245,9249,630,35,1,0.3827154704685216,28,9,0,0,0,2023-08,103711
49724,7191,621,36,5,0.7281505041450884,36,25,6,0,1,2023-07,103712
10818,6759,826,18,2,0.24144953735704544,60,18,3,0,0,2023-05,103713
35116,7263,649,47,3,0.5878479182965015,61,26,9,0,1,2023-05,103714
20493,5089,513,10,5,0.7719966250315067,64,13,4,0,0,2023-05,103715
33038,4902,803,28,4,0.5439568471654184,24,26,5,0,1,2023-09,103716
25447,9247,528,6,3,0.8996691322551504,65,29,3,0,1,2023-07,103717
35431,8964,549,15,3,0.7057542249925326,23,23,0,0,0,2023-08,103718
22908,5567,739,55,1,0.9667943328469903,33,5,7,0,1,2023-09,103719
34336,4998,782,32,9,0.427297450219983,48,25,8,0,1,2023-05,103720
45992,9425,834,59,3,0.9510314646837978,30,17,2,0,1,2023-07,103721
9025,6114,655,13,7,0.6854580719085575,41,26,9,0,1,2023-07,103722
25093,5994,636,57,4,0.7961431193707189,61,23,3,0,1,2023-09,103723
11155,8229,826,8,9,0.9217288936347576,24,26,4,0,1,2023-09,103724
38487,5010,835,24,9,0.6409577503934567,31,21,9,0,1,2023-08,103725
25963,7844,653,56,7,0.8897446335597323,40,11,8,0,1,2023-08,103726
25936,4891,580,7,5,0.6333575516704443,34,9,4,0,0,2023-09,103727
9426,3830,586,54,9,0.6793591420937901,43,23,6,0,0,2023-09,103728
28303,3048,763,36,4,0.5560788583179084,32,20,2,0,0,2023-09,103729
32606,7210,757,53,3,0.3165108414720823,51,27,0,0,1,2023-05,103730
33151,4178,684,58,9,0.6428025866790934,45,24,5,0,1,2023-07,103731
18767,8768,679,15,8,0.981958584212945,59,9,9,0,1,2023-08,103732
16308,9646,685,58,9,0.8297487965858275,45,9,0,0,1,2023-05,103733
49245,6033,622,21,4,0.7979987878027492,55,10,5,0,1,2023-08,103734
29770,3070,595,42,9,0.7146470421837037,64,20,7,0,1,2023-05,103735
33572,8455,592,25,5,0.47832693878979565,49,6,8,0,1,2023-07,103736
46448,3066,502,8,6,0.3356921555827028,66,4,7,0,0,2023-09,103737
7204,8612,501,40,0,0.37964128131415187,28,1,4,0,0,2023-07,103738
32233,8769,804,39,8,0.20505767163412011,43,6,6,0,1,2023-08,103739
26729,4777,647,26,7,0.7387843367186837,57,24,5,0,1,2023-07,103740
36131,8062,784,41,4,0.8495020468451471,37,6,8,0,1,2023-08,103741
38870,5228,644,37,2,0.4151290809584478,28,29,3,0,0,2023-07,103742
43011,4789,829,59,4,0.27348031971541753,41,12,7,0,1,2023-07,103743
44382,3612,761,23,4,0.4685816542575343,57,3,8,0,1,2023-09,103744
46475,4886,561,39,8,0.4336409835335824,40,13,6,0,1,2023-05,103745
26607,4622,725,43,6,0.5607010886221855,26,24,6,0,1,2023-07,103746
29968,3696,530,8,1,0.4112816434568088,31,10,1,0,0,2023-05,103747
38398,9746,689,58,4,0.47178616427602327,55,9,8,0,1,2023-07,103748
16908,9391,767,8,8,0.9260438234793942,30,17,4,0,1,2023-09,103749
31423,4237,511,32,1,0.467868282311685,22,11,9,0,0,2023-05,103750
48615,5406,690,7,7,0.8284144373839177,46,27,2,0,1,2023-07,103751
14171,3248,524,8,2,0.7006669601795676,26,6,3,0,0,2023-09,103752
17721,3637,590,22,3,0.4700303565050991,21,10,9,0,0,2023-06,103753
21616,3949,587,51,1,0.8542306158242805,29,24,1,0,0,2023-07,103754
47512,4904,831,44,8,0.676060855677012,22,18,2,0,1,2023-05,103755
43458,6587,773,59,5,0.2068949820791203,36,14,5,0,1,2023-06,103756
12659,4111,800,58,8,0.25498256125791985,62,4,0,0,0,2023-08,103757
48369,9806,610,43,7,0.802111647561855,20,13,1,0,1,2023-09,103758
16704,3175,579,45,8,0.5572222316681554,53,1,3,0,0,2023-08,103759
37793,3722,823,24,4,0.5244062333948325,32,20,0,0,0,2023-09,103760
36226,9569,639,24,5,0.31666174735664643,33,2,5,0,0,2023-08,103761
28852,6842,713,49,6,0.32585487516901623,36,3,3,0,0,2023-09,103762
37082,6674,517,10,4,0.8382019600767205,53,20,1,0,0,2023-09,103763
27794,7866,553,10,0,0.8632137071691643,36,3,9,0,0,2023-05,103764
46420,4947,596,19,8,0.6480020325109834,60,6,3,0,1,2023-07,103765
18379,3702,782,32,1,0.43610224784455,44,29,7,0,0,2023-05,103766
12006,5128,733,54,6,0.9461606533342641,63,7,5,0,1,2023-07,103767
13682,3926,739,53,7,0.6991699127961813,49,11,0,0,0,2023-07,103768
38840,7233,833,41,7,0.8373136955614306,67,7,4,0,1,2023-08,103769
37430,6504,843,45,0,0.20262633623057236,55,17,5,0,0,2023-07,103770
28091,5517,553,40,9,0.5602556807002884,30,21,3,0,0,2023-06,103771
37983,5397,586,26,6,0.8967592690559647,40,19,3,0,1,2023-05,103772
28989,4149,760,10,8,0.47058662658617706,39,12,2,0,0,2023-05,103773
14915,9036,735,29,2,0.7812409414978247,48,1,9,0,1,2023-05,103774
47552,8987,622,44,7,0.7261398601029165,23,1,9,0,1,2023-07,103775
23990,6380,553,55,7,0.32177469308343953,53,18,5,0,0,2023-07,103776
29734,4878,715,29,8,0.819923061803524,61,10,8,0,1,2023-05,103777
19824,4253,696,45,7,0.29002143225023913,60,24,6,0,0,2023-09,103778
41081,4483,538,48,4,0.7823312772575526,36,20,8,0,1,2023-08,103779
16033,8464,727,51,4,0.9927746694232755,31,26,5,0,1,2023-06,103780
47736,3309,736,55,2,0.9663851454494103,23,3,1,0,0,2023-08,103781
21241,8139,631,18,5,0.8401933944456037,60,14,5,0,1,2023-09,103782
10939,6952,829,43,9,0.6276139393837618,33,8,6,0,1,2023-06,103783
40063,6049,820,50,2,0.7398596606565919,23,16,1,0,1,2023-06,103784
39464,8766,667,6,1,0.7824867122752741,53,18,0,0,0,2023-09,103785
16185,4564,536,48,6,0.20672121942259097,37,9,5,0,0,2023-05,103786
32045,8679,566,44,9,0.2818929767623652,32,4,7,0,1,2023-05,103787
49769,4500,610,15,2,0.67764730566309,29,27,5,0,0,2023-07,103788
24167,9412,718,7,3,0.2052276321143273,33,25,7,0,0,2023-07,103789
41412,7865,708,21,9,0.9271245206187979,28,1,5,0,1,2023-05,103790
26625,3015,586,42,7,0.5917301705800623,62,21,5,0,0,2023-06,103791
44188,3605,802,21,0,0.40621366048409735,39,26,7,0,0,2023-07,103792
32076,4381,678,28,8,0.5150569356780794,20,23,2,0,0,2023-09,103793
49605,7908,512,31,5,0.8806211285120022,63,14,2,0,1,2023-08,103794
24029,6383,799,21,1,0.9417542990112926,48,11,5,0,1,2023-09,103795
27973,9086,624,32,2,0.2929879843818561,36,4,3,0,0,2023-06,103796
44121,9625,732,52,4,0.8223685071644613,68,28,6,0,1,2023-06,103797
36433,3894,750,46,5,0.6625816945732242,27,28,6,0,1,2023-07,103798
48309,4567,625,35,8,0.6684022061315893,36,21,8,0,1,2023-05,103799
6932,9412,734,38,1,0.8235616975166611,40,16,1,0,0,2023-06,103800
49254,3413,637,37,4,0.378275749428766,44,27,1,0,0,2023-06,103801
6757,7120,548,14,6,0.6248359743799666,39,9,5,0,0,2023-05,103802
35722,5004,685,16,6,0.45548209236064735,44,22,8,0,1,2023-07,103803
42853,3315,704,42,3,0.2756098759812119,40,29,6,0,0,2023-09,103804
43405,7666,577,11,2,0.28406355644528314,32,14,5,0,0,2023-05,103805
6116,7820,693,35,7,0.3091771765001206,32,6,4,0,0,2023-08,103806
48527,6055,602,45,1,0.6919198791238703,66,2,7,0,1,2023-09,103807
16691,4849,604,20,4,0.284664158701848,69,1,1,0,0,2023-05,103808
5492,8395,786,53,9,0.6560830740721388,49,20,2,0,1,2023-09,103809
32882,4953,823,35,4,0.6706376463818078,32,26,5,0,1,2023-09,103810
13811,3388,710,23,0,0.923117208097513,59,19,0,0,0,2023-06,103811
32808,5769,749,17,6,0.7011012770604115,26,27,7,0,1,2023-09,103812
29272,7539,792,9,3,0.988470272705201,61,23,8,0,1,2023-09,103813
33399,6046,700,59,9,0.22479406395266788,31,7,1,0,0,2023-05,103814
11474,9840,523,21,1,0.7633169093160952,21,22,8,0,0,2023-09,103815
31956,8066,799,28,7,0.22118406244243466,33,15,4,0,1,2023-07,103816
47506,9864,582,16,3,0.7835020622997628,61,5,7,0,1,2023-09,103817
18979,5415,796,59,0,0.5086801673632284,36,3,0,0,0,2023-08,103818
49523,9060,678,29,7,0.6890462123140717,32,15,0,0,1,2023-06,103819
47565,5389,797,27,6,0.4476304576706702,20,4,3,0,1,2023-08,103820
33328,8924,705,44,2,0.32728403132211925,66,29,0,0,1,2023-08,103821
17867,3303,539,20,2,0.7788100144714261,20,5,0,0,0,2023-08,103822
30851,3763,803,54,6,0.9236963042160695,66,4,4,0,1,2023-09,103823
36279,4973,612,20,1,0.346865954960028,45,3,1,0,0,2023-08,103824
35527,3815,839,15,4,0.9365624009628806,66,2,3,0,1,2023-09,103825
12866,9255,503,33,6,0.312145687363635,65,5,7,0,0,2023-08,103826
20449,3877,607,41,5,0.7885295060396251,32,18,5,0,0,2023-09,103827
15685,7798,815,59,9,0.9675561265432049,53,2,1,0,1,2023-06,103828
28544,9989,613,22,6,0.31789670540499015,59,15,2,0,1,2023-06,103829
10451,8039,666,41,1,0.5480720374042827,28,18,1,0,0,2023-06,103830
26642,5326,760,27,6,0.46996598588671956,38,18,3,0,0,2023-07,103831
46316,5429,605,28,1,0.5107822001472786,42,8,4,0,0,2023-09,103832
44954,5060,723,34,6,0.8025117913054214,60,12,8,0,1,2023-05,103833
43870,7398,761,27,7,0.7289511460444476,47,23,6,0,1,2023-07,103834
36030,4579,750,16,9,0.9749495715702554,49,9,7,0,1,2023-05,103835
35873,7255,513,41,7,0.3483836026851378,26,19,6,0,0,2023-09,103836
5619,5201,697,49,4,0.6346086954607042,33,1,9,0,0,2023-05,103837
38650,9897,625,34,6,0.5593009163352214,21,22,7,0,1,2023-07,103838
30372,9324,705,47,7,0.9350848871405997,31,25,4,0,1,2023-06,103839
8642,6597,639,37,3,0.20849538598156797,62,29,2,0,0,2023-05,103840
33001,4203,561,19,1,0.9913363206136754,68,17,6,0,0,2023-06,103841
39064,5424,782,23,6,0.583787451498023,21,1,0,0,0,2023-09,103842
34290,6875,553,43,0,0.700431717786878,47,20,2,0,0,2023-05,103843
19122,5823,845,42,1,0.4880420446445724,47,26,6,0,0,2023-09,103844
29820,8287,511,39,9,0.8820213357563991,31,17,3,0,1,2023-05,103845
7895,6285,635,50,6,0.6495903560947062,49,25,6,0,1,2023-06,103846
10366,8269,829,28,9,0.730248748999812,66,6,9,0,1,2023-08,103847
13711,5063,643,37,0,0.7191237664485413,59,5,9,0,0,2023-06,103848
24596,8210,781,51,6,0.49118571191818605,59,27,5,0,1,2023-07,103849
23793,8239,635,8,4,0.2607927966452927,41,5,3,0,0,2023-05,103850
13199,4979,800,48,2,0.8461649808752401,37,11,6,0,0,2023-08,103851
15717,7348,720,27,1,0.43177273534745403,33,11,7,0,0,2023-05,103852
41191,6131,839,28,6,0.8791441827821636,44,11,7,0,1,2023-09,103853
15211,8528,708,9,8,0.6869144070326612,29,12,6,0,1,2023-07,103854
28360,9174,622,18,8,0.48296316647798243,55,12,1,0,1,2023-07,103855
26542,6092,615,37,9,0.6753977191788982,67,2,7,0,1,2023-09,103856
36312,7826,656,34,9,0.7163941538891501,67,3,4,0,1,2023-08,103857
41435,6664,769,45,7,0.765346726206938,68,28,8,0,1,2023-08,103858
33247,5336,516,45,1,0.857870507605657,28,7,5,0,0,2023-09,103859
27357,6614,768,50,0,0.32780395377438776,30,20,3,0,0,2023-05,103860
46045,3497,848,15,7,0.9553155078148934,46,14,8,0,1,2023-08,103861
32691,6817,718,18,1,0.5286724915420087,32,22,0,0,0,2023-06,103862
17424,8524,818,50,3,0.8883602387011018,20,16,3,0,1,2023-06,103863
23852,7643,737,22,3,0.37638367629422814,58,24,4,0,0,2023-05,103864
27601,8056,532,43,1,0.22322317776377185,30,14,3,0,0,2023-09,103865
23020,3131,784,7,3,0.6586752348982806,22,17,8,0,0,2023-08,103866
13155,8443,536,22,6,0.4597330232579512,21,15,0,0,0,2023-05,103867
8583,3857,602,49,5,0.9875696039583595,65,11,2,0,0,2023-06,103868
20515,8251,710,31,9,0.2835627637723064,61,13,8,0,1,2023-07,103869
41777,9128,779,43,5,0.2378422928028174,43,6,6,0,1,2023-07,103870
24710,3520,641,42,3,0.2360142548425066,39,17,4,0,0,2023-07,103871
48178,3029,738,10,1,0.3734989561790356,68,12,5,0,0,2023-07,103872
29532,9770,728,30,4,0.6633528930922707,59,28,3,0,1,2023-08,103873
23601,9147,632,14,2,0.6044506989157534,34,28,4,0,0,2023-09,103874
9967,6396,624,33,2,0.4800606438668492,25,24,7,0,0,2023-06,103875
23753,7604,552,27,3,0.2710344859335274,39,4,4,0,0,2023-09,103876
25022,4260,587,34,4,0.38698967583545507,41,21,9,0,0,2023-06,103877
48463,4558,597,40,1,0.3473176518277735,21,10,1,0,0,2023-05,103878
14135,3015,594,25,5,0.7965334697248387,34,18,7,0,0,2023-06,103879
10722,6605,687,10,5,0.8239571064010514,67,19,2,0,0,2023-06,103880
32413,8092,755,44,7,0.8216112104494557,53,7,4,0,1,2023-09,103881
32236,4607,572,49,1,0.9752324355313189,65,23,5,0,1,2023-06,103882
20514,8935,781,37,7,0.9073903570672257,50,12,0,0,1,2023-08,103883
48896,6517,517,44,7,0.5982437977428039,49,11,2,0,1,2023-08,103884
42212,5016,663,15,3,0.5319488167273321,47,24,0,0,0,2023-07,103885
45386,6574,645,45,6,0.9326148141675694,52,29,6,0,1,2023-06,103886
25331,8349,813,22,6,0.6889802016385174,60,3,1,0,1,2023-07,103887
23060,4743,752,42,0,0.4355189336204762,68,2,9,0,0,2023-07,103888
6196,6791,659,20,0,0.6515712221721339,40,2,6,0,0,2023-09,103889
17297,9406,848,14,7,0.9937195381569011,65,22,2,0,1,2023-07,103890
7787,6634,548,37,0,0.8795760481218899,42,2,2,0,0,2023-09,103891
28816,4088,675,28,2,0.4250237728476333,61,27,0,0,0,2023-07,103892
45695,9408,826,16,5,0.9623635407337736,32,15,6,0,1,2023-05,103893
24702,4361,564,18,7,0.9851696891832928,64,4,7,0,1,2023-06,103894
30242,6372,788,23,4,0.3849335675323322,45,25,3,0,0,2023-08,103895
7176,7473,549,54,4,0.916473694801073,38,26,8,0,1,2023-07,103896
25127,8294,503,14,3,0.9065621741590657,46,3,3,0,0,2023-05,103897
46560,3475,618,47,3,0.23180285858723249,59,17,9,0,0,2023-05,103898
32228,4289,839,10,6,0.7357513544493497,26,2,4,0,0,2023-06,103899
25208,3328,663,48,5,0.44422457042493546,44,26,5,0,0,2023-07,103900
33482,7044,722,27,7,0.7396901011935006,68,29,8,0,1,2023-09,103901
14171,4839,655,37,5,0.9308469553521947,59,10,8,0,1,2023-07,103902
40219,4186,761,52,9,0.5990233983916148,55,7,7,0,1,2023-08,103903
38396,7533,672,7,6,0.5315302646309222,26,9,9,0,1,2023-08,103904
47589,6414,522,26,9,0.9372250169499339,39,25,1,0,1,2023-07,103905
45546,8486,560,33,9,0.9792919341908262,43,20,9,0,1,2023-06,103906
8696,6536,820,57,4,0.2497890622350422,47,15,9,0,0,2023-09,103907
25058,4773,633,29,5,0.9382784553185659,68,8,0,0,0,2023-06,103908
25313,8318,523,29,0,0.2662148268175111,24,17,1,0,0,2023-06,103909
24149,8619,792,19,2,0.46982897070687174,55,27,5,0,1,2023-06,103910
46075,5063,544,42,7,0.8100592979442613,50,11,6,0,1,2023-05,103911
9956,4844,678,32,2,0.8216295855517564,52,16,5,0,0,2023-07,103912
15195,8415,562,29,0,0.780657512543333,43,22,0,0,0,2023-06,103913
22076,7963,528,11,2,0.2312899904488547,29,24,0,0,0,2023-07,103914
6105,5558,595,31,3,0.30637283841927465,57,18,0,0,0,2023-07,103915
20417,8907,765,59,7,0.9489731985757988,63,24,0,0,1,2023-07,103916
29729,8079,790,20,8,0.2651691107167127,68,4,9,0,1,2023-06,103917
35099,4262,554,34,3,0.26283673357849335,24,18,9,0,0,2023-09,103918
37598,9724,652,41,6,0.8685167502062963,50,20,0,0,1,2023-07,103919
34961,8420,718,15,0,0.713012602578309,28,8,1,0,0,2023-06,103920
17602,9149,672,33,8,0.48132484467614367,51,15,1,0,1,2023-09,103921
14256,6291,595,56,3,0.3325683896573011,60,13,3,0,0,2023-05,103922
25584,4018,622,14,8,0.9073363359142519,24,4,2,0,0,2023-08,103923
39681,4789,511,26,2,0.9908302061028098,46,29,3,0,0,2023-08,103924
30792,6524,503,15,4,0.23997738275426334,47,14,4,0,0,2023-05,103925
26904,6504,845,9,0,0.6432907056721615,62,15,3,0,0,2023-09,103926
48361,3806,566,59,2,0.40904286792465205,31,15,2,0,0,2023-06,103927
39540,8989,644,9,4,0.8659094668397633,24,24,2,0,1,2023-08,103928
31536,8505,564,11,5,0.4768584734198446,27,23,3,0,0,2023-06,103929
24164,5666,581,31,7,0.7717034313490718,36,5,5,0,0,2023-07,103930
17996,8414,604,45,0,0.6316187372210217,27,24,6,0,0,2023-09,103931
7871,8237,680,21,2,0.6332187052759762,53,15,3,0,0,2023-08,103932
27626,3404,839,13,0,0.8863995449443371,42,18,7,0,0,2023-06,103933
15521,8882,604,33,4,0.5763235407396514,37,3,5,0,0,2023-07,103934
48410,3593,725,21,7,0.8764796273155846,29,20,4,0,1,2023-08,103935
6132,9709,527,43,3,0.49074146243006034,58,10,7,0,0,2023-07,103936
38467,9895,515,54,8,0.339826353971444,60,5,5,0,1,2023-09,103937
19534,6949,776,6,5,0.564381902125292,63,5,0,0,0,2023-09,103938
28854,7107,832,24,5,0.5986846251016178,63,15,0,0,1,2023-05,103939
47998,6280,797,55,4,0.5827065581102332,24,1,9,0,1,2023-08,103940
44065,5212,553,22,9,0.8466643295034257,62,1,9,0,1,2023-09,103941
12812,8413,787,54,4,0.6517431531680777,36,16,5,0,1,2023-06,103942
9557,4542,613,33,6,0.9107552574070423,66,28,7,0,1,2023-06,103943
7179,9221,537,49,7,0.6113483959327537,30,27,8,0,1,2023-05,103944
48798,3613,729,17,6,0.37977206630560345,66,17,3,0,1,2023-05,103945
14065,9082,665,11,0,0.30359667221020215,67,14,6,0,0,2023-09,103946
13275,3868,681,12,0,0.8946902567556967,38,15,8,0,0,2023-06,103947
40948,3811,704,13,9,0.24493823912176937,40,14,7,0,1,2023-06,103948
25700,4822,744,8,5,0.2940876895358098,63,21,7,0,0,2023-06,103949
44464,7862,832,54,2,0.25092681513411286,22,2,0,0,0,2023-05,103950
47351,7177,808,26,8,0.5389873577454563,59,3,9,0,1,2023-07,103951
32794,4744,620,13,6,0.6260924931148748,62,24,5,0,1,2023-08,103952
33783,5256,758,33,1,0.2158997848180806,20,12,8,0,0,2023-07,103953
21998,7042,709,35,2,0.6124689335132835,43,26,7,0,1,2023-05,103954
18869,6667,809,37,7,0.5150075770325009,55,24,1,0,1,2023-09,103955
49525,3521,795,16,0,0.8189161459647185,25,28,4,0,0,2023-09,103956
33152,8423,693,25,4,0.8639652973969787,29,26,3,0,1,2023-07,103957
25954,8089,567,55,9,0.7479739491089643,66,2,7,0,1,2023-06,103958
36555,9608,613,21,0,0.5787964282532991,59,8,8,0,1,2023-06,103959
21654,4525,719,30,8,0.37291887603359053,65,27,2,0,0,2023-06,103960
40236,4469,719,50,6,0.8776918938420482,53,12,8,0,1,2023-08,103961
20042,5675,717,14,4,0.4733353120355335,43,9,0,0,0,2023-08,103962
30966,4513,736,56,5,0.4850335097559594,42,26,6,0,1,2023-06,103963
49314,7876,797,44,2,0.932809237749636,39,14,7,0,1,2023-06,103964
19270,4451,593,54,2,0.9804778044783304,57,26,5,0,1,2023-07,103965
35908,7654,752,45,6,0.9185047651076033,54,6,3,0,1,2023-05,103966
20523,6430,714,45,6,0.9985877788488648,53,17,3,0,1,2023-09,103967
24991,6007,757,8,6,0.895127075121182,65,11,6,0,1,2023-08,103968
15775,9234,846,21,1,0.7634860140960655,69,27,9,0,1,2023-07,103969
17265,9133,739,17,1,0.4350555196571783,66,19,5,0,0,2023-05,103970
24459,6124,814,20,4,0.9623656391199009,55,21,3,0,1,2023-09,103971
21673,4753,713,58,3,0.901301465291003,35,13,4,0,1,2023-07,103972
32056,7955,597,9,6,0.3925974339325226,42,3,9,0,0,2023-08,103973
11614,4612,515,28,2,0.5913299785934616,63,3,3,0,0,2023-05,103974
41020,6275,653,32,4,0.2560445285004401,68,25,0,0,0,2023-06,103975
12415,3555,515,44,1,0.9626470906137736,20,21,3,0,0,2023-08,103976
28155,7251,697,48,0,0.6582146621771647,28,14,5,0,0,2023-07,103977
48884,5049,607,42,8,0.3961604367425324,31,8,1,0,0,2023-06,103978
21964,8476,522,18,3,0.4339194508991006,56,7,6,0,0,2023-06,103979
42726,3824,541,48,7,0.9845250981038878,36,4,8,0,1,2023-06,103980
42044,8688,536,42,6,0.6924914334433582,22,3,9,0,1,2023-08,103981
42544,5849,827,45,0,0.536546499285123,57,19,1,0,1,2023-05,103982
37252,6030,664,26,9,0.5998763694284306,48,27,6,0,1,2023-07,103983
8832,4081,615,34,6,0.2788400579018747,50,2,1,0,0,2023-07,103984
30275,6325,649,34,1,0.26001820805830084,54,5,8,0,0,2023-08,103985
19901,8299,505,54,2,0.6741661946403079,57,12,0,0,0,2023-06,103986
43213,3492,531,16,0,0.6096032291522532,45,2,3,0,0,2023-06,103987
39148,7764,644,56,6,0.48732255304275296,32,18,1,0,1,2023-06,103988
47633,3074,793,55,2,0.6528911620090916,38,15,0,0,0,2023-05,103989
27918,5991,792,33,5,0.2581407595497378,51,16,1,0,0,2023-07,103990
24540,6360,676,15,6,0.955192937145237,66,12,9,0,1,2023-07,103991
16580,3370,676,10,2,0.4349693502273775,46,12,5,0,0,2023-09,103992
43402,7682,560,30,1,0.25742303253759913,58,28,4,0,0,2023-07,103993
43578,3328,576,38,8,0.3356034180592833,32,4,0,0,0,2023-05,103994
29917,7685,585,22,8,0.2763791315860135,53,22,2,0,0,2023-07,103995
27318,4790,690,54,6,0.342883603487745,38,28,9,0,1,2023-09,103996
15179,3776,506,38,4,0.5334032438612895,38,22,5,0,0,2023-09,103997
17251,5022,584,30,3,0.7904407151484167,22,8,4,0,0,2023-09,103998
24493,9447,761,38,3,0.41787867796403183,22,11,5,0,0,2023-09,103999
25466,7674,758,59,0,0.5487412975533151,45,22,7,0,1,2023-05,104000
35206,7316,546,14,3,0.943005830310589,25,22,5,0,1,2023-05,104001
24624,4187,840,32,6,0.43665739146078036,32,4,4,0,0,2023-08,104002
31564,4503,593,30,4,0.8357758026117679,65,12,3,0,0,2023-08,104003
27412,9518,723,9,8,0.32625349798589315,57,21,4,0,1,2023-05,104004
32990,6291,778,14,3,0.3426573970057981,46,27,8,0,1,2023-05,104005
40517,8803,502,51,2,0.5649222987810125,60,23,9,0,1,2023-09,104006
18156,6325,628,20,5,0.3872818003731091,43,10,5,0,0,2023-09,104007
28064,8841,822,21,3,0.9224224590354082,29,27,4,0,1,2023-05,104008
30711,3187,748,21,1,0.24060183289878223,35,9,7,0,0,2023-06,104009
35106,4214,728,18,4,0.6778180529150717,42,16,4,0,0,2023-09,104010
21589,6286,826,19,3,0.6833835169196159,66,4,4,0,0,2023-07,104011
28736,6446,630,27,4,0.25282074201555815,31,26,7,0,0,2023-08,104012
25975,4109,727,26,8,0.786051371896713,47,17,8,0,1,2023-06,104013
41218,5521,676,14,3,0.5751180356097568,32,22,7,0,0,2023-08,104014
12214,7939,822,46,5,0.7784586987958468,37,18,8,0,1,2023-06,104015
35581,6879,810,58,3,0.8615399887480559,21,27,8,0,1,2023-09,104016
25195,3530,530,9,0,0.4583194815925551,65,7,7,0,0,2023-06,104017
49582,4070,565,15,1,0.5875887063483902,36,22,6,0,0,2023-07,104018
32127,6136,705,40,5,0.4086086238144091,42,9,6,0,1,2023-07,104019
10141,3962,600,58,7,0.361210770817868,42,6,0,0,0,2023-08,104020
33884,9618,819,14,8,0.20047580643412594,20,22,6,0,1,2023-06,104021
29885,8265,530,56,3,0.97090520966387,62,20,9,0,1,2023-08,104022
7708,4405,690,53,5,0.5527427754637186,33,28,5,0,0,2023-05,104023
23375,6137,565,21,2,0.21045581844709924,31,25,0,0,0,2023-09,104024
20088,3516,802,54,8,0.20715086205443856,33,3,9,0,0,2023-05,104025
49602,6164,734,23,7,0.43068205484095606,68,15,9,0,1,2023-09,104026
15014,8984,777,15,0,0.21115014296809476,63,1,7,0,0,2023-08,104027
8273,9569,701,26,1,0.4996116941268387,57,27,8,0,0,2023-06,104028
42306,4491,849,56,9,0.2503508011511583,60,26,1,0,1,2023-06,104029
35881,8213,724,59,8,0.2314012729202478,63,24,3,0,1,2023-09,104030
36486,6689,582,20,9,0.7355051152596401,68,24,6,0,1,2023-05,104031
17541,7228,545,20,2,0.9254730315543078,35,27,0,0,0,2023-08,104032
13712,7409,588,16,2,0.5275092666418235,53,17,7,0,0,2023-05,104033
14168,3590,685,45,9,0.8694163442207461,37,9,8,0,1,2023-09,104034
8551,4543,688,59,8,0.22341236890859772,67,2,7,0,0,2023-08,104035
17297,6056,745,53,2,0.8221520447761461,29,6,1,0,0,2023-09,104036
48733,5206,545,47,9,0.25023999385831275,38,25,7,0,1,2023-09,104037
32128,6339,756,46,4,0.8707515385578815,49,16,7,0,1,2023-07,104038
7832,5708,560,52,5,0.9058930758976513,23,13,1,0,0,2023-05,104039
33483,8981,604,59,2,0.8287790739058514,26,6,8,0,1,2023-06,104040
27063,7029,836,42,9,0.8565992195290313,35,23,0,0,1,2023-06,104041
27963,8722,513,25,7,0.6491876530658551,56,15,6,0,1,2023-06,104042
18422,3747,800,39,1,0.4119079540661216,24,25,1,0,0,2023-07,104043
37920,8593,576,27,5,0.7145848021287733,58,5,7,0,1,2023-09,104044
16156,3800,729,53,1,0.5516333192610892,68,17,7,0,0,2023-05,104045
16108,9553,666,23,8,0.2042692487352368,52,9,3,0,0,2023-06,104046
36845,4497,565,21,5,0.581460565147868,54,26,7,0,1,2023-07,104047
7800,4379,531,10,8,0.7209503396404364,67,13,4,0,0,2023-09,104048
43078,3679,595,6,3,0.21110692775305662,53,7,8,0,0,2023-06,104049
47712,6770,557,24,2,0.6970882688865261,52,16,0,0,0,2023-06,104050
7610,6342,603,15,1,0.722025524973485,58,8,4,0,0,2023-06,104051
17067,9257,811,26,7,0.32648606259111745,29,18,8,0,1,2023-06,104052
38872,3896,633,18,3,0.5448593481252076,22,5,5,0,0,2023-08,104053
15728,4546,716,29,1,0.971466080711306,69,13,3,0,0,2023-08,104054
34566,6126,566,28,8,0.907351382239826,48,24,0,0,1,2023-09,104055
34783,8889,677,28,7,0.5286571382866022,54,23,9,0,1,2023-09,104056
25583,9208,746,16,4,0.47987701441932445,50,7,5,0,1,2023-09,104057
25238,3683,793,52,7,0.2992645447814848,58,20,6,0,1,2023-07,104058
12263,4295,734,7,4,0.22815126763212784,34,13,6,0,0,2023-05,104059
6914,8781,630,11,6,0.437970221953663,20,2,8,0,0,2023-06,104060
28749,4385,611,58,4,0.9522266776657908,38,26,3,0,1,2023-07,104061
24456,9289,553,16,4,0.966890761066934,56,19,3,0,1,2023-09,104062
30582,3942,789,20,3,0.8500154724610212,46,14,4,0,0,2023-07,104063
5406,6280,738,14,4,0.48065985081588763,40,14,8,0,0,2023-09,104064
18689,8405,739,17,6,0.314901146305689,26,9,1,0,0,2023-06,104065
37934,4033,794,41,2,0.6764267804845434,62,4,3,0,0,2023-05,104066
38276,5786,611,33,3,0.7172040057649451,52,17,8,0,1,2023-08,104067
41432,5233,587,28,7,0.5396588553964833,21,26,5,0,1,2023-09,104068
24873,6645,727,32,5,0.7533174364469122,33,20,5,0,1,2023-07,104069
18050,4620,803,29,7,0.7973455085213883,61,29,6,0,1,2023-05,104070
5680,6535,804,19,1,0.826449330859824,22,16,4,0,0,2023-05,104071
23908,6205,789,59,8,0.6018384890860058,33,24,3,0,1,2023-05,104072
23504,5882,707,40,6,0.8333126220477867,24,8,2,0,0,2023-07,104073
26644,7904,773,32,4,0.22038114101556544,36,26,1,0,0,2023-06,104074
42125,3170,569,26,6,0.7443234933910958,58,15,6,0,1,2023-07,104075
6363,9356,719,54,1,0.3885071656403839,20,26,4,0,0,2023-07,104076
47291,4553,730,18,3,0.4164162333501226,62,18,0,0,0,2023-07,104077
40060,6897,789,13,6,0.27304136528538586,47,10,3,0,1,2023-08,104078
6538,4595,806,49,1,0.35391381087454343,57,4,8,0,0,2023-08,104079
41176,4623,848,49,7,0.9936065864016024,67,7,7,0,1,2023-06,104080
46520,7122,754,49,9,0.5323121044507803,33,24,6,0,1,2023-06,104081
30675,8109,641,39,9,0.9422123189509484,36,17,4,0,1,2023-06,104082
23287,4091,568,47,4,0.33031962255423847,34,8,0,0,0,2023-05,104083
5174,5837,588,28,4,0.36324707367881565,65,1,4,0,0,2023-06,104084
31732,3407,635,14,7,0.646250683052057,26,22,7,0,0,2023-05,104085
39998,8228,642,6,0,0.479626032703266,61,21,3,0,0,2023-06,104086
42055,7169,838,41,5,0.7151321668598369,26,10,4,0,1,2023-08,104087
17112,9721,686,51,1,0.5376372605763443,66,15,7,0,1,2023-09,104088
44874,3679,510,21,0,0.8492777899723696,43,23,4,0,0,2023-09,104089
14689,8487,647,30,6,0.5452472569368669,45,6,3,0,0,2023-09,104090
49814,9929,791,23,3,0.6578793459506111,33,10,3,0,1,2023-08,104091
24555,7944,837,39,0,0.456858560018983,66,1,5,0,0,2023-09,104092
38919,7965,537,43,9,0.7632327899509233,38,6,9,0,1,2023-08,104093
12619,3236,844,8,5,0.7237873671725714,45,13,0,0,0,2023-07,104094
11033,5774,707,25,9,0.5176008262192462,35,3,3,0,0,2023-08,104095
46328,6437,709,24,5,0.42082568223247724,53,12,0,0,0,2023-06,104096
9946,6357,500,18,2,0.6912834998562392,21,15,5,0,0,2023-05,104097
29618,9521,564,22,5,0.9545213193688062,20,22,7,0,1,2023-06,104098
39675,9804,500,19,9,0.30611441922128124,67,7,3,0,1,2023-07,104099
41258,5877,742,35,8,0.8392932946764484,55,6,7,0,1,2023-08,104100
23919,8001,815,27,5,0.6343934182464726,54,9,1,0,1,2023-09,104101
9173,5423,524,48,0,0.6204477561390873,62,16,4,0,0,2023-09,104102
48833,7714,846,53,9,0.9693473180607834,43,12,2,0,1,2023-06,104103
31400,9796,549,48,5,0.6846998380548455,68,9,6,0,1,2023-09,104104
9769,6147,847,34,7,0.8644142621988145,24,8,8,0,1,2023-08,104105
42564,4032,740,55,6,0.6115817991005572,48,5,0,0,1,2023-05,104106
19211,9339,531,7,7,0.3998826938040715,60,26,7,0,1,2023-07,104107
28255,5854,532,58,7,0.7555922171664877,20,3,3,0,0,2023-06,104108
32962,5940,699,13,8,0.9385415235552033,28,4,9,0,1,2023-05,104109
24356,6701,733,19,2,0.8729840764880605,55,11,4,0,0,2023-07,104110
25306,8409,525,39,6,0.35869088499206775,35,10,0,0,0,2023-07,104111
9997,7070,541,18,5,0.4535112952497202,34,8,4,0,0,2023-06,104112
22376,6132,560,15,1,0.6135045391789422,29,9,8,0,0,2023-09,104113
45880,6460,540,13,4,0.6572826361888522,56,13,7,0,1,2023-08,104114
43055,7942,629,12,2,0.35505129156682264,35,24,7,0,0,2023-05,104115
15578,9961,697,18,4,0.38400987201213166,57,26,5,0,1,2023-08,104116
23624,4923,786,31,8,0.8070648552283493,67,19,8,0,1,2023-07,104117
44194,9707,650,37,7,0.784253933371954,55,23,3,0,1,2023-07,104118
49367,3633,703,24,8,0.8713670517031129,34,11,5,0,1,2023-09,104119
5389,9822,681,20,8,0.9463438458241848,22,24,2,0,1,2023-05,104120
38767,8113,706,59,7,0.4466088951221534,38,3,1,0,1,2023-07,104121
6855,7103,646,7,7,0.8876759652564636,60,1,8,0,1,2023-08,104122
45893,4392,703,59,5,0.7328094330209491,56,23,4,0,1,2023-08,104123
18794,8164,547,42,5,0.9662163391134395,67,14,1,0,1,2023-05,104124
40531,9487,757,24,5,0.41765932481873275,22,19,4,0,1,2023-08,104125
9986,8876,638,38,9,0.4157372013116205,27,1,5,0,0,2023-09,104126
37298,9939,671,44,5,0.7634347589541814,43,23,7,0,1,2023-08,104127
6481,6446,600,55,8,0.942728619230621,33,27,4,0,1,2023-09,104128
8731,8738,686,38,9,0.8596446598291478,54,12,1,0,1,2023-06,104129
21835,6098,814,6,0,0.7816316462346851,35,14,6,0,0,2023-06,104130
32798,8312,793,44,9,0.5098473584459107,26,15,4,0,1,2023-06,104131
31113,7944,520,33,5,0.7742138677615793,60,7,1,0,0,2023-08,104132
24477,8476,797,22,7,0.8408764611446515,54,4,5,0,1,2023-09,104133
22266,3061,509,11,0,0.8026285438324836,27,14,6,0,0,2023-09,104134
25792,8181,686,57,5,0.7414486386288985,31,18,7,0,1,2023-05,104135
25452,5469,632,49,8,0.2377050013525624,68,16,2,0,0,2023-08,104136
48526,4817,532,25,5,0.7277719464918471,65,26,3,0,1,2023-09,104137
46334,3632,568,52,1,0.5826357243863283,35,14,5,0,0,2023-06,104138
16889,7887,579,18,0,0.9692554172397485,23,21,2,0,0,2023-08,104139
29335,5598,690,17,3,0.6857519067016569,54,11,5,0,0,2023-09,104140
16254,6451,600,35,5,0.6865818049882395,64,27,8,0,1,2023-09,104141
26074,4300,784,26,9,0.9952441498958,60,25,4,0,1,2023-06,104142
16442,5653,720,7,9,0.27487023182472436,64,6,1,0,0,2023-05,104143
42327,4454,552,58,8,0.42105302808028233,51,15,9,0,1,2023-08,104144
21199,4138,659,23,4,0.7248635511752206,31,10,1,0,0,2023-09,104145
12291,8807,541,33,6,0.45218900482749974,40,12,6,0,0,2023-07,104146
45928,6192,546,9,5,0.47692011834329756,34,9,3,0,0,2023-07,104147
5112,7620,658,47,5,0.9141159518376869,54,28,8,0,1,2023-09,104148
26515,9116,683,48,8,0.6634831240318373,22,17,8,0,1,2023-07,104149
24581,7994,745,58,4,0.2822924662433237,21,18,5,0,1,2023-08,104150
31500,5210,510,11,1,0.4486900685860975,25,11,9,0,0,2023-06,104151
37026,7882,653,43,7,0.26084670119953446,35,6,4,0,1,2023-06,104152
21523,6759,719,14,2,0.6449039467577162,42,19,6,0,0,2023-05,104153
6424,6029,654,25,8,0.33861455710079175,50,2,4,0,0,2023-05,104154
24552,4360,838,50,4,0.8856921200200849,69,22,8,0,1,2023-09,104155
15808,5426,782,35,0,0.6618512211651999,60,23,8,0,0,2023-05,104156
43811,7268,686,42,3,0.24750051354487576,49,20,6,0,1,2023-05,104157
11989,8095,561,43,8,0.44070053089945516,22,13,3,0,0,2023-07,104158
28620,8906,647,9,0,0.6930701337889015,35,29,0,0,0,2023-07,104159
44029,3063,643,43,7,0.46839865455506263,23,26,3,0,0,2023-07,104160
5887,4345,602,55,7,0.6105413348751646,65,9,2,0,0,2023-07,104161
36802,3974,799,18,8,0.9274898357461885,55,27,0,0,1,2023-05,104162
24488,7161,592,40,8,0.4800287764050227,47,12,9,0,1,2023-05,104163
35013,8962,785,35,5,0.4686982899758304,69,16,3,0,1,2023-05,104164
21402,6628,618,47,4,0.855805473050159,69,29,6,0,1,2023-09,104165
26205,4622,528,9,6,0.45500521833341595,69,19,1,0,0,2023-07,104166
31049,3457,529,30,8,0.26236667531231384,47,2,6,0,0,2023-06,104167
17253,8698,787,36,4,0.3447559633899959,22,16,5,0,0,2023-07,104168
23990,9596,637,52,2,0.9590402006370409,45,27,8,0,1,2023-08,104169
12846,6330,550,17,8,0.9466342340621772,58,5,1,0,0,2023-06,104170
30027,9053,791,20,9,0.37984967262251823,32,28,5,0,1,2023-08,104171
44200,4740,733,58,0,0.6428014984789487,26,25,5,0,1,2023-06,104172
8765,8545,554,31,0,0.3098944803384023,32,17,5,0,0,2023-06,104173
20950,6026,791,15,9,0.7397421028092286,23,6,2,0,1,2023-09,104174
14741,9055,739,17,3,0.34824463680784856,35,24,5,0,0,2023-06,104175
27742,9321,811,27,1,0.23983233833728318,47,7,8,0,0,2023-08,104176
29703,4954,535,45,6,0.8599174457670395,66,6,2,0,0,2023-06,104177
43709,3279,588,58,1,0.4603203061789006,32,3,1,0,0,2023-07,104178
42623,5391,711,26,6,0.2868179228480776,61,25,7,0,1,2023-05,104179
27931,4040,817,40,7,0.8671231606897802,29,21,2,0,1,2023-05,104180
28580,9439,744,12,7,0.8099179820369187,24,15,4,0,1,2023-05,104181
20166,9345,586,23,2,0.7470067603455746,55,28,4,0,1,2023-09,104182
34240,3961,739,32,8,0.9289989678756234,38,16,1,0,1,2023-09,104183
30991,9827,819,40,9,0.5913808694965081,49,17,1,0,1,2023-05,104184
43556,9038,687,52,9,0.3024451980694382,66,9,5,0,1,2023-05,104185
37969,6845,556,7,9,0.24907712791609563,60,26,1,0,0,2023-07,104186
15561,4217,612,37,5,0.4547528143677269,67,9,5,0,0,2023-07,104187
21901,6220,722,20,3,0.26946466410993297,47,17,6,0,0,2023-08,104188
45505,3374,569,50,7,0.6284075522776683,50,29,3,0,1,2023-08,104189
35020,9007,726,29,3,0.21159921425852632,55,7,9,0,1,2023-08,104190
30917,7130,755,25,3,0.5550106412075008,62,25,3,0,1,2023-05,104191
6988,4392,679,15,7,0.3427682318828683,68,2,2,0,0,2023-05,104192
49505,5076,683,29,3,0.49461443509372655,20,26,0,0,0,2023-09,104193
19256,3774,690,29,0,0.7400272598165514,28,6,3,0,0,2023-07,104194
27192,7316,731,29,5,0.4807710168405612,31,10,2,0,0,2023-09,104195
33230,9196,775,45,7,0.4730719097601722,42,17,7,0,1,2023-07,104196
44930,9934,732,53,2,0.9926005862716016,31,14,4,0,1,2023-07,104197
27625,6424,553,53,1,0.7750517781810291,61,3,6,0,0,2023-08,104198
37088,5123,756,39,5,0.6110893694800411,28,27,2,0,1,2023-05,104199
19114,7589,589,46,0,0.6635005207980635,45,16,2,0,0,2023-06,104200
46167,8807,725,45,4,0.6961461052150488,49,16,5,0,1,2023-09,104201
43401,6593,746,16,5,0.21966031915267356,39,5,9,0,1,2023-06,104202
10755,9260,650,31,7,0.2642116724201981,35,16,3,0,0,2023-06,104203
15825,3279,612,6,6,0.7193514810853214,32,23,7,0,0,2023-07,104204
27693,7841,768,35,5,0.491575087078651,54,27,2,0,1,2023-08,104205
9117,5811,656,58,1,0.24435523218554006,69,5,4,0,0,2023-05,104206
29729,5342,846,48,7,0.4380105968413009,23,24,0,0,1,2023-07,104207
37182,4474,798,23,7,0.30422673633711217,44,5,0,0,0,2023-06,104208
33890,4857,658,31,4,0.9330510737810571,32,6,7,0,1,2023-09,104209
34340,8637,829,58,2,0.36234031404249206,47,18,6,0,1,2023-09,104210
6518,8192,724,52,7,0.31495295791524197,64,12,0,0,0,2023-09,104211
35949,5889,513,14,4,0.7009350536708934,31,21,5,0,0,2023-09,104212
27547,4059,608,14,2,0.6175295442214661,43,7,1,0,0,2023-08,104213
21346,4922,595,6,8,0.6607459632286337,47,17,0,0,0,2023-09,104214
7600,6799,694,12,8,0.5487585184322522,20,10,9,0,0,2023-05,104215
34267,9101,557,49,6,0.5737354487457036,53,9,4,0,1,2023-06,104216
41322,7592,793,47,7,0.8230380446777037,22,9,4,0,1,2023-08,104217
31990,9349,653,56,4,0.3759377478605339,41,24,1,0,1,2023-09,104218
21193,5473,563,21,4,0.5172234422649873,40,11,4,0,0,2023-08,104219
35109,7139,657,43,4,0.9662603079423595,46,25,6,0,1,2023-06,104220
24233,4851,764,16,1,0.3519885609488362,40,14,3,0,0,2023-09,104221
21194,6541,620,56,2,0.43501887603349365,41,5,1,0,0,2023-08,104222
39510,9748,787,30,7,0.35325353942879245,32,7,4,0,1,2023-08,104223
6306,7549,510,34,5,0.2163963970865085,63,17,5,0,0,2023-08,104224
8849,3594,713,24,8,0.4158639400333363,35,23,7,0,0,2023-08,104225
17360,8452,661,23,6,0.23717395676979136,65,9,8,0,0,2023-05,104226
34231,3506,604,52,5,0.3237481011253067,43,19,9,0,0,2023-06,104227
41963,7889,646,34,3,0.49014565605409177,65,25,7,0,1,2023-09,104228
23689,3020,681,21,6,0.2165769736551666,36,21,6,0,0,2023-06,104229
34084,4399,837,51,3,0.8023652527445733,24,13,8,0,1,2023-08,104230
45387,6201,536,45,6,0.8364712110156376,57,9,8,0,1,2023-07,104231
14280,9763,581,13,4,0.5291310419346904,61,13,5,0,0,2023-09,104232
7642,5461,511,39,1,0.9877327834994156,46,14,2,0,0,2023-07,104233
47137,8190,503,11,6,0.7431951318461594,60,8,7,0,1,2023-08,104234
19296,8523,542,50,7,0.7949773983845991,51,14,2,0,1,2023-06,104235
20438,8681,550,50,9,0.3538403389329068,45,13,0,0,0,2023-05,104236
42525,6678,760,58,1,0.8699500982573707,26,27,3,0,1,2023-08,104237
7994,8910,633,35,5,0.956037118417205,55,23,8,0,1,2023-05,104238
39039,8516,586,49,3,0.3890481332590334,26,10,7,0,1,2023-08,104239
6813,3336,555,39,4,0.7491714355091041,62,22,5,0,0,2023-07,104240
32491,4667,716,26,0,0.7975528389306652,46,2,2,0,0,2023-09,104241
23845,6576,567,57,5,0.4441353374476393,57,12,2,0,0,2023-06,104242
46243,3909,543,17,7,0.5800072020578371,67,16,6,0,1,2023-07,104243
42164,3275,642,54,1,0.2780312748645793,67,7,4,0,0,2023-08,104244
47051,3891,845,11,0,0.33847584316760637,43,2,2,0,0,2023-05,104245
18318,3012,541,44,8,0.2492564189177558,43,16,0,0,0,2023-08,104246
22200,8122,638,11,1,0.648132392436235,64,22,8,0,0,2023-06,104247
5082,7057,572,58,7,0.7002103178218155,63,6,4,0,0,2023-05,104248
6920,6025,766,9,4,0.9328956667469865,48,16,6,0,0,2023-06,104249
45585,3973,693,58,1,0.6337478484988812,46,25,9,0,1,2023-05,104250
16683,7270,654,14,4,0.40848909664648,53,13,8,0,0,2023-09,104251
16336,6970,745,10,8,0.24757883727289506,40,10,3,0,0,2023-07,104252
20596,4408,813,15,5,0.9079624422006696,64,27,4,0,1,2023-05,104253
7093,8721,717,52,2,0.5830864628224428,20,20,2,0,0,2023-06,104254
17905,4943,752,13,7,0.789857591553857,29,9,6,0,0,2023-08,104255
29351,5288,776,28,0,0.2117194788764712,49,2,0,0,0,2023-08,104256
35981,3546,776,9,8,0.5905111381315341,47,21,7,0,1,2023-05,104257
13367,9157,571,42,8,0.46057809853319887,61,16,2,0,1,2023-05,104258
10285,4218,628,12,3,0.22426501809106147,49,3,3,0,0,2023-09,104259
48664,4420,685,11,7,0.8205382456579666,47,22,9,0,1,2023-06,104260
42705,4454,512,50,2,0.6103213223148907,48,2,3,0,0,2023-05,104261
21753,6377,828,56,5,0.46654419439290473,50,29,6,0,1,2023-05,104262
23485,5772,719,47,9,0.8446387871259196,62,10,6,0,1,2023-07,104263
17977,8529,505,20,9,0.5575387614801333,60,25,3,0,1,2023-08,104264
24874,7098,738,40,7,0.20279836509464105,23,20,5,0,0,2023-07,104265
12674,5738,611,55,8,0.9555581056306603,68,23,7,0,1,2023-05,104266
34038,6747,727,37,7,0.4045461923699084,38,5,9,0,1,2023-07,104267
34315,4842,516,19,8,0.8644604176506732,29,8,3,0,0,2023-06,104268
8676,3746,572,40,3,0.8531323072650185,64,12,0,0,0,2023-08,104269
7426,5816,511,16,9,0.3298991450885851,50,4,6,0,0,2023-07,104270
29473,3871,585,15,0,0.5792021449718213,53,14,1,0,0,2023-09,104271
7962,3494,679,22,6,0.23215918279879438,60,23,2,0,0,2023-07,104272
34943,9560,621,18,9,0.4836413383107696,58,27,7,0,1,2023-08,104273
5859,8510,703,39,3,0.7847830746956961,61,15,1,0,0,2023-07,104274
49816,6444,569,50,0,0.3896555760882861,63,21,1,0,0,2023-06,104275
9138,7723,607,56,2,0.29370234459384803,50,3,3,0,0,2023-08,104276
40192,4075,700,10,6,0.6056988407480072,30,24,5,0,1,2023-06,104277
30640,6994,551,53,2,0.6295891074989057,55,22,9,0,1,2023-08,104278
15409,7237,536,15,0,0.7406631450569265,63,15,1,0,0,2023-06,104279
9017,8583,616,37,6,0.8073101974420727,63,4,8,0,1,2023-06,104280
15451,3045,758,17,7,0.7566476250117242,51,15,1,0,0,2023-07,104281
33327,9987,763,57,4,0.8763297666358805,42,25,8,0,1,2023-08,104282
15278,6056,802,18,5,0.37832517142563193,59,9,6,0,0,2023-08,104283
29944,5057,563,26,2,0.655813396973197,65,18,2,0,0,2023-08,104284
48764,3663,541,53,4,0.48807628593706015,58,26,8,0,1,2023-06,104285
6134,7668,542,59,2,0.9696898856013139,22,13,8,0,0,2023-09,104286
35131,5029,624,58,1,0.552223618731859,47,9,5,0,0,2023-05,104287
42887,8649,769,38,6,0.9677711465068455,44,4,1,0,1,2023-05,104288
43462,8717,846,59,9,0.8152525232472849,47,25,6,0,1,2023-05,104289
27520,5696,732,46,6,0.7747710896549593,38,13,3,0,1,2023-08,104290
26869,8008,631,53,7,0.5932509695374615,65,10,3,0,1,2023-06,104291
41932,3639,501,56,0,0.5547025074044818,38,8,6,0,0,2023-05,104292
10039,5663,614,52,1,0.6212385500147255,61,14,4,0,0,2023-07,104293
26281,5745,500,55,1,0.4349064503415626,63,16,0,0,0,2023-08,104294
15442,8004,830,59,2,0.9236079518707734,48,26,2,0,1,2023-08,104295
13252,9321,564,37,6,0.8354645242122931,69,19,6,0,1,2023-07,104296
32586,7964,624,17,6,0.8411166834600352,38,26,8,0,1,2023-09,104297
22568,8125,755,51,6,0.5465228763595489,37,7,8,0,1,2023-09,104298
25810,7948,821,40,0,0.2568711585953737,64,12,6,0,0,2023-06,104299
6551,7402,642,41,1,0.7464618543410229,68,13,4,0,0,2023-08,104300
17625,5595,827,43,7,0.49953086717712947,43,15,3,0,1,2023-07,104301
39397,9470,745,53,8,0.8963442499606604,57,15,8,0,1,2023-05,104302
31249,6427,615,33,9,0.8242707507598908,35,18,5,0,1,2023-05,104303
6361,8912,802,18,6,0.3162625135918049,37,2,9,0,0,2023-08,104304
31149,3394,589,17,0,0.6813725844308114,60,14,1,0,0,2023-07,104305
9370,9443,795,27,3,0.7537711407417476,32,20,2,0,0,2023-07,104306
10283,6597,541,49,9,0.6545100638594892,23,26,6,0,1,2023-06,104307
12610,7844,534,7,7,0.611233740924209,32,7,3,0,0,2023-09,104308
48326,5332,540,34,4,0.38229046000475303,54,20,6,0,0,2023-08,104309
19924,3329,840,18,0,0.38872547553694753,23,2,4,0,0,2023-09,104310
49717,5097,623,40,6,0.8144065109140437,38,28,0,0,1,2023-05,104311
15626,9127,556,18,5,0.21495182845084573,43,2,9,0,0,2023-07,104312
39761,3772,793,39,8,0.8231280501644611,52,5,2,0,1,2023-08,104313
5869,4645,734,24,3,0.6214389892313112,52,3,8,0,0,2023-05,104314
36552,4732,595,14,3,0.9489781219078688,28,3,3,0,0,2023-06,104315
6014,7473,818,57,7,0.9978572381783384,22,1,4,0,1,2023-06,104316
15103,4787,842,36,3,0.7307876520871692,22,19,1,0,0,2023-09,104317
21986,4623,631,38,2,0.5298057555361095,49,20,9,0,0,2023-07,104318
49781,3999,675,32,6,0.5800687268485556,37,12,7,0,1,2023-06,104319
35471,4848,551,50,4,0.36337234212120617,21,22,0,0,0,2023-08,104320
38458,4561,537,7,8,0.27938745919318486,51,27,3,0,0,2023-08,104321
30069,3773,842,20,4,0.6630107146417081,62,6,5,0,1,2023-06,104322
21873,8179,504,24,8,0.8443960783732807,28,28,7,0,1,2023-09,104323
28248,4803,712,36,5,0.4094132141833706,21,21,3,0,0,2023-09,104324
28624,4098,619,21,5,0.5357222481962799,39,20,1,0,0,2023-07,104325
48516,5050,825,48,5,0.6438189294215846,46,6,3,0,1,2023-08,104326
34061,4598,708,20,6,0.9263182559760459,55,13,0,0,1,2023-08,104327
29170,3747,716,11,3,0.31090498212964485,60,29,7,0,0,2023-05,104328
13024,8567,523,19,3,0.3895065349837301,65,21,8,0,0,2023-09,104329
21678,8860,841,32,8,0.9348243614286278,38,10,2,0,1,2023-09,104330
43256,6973,704,43,6,0.23162847452375346,35,1,7,0,1,2023-08,104331
25411,5322,725,24,9,0.7248925072478869,45,16,8,0,1,2023-06,104332
48803,4553,717,42,5,0.7116207065743614,33,14,7,0,1,2023-05,104333
24296,4615,710,48,0,0.5066035469060512,66,28,1,0,0,2023-05,104334
31293,9358,525,9,6,0.5745317432056944,37,18,1,0,0,2023-05,104335
32172,6754,751,31,5,0.883934361184449,47,14,9,0,1,2023-09,104336
26128,8604,502,14,3,0.3319856506774233,66,25,3,0,0,2023-09,104337
23257,7424,501,46,7,0.3852539826231417,38,10,0,0,0,2023-05,104338
17855,5302,591,54,6,0.6098803291519124,49,20,2,0,0,2023-08,104339
24642,8506,501,45,7,0.5277963384000242,60,22,3,0,1,2023-06,104340
40585,7221,649,20,8,0.6594979980361468,40,5,1,0,1,2023-05,104341
25025,7862,570,46,0,0.9366713488750367,40,2,6,0,0,2023-06,104342
9458,6655,503,42,2,0.9336816141902693,67,17,9,0,0,2023-07,104343
10307,8669,537,9,1,0.38401467177199344,49,1,2,0,0,2023-05,104344
46701,6395,569,31,2,0.44171569027907237,68,1,6,0,0,2023-06,104345
23425,8323,700,57,1,0.32965494503762394,61,6,6,0,0,2023-08,104346
48427,8291,807,23,5,0.9422322971711412,56,26,8,0,1,2023-06,104347
33273,8854,751,46,8,0.5182913041585562,60,7,3,0,1,2023-07,104348
43506,3216,786,58,1,0.5597641159069418,65,7,3,0,0,2023-09,104349
10668,6316,791,40,3,0.8421126246219677,51,25,0,0,0,2023-05,104350
30934,4359,653,59,4,0.6103787782482335,49,16,5,0,1,2023-08,104351
12697,6774,632,46,4,0.2958043857772097,41,19,5,0,0,2023-06,104352
29417,8417,573,46,0,0.5502789675541573,43,9,6,0,0,2023-07,104353
21446,7927,773,34,5,0.7044192346229055,29,1,8,0,1,2023-06,104354
45597,7277,770,58,4,0.7753672702056291,43,18,9,0,1,2023-07,104355
15751,7429,684,29,5,0.7162814822263153,20,7,9,0,1,2023-08,104356
12352,7606,504,9,3,0.29534457538589065,54,28,9,0,0,2023-06,104357
18516,7478,792,26,5,0.4434756201294547,35,18,8,0,1,2023-06,104358
28299,4896,585,44,8,0.7868517159705724,24,10,4,0,1,2023-07,104359
36957,7427,713,12,0,0.9041521554688599,50,27,1,0,1,2023-07,104360
33927,8284,514,28,5,0.2377491320498078,64,20,0,0,0,2023-06,104361
46094,8361,772,45,0,0.23378328645598173,56,2,1,0,0,2023-07,104362
41412,3899,550,26,6,0.71472362347125,44,11,1,0,0,2023-06,104363
34493,3641,752,6,3,0.6384369233306249,62,18,0,0,0,2023-06,104364
31711,8346,544,46,5,0.3242712404141712,68,11,7,0,1,2023-08,104365
13003,7729,690,30,6,0.6386332653575684,44,14,2,0,0,2023-07,104366
36707,6627,621,36,4,0.9795898748006808,22,13,9,0,1,2023-08,104367
8278,9594,686,49,8,0.7047201763173001,57,1,9,0,1,2023-09,104368
12296,3195,713,43,7,0.5593129248397749,51,25,7,0,0,2023-09,104369
30398,4893,648,50,2,0.8620259903516603,67,10,5,0,1,2023-05,104370
40842,6275,669,10,0,0.37025798852172126,39,15,0,0,0,2023-08,104371
18261,7050,708,58,9,0.5314611446615306,49,19,6,0,1,2023-07,104372
16173,7553,581,36,7,0.622214313448678,21,29,2,0,0,2023-09,104373
35449,7925,695,56,3,0.6036319136406043,24,17,8,0,1,2023-09,104374
46080,5304,745,6,6,0.936777975368922,38,10,8,0,1,2023-08,104375
6637,6600,844,59,3,0.43413448579734065,39,22,3,0,0,2023-07,104376
36781,6343,539,35,6,0.24520297658369572,41,8,1,0,0,2023-05,104377
18652,5056,667,23,0,0.9331017636109935,30,23,9,0,0,2023-06,104378
10103,5808,542,13,0,0.37365412571067413,37,7,8,0,0,2023-08,104379
30500,4224,828,31,1,0.5032223791813659,46,18,4,0,0,2023-05,104380
39800,3886,710,45,4,0.6247132996144618,50,27,7,0,1,2023-05,104381
40529,3392,678,20,9,0.9807043764385708,54,4,8,0,1,2023-09,104382
23452,4675,522,24,5,0.6282147533028786,63,6,0,0,0,2023-09,104383
36174,6190,594,15,1,0.5581946452387833,64,2,2,0,0,2023-05,104384
40436,5446,659,29,0,0.6669107836141174,40,13,6,0,0,2023-09,104385
20954,6905,743,21,8,0.9766465279337102,39,21,1,0,1,2023-09,104386
22186,9474,516,48,6,0.8543556790051523,28,12,3,0,1,2023-07,104387
17356,6338,611,36,7,0.3351745090495377,50,5,3,0,0,2023-07,104388
37963,6591,602,49,5,0.8426080119233672,28,19,6,0,1,2023-09,104389
7187,6766,813,21,8,0.8728792478431109,26,2,1,0,0,2023-05,104390
16707,5527,585,21,7,0.752555283166773,52,11,7,0,0,2023-09,104391
40098,5181,534,33,3,0.7257867673338114,20,23,7,0,0,2023-06,104392
31935,6764,529,25,4,0.5527016006782435,38,8,5,0,0,2023-08,104393
26225,8011,691,40,1,0.7133563096955631,22,4,3,0,0,2023-06,104394
8606,8030,678,14,0,0.7900599777218063,58,4,1,0,0,2023-07,104395
37828,3354,603,45,5,0.29825619845943924,31,11,2,0,0,2023-09,104396
31489,5631,664,15,2,0.4058639681467486,49,14,2,0,0,2023-05,104397
19387,4521,621,50,3,0.35526550317303524,35,9,2,0,0,2023-08,104398
8927,5672,633,23,0,0.8729694695248116,32,20,3,0,0,2023-09,104399
11296,6178,789,50,5,0.7440020732254142,69,26,6,0,1,2023-09,104400
35444,5337,811,50,7,0.5606228316601413,43,14,8,0,1,2023-09,104401
7591,9968,723,20,9,0.8608446003907746,36,28,9,0,1,2023-07,104402
49895,3628,524,50,3,0.7734250719940086,46,3,3,0,0,2023-08,104403
31147,5679,512,35,9,0.9308744652362375,48,27,6,0,1,2023-07,104404
43889,8266,818,53,7,0.26144559687833263,60,13,9,0,1,2023-07,104405
6200,7422,729,37,9,0.6073259052329882,33,14,5,0,1,2023-06,104406
20721,4438,601,45,2,0.7653983228610042,24,17,9,0,0,2023-06,104407
24238,9353,702,32,6,0.3659945494438766,62,3,8,0,1,2023-05,104408
16087,4421,766,32,2,0.46170098557709127,57,15,7,0,0,2023-07,104409
35816,4126,721,24,5,0.5351810010558613,25,21,1,0,0,2023-06,104410
28408,5683,603,15,3,0.8354604946164714,43,29,2,0,0,2023-05,104411
44740,4780,610,49,5,0.5948609608457561,59,2,5,0,1,2023-05,104412
5136,4531,568,51,6,0.5942960262782315,52,21,4,0,0,2023-06,104413
22413,4914,757,11,7,0.5447100948417163,28,25,1,0,0,2023-09,104414
23978,4232,667,58,5,0.38287127143705235,61,10,1,0,0,2023-07,104415
5661,4956,792,29,3,0.9384572284902117,68,27,4,0,1,2023-07,104416
40240,9571,548,14,8,0.4542408965253404,22,22,4,0,1,2023-05,104417
32253,3392,749,32,6,0.6539725286159205,42,15,0,0,0,2023-07,104418
31884,3825,830,12,8,0.31902378841784523,40,19,9,0,1,2023-08,104419
37854,5963,574,11,2,0.5473947136792378,41,21,2,0,0,2023-05,104420
15704,9008,700,59,4,0.9230428129353743,64,12,8,0,1,2023-09,104421
43987,5395,533,38,0,0.9963721908084737,27,17,9,0,1,2023-09,104422
29527,7145,813,26,7,0.4894014853867737,39,16,2,0,1,2023-09,104423
21322,8492,610,51,0,0.32319243705146844,33,8,5,0,0,2023-06,104424
11968,8146,815,43,0,0.4515612213843161,49,25,5,0,0,2023-09,104425
32518,7895,736,49,6,0.4617934147096156,27,5,1,0,1,2023-06,104426
32886,4792,531,22,7,0.7156070354258541,38,25,6,0,1,2023-08,104427
6700,6064,708,36,2,0.5969253795956482,64,24,8,0,0,2023-09,104428
33246,9792,631,42,1,0.8147677826125044,57,15,8,0,1,2023-05,104429
40468,4363,605,16,6,0.7610426275979849,55,8,7,0,1,2023-05,104430
28199,5348,532,33,9,0.40104697914019705,25,18,4,0,0,2023-05,104431
49589,6551,542,10,4,0.8274045519086226,53,21,7,0,1,2023-08,104432
37115,6628,606,17,0,0.8779694935318527,29,28,8,0,1,2023-08,104433
10520,6336,764,8,1,0.6787121518032013,50,8,0,0,0,2023-07,104434
49278,4565,725,46,2,0.942134167398861,30,19,0,0,1,2023-08,104435
41455,6667,678,43,5,0.8263584981876402,62,17,4,0,1,2023-09,104436
25929,5213,721,59,0,0.6763167254985591,54,27,6,0,1,2023-09,104437
46605,9459,624,7,7,0.9249327978506641,30,4,8,0,1,2023-06,104438
19955,7096,775,31,1,0.6802867841924312,59,4,8,0,1,2023-07,104439
49049,4019,666,7,4,0.6169529018698722,51,26,2,0,0,2023-09,104440
18917,4284,650,59,7,0.48500667232888217,68,20,0,0,0,2023-07,104441
9757,3062,540,17,4,0.9062906644755564,45,20,2,0,0,2023-07,104442
18045,5530,799,45,7,0.2981817366982573,41,9,7,0,1,2023-09,104443
46680,6392,534,7,5,0.5788021713739651,20,27,6,0,0,2023-08,104444
9733,8965,813,46,6,0.6299306655000174,67,14,4,0,1,2023-07,104445
35954,6272,803,21,7,0.6437992854158214,48,1,9,0,1,2023-06,104446
36135,5269,730,35,2,0.7215118643881946,58,9,8,0,1,2023-09,104447
12081,7247,714,52,4,0.6046364994030525,41,23,3,0,0,2023-05,104448
46458,3643,813,51,9,0.40545451811194166,51,13,5,0,1,2023-06,104449
28501,7721,600,57,6,0.8855555169115998,44,21,4,0,1,2023-09,104450
26113,3216,556,41,8,0.7260202622684226,59,18,5,0,1,2023-07,104451
39441,3195,714,9,5,0.886550250968245,64,10,3,0,1,2023-08,104452
29690,6864,655,16,9,0.4208347927843014,48,28,2,0,1,2023-07,104453
48939,6273,563,58,0,0.7096455159222574,56,26,4,0,1,2023-06,104454
34345,8110,561,29,7,0.7713389960611161,51,26,4,0,1,2023-08,104455
49571,5694,838,23,5,0.5067241282942707,49,4,1,0,1,2023-08,104456
31829,6212,561,32,0,0.8497952945655209,37,27,9,0,1,2023-06,104457
40062,5755,593,42,3,0.2020070198738374,63,15,3,0,0,2023-07,104458
8630,4521,840,7,5,0.6759358001713773,67,4,2,0,0,2023-05,104459
36870,8674,525,20,9,0.6908547762817043,22,20,6,0,1,2023-07,104460
49942,4080,620,16,0,0.6270744744309084,31,11,4,0,0,2023-08,104461
8453,8623,549,32,9,0.7040387895355595,39,12,5,0,1,2023-07,104462
42275,3721,751,54,4,0.3337814856186162,69,13,6,0,1,2023-09,104463
48370,8703,535,53,2,0.7478251854419007,27,2,1,0,1,2023-06,104464
43396,8855,788,52,6,0.4686311702693322,50,8,9,0,1,2023-07,104465
13328,4562,599,28,7,0.5616429940607343,43,4,3,0,0,2023-05,104466
20534,3639,823,40,2,0.46648749119701494,32,9,5,0,0,2023-08,104467
24744,9249,828,57,9,0.5791489627995883,27,2,2,0,1,2023-07,104468
24389,7260,635,35,2,0.6972553812093982,61,23,5,0,1,2023-07,104469
41320,7310,693,52,2,0.8706747767164409,33,5,9,0,1,2023-05,104470
40010,8190,720,29,5,0.5867480461121768,34,5,0,0,1,2023-09,104471
19665,6787,778,24,5,0.4585790620828826,40,23,7,0,1,2023-08,104472
42865,6736,825,34,2,0.5903535031403075,34,4,9,0,1,2023-07,104473
13640,3089,554,18,5,0.7510429312564124,45,19,4,0,0,2023-07,104474
39716,8891,609,53,8,0.47736057338063653,57,9,0,0,1,2023-08,104475
30521,5921,648,28,7,0.531425659778725,65,12,9,0,1,2023-09,104476
35049,4251,764,17,6,0.6502718536069891,57,3,9,0,1,2023-08,104477
10618,4102,661,54,6,0.43520741106188005,52,5,0,0,0,2023-06,104478
42004,7703,686,53,7,0.36726772763555343,29,2,9,0,1,2023-09,104479
6920,3348,628,46,6,0.3123138270906096,38,23,2,0,0,2023-06,104480
48937,6913,607,34,2,0.48208798650085943,30,13,5,0,0,2023-07,104481
9188,7052,567,11,7,0.23867432515044565,22,28,1,0,0,2023-08,104482
17207,5941,565,56,7,0.6667860213676012,42,27,7,0,1,2023-06,104483
5238,3245,643,28,0,0.3407274927980196,25,7,9,0,0,2023-09,104484
37972,3271,552,36,9,0.5019158338640343,60,28,6,0,1,2023-06,104485
15799,5030,627,50,4,0.41537825231869807,60,21,1,0,0,2023-07,104486
10552,7498,820,26,4,0.7043119730733995,48,8,0,0,0,2023-05,104487
33916,6187,706,29,0,0.8802765291734931,23,25,6,0,1,2023-09,104488
9927,6506,819,13,5,0.706640834390676,22,29,6,0,1,2023-06,104489
32964,4465,715,49,5,0.6340039429387151,39,20,2,0,1,2023-05,104490
16164,4195,567,14,3,0.7352669914576337,62,11,9,0,0,2023-05,104491
42158,6087,561,27,5,0.22399251020815988,68,12,7,0,0,2023-07,104492
24071,6008,709,9,5,0.2982757287696958,27,18,7,0,0,2023-07,104493
11160,6823,836,18,0,0.2759417887768354,25,18,4,0,0,2023-05,104494
20810,8175,826,39,4,0.2785577325990272,24,27,6,0,1,2023-05,104495
10126,4614,551,8,1,0.4083869721572384,27,29,2,0,0,2023-05,104496
35009,4126,615,42,6,0.6256418083065642,27,16,5,0,0,2023-08,104497
38584,7379,564,33,8,0.2917452629253977,54,20,2,0,1,2023-06,104498
30396,3516,629,31,8,0.9480929929515114,38,22,8,0,1,2023-07,104499
5192,5665,676,55,8,0.8834054421235324,67,6,6,0,1,2023-05,104500
41413,4301,777,58,6,0.9773154830663857,29,18,0,0,1,2023-09,104501
17816,3611,662,51,6,0.23400003607079248,54,17,7,0,0,2023-06,104502
44082,3749,831,39,0,0.8811219576714531,28,18,8,0,1,2023-08,104503
37130,8388,651,20,5,0.8429872603531916,27,24,9,0,1,2023-09,104504
45142,4856,849,13,4,0.9216846916819683,27,21,1,0,1,2023-09,104505
41468,3399,735,53,7,0.6223553341278469,27,3,0,0,0,2023-08,104506
35698,4526,657,40,7,0.8303112566205388,39,9,3,0,1,2023-07,104507
15655,5024,826,29,3,0.24102950347412194,26,28,8,0,0,2023-05,104508
35075,9229,605,57,0,0.2607022315871911,65,28,5,0,1,2023-05,104509
14359,3319,805,57,5,0.29482579275967064,41,7,9,0,0,2023-09,104510
41661,8151,754,42,9,0.9318310906385665,36,24,7,0,1,2023-07,104511
44579,3335,612,9,0,0.24893547951075912,63,22,6,0,0,2023-08,104512
47056,5098,529,17,4,0.28011962135928875,24,7,4,0,0,2023-07,104513
38272,3173,511,24,4,0.9443283221036216,53,19,4,0,0,2023-09,104514
47581,7019,676,20,2,0.28591406546582254,44,1,5,0,0,2023-08,104515
19671,4641,837,35,4,0.8958050389802992,66,1,5,0,1,2023-05,104516
32048,3500,545,50,5,0.8314166304498292,62,1,4,0,0,2023-08,104517
15738,6646,670,42,4,0.23222559082572342,34,11,7,0,0,2023-06,104518
30963,9219,629,17,0,0.217477917511704,50,27,2,0,0,2023-08,104519
48954,5363,744,24,6,0.6275107068108745,64,28,8,0,1,2023-09,104520
11773,4856,702,39,2,0.9977403230134139,38,23,4,0,0,2023-09,104521
41584,6152,725,12,6,0.9030641280791893,63,18,8,0,1,2023-05,104522
34894,4896,579,33,4,0.4480203466970277,50,13,4,0,0,2023-05,104523
5717,8759,809,33,2,0.5090473872923227,66,28,2,0,0,2023-08,104524
16676,4718,534,34,5,0.5103247969904809,31,22,8,0,0,2023-08,104525
9434,4778,551,42,0,0.787343052724012,42,15,1,0,0,2023-05,104526
42825,7792,660,25,5,0.47290620212990686,69,17,4,0,1,2023-08,104527
34100,6057,583,16,3,0.3182376491002086,42,10,2,0,0,2023-05,104528
9994,7827,827,55,3,0.7976859268668404,55,8,6,0,1,2023-08,104529
9234,8190,525,55,4,0.5664124945960838,30,21,3,0,0,2023-09,104530
8764,9997,724,44,8,0.2614229789491736,41,9,7,0,1,2023-08,104531
48949,5713,816,47,0,0.8320418147936486,66,19,0,0,1,2023-05,104532
42405,6828,653,28,2,0.6682490111601834,49,18,4,0,1,2023-09,104533
39872,7747,792,57,3,0.5914954602150275,24,8,7,0,1,2023-06,104534
47215,4094,594,51,1,0.738674533717824,56,27,1,0,0,2023-06,104535
28185,3045,724,25,8,0.604294146256293,39,5,5,0,0,2023-05,104536
48442,8166,766,25,6,0.7187361183907994,29,14,6,0,1,2023-05,104537
46153,4445,540,16,0,0.8939908362922573,41,13,5,0,0,2023-06,104538
16999,5196,632,7,8,0.6908114944889003,61,1,9,0,0,2023-08,104539
41487,6201,565,18,5,0.7276803982834199,49,11,2,0,0,2023-08,104540
7581,3455,709,18,1,0.6910848555365399,49,12,5,0,0,2023-07,104541
7763,4662,652,46,0,0.6249438221066372,41,6,6,0,0,2023-09,104542
32374,5924,671,54,5,0.3375779287803773,57,12,2,0,0,2023-09,104543
43759,3965,824,20,6,0.46854211484709235,57,3,9,0,1,2023-06,104544
15531,9116,558,59,9,0.7544871738864978,57,8,1,0,1,2023-06,104545
30307,7964,683,36,5,0.5403808853614218,26,29,2,0,1,2023-08,104546
35835,4528,679,28,6,0.5249032095288186,69,22,0,0,0,2023-08,104547
16064,5976,821,58,5,0.8074154273044465,55,2,6,0,1,2023-05,104548
16312,6071,823,27,7,0.20445508849892902,33,6,3,0,0,2023-08,104549
42548,8096,511,59,1,0.7431955841962707,30,3,2,0,0,2023-08,104550
41945,7869,567,21,8,0.5913812083920122,26,7,5,0,1,2023-09,104551
11476,9387,828,47,8,0.5014100649970816,51,16,2,0,1,2023-07,104552
29565,5521,701,34,8,0.47242928925887173,37,17,9,0,1,2023-08,104553
7382,9525,505,25,6,0.33830039625213565,53,12,2,0,0,2023-08,104554
27463,4126,514,33,8,0.46740166619888246,21,15,8,0,0,2023-05,104555
38402,9632,541,32,0,0.5131347776882983,26,14,1,0,0,2023-08,104556
31345,8156,530,49,2,0.5499591355398679,62,1,4,0,0,2023-07,104557
49764,8773,680,34,1,0.7378405109420221,50,26,9,0,1,2023-05,104558
31946,8639,761,10,0,0.5628568155384039,37,12,9,0,1,2023-08,104559
19162,6404,788,57,4,0.8370274433786806,39,20,1,0,1,2023-06,104560
13397,7492,520,54,0,0.7117903979026996,26,23,5,0,0,2023-07,104561
27335,5343,681,47,2,0.3516776635952715,41,20,3,0,0,2023-06,104562
19394,3106,683,43,5,0.4217385382164108,56,14,6,0,0,2023-05,104563
32197,8049,743,58,5,0.26339934915310836,53,16,0,0,1,2023-06,104564
27010,5577,849,57,2,0.9565774039386579,65,25,7,0,1,2023-07,104565
29123,8944,648,43,3,0.9092403849834134,58,15,1,0,1,2023-07,104566
27387,6154,755,49,6,0.2678369803607497,61,8,3,0,1,2023-05,104567
7890,8029,599,58,5,0.659260812677968,69,21,6,0,1,2023-06,104568
32769,7383,554,56,1,0.968321455088655,59,1,7,0,1,2023-09,104569
48626,7053,685,7,8,0.7977142319569246,35,13,8,0,1,2023-09,104570
13026,7801,819,50,5,0.5934497551765381,33,3,4,0,1,2023-07,104571
8306,9139,585,59,1,0.3928823911253079,60,24,8,0,0,2023-07,104572
38665,8580,673,25,6,0.4232296600650365,51,12,8,0,1,2023-07,104573
14277,3214,521,48,9,0.7889903637370885,57,7,2,0,0,2023-06,104574
47239,8400,743,52,9,0.8244602185950773,58,8,6,0,1,2023-09,104575
19683,9875,559,18,3,0.6229546594811461,45,17,7,0,0,2023-08,104576
5670,9073,603,31,0,0.29675896121336387,49,18,0,0,0,2023-06,104577
28675,8578,638,40,9,0.9470946989012756,60,10,9,0,1,2023-06,104578
22889,8920,802,51,8,0.8758101876533879,58,15,4,0,1,2023-08,104579
49535,7439,658,13,9,0.3124310232219383,28,23,0,0,1,2023-06,104580
18006,7289,731,33,7,0.24538206690308179,51,21,2,0,0,2023-06,104581
31531,7253,576,46,4,0.6286941461997869,26,21,1,0,0,2023-08,104582
26639,3464,517,20,2,0.4273140941836208,31,28,1,0,0,2023-06,104583
21633,9247,521,55,3,0.4265997675316544,42,29,3,0,0,2023-08,104584
39660,9177,683,13,2,0.26977727420032943,36,10,4,0,0,2023-09,104585
8439,9782,644,16,9,0.96270866821711,40,9,0,0,1,2023-05,104586
37172,8845,537,34,7,0.8641331677278756,31,1,5,0,1,2023-05,104587
40622,5372,780,10,4,0.2910676735007335,41,21,4,0,0,2023-09,104588
16577,9834,787,52,7,0.9012790141206641,42,23,3,0,1,2023-06,104589
16763,3591,642,52,0,0.7463648447705096,24,5,5,0,0,2023-05,104590
25176,5188,512,12,8,0.460352905462887,37,15,1,0,0,2023-09,104591
49386,9617,685,58,9,0.8970004435321055,56,14,7,0,1,2023-06,104592
29255,8150,766,23,2,0.6784177502255667,56,26,5,0,1,2023-06,104593
46003,3883,768,33,0,0.878935875467509,26,11,2,0,0,2023-06,104594
24996,7158,596,17,2,0.5754143395898019,22,23,3,0,0,2023-09,104595
40386,8206,793,17,1,0.600520832129462,20,17,1,0,0,2023-08,104596
26062,3303,500,41,6,0.4328080235287649,25,21,3,0,0,2023-07,104597
40931,8180,794,34,9,0.5101541535557665,26,14,8,0,1,2023-07,104598
40710,7491,526,16,3,0.6542016553025771,46,6,3,0,0,2023-05,104599
39693,3333,535,58,6,0.9576473789668938,50,22,7,0,1,2023-09,104600
40740,5833,659,11,2,0.6800942079745078,27,4,2,0,0,2023-08,104601
16705,7506,530,26,5,0.3179025534243149,33,13,4,0,0,2023-06,104602
48408,5331,626,15,6,0.2055969483811894,34,21,1,0,0,2023-09,104603
33047,7561,761,37,6,0.880790284406944,26,24,8,0,1,2023-09,104604
15966,3079,844,52,4,0.49146033869292244,26,22,8,0,0,2023-08,104605
22374,6763,709,38,5,0.45197275171186635,52,17,9,0,1,2023-09,104606
16138,5831,649,22,2,0.8405848983539055,60,21,6,0,0,2023-05,104607
20935,8196,530,8,3,0.9562914392718684,26,12,1,0,0,2023-08,104608
5489,4977,599,48,5,0.7984360706815652,39,23,3,0,0,2023-05,104609
49516,3732,828,23,2,0.33907785032914584,26,12,5,0,0,2023-08,104610
27260,6976,801,15,6,0.5131026348728338,69,24,8,0,1,2023-09,104611
31069,4817,718,58,2,0.8075188419477926,33,4,5,0,0,2023-07,104612
24275,8659,752,46,8,0.9255406517364586,34,2,3,0,1,2023-08,104613
41284,4384,670,44,3,0.9988800511597282,37,20,0,0,1,2023-05,104614
44178,5124,756,48,1,0.6092487257105487,29,6,6,0,1,2023-08,104615
37821,9652,556,13,5,0.8580198546735598,54,6,6,0,1,2023-05,104616
21999,8283,508,39,8,0.23730531422190726,46,22,5,0,0,2023-05,104617
43712,4198,504,42,9,0.4286597998039744,62,1,2,0,0,2023-08,104618
45172,9605,834,46,9,0.49721072267799143,20,11,4,0,1,2023-07,104619
38722,8707,613,38,1,0.9804190762255154,47,23,6,0,1,2023-06,104620
15625,5292,764,54,3,0.20271491857188845,53,23,5,0,0,2023-07,104621
6629,7217,672,15,4,0.4464165902100745,67,29,6,0,0,2023-08,104622
15973,3184,719,45,8,0.944329807690323,22,21,4,0,1,2023-08,104623
11859,7127,704,23,6,0.44534258803520904,68,29,0,0,0,2023-05,104624
46609,3997,523,30,4,0.3800534126516615,22,12,9,0,0,2023-08,104625
48307,4986,669,47,5,0.7840708091487869,30,4,4,0,1,2023-08,104626
41046,5809,602,46,8,0.7962711143998924,23,28,1,0,1,2023-08,104627
26839,7664,559,41,3,0.5777423061180068,49,16,9,0,1,2023-09,104628
32216,5357,585,7,1,0.9575339758923387,58,27,9,0,1,2023-07,104629
23945,8491,754,24,4,0.3621656636334735,51,19,1,0,0,2023-09,104630
11539,4679,664,15,6,0.930732667183678,35,27,3,0,0,2023-09,104631
38625,7925,666,54,3,0.8044064612202366,36,11,5,0,1,2023-08,104632
9886,8715,583,8,0,0.49456667268323795,30,11,4,0,0,2023-06,104633
12485,6039,701,58,7,0.8455268957786992,55,13,6,0,1,2023-05,104634
36455,8175,589,24,4,0.3065617411310031,51,13,9,0,1,2023-09,104635
21767,7886,588,56,9,0.3047859945545819,54,8,7,0,1,2023-05,104636
33453,5511,619,31,1,0.9439497625979247,46,11,9,0,1,2023-05,104637
15744,9821,655,59,2,0.27582440627632937,67,16,0,0,0,2023-09,104638
42102,6527,687,56,9,0.20326368547952375,53,13,7,0,1,2023-07,104639
17226,6026,687,56,9,0.5112243932679217,24,24,2,0,1,2023-06,104640
32869,9813,761,52,4,0.2830807795457022,44,3,9,0,1,2023-09,104641
27588,5745,551,30,3,0.8904291945954008,47,27,9,0,1,2023-08,104642
18440,8089,639,55,8,0.9381548107543465,37,11,1,0,1,2023-07,104643
36709,7173,518,22,8,0.5859410914851302,22,21,1,0,0,2023-06,104644
27495,5581,574,15,7,0.5403772264080295,47,8,4,0,0,2023-08,104645
42019,7203,729,51,1,0.6312314215552736,21,10,1,0,0,2023-08,104646
49948,8392,629,56,4,0.380955699875989,53,26,3,0,1,2023-08,104647
5922,5811,554,55,7,0.4383726891362688,41,22,2,0,0,2023-05,104648
32526,7090,770,16,7,0.28078173638720383,41,18,7,0,1,2023-08,104649
12957,9158,599,16,6,0.5571600728890906,49,17,8,0,1,2023-07,104650
38998,3369,568,17,3,0.6893532980269275,53,7,5,0,0,2023-09,104651
48395,6743,798,45,2,0.9441789875132816,67,18,3,0,1,2023-08,104652
29031,9348,516,53,7,0.7912585365014067,20,10,1,0,1,2023-05,104653
15006,5004,615,13,7,0.7784509868425493,48,26,7,0,0,2023-06,104654
42701,4703,651,29,9,0.44639916967528176,38,20,2,0,1,2023-08,104655
30939,6324,829,19,4,0.9106346380080357,38,27,1,0,1,2023-08,104656
25324,3440,615,28,2,0.9575645573439981,60,22,3,0,0,2023-06,104657
27867,6257,529,55,4,0.9458103492336296,60,13,1,0,1,2023-06,104658
5203,5906,822,58,3,0.23104242121950805,48,7,2,0,0,2023-05,104659
21544,3226,550,59,7,0.6834805090432172,62,23,8,0,1,2023-06,104660
20899,9671,559,41,1,0.7145800845802361,52,7,6,0,0,2023-05,104661
34063,5401,728,22,7,0.4360521281732028,36,20,0,0,0,2023-09,104662
30344,7718,758,50,9,0.9939297465263439,57,11,9,0,1,2023-08,104663
8748,4024,504,10,5,0.4329499670548471,20,10,4,0,0,2023-09,104664
44486,8672,527,8,3,0.37328932654484465,69,26,4,0,0,2023-09,104665
6093,6491,753,14,2,0.5873165203545534,60,12,8,0,0,2023-08,104666
20228,8739,730,25,9,0.4585179038162748,52,13,0,0,1,2023-07,104667
25884,8280,699,55,4,0.9392235678959555,55,12,0,0,1,2023-09,104668
30183,7256,831,25,5,0.5520613850518182,41,12,9,0,1,2023-06,104669
21034,3870,770,56,0,0.5281196437380667,37,6,6,0,0,2023-06,104670
10710,6199,838,24,0,0.7006897040868001,36,3,6,0,0,2023-07,104671
47500,4745,803,26,9,0.26489173700089874,51,8,7,0,1,2023-05,104672
24259,8270,545,21,2,0.8053863574532174,39,17,3,0,0,2023-06,104673
40959,3443,527,38,1,0.8147190574438972,42,13,6,0,0,2023-05,104674
38457,8886,506,10,0,0.5792206677821341,47,8,5,0,0,2023-05,104675
25143,8590,731,29,7,0.9645583528003427,65,5,0,0,1,2023-07,104676
7103,7558,698,20,0,0.6634712886365982,45,24,1,0,0,2023-08,104677
5365,3472,593,31,9,0.7561891633959927,26,28,7,0,0,2023-07,104678
49535,9700,581,49,7,0.939475964402481,60,4,5,0,1,2023-05,104679
21103,3079,587,30,4,0.7330762747398338,39,16,6,0,0,2023-06,104680
37510,8158,685,33,3,0.5454608061804378,60,18,7,0,1,2023-05,104681
29476,3239,742,38,7,0.21981694050651868,66,4,4,0,0,2023-08,104682
17742,7652,567,51,7,0.7826394525054476,30,11,4,0,1,2023-09,104683
17391,3589,810,23,7,0.9718928092808361,26,8,1,0,0,2023-05,104684
41940,4360,686,23,2,0.5761880988287951,57,26,3,0,0,2023-05,104685
33901,4884,738,43,7,0.47181491023061134,46,1,1,0,0,2023-07,104686
37001,9071,717,38,0,0.6154075411310227,28,27,6,0,1,2023-06,104687
20623,8399,607,32,3,0.7827497645477275,23,13,8,0,1,2023-06,104688
7378,8235,806,54,4,0.20055237958563943,68,21,1,0,0,2023-06,104689
26372,5316,537,55,5,0.909769378185483,57,27,3,0,1,2023-06,104690
49799,9035,848,20,4,0.9090902877426574,48,22,7,0,1,2023-09,104691
43437,7430,775,49,4,0.6330383468869671,68,4,8,0,1,2023-09,104692
40503,3311,509,18,4,0.2979030129404864,45,4,3,0,0,2023-08,104693
35746,4076,525,57,8,0.737444635690897,44,4,7,0,1,2023-09,104694
32923,9837,547,39,9,0.3102765303706507,33,13,6,0,1,2023-05,104695
14867,3033,846,9,9,0.6060377211461445,56,19,4,0,0,2023-05,104696
46258,4841,513,40,2,0.2749039775848936,69,16,3,0,0,2023-06,104697
38724,7481,599,24,1,0.6712522706380011,47,28,5,0,1,2023-08,104698
14306,3248,686,36,9,0.4544554600943899,27,14,5,0,0,2023-09,104699
44391,4134,511,30,1,0.8647931317900024,61,10,1,0,0,2023-06,104700
19908,8529,778,45,7,0.8399569009667318,30,5,2,0,1,2023-05,104701
32081,8298,840,17,4,0.9987791003795528,54,15,5,0,1,2023-09,104702
42228,7889,827,17,4,0.4060025397634919,50,6,3,0,1,2023-07,104703
28386,7947,666,47,5,0.2494408742236643,53,19,2,0,0,2023-08,104704
33302,3375,621,30,8,0.5544026121190759,65,14,3,0,0,2023-07,104705
24212,3723,594,38,6,0.26672266797325667,55,27,5,0,0,2023-05,104706
40618,8706,524,42,4,0.3427997720526105,36,11,2,0,0,2023-08,104707
15698,4913,516,33,4,0.677840113089242,68,3,0,0,0,2023-07,104708
9594,7297,528,57,9,0.6737046810754388,40,25,5,0,1,2023-06,104709
30525,5492,822,48,8,0.2346619821837523,45,2,1,0,0,2023-09,104710
19282,4942,840,14,8,0.554323801134623,60,6,8,0,1,2023-05,104711
19334,7004,812,19,1,0.6241749542937933,47,24,5,0,0,2023-07,104712
34179,5344,571,8,6,0.41441939025598934,41,8,0,0,0,2023-06,104713
11644,4331,769,10,9,0.8976345455003953,60,1,3,0,0,2023-05,104714
40618,7588,749,31,0,0.32887891811713754,22,28,4,0,0,2023-05,104715
37933,3337,794,58,3,0.4031214440049715,47,14,7,0,1,2023-05,104716
48469,9064,643,46,1,0.3255955320262024,55,16,2,0,1,2023-07,104717
38687,4865,773,23,9,0.29323730709644646,21,17,8,0,1,2023-06,104718
46073,6137,722,43,8,0.9031833472057007,65,8,8,0,1,2023-09,104719
22375,3791,574,26,5,0.4222873320559855,39,17,9,0,0,2023-06,104720
35926,6611,601,44,3,0.7780192155742851,59,13,4,0,1,2023-08,104721
41607,6700,519,21,2,0.5423858877801999,69,19,3,0,0,2023-06,104722
22642,4516,616,45,3,0.7086987845871335,55,9,6,0,0,2023-05,104723
28993,6953,673,28,1,0.9425409569377676,27,3,8,0,0,2023-06,104724
49386,9118,672,34,4,0.8756862936345995,58,18,5,0,1,2023-09,104725
26188,9460,503,15,8,0.2551891139361903,44,1,6,0,0,2023-05,104726
37596,8037,839,10,5,0.8761620282233742,34,13,0,0,1,2023-06,104727
32772,6908,647,16,1,0.5614588122245576,49,13,3,0,0,2023-05,104728
35857,5673,613,34,5,0.4801165815039083,66,12,1,0,0,2023-08,104729
15776,5122,820,58,8,0.7379103403693028,53,1,0,0,1,2023-09,104730
37835,6785,666,50,3,0.9601662984793984,23,10,6,0,1,2023-06,104731
14788,3058,799,32,0,0.27530839807051,41,19,9,0,0,2023-07,104732
10660,5433,617,57,1,0.8144616242001914,44,22,3,0,0,2023-07,104733
9478,5062,599,39,4,0.36280642460636436,28,7,1,0,0,2023-09,104734
13210,4254,773,19,9,0.5041088982615991,42,14,4,0,0,2023-08,104735
15922,6688,674,46,6,0.8990584130105999,58,6,6,0,1,2023-05,104736
41289,6748,658,47,7,0.6366393472098715,69,6,1,0,1,2023-05,104737
38340,9342,726,15,2,0.25396531836034103,31,9,6,0,0,2023-07,104738
44850,8473,537,47,8,0.6064388401093908,33,20,2,0,1,2023-08,104739
43163,7130,697,56,1,0.8317135213131395,26,16,7,0,1,2023-06,104740
23642,7257,635,16,3,0.6231044702124746,50,5,6,0,0,2023-08,104741
16094,6029,603,16,3,0.3335113911832418,25,15,0,0,0,2023-07,104742
27423,5846,692,40,5,0.5560328600460256,42,1,8,0,1,2023-07,104743
38418,7990,749,24,9,0.9394762944317194,38,4,5,0,1,2023-07,104744
10741,3470,512,29,5,0.7265631920752904,40,10,3,0,0,2023-09,104745
11838,9674,554,59,2,0.7839092052068715,38,6,5,0,0,2023-06,104746
8262,7035,843,6,8,0.8287492059595603,66,23,1,0,1,2023-08,104747
9996,9935,584,17,4,0.2725547393546679,38,27,1,0,0,2023-05,104748
49594,5899,608,52,1,0.6652292474159711,63,2,7,0,1,2023-05,104749
27164,4446,542,19,5,0.5007321545482465,53,10,9,0,0,2023-09,104750
40595,7443,570,8,2,0.3113273309376777,62,22,4,0,0,2023-08,104751
35257,7789,767,57,7,0.3621676466432191,32,19,6,0,1,2023-08,104752
19211,8030,558,50,2,0.8249283789797877,55,23,0,0,0,2023-06,104753
35453,3912,543,55,4,0.3291912842318182,44,9,5,0,0,2023-05,104754
10232,7242,771,37,3,0.4499348857773755,52,11,9,0,0,2023-06,104755
7217,4711,513,21,3,0.4278986706104652,40,4,6,0,0,2023-07,104756
29229,3674,611,43,1,0.23890429113165412,53,24,9,0,0,2023-08,104757
19232,4439,813,15,7,0.5697267593914869,65,10,6,0,1,2023-05,104758
30613,5734,727,22,2,0.8127438737353669,44,6,9,0,1,2023-07,104759
19026,8613,668,54,3,0.21772210619911975,37,3,2,0,0,2023-07,104760
33554,6630,790,45,5,0.2900411603839169,62,13,8,0,1,2023-09,104761
35908,8375,745,9,8,0.7761493436780544,30,19,8,0,1,2023-07,104762
24610,3685,765,20,3,0.6748647925383309,38,3,4,0,0,2023-07,104763
44605,4126,836,38,2,0.7721980912389457,68,20,8,0,1,2023-08,104764
12031,7216,742,44,4,0.3840831639017108,68,18,6,0,1,2023-07,104765
30515,5466,657,15,8,0.8430150266379239,53,12,6,0,1,2023-06,104766
41484,5397,799,12,0,0.5838968480882214,21,12,8,0,0,2023-07,104767
41182,7137,826,38,4,0.6882415793430857,49,21,1,0,1,2023-08,104768
5570,6438,517,22,3,0.273722733760669,64,12,9,0,0,2023-08,104769
37254,7124,582,17,4,0.36402526668785706,57,24,4,0,0,2023-05,104770
24288,3965,834,22,6,0.8186863052882465,34,28,7,0,1,2023-06,104771
18288,9011,730,52,6,0.3791267529510228,30,29,7,0,1,2023-07,104772
34877,9928,841,21,6,0.27402386201716694,43,7,2,0,1,2023-07,104773
23889,9096,752,19,0,0.6777626258016802,23,9,4,0,0,2023-06,104774
5917,9157,666,8,8,0.6383492129293862,38,12,3,0,0,2023-07,104775
15066,3919,541,56,6,0.6863151431866343,48,19,3,0,0,2023-08,104776
34504,7913,748,49,3,0.694644397090473,33,4,1,0,1,2023-07,104777
11982,5872,747,56,3,0.6001578766916029,69,24,5,0,1,2023-07,104778
44104,4508,785,55,1,0.5950191364549247,36,10,0,0,0,2023-09,104779
23062,4212,519,35,5,0.93933245223157,27,27,7,0,0,2023-08,104780
21999,3871,541,51,9,0.6271053799037922,32,19,9,0,1,2023-07,104781
14941,7390,844,57,2,0.693840161931087,42,17,8,0,1,2023-09,104782
28470,6254,586,46,0,0.4135755135509957,48,18,4,0,0,2023-05,104783
26133,3863,760,40,4,0.896874560641753,66,10,5,0,1,2023-06,104784
49435,9691,805,31,5,0.21949447412733056,30,26,0,0,1,2023-05,104785
9529,6953,796,17,4,0.6457814098382195,35,24,5,0,0,2023-09,104786
22519,6108,849,36,4,0.507080236158487,69,12,0,0,0,2023-08,104787
17192,6055,739,57,9,0.6831233564483816,63,23,4,0,1,2023-08,104788
13566,8133,666,22,7,0.4881376398171042,42,20,8,0,1,2023-06,104789
12226,6994,812,42,9,0.7741503293741177,31,8,4,0,1,2023-08,104790
42930,5682,718,13,0,0.21626515437874466,57,19,2,0,0,2023-06,104791
26259,7690,632,24,7,0.5247115510153144,43,1,3,0,0,2023-09,104792
39087,8278,706,31,6,0.8650108797939311,50,4,2,0,1,2023-05,104793
6141,8613,550,9,0,0.4001605742235487,57,6,3,0,0,2023-06,104794
9627,8448,605,20,8,0.24220070270425761,55,22,9,0,0,2023-09,104795
7690,3613,683,56,3,0.5972192596521348,20,4,5,0,0,2023-07,104796
45091,4872,700,52,6,0.981226768421432,45,16,2,0,1,2023-07,104797
8255,6154,510,19,2,0.25132684922810933,36,8,4,0,0,2023-06,104798
10213,8699,753,35,7,0.2560451941998347,55,9,6,0,1,2023-09,104799
41876,8679,649,53,3,0.6760932519573426,36,15,0,0,1,2023-06,104800
24404,8688,595,47,1,0.40005417030250334,56,18,2,0,0,2023-06,104801
30380,8251,605,29,1,0.5281849869097803,46,3,5,0,0,2023-05,104802
30520,7560,642,51,7,0.8644057223995127,44,28,9,0,1,2023-07,104803
24173,8575,665,57,7,0.3590789473460132,49,24,1,0,1,2023-09,104804
28989,6373,500,48,0,0.7754399495851465,60,17,7,0,0,2023-09,104805
47570,8386,545,39,5,0.603588410614045,44,1,6,0,1,2023-09,104806
29519,9942,741,24,8,0.9239661539314175,57,7,1,0,1,2023-07,104807
27439,9538,843,8,8,0.9783696002348512,51,10,4,0,1,2023-08,104808
16413,6191,777,9,1,0.5879686285227167,31,15,3,0,0,2023-07,104809
19995,9389,502,16,7,0.6677176472923736,68,23,1,0,1,2023-07,104810
28559,3567,641,18,7,0.7966740325900428,40,13,3,0,0,2023-09,104811
28513,7133,560,55,3,0.4549393134976041,61,23,8,0,1,2023-09,104812
10021,3244,793,23,3,0.38139228041859746,53,29,9,0,0,2023-05,104813
37464,3020,724,24,4,0.9717481379544042,20,29,1,0,0,2023-09,104814
26119,8229,801,49,9,0.5460923129756625,32,5,9,0,1,2023-09,104815
34299,8725,669,38,6,0.20127266121261897,40,28,9,0,1,2023-08,104816
44350,3393,633,43,0,0.8701746388200668,20,7,5,0,0,2023-09,104817
30517,8529,540,8,8,0.6797313290328686,32,14,3,0,1,2023-07,104818
18117,8082,730,54,2,0.33484685017624327,50,14,7,0,0,2023-08,104819
27250,8767,725,40,3,0.2241117545416632,42,9,3,0,0,2023-07,104820
23950,6814,638,6,6,0.4331859448333849,22,22,8,0,0,2023-07,104821
22359,5055,609,40,4,0.9423096763789318,30,6,9,0,1,2023-06,104822
28596,6515,796,41,4,0.9467929360284899,48,19,2,0,1,2023-09,104823
30530,5375,556,43,0,0.44880278904169457,67,15,6,0,0,2023-09,104824
6262,4910,622,44,1,0.8687447942565734,37,16,4,0,0,2023-09,104825
45150,3289,739,30,4,0.5534762586056765,44,23,0,0,0,2023-05,104826
27615,8882,585,45,1,0.7234757993092755,53,22,2,0,1,2023-06,104827
8327,5558,675,18,0,0.46755510069687206,37,12,8,0,0,2023-08,104828
34768,8007,562,9,9,0.6127780770167881,68,21,8,0,1,2023-09,104829
33850,3360,538,11,2,0.4350235572402612,20,3,4,0,0,2023-08,104830
47788,4622,637,16,0,0.24889148988517018,47,3,4,0,0,2023-07,104831
21848,9859,740,6,9,0.3115025489532311,23,6,3,0,0,2023-08,104832
44542,7314,725,13,7,0.4325395955785898,40,22,3,0,1,2023-05,104833
20160,7094,705,59,7,0.981003027180904,25,21,3,0,1,2023-08,104834
38998,5453,663,39,7,0.9725377201999934,40,19,1,0,1,2023-05,104835
32230,5015,526,45,6,0.8621306739876249,56,12,6,0,1,2023-05,104836
14076,5040,682,57,6,0.38600484087686954,49,16,2,0,0,2023-08,104837
8805,5044,697,14,1,0.5532817124334581,39,18,0,0,0,2023-07,104838
36085,5800,836,41,8,0.5518262707925634,60,4,9,0,1,2023-05,104839
19715,5970,606,54,6,0.5095785958545471,51,20,2,0,0,2023-07,104840
10750,3831,688,44,4,0.2359042440717965,50,26,8,0,0,2023-05,104841
18232,4793,535,47,3,0.6276218993794542,55,13,8,0,0,2023-06,104842
40903,6692,584,42,7,0.25824959369988876,44,13,9,0,1,2023-05,104843
11953,4791,654,47,4,0.8415349445743552,24,2,6,0,0,2023-06,104844
37093,5841,668,49,5,0.7530457142758253,27,28,0,0,1,2023-05,104845
30500,8339,783,26,3,0.4821896053148278,36,9,5,0,1,2023-06,104846
27418,7690,771,25,1,0.7177091057699705,34,27,9,0,1,2023-05,104847
39314,5154,534,43,6,0.3864296052472785,39,11,0,0,0,2023-07,104848
27449,3580,683,6,1,0.41220005196530596,64,3,1,0,0,2023-07,104849
22478,9752,598,40,6,0.451306813540324,66,17,2,0,1,2023-09,104850
40179,8843,736,33,6,0.837609279948264,48,12,5,0,1,2023-09,104851
30338,9151,621,12,0,0.3685530774768676,55,5,6,0,0,2023-09,104852
31899,5853,522,48,9,0.6502249819888308,69,14,7,0,1,2023-07,104853
9145,5236,562,49,9,0.360373691537188,47,26,8,0,0,2023-06,104854
37101,7176,825,14,2,0.42802994004993195,27,19,6,0,1,2023-07,104855
7775,5155,649,6,2,0.3883850343891931,33,22,5,0,0,2023-08,104856
36647,4344,694,41,5,0.7160037368586287,52,17,4,0,1,2023-07,104857
24539,8698,579,39,2,0.6213831555646243,53,26,9,0,1,2023-08,104858
41738,9829,814,39,8,0.7770393167244427,48,4,1,0,1,2023-08,104859
31616,3345,652,22,4,0.37595474986638866,41,1,7,0,0,2023-09,104860
19119,4886,516,58,5,0.2073188285808298,22,17,4,0,0,2023-09,104861
30159,9471,538,37,5,0.7444076537042679,67,10,9,0,1,2023-09,104862
42099,3554,832,7,7,0.2918831667960608,42,8,1,0,0,2023-05,104863
15295,6770,847,41,9,0.3970441795391649,22,26,2,0,1,2023-09,104864
39710,7397,701,30,2,0.44454892196897816,25,11,9,0,1,2023-08,104865
29685,3199,779,48,8,0.7974416738326944,59,20,9,0,1,2023-08,104866
30479,5940,587,56,6,0.7007134485259419,42,10,6,0,1,2023-05,104867
38629,6490,799,31,5,0.3474123492206631,31,19,9,0,1,2023-07,104868
47043,8158,791,50,0,0.6783102484957935,24,6,7,0,1,2023-08,104869
22033,3306,569,59,3,0.7665183960884896,24,11,4,0,0,2023-06,104870
41902,6075,623,31,4,0.5111177622321372,22,16,9,0,1,2023-05,104871
49571,4656,579,26,1,0.39676233122228166,23,10,7,0,0,2023-07,104872
20408,8967,544,23,0,0.7431862183318314,43,25,9,0,0,2023-07,104873
22420,9611,732,34,1,0.6887129601131978,24,22,9,0,1,2023-05,104874
21351,9322,653,56,7,0.2623297267766561,50,1,5,0,1,2023-07,104875
9131,5692,679,29,9,0.7333437121870034,54,8,1,0,0,2023-05,104876
49825,8942,530,52,5,0.5908143462682389,61,17,1,0,1,2023-07,104877
16349,4764,584,33,9,0.8026951655821819,38,19,7,0,1,2023-06,104878
49254,3275,544,17,1,0.35257403350386146,27,9,3,0,0,2023-09,104879
43225,8271,822,16,8,0.40657313432110115,47,20,7,0,1,2023-05,104880
43847,6361,831,32,7,0.6346501912780169,57,8,8,0,1,2023-07,104881
17453,4401,742,28,3,0.5853868223137593,42,9,5,0,0,2023-05,104882
23814,9764,539,38,9,0.5090922968451973,26,16,8,0,1,2023-06,104883
23263,7733,681,21,6,0.7968266515438311,57,14,5,0,1,2023-05,104884
17158,4775,796,33,2,0.6518012509026259,32,24,2,0,0,2023-09,104885
20735,6381,580,33,5,0.768217483115295,64,6,7,0,1,2023-05,104886
20830,8025,537,50,2,0.3226039698552926,40,9,0,0,0,2023-07,104887
49673,7050,556,43,9,0.7831906361164298,56,11,5,0,1,2023-08,104888
28926,6460,821,11,2,0.5692224864802335,25,22,2,0,0,2023-08,104889
39779,4880,529,47,8,0.22701434854766964,29,15,9,0,0,2023-08,104890
8373,6835,765,34,5,0.38759324319719934,46,15,9,0,0,2023-06,104891
15335,7278,726,39,7,0.2206051133924624,45,5,2,0,0,2023-07,104892
28741,4844,816,8,3,0.5654996175928351,61,8,8,0,0,2023-09,104893
15692,6377,791,11,3,0.46070380844406833,47,20,6,0,0,2023-09,104894
39057,3071,553,53,7,0.9899596479306012,35,3,1,0,0,2023-07,104895
6447,9862,596,43,6,0.8948032935654906,69,20,5,0,1,2023-07,104896
24583,4676,503,18,4,0.8605366882745196,47,28,3,0,0,2023-05,104897
27765,4295,809,41,1,0.6008932392249964,22,25,9,0,0,2023-07,104898
28906,9869,590,20,5,0.8456699994806136,20,4,6,0,1,2023-06,104899
24567,9412,588,11,0,0.4134957179702042,22,7,3,0,0,2023-05,104900
19139,4043,819,38,6,0.64851957427722,49,17,6,0,1,2023-07,104901
43230,5625,591,46,8,0.5143344490555279,38,12,5,0,1,2023-05,104902
24520,6042,649,17,4,0.3370735292181838,52,6,7,0,0,2023-05,104903
24702,3814,733,48,4,0.25809074509472324,27,24,6,0,0,2023-06,104904
30566,8622,836,18,6,0.646574706377292,38,23,8,0,1,2023-09,104905
12657,5194,558,38,4,0.27811130790416494,55,21,3,0,0,2023-09,104906
42688,6500,684,56,9,0.7744024773487859,67,4,8,0,1,2023-07,104907
35134,3309,543,33,3,0.9371747829809247,56,18,4,0,0,2023-06,104908
15345,9661,679,58,0,0.32968488776924876,24,16,8,0,0,2023-07,104909
46185,5061,575,41,5,0.5767508628081826,53,1,3,0,0,2023-08,104910
32413,7227,643,10,8,0.7910196744478601,57,29,2,0,1,2023-05,104911
10208,4877,600,30,3,0.4294717288264215,46,17,6,0,0,2023-09,104912
38455,5802,771,22,9,0.9366116157063498,58,5,3,0,1,2023-08,104913
33018,5486,554,42,3,0.9107724470959286,66,25,4,0,1,2023-09,104914
13080,9886,688,24,4,0.28300348458374236,61,23,2,0,0,2023-07,104915
26902,7835,834,40,5,0.22191981722547213,61,18,5,0,1,2023-08,104916
14486,6745,576,48,2,0.9811667863835216,43,6,3,0,0,2023-07,104917
43862,3794,795,39,8,0.9651800198169049,67,26,0,0,1,2023-05,104918
26158,9406,718,59,0,0.5378284835727706,50,23,1,0,1,2023-09,104919
45460,9786,776,51,5,0.24045065928477793,41,13,7,0,1,2023-07,104920
48856,7014,565,11,5,0.6951004421968223,42,8,3,0,1,2023-07,104921
40871,7353,635,24,7,0.43472808591092504,60,27,9,0,1,2023-06,104922
40208,8353,733,6,4,0.9493783895204435,43,25,1,0,1,2023-07,104923
25519,6407,698,12,8,0.8357295400434428,59,19,3,0,1,2023-08,104924
36379,5456,765,39,8,0.7196750273067549,51,28,6,0,1,2023-08,104925
33378,4851,542,24,1,0.42760307801082287,52,16,1,0,0,2023-09,104926
44892,3974,727,38,4,0.761014863553374,47,18,5,0,1,2023-09,104927
19031,4047,726,31,6,0.43133461340736323,36,7,0,0,0,2023-06,104928
19536,7366,562,46,1,0.23010478732150086,45,24,2,0,0,2023-06,104929
5446,8214,670,58,6,0.6067476700962193,37,9,8,0,1,2023-07,104930
41683,7237,749,54,8,0.5909476358309528,34,26,4,0,1,2023-05,104931
22618,6789,837,47,7,0.8104047784209867,57,28,7,0,1,2023-08,104932
11587,7997,749,32,9,0.8925391058835557,41,21,0,0,1,2023-07,104933
36480,6021,806,43,8,0.4835747909554097,68,25,3,0,1,2023-06,104934
37994,7369,737,31,3,0.5595784081629367,37,1,2,0,0,2023-09,104935
25527,9419,555,40,7,0.5763203357156226,40,9,9,0,1,2023-08,104936
28569,7029,670,25,8,0.45937926749790353,38,29,8,0,1,2023-05,104937
16151,3464,533,29,9,0.7947095389001524,21,10,6,0,0,2023-05,104938
10558,8327,814,52,1,0.6176809481650396,49,21,2,0,0,2023-09,104939
49739,8415,629,26,9,0.931164619510912,44,18,0,0,1,2023-06,104940
37954,3287,629,59,2,0.7202486175164688,45,22,4,0,0,2023-09,104941
48837,6195,650,31,0,0.36951724711517797,58,1,9,0,0,2023-07,104942
40303,3875,642,25,0,0.3318469189976291,36,13,2,0,0,2023-06,104943
39700,4992,617,11,9,0.49790747033303373,66,14,1,0,1,2023-07,104944
32500,5925,703,8,5,0.4775412322055786,35,23,2,0,0,2023-05,104945
7032,9323,734,15,0,0.5257054598900082,46,7,4,0,0,2023-09,104946
6252,4120,516,17,4,0.3468728562435537,68,28,4,0,0,2023-08,104947
10509,8310,581,38,5,0.9825781360211916,22,29,9,0,1,2023-09,104948
42842,3446,513,27,8,0.31656781829498315,61,26,7,0,1,2023-08,104949
18900,5832,580,21,5,0.7221190193794569,57,8,3,0,0,2023-05,104950
19523,6568,706,22,3,0.21045538805167185,48,1,1,0,0,2023-07,104951
6881,9704,703,15,0,0.5255688306552104,21,2,7,0,0,2023-07,104952
38037,9627,771,17,5,0.4473467192760291,62,11,7,0,1,2023-09,104953
6630,5896,531,24,6,0.5056197101915348,59,1,9,0,0,2023-07,104954
25789,3721,522,45,4,0.598461875818491,33,24,7,0,0,2023-07,104955
27523,5163,601,28,5,0.6803000012194542,31,12,0,0,0,2023-05,104956
22958,5582,661,45,9,0.66680907583544,43,8,8,0,1,2023-06,104957
48852,4351,597,15,7,0.7045709360968904,47,28,3,0,1,2023-07,104958
6695,6980,643,15,0,0.8756381460430325,58,3,3,0,0,2023-08,104959
19821,7502,603,55,7,0.909373724491721,37,10,7,0,1,2023-07,104960
8262,6384,823,15,1,0.7898002404486382,44,15,7,0,0,2023-07,104961
6445,4725,670,44,1,0.26315379433952324,56,12,5,0,0,2023-06,104962
21436,3693,563,35,7,0.9690339132079475,25,2,3,0,0,2023-08,104963
14949,6413,743,9,1,0.957918469077637,64,25,2,0,0,2023-05,104964
28963,3494,570,6,7,0.769363035636283,49,5,4,0,0,2023-07,104965
34932,3947,773,48,4,0.6139512571215391,50,9,7,0,1,2023-05,104966
11901,3022,624,24,8,0.4004946866687138,53,18,6,0,0,2023-07,104967
38487,4128,816,10,8,0.8050809115991009,38,6,7,0,1,2023-05,104968
13597,8794,830,35,7,0.9022881429730314,47,11,0,0,1,2023-09,104969
11855,3557,606,31,8,0.7321500807119503,27,14,3,0,0,2023-07,104970
23678,4616,647,45,6,0.7032581062894165,30,1,8,0,0,2023-08,104971
13263,8036,691,39,7,0.354403763656469,35,23,5,0,1,2023-09,104972
30805,6730,836,7,5,0.4862372183153517,45,4,9,0,1,2023-06,104973
31143,8341,725,29,8,0.7785089776260097,20,7,7,0,1,2023-07,104974
16874,9998,741,19,1,0.21351899108097872,50,9,7,0,0,2023-09,104975
32529,4656,783,46,2,0.713011421751109,46,17,4,0,1,2023-07,104976
25866,7173,662,47,1,0.8133362408081986,67,17,7,0,1,2023-06,104977
19079,8441,507,18,5,0.46776358901662535,63,11,3,0,0,2023-06,104978
12243,3806,846,34,2,0.26093421536063127,68,23,5,0,0,2023-06,104979
34872,6312,651,6,0,0.8552955031071989,28,26,6,0,0,2023-08,104980
14018,8137,821,51,3,0.3134694635880182,45,27,5,0,1,2023-05,104981
17100,7863,594,39,4,0.49664088477581886,25,12,5,0,0,2023-07,104982
24800,3453,713,9,3,0.7658032840542239,26,15,7,0,0,2023-07,104983
31910,5975,563,33,5,0.853588790121147,32,2,4,0,0,2023-08,104984
34437,5324,564,24,2,0.8899055347908127,68,8,7,0,0,2023-07,104985
42588,4447,769,6,9,0.6243337532888924,29,20,8,0,1,2023-09,104986
16001,8595,524,41,5,0.5806973571646925,62,23,3,0,0,2023-07,104987
24942,8146,599,48,9,0.8786538216144237,65,26,2,0,1,2023-08,104988
25862,5561,604,18,0,0.6504616760379769,68,2,4,0,0,2023-05,104989
16669,8984,630,55,5,0.6629205827321849,50,24,9,0,1,2023-06,104990
20916,5511,820,47,7,0.5471786943950405,67,6,9,0,1,2023-09,104991
15878,9950,518,10,9,0.4982511775368317,56,1,4,0,0,2023-07,104992
7985,5871,724,38,7,0.5844326858318634,37,25,6,0,1,2023-09,104993
37369,3362,605,19,0,0.4918779949569018,30,27,2,0,0,2023-08,104994
13112,6454,553,21,6,0.4748371599753909,29,18,9,0,0,2023-07,104995
46235,5798,725,37,9,0.9949314736063151,47,4,8,0,1,2023-08,104996
23931,7620,514,55,9,0.4689707952574785,40,25,5,0,1,2023-07,104997
32340,6453,547,32,3,0.4051069980261337,44,8,9,0,0,2023-06,104998
5336,6255,638,40,5,0.4831392718741013,25,8,8,0,0,2023-05,104999
47933,4217,533,8,5,0.6726250725088849,61,14,0,0,0,2023-09,105000
24363,4485,709,9,4,0.9287923892985321,30,20,1,0,0,2023-07,105001
8968,5103,518,12,9,0.8302914001582089,52,14,9,0,0,2023-08,105002
38678,8349,695,18,8,0.8737929112605611,24,1,1,0,1,2023-05,105003
21279,5536,825,46,9,0.8872068885470863,53,26,7,0,1,2023-09,105004
8129,4855,614,8,7,0.9364227171574939,51,20,3,0,0,2023-09,105005
43215,7817,574,22,5,0.38805698632710395,62,3,6,0,1,2023-07,105006
43897,9079,649,52,3,0.5666928248299485,65,15,3,0,1,2023-08,105007
10850,4207,535,15,3,0.5081581332611572,43,27,3,0,0,2023-07,105008
25588,4448,741,52,8,0.5055015956908004,32,19,7,0,1,2023-07,105009
45214,8494,650,6,3,0.7218269213617479,62,1,9,0,1,2023-09,105010
16949,9184,562,33,6,0.5214424482541947,25,25,3,0,0,2023-09,105011
13519,4507,653,59,5,0.6930642447337629,53,3,2,0,0,2023-06,105012
31375,4003,687,58,1,0.5058234909822463,44,20,9,0,0,2023-06,105013
38082,9403,722,15,4,0.4489025461795384,60,1,8,0,1,2023-06,105014
16737,9584,592,12,2,0.4824617427545446,42,19,2,0,0,2023-08,105015
6134,3925,504,44,8,0.8430056448110079,69,17,4,0,0,2023-08,105016
15938,7951,665,8,9,0.6808408289831128,65,13,0,0,1,2023-05,105017
29486,3083,524,12,0,0.9791981864132917,32,20,8,0,0,2023-05,105018
31096,9189,597,14,9,0.8661249811037861,47,16,5,0,1,2023-08,105019
46115,9583,767,45,3,0.588624486667233,63,26,4,0,1,2023-06,105020
10592,6742,649,40,3,0.3939010680752607,63,12,3,0,0,2023-05,105021
23108,6927,751,31,8,0.7391272891641163,32,7,7,0,1,2023-07,105022
22270,4542,583,10,0,0.7813168218495485,26,26,1,0,0,2023-09,105023
32649,3985,784,18,1,0.5713407838335672,67,27,9,0,1,2023-06,105024
15997,8964,671,50,0,0.3839377059285526,36,24,4,0,0,2023-08,105025
38489,7231,720,35,0,0.6457906542906122,28,24,7,0,1,2023-09,105026
14104,8302,608,45,0,0.40306340188755735,33,17,0,0,0,2023-05,105027
5870,8828,526,55,2,0.9519986541043501,49,11,2,0,0,2023-08,105028
33684,8291,745,44,3,0.7031073984269756,60,22,6,0,1,2023-09,105029
44519,3908,554,15,9,0.4335447693353719,57,8,9,0,1,2023-05,105030
39524,5908,632,47,1,0.3725845506676197,49,10,4,0,0,2023-09,105031
35957,9931,551,28,0,0.7733786267080969,52,16,9,0,1,2023-06,105032
38885,7685,752,16,4,0.7662346241934024,44,29,8,0,1,2023-06,105033
49369,9047,768,17,5,0.67770578520686,50,10,0,0,1,2023-09,105034
40596,8051,797,18,1,0.691440820143377,42,24,6,0,1,2023-07,105035
34866,5737,578,45,2,0.6830952022604985,46,25,9,0,1,2023-08,105036
35676,5586,517,54,9,0.4880827574484138,52,8,5,0,1,2023-07,105037
18878,4143,805,51,2,0.9499315280059788,66,5,9,0,1,2023-08,105038
44760,4331,757,54,1,0.5834227714103342,68,17,3,0,1,2023-05,105039
32559,9851,842,56,3,0.21626232011647187,39,13,9,0,1,2023-06,105040
11771,6348,606,21,4,0.47868907391066035,47,25,9,0,0,2023-08,105041
21526,4553,546,14,7,0.30422606291807963,27,10,5,0,0,2023-06,105042
34896,5342,745,57,5,0.49070703283830674,41,10,9,0,1,2023-08,105043
36923,4806,588,15,8,0.6866099880285861,54,26,8,0,1,2023-09,105044
41203,5100,702,34,2,0.2181315796175393,50,26,8,0,0,2023-05,105045
44390,3805,739,14,9,0.8961604249822948,63,21,1,0,1,2023-09,105046
17852,8551,767,38,8,0.6882472947745404,43,23,8,0,1,2023-05,105047
48391,7147,512,29,3,0.43629750100719583,34,12,1,0,0,2023-09,105048
6848,5775,636,40,7,0.4489641391394253,69,12,5,0,0,2023-09,105049
36027,3071,814,16,9,0.5725345412129206,64,7,6,0,1,2023-07,105050
40464,3027,672,44,6,0.3984734448014348,50,11,8,0,1,2023-07,105051
39485,3468,729,55,6,0.203473542208757,24,20,5,0,0,2023-08,105052
24456,6983,697,18,8,0.22124595854341056,41,24,7,0,1,2023-09,105053
14259,3763,742,28,9,0.48619253757761594,36,27,9,0,1,2023-06,105054
40554,9690,542,30,1,0.29937734128688664,47,26,2,0,0,2023-06,105055
18409,4424,829,55,4,0.21789093971766552,22,25,9,0,0,2023-07,105056
8791,5248,778,21,2,0.8874154160278722,38,12,5,0,0,2023-09,105057
30864,6832,578,53,6,0.4193098509142826,57,4,1,0,0,2023-05,105058
41639,7915,778,26,2,0.602498061733441,46,18,0,0,1,2023-08,105059
39574,7060,731,15,4,0.3435272673532985,36,10,5,0,0,2023-06,105060
22888,7070,600,46,4,0.23737997779500983,51,20,2,0,0,2023-09,105061
24692,8585,661,45,1,0.7958930395908652,56,2,4,0,1,2023-06,105062
28501,4675,643,24,0,0.29996548371742676,40,28,5,0,0,2023-09,105063
18304,3559,608,40,5,0.22057352192292692,56,1,9,0,0,2023-05,105064
32527,7474,732,33,0,0.6697842626107279,30,14,5,0,0,2023-06,105065
23074,6831,610,46,8,0.21077405793715967,20,17,9,0,0,2023-07,105066
20549,4918,731,7,9,0.5490287558482573,49,27,6,0,1,2023-06,105067
34963,8171,737,56,4,0.431068838782253,45,4,6,0,1,2023-08,105068
30920,3078,696,35,0,0.4555343879502023,64,25,5,0,0,2023-09,105069
35826,8504,772,45,7,0.20311923449122382,68,9,0,0,1,2023-08,105070
41071,7929,585,55,0,0.9714768643062364,62,7,7,0,1,2023-09,105071
21061,6647,794,45,3,0.6135704819868304,69,21,9,0,1,2023-07,105072
33810,4031,540,10,6,0.658009706433347,55,22,3,0,0,2023-09,105073
27800,5072,547,43,3,0.7328979879296225,45,17,0,0,0,2023-05,105074
48423,7545,576,47,4,0.8380174328398136,61,3,9,0,1,2023-09,105075
46692,9911,677,20,6,0.6863272930473406,46,1,1,0,1,2023-05,105076
14940,9898,756,41,3,0.8097584843946473,45,10,2,0,1,2023-07,105077
8924,9088,616,8,4,0.5589882354903005,62,5,5,0,0,2023-07,105078
33054,4484,518,29,6,0.49702011232359067,37,4,1,0,0,2023-09,105079
14783,5245,558,46,0,0.8585071259857482,52,19,1,0,0,2023-08,105080
42253,8838,695,53,2,0.8922484193387705,55,6,5,0,1,2023-07,105081
18233,9066,606,53,0,0.31024533582954705,56,6,3,0,0,2023-09,105082
29484,9580,783,52,2,0.6341281495680489,53,9,4,0,1,2023-09,105083
30068,4550,533,46,1,0.7469139443889274,45,20,7,0,0,2023-05,105084
5191,7785,794,54,4,0.26687898930557347,41,9,2,0,0,2023-09,105085
30074,9086,750,58,9,0.9436774533942014,43,29,4,0,1,2023-07,105086
9917,8497,625,17,4,0.6160878181737046,31,15,0,0,0,2023-09,105087
43599,7682,838,13,9,0.7163659338534019,30,20,9,0,1,2023-05,105088
30832,9247,605,19,8,0.34259419847228295,40,8,3,0,0,2023-05,105089
47928,4829,679,23,7,0.41154775196434185,35,24,4,0,1,2023-08,105090
25706,6751,609,49,2,0.2968009733449619,55,2,3,0,0,2023-06,105091
18682,9081,727,51,0,0.41119897748311107,26,10,8,0,0,2023-07,105092
31762,7722,620,25,4,0.593917412233439,47,14,7,0,1,2023-08,105093
28383,5031,606,28,2,0.8669036795658371,43,28,1,0,0,2023-08,105094
32796,9601,630,10,4,0.6269787320162907,32,24,8,0,1,2023-08,105095
28666,7459,522,6,8,0.3955708785848769,33,2,1,0,0,2023-08,105096
30662,6856,644,50,0,0.23569685991258238,62,27,5,0,0,2023-06,105097
39642,5182,826,51,0,0.6975758687256036,50,24,1,0,1,2023-05,105098
46830,7469,653,7,8,0.5361279178933185,27,22,5,0,1,2023-09,105099
42531,9182,606,21,2,0.987483093453656,20,13,5,0,1,2023-09,105100
15234,9083,645,10,9,0.8238079083293544,59,19,6,0,1,2023-05,105101
14221,9962,751,27,4,0.8466902554186955,36,28,9,0,1,2023-09,105102
16410,5094,801,6,8,0.20978801830431745,60,27,4,0,0,2023-05,105103
19519,9179,569,17,4,0.8222362663232456,32,29,2,0,0,2023-06,105104
6051,6903,530,24,2,0.3556906485403943,66,29,1,0,0,2023-07,105105
49993,9238,592,59,8,0.6686366978306447,46,7,3,0,1,2023-08,105106
14765,6032,636,27,6,0.557937257852575,32,12,0,0,0,2023-05,105107
16382,8480,662,47,6,0.6572830804621439,59,6,1,0,1,2023-09,105108
17580,4548,580,49,7,0.306754823538397,46,3,7,0,0,2023-09,105109
37323,8265,815,56,4,0.5655133451289172,51,5,4,0,1,2023-09,105110
49757,9036,575,53,1,0.2295557487613305,31,4,4,0,0,2023-05,105111
16939,3367,562,22,8,0.23279947852770466,62,14,2,0,0,2023-09,105112
34964,3064,599,18,2,0.7261905046192558,32,29,0,0,0,2023-07,105113
5307,6299,547,44,1,0.961358698777744,35,6,5,0,0,2023-08,105114
8359,7849,573,33,9,0.8219143349638265,53,17,0,0,1,2023-09,105115
34648,8639,813,8,9,0.5753246244567817,25,17,3,0,1,2023-08,105116
40944,5035,691,10,4,0.24469659207389835,67,24,3,0,0,2023-07,105117
39019,5863,529,41,7,0.23601611956568336,37,13,2,0,0,2023-07,105118
43134,4876,656,20,2,0.32631380888644645,36,24,3,0,0,2023-08,105119
32323,8674,765,22,5,0.9806484031472213,66,12,5,0,1,2023-09,105120
11226,7851,755,49,8,0.5189288531529306,58,25,5,0,1,2023-09,105121
26689,5228,538,51,1,0.8747258334981161,33,29,5,0,0,2023-07,105122
35971,8620,554,34,7,0.7641139511588777,26,24,5,0,1,2023-06,105123
30954,3596,527,9,9,0.684342927372853,25,2,3,0,0,2023-06,105124
29423,9930,617,37,6,0.9582608893229934,31,14,6,0,1,2023-06,105125
35391,6606,708,54,2,0.3843292564952176,53,27,6,0,1,2023-06,105126
19330,5674,574,48,0,0.5639117299753229,20,5,1,0,0,2023-08,105127
9891,6889,564,43,5,0.8917783725396764,69,8,5,0,1,2023-09,105128
9992,6506,836,9,1,0.641409046113795,48,15,4,0,0,2023-06,105129
6961,4834,599,18,2,0.3971561117008888,47,9,9,0,0,2023-09,105130
17497,9759,545,25,4,0.3671331334738215,24,16,0,0,0,2023-08,105131
37551,4395,815,52,7,0.8023048008338409,40,13,2,0,1,2023-07,105132
15848,4586,655,23,1,0.210231115401671,58,22,8,0,0,2023-08,105133
18255,3111,739,54,5,0.9313536619223064,66,15,8,0,1,2023-08,105134
9567,3452,758,56,0,0.21473439049216242,57,4,9,0,0,2023-07,105135
44281,5803,635,47,6,0.7047912375045633,53,25,8,0,1,2023-07,105136
25389,5631,697,42,3,0.6837983691536058,40,16,9,0,1,2023-05,105137
49523,5186,686,17,0,0.6627289208438248,43,12,4,0,0,2023-05,105138
48919,8967,615,30,8,0.5794744406934045,68,20,5,0,1,2023-09,105139
21567,9374,557,35,8,0.881944266150889,32,22,8,0,1,2023-06,105140
8358,8358,569,20,2,0.7274662962323875,64,12,3,0,0,2023-08,105141
27999,7348,592,41,5,0.8254898251995149,65,15,3,0,1,2023-09,105142
47358,5004,728,13,6,0.29241744478335185,42,5,8,0,1,2023-09,105143
15988,4459,636,33,3,0.2399189099659539,51,1,6,0,0,2023-05,105144
45446,4942,604,57,5,0.22282280714382294,27,20,5,0,0,2023-09,105145
36521,9704,804,27,8,0.31776478837887423,66,26,9,0,1,2023-08,105146
10698,6493,838,54,9,0.7336063122035326,30,3,5,0,1,2023-06,105147
6273,8422,516,43,5,0.5952174045929366,32,8,4,0,0,2023-08,105148
32543,9215,553,21,6,0.8018018049296567,39,7,3,0,1,2023-09,105149
36349,4857,611,10,5,0.353384269393686,20,13,2,0,0,2023-06,105150
16241,9365,671,51,6,0.4935704335763693,21,10,6,0,1,2023-09,105151
14497,8196,804,39,0,0.910798038839636,30,17,4,0,1,2023-05,105152
46875,3061,643,54,5,0.9485716368228267,65,11,1,0,1,2023-07,105153
37703,4494,584,43,8,0.9373833239913374,49,8,2,0,1,2023-06,105154
49041,4180,511,16,2,0.8546440353606102,24,23,4,0,0,2023-08,105155
36954,7901,751,7,5,0.7505887028783136,26,15,8,0,1,2023-05,105156
13002,9268,715,30,3,0.9309423152219709,43,12,5,0,1,2023-06,105157
9247,5788,625,30,6,0.7713452734661113,50,18,1,0,0,2023-05,105158
46988,4875,597,6,6,0.963148998980395,67,10,7,0,1,2023-09,105159
26698,5208,803,36,8,0.21983066562951079,49,12,5,0,1,2023-05,105160
24738,7636,527,10,3,0.9373136687156618,62,4,5,0,0,2023-08,105161
15703,7721,835,45,7,0.6445924289114999,34,15,7,0,1,2023-08,105162
22570,8710,765,9,7,0.2894382014563666,55,18,6,0,1,2023-05,105163
17392,3105,551,56,7,0.3719290157898358,29,25,4,0,0,2023-07,105164
49724,4154,642,10,7,0.8817274271319309,20,13,8,0,1,2023-07,105165
37299,6428,631,10,5,0.6048935638772128,26,24,0,0,0,2023-07,105166
20641,7087,845,21,7,0.9862541787961894,63,17,3,0,1,2023-09,105167
18998,4708,706,59,5,0.2940248876039768,45,1,9,0,0,2023-05,105168
11305,5823,561,23,9,0.5300027711201034,62,24,8,0,1,2023-09,105169
37726,6925,631,48,1,0.4654995544646081,62,5,1,0,0,2023-09,105170
23782,4908,540,22,2,0.6129083488519373,68,17,2,0,0,2023-05,105171
17721,5049,700,40,5,0.7067502550957749,49,27,2,0,0,2023-08,105172
44763,9376,598,23,6,0.7293035755053237,20,20,5,0,1,2023-08,105173
17427,7464,810,9,3,0.20103670392942244,34,18,2,0,0,2023-07,105174
25566,4274,783,56,0,0.2711683470252544,39,29,2,0,0,2023-07,105175
7230,3945,546,36,3,0.22805106692476151,41,9,4,0,0,2023-06,105176
11511,6904,636,36,5,0.8916793171186219,44,10,2,0,0,2023-08,105177
47229,5227,629,14,7,0.4506338025277245,69,22,4,0,1,2023-06,105178
31177,6796,694,36,3,0.49365075350109144,55,27,2,0,0,2023-07,105179
9765,3292,616,10,9,0.5602969991573541,56,25,1,0,0,2023-09,105180
25354,7679,568,41,0,0.8794435178028606,65,17,7,0,1,2023-05,105181
28929,9938,527,21,4,0.21133300876970795,64,1,2,0,0,2023-07,105182
33820,5222,834,47,6,0.29489461950388035,46,27,5,0,1,2023-07,105183
34523,9266,513,46,5,0.7481304977127203,38,4,1,0,1,2023-06,105184
10552,9370,545,21,2,0.9711140181660778,38,18,0,0,0,2023-07,105185
5627,6973,515,25,6,0.7142291370376062,35,15,7,0,0,2023-05,105186
16989,5491,708,59,3,0.4088987747740186,40,15,2,0,0,2023-07,105187
18780,5475,657,35,4,0.6158915430292939,52,1,1,0,0,2023-07,105188
11589,7860,836,31,6,0.9799843804651476,61,22,1,0,1,2023-07,105189
39812,6729,726,54,1,0.6224612372542327,50,24,4,0,1,2023-06,105190
33128,9775,740,36,3,0.49880610378256196,53,1,5,0,1,2023-06,105191
43652,9208,557,55,3,0.5067404438709763,34,11,1,0,1,2023-08,105192
32790,8400,803,20,5,0.9736268068733847,55,11,5,0,1,2023-05,105193
45953,8510,804,57,6,0.7751332213853648,45,26,0,0,1,2023-06,105194
5249,3427,844,46,3,0.7497382844976379,49,26,8,0,1,2023-09,105195
24309,9761,629,43,9,0.3856434573525975,50,6,3,0,1,2023-05,105196
30901,5972,716,43,0,0.6475877102108596,44,1,4,0,0,2023-07,105197
28576,9110,513,48,0,0.4853961588178508,23,14,2,0,0,2023-08,105198
36508,9955,742,25,4,0.3921612206831599,31,24,5,0,1,2023-05,105199
14175,3106,644,40,0,0.9164418288112837,38,6,0,0,0,2023-06,105200
30464,6619,825,28,2,0.5065246470100908,28,17,6,0,0,2023-07,105201
21260,7754,602,49,8,0.4262297299771183,44,9,7,0,1,2023-06,105202
40440,6333,716,52,2,0.9453763172866945,67,17,2,0,1,2023-05,105203
34546,6992,563,44,2,0.35787711716490034,66,25,1,0,0,2023-06,105204
45047,8278,657,30,8,0.7964038277732182,60,14,3,0,1,2023-05,105205
46430,9408,661,59,4,0.7221977155714103,69,19,7,0,1,2023-09,105206
6987,4225,517,55,7,0.9363875426978285,26,8,7,0,0,2023-06,105207
30105,7004,715,27,9,0.8656377100538226,46,24,7,0,1,2023-07,105208
17948,7250,818,52,8,0.7642361743517132,67,23,1,0,1,2023-07,105209
18026,6368,548,13,5,0.45165732855767654,66,12,3,0,0,2023-07,105210
7773,3895,555,59,6,0.5964552090164394,62,2,9,0,0,2023-07,105211
14878,6905,846,14,6,0.9555966090777439,25,3,0,0,0,2023-08,105212
47946,8617,557,20,6,0.21856210446519483,54,21,6,0,1,2023-09,105213
15377,4620,654,53,3,0.8354654590560313,51,13,9,0,1,2023-06,105214
12347,8088,554,25,1,0.4014482803631035,33,5,5,0,0,2023-05,105215
38776,6863,840,40,1,0.34801355463503336,25,18,6,0,1,2023-09,105216
8783,5292,518,42,6,0.3857796915378557,68,1,9,0,0,2023-09,105217
9298,8419,650,8,9,0.24780079319747772,37,5,4,0,0,2023-06,105218
9668,4385,607,39,6,0.9935838594289343,50,21,5,0,0,2023-09,105219
25671,6899,546,39,9,0.8958953145801161,35,12,5,0,1,2023-08,105220
39820,6592,706,41,6,0.6168447749057819,22,19,5,0,1,2023-07,105221
39484,5433,839,40,7,0.7720825428456737,50,24,8,0,1,2023-09,105222
38078,5806,627,14,2,0.6452762903388061,57,6,3,0,0,2023-08,105223
25922,6383,684,35,4,0.849263155560666,36,2,1,0,0,2023-09,105224
39028,9557,557,59,5,0.8758121532456091,24,2,8,0,1,2023-07,105225
25316,4301,642,31,7,0.38623234252256106,35,20,9,0,0,2023-08,105226
16460,9858,596,17,7,0.5677982165201967,36,13,6,0,1,2023-06,105227
21968,3758,546,29,9,0.7078781873516569,50,14,4,0,0,2023-08,105228
35266,3746,690,46,2,0.98275266448662,35,6,5,0,0,2023-07,105229
35209,3592,639,24,3,0.7461515032769317,40,12,6,0,0,2023-07,105230
29000,8644,602,49,5,0.9181080085953259,60,25,4,0,1,2023-08,105231
19011,5886,730,21,3,0.8768896407896702,58,13,4,0,0,2023-05,105232
7866,7111,839,31,9,0.6656504509428514,56,24,5,0,1,2023-09,105233
10898,8088,548,28,3,0.9149242880495112,60,8,7,0,0,2023-07,105234
23395,4068,611,38,4,0.5019373822601876,29,14,1,0,0,2023-08,105235
44019,8440,815,47,9,0.5034268243586492,51,18,9,0,1,2023-07,105236
42707,9794,821,35,6,0.8247725145941351,44,27,8,0,1,2023-08,105237
9006,9291,586,28,1,0.3076349325080088,52,4,9,0,0,2023-08,105238
39393,9498,781,15,1,0.4446601739667352,58,6,4,0,1,2023-09,105239
15956,6307,826,41,9,0.6868579606986739,56,22,3,0,1,2023-09,105240
35663,3702,751,36,8,0.5360524790935589,57,28,7,0,1,2023-06,105241
11078,7708,573,48,3,0.9525789679105829,57,26,3,0,1,2023-08,105242
34631,3104,546,27,4,0.9668048556953093,47,6,1,0,0,2023-08,105243
35140,4497,575,48,2,0.6020650470510314,34,15,4,0,0,2023-08,105244
46691,6833,595,48,1,0.631249512292545,27,24,4,0,1,2023-09,105245
8961,3395,530,59,9,0.779701673459017,20,24,3,0,0,2023-09,105246
34277,6517,521,43,7,0.5658119401873388,29,13,2,0,0,2023-08,105247
46574,5653,516,52,3,0.35207877435238144,54,7,4,0,0,2023-08,105248
36417,6291,711,7,0,0.7975753348983445,67,13,8,0,1,2023-09,105249
27484,5010,647,58,5,0.7902287114823987,52,21,8,0,1,2023-09,105250
23103,6881,734,28,5,0.3959848827134236,35,6,8,0,0,2023-06,105251
34345,7946,804,59,1,0.866333215824806,33,6,5,0,1,2023-08,105252
44454,4988,586,40,1,0.6909193571361287,24,14,7,0,0,2023-09,105253
6587,7537,537,42,7,0.3890412882522924,35,3,0,0,0,2023-06,105254
47571,4668,552,37,6,0.7216313153349634,40,11,0,0,0,2023-05,105255
26031,7968,527,48,1,0.3868876210324486,30,13,6,0,0,2023-05,105256
31212,7762,576,58,9,0.41218636326401425,69,3,4,0,1,2023-06,105257
15350,4051,699,17,0,0.878407445442525,26,12,1,0,0,2023-09,105258
23816,5841,672,40,7,0.9435932553918551,27,23,3,0,1,2023-05,105259
25288,9618,773,46,9,0.40550612668656894,36,22,3,0,1,2023-08,105260
34432,7723,549,8,1,0.9424408296681486,49,21,5,0,0,2023-09,105261
49222,8524,844,39,4,0.3910390772018828,33,27,7,0,1,2023-09,105262
11837,6584,676,43,5,0.2938138924340685,68,22,2,0,0,2023-07,105263
39217,9645,800,29,9,0.24657910245700895,63,22,6,0,1,2023-07,105264
25884,3347,726,43,0,0.3936905926661067,69,20,1,0,0,2023-06,105265
10454,4263,626,22,1,0.5081972325417883,52,28,8,0,0,2023-05,105266
14424,8113,848,45,9,0.9420387040874438,43,27,6,0,1,2023-06,105267
41885,7665,520,6,3,0.393726399764823,26,5,0,0,0,2023-05,105268
46637,5742,698,13,1,0.4923722759607147,57,13,3,0,0,2023-07,105269
48618,5073,688,59,5,0.7873246997948578,34,23,1,0,1,2023-05,105270
23412,6148,831,20,3,0.4416592703898252,69,27,9,0,1,2023-07,105271
44613,9048,651,55,2,0.7474945213436646,62,11,4,0,1,2023-09,105272
25142,9360,659,50,5,0.545662255398802,44,17,8,0,1,2023-08,105273
42392,4351,846,30,8,0.35715596212733786,36,28,2,0,1,2023-08,105274
13848,9980,595,13,7,0.7872471207753089,52,29,4,0,1,2023-09,105275
18136,5821,574,57,1,0.2216310666853473,21,10,9,0,0,2023-05,105276
5589,6827,581,37,2,0.4338678600583832,58,12,1,0,0,2023-08,105277
25908,3669,627,55,1,0.48494523133470296,29,6,3,0,0,2023-05,105278
11509,7813,632,18,9,0.5665746039901088,33,5,1,0,0,2023-06,105279
45461,9453,638,51,6,0.7438953855809116,31,22,7,0,1,2023-06,105280
47222,5646,745,20,8,0.5675239953488296,36,1,6,0,1,2023-05,105281
49476,3266,790,11,0,0.6754592898289731,33,20,6,0,0,2023-05,105282
14968,4438,611,38,2,0.6766232627342539,29,24,6,0,0,2023-09,105283
7462,5693,702,12,5,0.4986173199168062,63,20,8,0,0,2023-08,105284
14460,8452,669,38,3,0.9471770126037589,58,15,1,0,1,2023-07,105285
38783,4022,586,52,9,0.9646830647011542,59,16,5,0,1,2023-08,105286
14275,5037,618,34,9,0.6654807072755726,48,29,3,0,1,2023-09,105287
33677,9593,597,43,0,0.25735270423634554,64,10,9,0,0,2023-05,105288
18269,3564,739,42,8,0.5929020514047486,25,24,5,0,0,2023-08,105289
5406,8366,836,49,6,0.34753546143520575,59,27,8,0,1,2023-09,105290
12384,4059,637,37,6,0.586571617498323,50,8,0,0,0,2023-07,105291
27553,4424,581,8,0,0.35078652359883344,56,2,1,0,0,2023-08,105292
29366,7123,735,59,8,0.7630841965191075,28,22,5,0,1,2023-09,105293
49036,3219,635,25,7,0.26434329605307405,62,7,6,0,0,2023-08,105294
22369,3405,781,19,9,0.9626432611167393,64,23,2,0,1,2023-09,105295
16795,4637,502,33,4,0.3563007115466822,52,1,0,0,0,2023-06,105296
9485,8894,558,43,3,0.7285250688393965,26,20,6,0,0,2023-09,105297
46669,5318,615,9,0,0.9335698805835915,57,23,1,0,0,2023-08,105298
7618,4759,630,20,8,0.39830905118725,27,6,5,0,0,2023-06,105299
35143,4674,700,22,7,0.947437519229704,53,13,3,0,1,2023-09,105300
34425,3791,791,42,1,0.5109397325282181,36,12,9,0,0,2023-09,105301
27673,6582,841,29,3,0.968424653802072,36,19,3,0,1,2023-05,105302
14603,8058,597,43,3,0.9770910865076206,49,26,8,0,1,2023-09,105303
44696,4309,715,47,6,0.35046392405539184,37,26,6,0,1,2023-06,105304
10368,6833,623,46,2,0.8648698695448436,58,17,0,0,0,2023-06,105305
9621,7929,572,41,7,0.35473681026684023,34,5,3,0,0,2023-05,105306
19719,7412,629,46,6,0.3811524962648653,64,27,9,0,1,2023-09,105307
34227,8416,526,13,9,0.26730120321871864,39,24,5,0,1,2023-08,105308
48894,9481,664,8,3,0.3252295571985424,44,15,1,0,0,2023-05,105309
12566,4330,567,35,8,0.7057751745976863,33,14,3,0,0,2023-08,105310
17306,7446,513,27,5,0.5594021840414292,46,3,1,0,0,2023-05,105311
29042,3510,597,57,2,0.8327553897350681,66,5,0,0,0,2023-08,105312
20086,5572,778,38,6,0.46559745186129775,54,25,0,0,0,2023-07,105313
22387,6929,746,30,5,0.9748996538408472,47,14,8,0,1,2023-05,105314
32042,3491,611,57,7,0.23989803265549972,25,8,8,0,0,2023-09,105315
28888,9027,706,35,4,0.25034876352195323,60,11,3,0,0,2023-07,105316
31514,4617,833,42,5,0.7610999190545089,50,25,7,0,1,2023-08,105317
23323,5056,732,8,0,0.9100311079782879,33,15,9,0,0,2023-08,105318
23019,4520,560,9,7,0.8364001533073195,35,13,6,0,0,2023-07,105319
14890,4583,584,34,0,0.591853670293531,68,5,4,0,0,2023-08,105320
45863,9704,682,37,2,0.41571308904401605,63,13,9,0,1,2023-05,105321
15283,9583,738,28,1,0.21076122344377196,55,3,1,0,0,2023-06,105322
23279,4575,749,24,5,0.6075611631358205,24,13,8,0,0,2023-08,105323
27908,6946,570,20,7,0.5805089578474212,51,11,6,0,1,2023-08,105324
42952,9935,727,56,7,0.4753967195761919,30,9,3,0,1,2023-09,105325
40170,4761,584,21,6,0.662458230377988,41,4,9,0,1,2023-08,105326
42663,4991,805,28,6,0.7830517579050187,62,17,1,0,1,2023-09,105327
49172,6179,770,45,7,0.760710588982594,59,15,1,0,1,2023-07,105328
14343,8364,789,51,4,0.41060227342737243,47,27,2,0,1,2023-07,105329
15637,6326,735,42,2,0.6682429508916745,69,18,5,0,1,2023-05,105330
39724,9176,790,6,1,0.3190195828671987,25,16,0,0,0,2023-08,105331
44791,4046,538,24,2,0.2972814751106837,58,24,4,0,0,2023-08,105332
34134,5892,705,42,2,0.8286846690072944,25,2,9,0,1,2023-07,105333
8907,5613,682,40,6,0.7549967216764288,65,6,2,0,0,2023-05,105334
38575,6892,686,35,0,0.8143431205053029,39,12,6,0,1,2023-05,105335
9827,7144,632,22,6,0.3219698193633767,57,5,6,0,0,2023-05,105336
35607,3461,529,44,5,0.931694871496368,23,25,9,0,1,2023-06,105337
18699,9733,754,54,9,0.30648929057788704,44,24,4,0,1,2023-05,105338
42292,7431,642,31,1,0.896029574558183,32,17,8,0,1,2023-09,105339
30883,4381,602,18,9,0.48190343304474503,68,19,9,0,1,2023-09,105340
10313,4145,573,59,0,0.28434727442731145,31,12,7,0,0,2023-09,105341
18598,6515,554,27,8,0.4294151684524208,28,5,8,0,0,2023-08,105342
33807,7454,735,51,1,0.3451584113711064,22,28,5,0,0,2023-07,105343
9887,9489,559,28,3,0.5925357749533713,51,24,7,0,0,2023-09,105344
8854,3192,523,49,8,0.959796278431815,30,7,9,0,0,2023-07,105345
19536,8535,521,48,8,0.46229692926601484,24,2,1,0,0,2023-05,105346
8558,8496,531,38,0,0.689679188545691,54,12,4,0,0,2023-07,105347
14772,6534,838,32,1,0.9133767005919708,68,23,7,0,1,2023-07,105348
41343,3755,502,40,1,0.7040591437569856,43,5,1,0,0,2023-07,105349
40186,4684,569,17,1,0.4897593126958115,60,22,1,0,0,2023-05,105350
41966,5525,659,14,7,0.9926713017407034,25,8,2,0,1,2023-08,105351
38769,3827,587,39,7,0.34993088115242693,37,5,1,0,0,2023-08,105352
44887,3889,558,19,9,0.6186048119164065,57,16,3,0,1,2023-06,105353
24229,7748,751,42,7,0.8373643989894379,25,9,3,0,1,2023-07,105354
14673,5455,718,8,3,0.20051909566177947,41,1,0,0,0,2023-08,105355
32877,5333,700,49,7,0.7616346017139497,61,5,5,0,1,2023-05,105356
36601,9017,576,49,6,0.4131991173647509,62,1,6,0,1,2023-06,105357
43084,7946,754,26,7,0.33578137815350173,33,17,6,0,1,2023-07,105358
21244,3110,746,12,0,0.4193555706946332,31,1,4,0,0,2023-09,105359
32356,7715,769,38,2,0.9734531406718274,44,15,3,0,1,2023-08,105360
21806,3792,806,40,9,0.9135482073917485,39,5,1,0,1,2023-05,105361
28099,9193,638,16,5,0.371003565170962,37,9,4,0,0,2023-07,105362
49641,8253,577,50,0,0.29362141849475565,43,18,3,0,0,2023-06,105363
42034,7683,579,37,3,0.49132208361157415,34,6,7,0,0,2023-07,105364
45317,5643,509,27,8,0.6738691840800588,50,21,9,0,1,2023-07,105365
24094,6414,835,47,6,0.8937157028648965,61,12,0,0,1,2023-07,105366
15589,9813,623,24,0,0.9728721000320621,20,14,6,0,0,2023-05,105367
6657,4309,685,41,5,0.8009226945384791,34,7,4,0,0,2023-05,105368
37764,9053,533,59,5,0.6792057701613247,53,7,9,0,1,2023-05,105369
44531,9457,620,42,1,0.31386562090481357,21,19,4,0,0,2023-09,105370
8164,9749,579,16,5,0.25922270109864887,55,6,0,0,0,2023-05,105371
32542,3296,705,46,9,0.6768215028233608,42,3,8,0,1,2023-06,105372
23437,4629,552,18,1,0.6312512846135416,43,16,6,0,0,2023-09,105373
46247,3568,655,33,7,0.8768704861872818,65,16,1,0,1,2023-05,105374
43505,8283,773,54,6,0.4580846806840831,51,18,4,0,1,2023-05,105375
24601,7927,634,20,5,0.23175268587984812,65,5,7,0,0,2023-06,105376
33430,7705,597,18,9,0.5389666152728265,32,20,6,0,1,2023-05,105377
11009,7111,740,58,5,0.9753458431501916,52,29,1,0,1,2023-07,105378
9552,8465,544,48,8,0.8364599239492185,61,4,6,0,1,2023-06,105379
14417,3071,698,38,8,0.22701773891381852,33,16,5,0,0,2023-06,105380
46989,7365,790,13,9,0.8997431231185404,36,4,7,0,1,2023-09,105381
7671,7382,613,37,9,0.577351591697054,35,24,8,0,1,2023-06,105382
11519,3065,776,42,1,0.49181442545436466,51,13,6,0,0,2023-08,105383
41730,3879,740,59,2,0.4773916326422333,34,14,7,0,1,2023-09,105384
17734,3067,655,53,9,0.6761154024310916,62,17,9,0,1,2023-09,105385
8722,4216,543,9,6,0.62447953475261,50,3,6,0,0,2023-07,105386
9906,6027,579,56,9,0.7253017953346104,31,25,6,0,1,2023-09,105387
35096,8498,811,23,8,0.6589131720320374,52,3,0,0,1,2023-08,105388
45031,8069,637,28,5,0.31515565987337485,22,17,4,0,1,2023-07,105389
18699,6239,650,34,0,0.4057888070066546,30,13,9,0,0,2023-08,105390
26438,6480,741,7,6,0.8728236576814674,62,21,4,0,1,2023-06,105391
48856,3507,642,18,0,0.7306068117565039,24,20,3,0,0,2023-07,105392
38576,6714,810,21,4,0.558720500331793,66,10,0,0,1,2023-07,105393
46938,5884,798,59,8,0.3460811454670923,46,29,6,0,1,2023-06,105394
37247,4125,549,13,9,0.20615282878184954,35,24,7,0,0,2023-08,105395
48461,3885,761,24,9,0.4495099225508945,54,27,4,0,1,2023-06,105396
32938,5841,660,37,8,0.243877565541335,59,12,3,0,0,2023-08,105397
45469,6877,561,8,0,0.5858273064699642,35,27,8,0,0,2023-05,105398
22600,9565,554,56,5,0.8574411622065667,35,9,2,0,1,2023-06,105399
25435,9083,530,54,2,0.42831892910583785,41,26,2,0,0,2023-08,105400
23581,7870,829,37,8,0.8782033292440397,23,21,3,0,1,2023-06,105401
19191,5525,789,46,2,0.7636515168692715,51,1,6,0,0,2023-08,105402
24190,3925,668,26,1,0.30020986348389234,46,4,1,0,0,2023-08,105403
32386,7215,765,30,7,0.7156495130156666,34,19,7,0,1,2023-06,105404
36721,4938,807,58,2,0.3213438458444346,38,6,1,0,0,2023-05,105405
18704,6814,684,22,4,0.723832736219935,45,15,3,0,0,2023-05,105406
7123,6362,833,30,5,0.3141715877824849,34,18,1,0,0,2023-08,105407
30174,7583,502,38,9,0.5140090928124528,64,5,8,0,1,2023-09,105408
49301,6232,660,36,9,0.653275416190555,29,8,3,0,1,2023-06,105409
19586,6744,759,41,0,0.2402993371391534,53,11,4,0,0,2023-05,105410
36976,9221,547,28,6,0.32264667588362195,57,5,8,0,1,2023-05,105411
30416,6465,753,52,6,0.4563270600417972,68,21,1,0,1,2023-06,105412
6814,3440,573,49,4,0.5698560686174892,45,8,3,0,0,2023-09,105413
18001,6611,834,30,8,0.8867898351371475,27,11,5,0,1,2023-05,105414
21508,3461,665,54,1,0.3498184706831857,35,21,0,0,0,2023-05,105415
24630,3611,759,49,4,0.47797676040202053,48,20,0,0,0,2023-08,105416
18380,8413,503,53,1,0.5806209890241445,51,10,6,0,0,2023-08,105417
40699,6471,618,35,1,0.43662284479149505,40,9,5,0,0,2023-07,105418
17317,8755,772,18,8,0.7005982229766967,51,2,3,0,1,2023-07,105419
40739,8012,725,48,6,0.4052819478207761,64,17,4,0,1,2023-08,105420
39785,6163,569,52,3,0.8178803368905947,31,4,4,0,0,2023-08,105421
36980,9752,681,34,7,0.6041232758809467,67,26,8,0,1,2023-07,105422
28799,3005,763,21,3,0.2690439067688882,58,12,4,0,0,2023-06,105423
40183,7776,680,43,0,0.7015991161855661,29,19,1,0,0,2023-09,105424
34166,9414,504,32,9,0.6553948030390059,25,25,6,0,1,2023-05,105425
24480,8739,696,31,2,0.4708778833653382,56,19,9,0,1,2023-07,105426
6609,6970,546,16,9,0.2089256627112171,37,19,8,0,0,2023-08,105427
5717,5858,539,52,0,0.36056123373949805,67,26,6,0,0,2023-08,105428
24945,5606,621,42,1,0.524567623105882,50,29,7,0,0,2023-08,105429
30592,3098,634,8,1,0.359931227034638,54,7,9,0,0,2023-08,105430
33141,3525,639,31,6,0.6619928967517423,22,13,2,0,0,2023-09,105431
35009,9337,849,39,3,0.7698599151410055,24,28,8,0,1,2023-06,105432
11782,4180,652,38,9,0.8848141254006685,53,2,6,0,1,2023-08,105433
31536,4689,527,20,8,0.717586094946999,52,27,9,0,1,2023-08,105434
38816,4138,576,7,1,0.7512073770038501,55,8,3,0,0,2023-07,105435
30933,7491,674,33,8,0.6867534921844196,29,6,9,0,1,2023-09,105436
16618,7865,548,25,5,0.9883888460901631,64,28,6,0,1,2023-08,105437
13307,8922,841,43,9,0.4088004552639266,22,11,2,0,1,2023-07,105438
31671,6071,809,49,7,0.4130069444102067,30,28,9,0,1,2023-09,105439
45673,8641,773,58,6,0.30106691313748773,22,9,6,0,1,2023-07,105440
47761,5927,526,21,7,0.5885474606956259,47,8,2,0,0,2023-07,105441
15338,5792,827,51,8,0.2769293629047376,61,20,1,0,1,2023-07,105442
43346,7778,720,9,7,0.416117277518483,47,24,0,0,1,2023-06,105443
11548,8652,621,13,5,0.5861447430171133,28,20,5,0,0,2023-08,105444
45149,3014,568,49,7,0.966076492744014,45,27,2,0,1,2023-05,105445
26164,5415,570,51,7,0.9710503950721339,48,15,9,0,1,2023-09,105446
32526,5685,649,25,1,0.7949921873092447,29,21,1,0,0,2023-08,105447
36222,5900,686,31,1,0.5114001292605479,46,27,2,0,0,2023-06,105448
25176,4236,745,37,0,0.892129018701237,64,26,7,0,1,2023-06,105449
7941,9843,695,18,9,0.9003646415261122,51,11,2,0,1,2023-06,105450
10695,7100,531,10,1,0.9281579046372419,37,15,3,0,0,2023-09,105451
44169,9374,608,49,6,0.7120200385721704,37,23,1,0,1,2023-05,105452
30553,9004,500,47,2,0.36143423648630435,41,22,7,0,0,2023-07,105453
43965,8521,681,58,3,0.2728646182165454,36,5,5,0,1,2023-06,105454
43218,6220,673,56,3,0.931820403232104,68,16,8,0,1,2023-09,105455
30359,4607,668,18,3,0.2444368864972824,44,2,7,0,0,2023-07,105456
29816,6563,747,46,1,0.4367120475503959,45,15,3,0,0,2023-08,105457
13378,6297,607,16,5,0.5895694136301897,24,5,7,0,0,2023-06,105458
6881,5633,796,42,0,0.21758135429878067,28,15,0,0,0,2023-06,105459
44567,6890,763,37,4,0.9255298069425952,63,26,8,0,1,2023-06,105460
18675,7264,529,50,1,0.429696795897788,63,23,4,0,0,2023-08,105461
9586,5808,801,47,8,0.22280383913646018,43,11,3,0,0,2023-09,105462
30006,3791,816,23,1,0.9948719977812148,26,29,4,0,1,2023-06,105463
46198,3999,724,34,5,0.4491145446540123,39,6,0,0,0,2023-08,105464
27831,3151,588,20,3,0.9014119259882982,63,6,1,0,0,2023-06,105465
40113,6063,733,25,5,0.5627795631367047,60,5,1,0,1,2023-07,105466
21459,9367,667,49,1,0.7305007208439993,27,25,8,0,1,2023-07,105467
37443,7599,730,41,1,0.39287211962988383,38,1,5,0,0,2023-07,105468
47316,8669,625,10,6,0.6023002615816175,54,20,2,0,1,2023-07,105469
35595,5091,560,45,2,0.4061209539400216,62,7,3,0,0,2023-09,105470
10877,9840,619,42,2,0.960867105012083,63,16,0,0,1,2023-05,105471
44553,7599,689,38,6,0.24875632993299704,44,17,6,0,1,2023-09,105472
9922,7082,620,23,7,0.41973914200387796,36,29,6,0,0,2023-07,105473
9686,7026,547,24,6,0.914487101239903,58,28,7,0,1,2023-06,105474
37766,5977,701,56,2,0.584028766005827,44,27,0,0,1,2023-05,105475
19407,3842,558,37,2,0.680067289523336,54,15,8,0,0,2023-09,105476
37006,7446,684,47,6,0.7213546971965141,58,20,1,0,1,2023-07,105477
36422,6793,722,27,2,0.2567420094188507,58,22,0,0,0,2023-08,105478
17205,5070,510,46,1,0.21419099272686806,65,10,0,0,0,2023-06,105479
26054,4659,780,6,6,0.9502728413690453,21,8,7,0,1,2023-06,105480
28527,3597,688,59,2,0.4172022762375046,35,23,2,0,0,2023-09,105481
23443,8162,801,30,4,0.5042504883484231,61,28,5,0,1,2023-09,105482
21524,5513,809,25,6,0.7456745365788398,33,9,5,0,1,2023-08,105483
33202,7135,736,40,1,0.389043101658177,48,23,1,0,0,2023-08,105484
5016,9446,533,50,7,0.7864570961340147,58,19,1,0,1,2023-08,105485
21848,7270,839,11,1,0.566593745730616,21,10,0,0,0,2023-07,105486
25855,8094,634,11,3,0.8852878442299128,29,20,8,0,1,2023-07,105487
23211,6603,561,55,3,0.4228325086123859,21,3,0,0,0,2023-09,105488
30095,8580,812,42,7,0.36305798437063885,46,25,5,0,1,2023-08,105489
43724,9764,726,54,0,0.8653506830998976,32,11,8,0,1,2023-08,105490
42583,4216,592,8,8,0.46106085199426694,21,11,5,0,0,2023-05,105491
7843,5291,615,42,5,0.529494916800404,61,8,5,0,0,2023-09,105492
34301,7931,831,36,3,0.8349662661503945,33,10,3,0,1,2023-07,105493
31460,9423,632,40,5,0.70846122989966,36,29,4,0,1,2023-09,105494
36918,6811,831,50,5,0.5533807123458152,63,9,0,0,1,2023-08,105495
33747,8155,792,20,8,0.3999124071236464,68,10,2,0,1,2023-05,105496
20972,9700,692,22,3,0.8113607750814114,57,10,5,0,1,2023-07,105497
33310,7993,529,20,7,0.34434482759204565,55,18,1,0,0,2023-09,105498
27927,8659,797,10,0,0.9426236804691426,53,5,0,0,0,2023-05,105499
6094,8142,560,27,5,0.3202528552983978,48,5,0,0,0,2023-09,105500
43892,9862,803,51,4,0.843946953557837,66,7,0,0,1,2023-08,105501
39172,3931,839,16,2,0.539399093382507,42,20,9,0,1,2023-05,105502
28324,5138,848,33,3,0.3488049863468097,42,20,9,0,1,2023-06,105503
25674,9533,823,19,7,0.5219031505894169,35,8,0,0,1,2023-05,105504
8982,7002,801,44,9,0.3772414529599469,63,17,5,0,1,2023-05,105505
20790,9693,527,8,1,0.3087949206686779,26,6,9,0,0,2023-09,105506
17205,5978,576,57,7,0.3913243191444468,64,25,3,0,0,2023-08,105507
29338,8347,620,47,6,0.8939187780306022,20,13,3,0,1,2023-06,105508
17748,8321,502,16,0,0.2847539099838594,38,13,3,0,0,2023-05,105509
26097,8469,536,35,1,0.9780316702143126,64,13,7,0,1,2023-05,105510
8092,6892,646,43,6,0.20399876295014147,52,16,6,0,0,2023-09,105511
27692,8157,591,10,2,0.7265905235129946,53,2,4,0,0,2023-08,105512
28862,9876,838,57,1,0.8852095878704689,20,5,6,0,1,2023-05,105513
29860,7595,772,27,0,0.9471661185014115,31,10,7,0,1,2023-08,105514
18971,8818,586,18,6,0.3151884747654037,44,10,9,0,0,2023-09,105515
19616,5918,539,49,2,0.7585667971618721,42,25,7,0,0,2023-08,105516
9933,5564,677,56,5,0.28587937292451787,44,11,6,0,0,2023-07,105517
9926,9211,828,56,9,0.4820891950995469,50,28,6,0,1,2023-09,105518
30763,4763,784,26,7,0.7855410860055949,43,20,8,0,1,2023-08,105519
8969,5170,541,42,5,0.47677858093045355,29,25,4,0,0,2023-05,105520
40733,8804,784,30,6,0.4506997826248543,21,24,7,0,1,2023-09,105521
9319,3335,565,57,5,0.2928436950419266,52,9,1,0,0,2023-09,105522
46743,4176,623,26,6,0.25315047546247044,56,13,7,0,0,2023-07,105523
44876,6021,644,33,4,0.2922223930254057,42,13,0,0,0,2023-07,105524
46909,3778,619,46,8,0.9003798199561797,21,29,8,0,1,2023-06,105525
25323,4185,608,9,2,0.20895882030474022,23,2,0,0,0,2023-09,105526
21428,6285,591,34,5,0.7542926956282312,42,26,7,0,1,2023-07,105527
39578,9029,807,52,8,0.8148993839106382,65,5,2,0,1,2023-07,105528
25950,6447,559,40,0,0.6543106433019431,60,26,3,0,0,2023-05,105529
48041,6991,849,28,4,0.7846202889465188,57,25,9,0,1,2023-06,105530
46789,8562,726,12,3,0.7218157352200802,42,5,6,0,1,2023-09,105531
23293,5470,739,57,8,0.5644467912757541,31,12,9,0,1,2023-07,105532
11364,8657,711,57,0,0.5061683423010137,63,20,2,0,0,2023-09,105533
40349,3938,597,51,3,0.9530655907241388,43,8,8,0,1,2023-09,105534
5691,7899,513,51,0,0.9775503940563743,48,6,2,0,0,2023-09,105535
35062,7006,717,14,2,0.7210171229000237,60,18,7,0,1,2023-09,105536
5931,4935,669,28,3,0.3578390719187774,47,8,7,0,0,2023-07,105537
36730,3633,806,8,0,0.55831932995023,34,28,2,0,0,2023-09,105538
19226,4253,779,14,4,0.5972299920660857,29,21,2,0,0,2023-06,105539
18861,4082,709,58,5,0.8063760419685293,53,23,9,0,1,2023-08,105540
36301,5143,755,9,0,0.7342217050578554,48,20,4,0,0,2023-09,105541
27766,4285,670,54,9,0.6118515435423162,50,25,7,0,1,2023-09,105542
41174,3353,572,30,9,0.7442916462297255,42,2,5,0,1,2023-07,105543
46107,8255,646,11,3,0.21924547738701916,37,28,4,0,0,2023-07,105544
22695,4885,839,53,3,0.821308257507491,26,10,4,0,1,2023-08,105545
46347,4818,816,23,0,0.36930578720555546,46,25,5,0,0,2023-07,105546
8121,8062,605,50,1,0.7251273116489194,28,20,7,0,0,2023-08,105547
23257,5520,593,12,9,0.29117860170960735,39,6,5,0,0,2023-09,105548
33164,9573,562,40,4,0.29156866873976117,40,5,6,0,0,2023-09,105549
30491,7008,653,36,1,0.2285261150693616,47,16,8,0,0,2023-06,105550
28165,6022,754,43,2,0.9281862481228094,69,3,6,0,1,2023-07,105551
8748,5584,534,37,8,0.6836470061534496,22,23,8,0,0,2023-05,105552
38045,8265,822,40,4,0.48956954898331867,64,4,9,0,1,2023-08,105553
31553,4547,811,33,0,0.830222192815447,29,1,0,0,0,2023-05,105554
49331,9230,795,49,4,0.7008657604997324,36,14,2,0,1,2023-09,105555
35497,7018,752,10,2,0.6960644143303523,54,14,5,0,1,2023-07,105556
36308,7204,656,35,0,0.5896342354904054,40,24,2,0,0,2023-05,105557
44560,4368,633,27,2,0.20634142293456695,28,19,1,0,0,2023-08,105558
15374,6337,628,22,5,0.4067700051399519,36,6,4,0,0,2023-06,105559
9675,4757,779,15,9,0.2872613556800664,51,12,0,0,0,2023-06,105560
6170,8089,751,12,4,0.7299278818822208,67,18,4,0,0,2023-07,105561
46449,4517,634,9,0,0.39889665742959823,57,9,7,0,0,2023-06,105562
48485,8452,830,47,1,0.5601333312409655,47,20,8,0,1,2023-05,105563
17450,7917,510,32,4,0.48274423863190635,37,23,9,0,0,2023-07,105564
15680,6484,791,12,8,0.3145589903402912,25,25,5,0,0,2023-05,105565
15068,6685,647,28,4,0.9666961863061754,25,13,3,0,0,2023-08,105566
40230,8032,818,16,4,0.9467354493017728,36,27,2,0,1,2023-05,105567
31206,6052,579,58,0,0.2676865488293125,29,19,7,0,0,2023-07,105568
5287,5696,690,13,4,0.8618922828223972,21,13,1,0,0,2023-07,105569
27337,3190,843,13,7,0.5906989461730985,52,19,7,0,1,2023-09,105570
25666,9092,529,42,8,0.8189887076646811,62,19,6,0,1,2023-05,105571
6161,3932,728,10,9,0.32092570473101356,44,21,1,0,0,2023-09,105572
40131,7237,583,12,2,0.305819310222035,57,10,1,0,0,2023-06,105573
29535,8988,649,27,3,0.9126060007161634,20,6,1,0,0,2023-09,105574
37528,9983,688,41,6,0.9182555934728487,35,3,0,0,1,2023-05,105575
43751,6238,520,7,6,0.5727297302028871,45,26,6,0,1,2023-09,105576
21527,5215,536,29,0,0.8961262380919184,60,16,7,0,0,2023-09,105577
45975,3565,745,56,5,0.7339671612029042,31,9,6,0,1,2023-05,105578
28853,8378,782,7,8,0.3480077940887936,28,17,3,0,1,2023-06,105579
19758,8558,601,53,4,0.463163411745719,32,23,8,0,1,2023-07,105580
5244,4134,793,17,7,0.30884852040693594,26,27,1,0,0,2023-07,105581
8178,3743,731,52,9,0.8191589351447466,20,9,4,0,0,2023-08,105582
36831,3672,815,47,8,0.9882005797565998,50,5,1,0,1,2023-07,105583
7176,5911,825,31,9,0.6371026612528092,54,19,2,0,1,2023-08,105584
42770,9982,787,43,9,0.7246915312919142,43,29,1,0,1,2023-06,105585
38654,3530,835,50,2,0.7968740545069093,22,15,7,0,1,2023-05,105586
31627,8409,744,11,0,0.3794072819443923,38,10,9,0,0,2023-05,105587
49910,6021,676,28,1,0.46880099810674736,23,4,5,0,0,2023-06,105588
29881,3561,712,7,4,0.5298569690593877,47,24,4,0,0,2023-07,105589
40422,8629,601,31,9,0.6756706497163778,63,12,4,0,1,2023-08,105590
16984,9318,785,19,6,0.8803940625190205,49,14,8,0,1,2023-09,105591
28776,3301,521,23,5,0.40336283567192494,55,15,1,0,0,2023-06,105592
22755,6767,518,43,3,0.5767110405822311,61,19,0,0,0,2023-07,105593
12135,7280,786,37,8,0.8012271289637694,23,5,5,0,1,2023-06,105594
5320,3509,775,56,3,0.2699079996036995,42,12,7,0,0,2023-09,105595
42422,9962,646,19,2,0.6103147666609428,30,3,7,0,1,2023-08,105596
33635,8429,539,35,4,0.31550376269258007,23,15,5,0,0,2023-08,105597
26684,8465,666,18,3,0.6313191173818795,30,15,2,0,0,2023-07,105598
28238,6445,590,45,1,0.8142582090523496,68,12,2,0,0,2023-06,105599
26889,5203,571,36,2,0.38955792883595186,43,15,1,0,0,2023-06,105600
35313,5834,782,42,6,0.8795827563877638,39,6,1,0,1,2023-08,105601
37535,3794,834,50,1,0.46784328806540004,64,28,1,0,0,2023-09,105602
15770,5479,639,43,0,0.35262789084621615,36,17,6,0,0,2023-06,105603
44321,4523,738,27,1,0.5722587160566817,32,23,9,0,1,2023-07,105604
25426,7856,577,33,7,0.9008600656841643,36,15,8,0,1,2023-07,105605
49327,5194,698,24,7,0.25514644893928234,34,15,9,0,1,2023-08,105606
46777,5528,516,48,9,0.4620571729733163,23,11,6,0,1,2023-07,105607
12498,3434,717,21,1,0.7225305351752906,37,22,7,0,0,2023-06,105608
44404,8638,728,10,5,0.4860646949564684,62,12,4,0,1,2023-08,105609
45130,5038,839,49,6,0.2566591957860925,28,22,1,0,1,2023-06,105610
21395,4706,637,54,0,0.46559917502437903,67,19,7,0,0,2023-08,105611
7537,3068,646,7,6,0.8567675089092244,22,1,4,0,0,2023-06,105612
24226,8725,709,15,7,0.9744300180040208,46,16,8,0,1,2023-05,105613
20216,4904,657,52,8,0.23182335791817474,37,11,5,0,0,2023-05,105614
23613,6959,652,24,7,0.6554270541080555,36,1,6,0,0,2023-09,105615
8009,9329,843,25,2,0.2842427464214785,29,23,0,0,0,2023-05,105616
29368,5951,829,34,7,0.7443172233248048,56,4,7,0,1,2023-06,105617
34327,9825,662,30,2,0.20631378080644078,48,6,6,0,0,2023-06,105618
19209,9347,806,22,5,0.21179330056589862,66,4,6,0,1,2023-05,105619
20029,7649,600,56,3,0.8215038611444592,69,24,6,0,1,2023-07,105620
7077,9156,826,56,6,0.2595482581578383,24,28,6,0,1,2023-08,105621
18907,5713,826,18,7,0.4441453394296514,66,25,0,0,0,2023-09,105622
41635,8393,654,50,9,0.9664323392830649,25,2,8,0,1,2023-09,105623
9873,6369,509,21,5,0.9881976939579771,59,17,6,0,0,2023-05,105624
13635,9194,682,59,9,0.32912228950885347,54,1,6,0,1,2023-06,105625
38065,7595,633,58,3,0.6487215371486801,24,13,0,0,0,2023-07,105626
46804,9512,505,40,7,0.6473190627922399,69,12,5,0,1,2023-09,105627
38783,9867,832,41,6,0.5619045524260906,34,28,9,0,1,2023-06,105628
39152,6727,832,44,9,0.9397601266111966,46,23,7,0,1,2023-07,105629
46513,5404,757,8,7,0.8032271272993283,63,29,4,0,1,2023-08,105630
34092,6325,710,14,9,0.8116215485455551,58,2,0,0,1,2023-06,105631
22653,6546,550,45,6,0.4156555454154745,52,19,4,0,0,2023-07,105632
37463,9990,646,55,2,0.547455817761311,43,12,1,0,1,2023-05,105633
39028,8625,627,58,2,0.5899389587803625,40,4,1,0,0,2023-07,105634
45469,5303,757,51,8,0.43912963296353325,21,25,3,0,1,2023-06,105635
25947,6681,550,57,6,0.27585422012964644,38,26,3,0,0,2023-06,105636
34978,6221,653,34,0,0.3010873799777728,64,18,9,0,0,2023-06,105637
27056,8607,569,10,2,0.34453690254473746,37,26,6,0,0,2023-09,105638
34007,7374,775,8,0,0.36292266749195873,29,2,8,0,0,2023-09,105639
48169,4082,778,15,5,0.39380944736843526,64,29,1,0,1,2023-09,105640
49632,3445,809,36,1,0.40436802317079557,56,1,7,0,0,2023-06,105641
10543,9256,633,16,6,0.5645730763900287,42,24,7,0,1,2023-06,105642
26067,7931,719,22,7,0.607658552660833,64,13,7,0,1,2023-05,105643
30097,7850,662,45,5,0.4471033665010848,60,24,8,0,1,2023-08,105644
47847,8941,635,46,4,0.9258371359365827,20,5,8,0,1,2023-06,105645
48512,4592,556,13,9,0.6425117786711636,25,19,9,0,1,2023-06,105646
8809,8608,676,57,3,0.8299815424267254,20,1,6,0,0,2023-06,105647
27191,8526,614,7,8,0.9393902659366746,37,2,4,0,1,2023-07,105648
26267,9510,648,9,7,0.3305080916606442,46,14,6,0,1,2023-05,105649
12206,8179,740,21,4,0.5422995869725076,67,9,6,0,0,2023-09,105650
26057,9472,622,46,0,0.546568321371687,59,8,9,0,1,2023-08,105651
33992,5775,791,46,7,0.4835778003506834,57,26,9,0,1,2023-05,105652
20995,6816,826,26,7,0.20712469324131197,64,11,6,0,1,2023-06,105653
49439,6053,568,10,6,0.8527776862224761,36,4,7,0,1,2023-05,105654
18210,4590,813,40,6,0.2892474572431223,45,29,1,0,0,2023-06,105655
22793,9004,562,19,7,0.9963844783374072,32,3,3,0,1,2023-06,105656
31270,9863,720,20,0,0.8183667935289454,29,5,8,0,1,2023-08,105657
10197,5231,515,11,2,0.6640080140852116,57,24,3,0,0,2023-08,105658
12452,8118,577,21,3,0.323685134193278,45,14,1,0,0,2023-05,105659
46486,9454,621,28,5,0.6123143771145976,50,10,6,0,1,2023-07,105660
19859,4561,757,36,9,0.4088869926862471,42,6,5,0,0,2023-09,105661
32236,7272,716,47,9,0.4018580196344556,69,10,3,0,1,2023-08,105662
36899,6646,613,51,8,0.8636233995059883,39,11,7,0,1,2023-09,105663
37083,7942,645,17,3,0.5045155391675478,42,20,5,0,1,2023-06,105664
7172,6238,736,46,5,0.5605790427126434,64,8,7,0,0,2023-07,105665
21663,8344,585,24,8,0.8743717902240946,46,4,3,0,1,2023-07,105666
32540,4600,666,17,8,0.2702325005750741,34,21,1,0,0,2023-09,105667
24053,8700,628,50,5,0.6756942824728396,57,18,5,0,1,2023-06,105668
16085,9071,664,18,4,0.6625725450984303,30,26,8,0,1,2023-09,105669
35564,5056,776,54,2,0.5401716554133402,27,20,8,0,1,2023-07,105670
29209,7331,756,7,4,0.8638197131392744,33,26,8,0,1,2023-06,105671
8981,3709,631,25,2,0.9543120490685542,32,14,2,0,0,2023-05,105672
26153,5971,557,36,4,0.5722686895308886,41,26,2,0,0,2023-05,105673
10247,5732,756,14,9,0.5649176407987198,53,3,9,0,1,2023-05,105674
15553,3793,640,26,9,0.6016509837365958,20,12,2,0,0,2023-08,105675
25811,6099,673,13,0,0.7784992246664493,56,15,4,0,0,2023-07,105676
34845,5855,674,44,5,0.7344482325591699,51,28,4,0,1,2023-08,105677
11135,9030,708,42,6,0.37826795936550967,30,24,4,0,0,2023-08,105678
10573,8765,703,34,1,0.2511162788794747,29,8,7,0,0,2023-09,105679
18731,3026,506,24,2,0.9594033038534315,49,14,9,0,0,2023-05,105680
12189,9693,550,40,9,0.40885580778696345,31,23,7,0,1,2023-05,105681
19541,6267,758,50,8,0.7108773477524735,61,6,7,0,1,2023-07,105682
48646,8322,677,43,7,0.8627504021949779,60,25,8,0,1,2023-05,105683
16087,3084,530,31,3,0.44022140043774904,53,14,9,0,0,2023-05,105684
7776,8951,817,16,7,0.7083467309255431,44,4,5,0,1,2023-08,105685
47079,6101,653,41,7,0.28632019291937993,55,20,1,0,1,2023-08,105686
32564,9609,554,40,5,0.9759451555005285,23,6,8,0,1,2023-09,105687
33835,4122,655,9,0,0.24652662004050072,40,16,5,0,0,2023-09,105688
12697,8309,543,8,1,0.5505397390727811,49,17,0,0,0,2023-07,105689
19629,3011,580,50,3,0.6294553936480187,57,2,4,0,0,2023-09,105690
13386,8108,665,52,3,0.8323854229306913,31,18,6,0,1,2023-05,105691
22046,4748,529,17,1,0.296902813657937,58,13,0,0,0,2023-09,105692
13044,6109,821,37,8,0.5526463790841413,44,26,6,0,1,2023-06,105693
14615,4876,635,52,1,0.4397692556347619,38,20,4,0,0,2023-09,105694
10060,5619,513,31,5,0.44960857255467207,21,16,4,0,0,2023-06,105695
15900,8413,605,48,4,0.8230303328522008,41,21,1,0,0,2023-08,105696
10581,8479,817,48,3,0.20436875602546653,49,13,3,0,0,2023-07,105697
39782,8774,574,18,5,0.7992669130687731,55,14,8,0,1,2023-06,105698
25173,3179,578,49,3,0.848318744098485,22,18,1,0,0,2023-05,105699
17997,3796,693,43,8,0.9210897950736552,42,8,8,0,1,2023-08,105700
48403,6813,595,34,9,0.7015054425843867,23,5,7,0,1,2023-05,105701
12148,8563,539,57,6,0.466764262617793,47,24,3,0,0,2023-07,105702
23748,5024,755,56,2,0.5417877860390965,33,9,1,0,0,2023-05,105703
19022,6217,606,24,9,0.9757888658299434,25,15,5,0,1,2023-08,105704
25013,9584,516,40,3,0.9049494611486819,25,29,6,0,1,2023-06,105705
43687,3886,514,53,0,0.5708207272795536,60,27,1,0,0,2023-07,105706
20886,5468,771,46,5,0.954450405688738,56,9,7,0,1,2023-09,105707
30256,6387,512,32,1,0.8583639003251673,26,20,8,0,0,2023-09,105708
35005,8285,746,51,3,0.9208718893278358,32,10,4,0,1,2023-06,105709
11638,8771,713,36,4,0.7463817876607368,20,18,5,0,1,2023-05,105710
42419,4519,650,8,7,0.886123234769596,43,14,5,0,1,2023-05,105711
38377,9611,791,40,2,0.9134129130674606,53,27,9,0,1,2023-09,105712
45708,9856,542,29,5,0.2736132676325371,29,18,1,0,0,2023-06,105713
48116,5432,613,57,0,0.9721735813285268,25,16,0,0,0,2023-06,105714
41634,9457,829,12,8,0.4668904790112507,23,28,4,0,1,2023-06,105715
21755,7866,580,56,0,0.5519196076666844,27,5,5,0,0,2023-09,105716
28382,8374,849,40,1,0.8335230073542523,65,10,0,0,1,2023-09,105717
27394,8054,640,26,0,0.7319170444579981,67,20,7,0,1,2023-08,105718
7253,3916,529,6,7,0.9144479299488459,34,6,4,0,0,2023-09,105719
42710,5070,529,49,3,0.5204590006214178,64,9,4,0,0,2023-08,105720
5864,6976,765,58,1,0.4986305309409269,31,23,7,0,0,2023-07,105721
39036,4781,598,11,6,0.22535107963305576,58,16,7,0,0,2023-08,105722
45222,3338,593,44,7,0.5701803013357265,66,28,8,0,1,2023-05,105723
18666,4516,710,39,8,0.779256616263287,25,11,3,0,0,2023-05,105724
25955,5870,794,23,4,0.4409429741009729,40,20,2,0,0,2023-08,105725
42997,6582,536,30,2,0.5701812109390731,65,23,9,0,1,2023-06,105726
21309,9509,588,20,0,0.37551821478822245,51,18,1,0,0,2023-07,105727
9054,8491,754,52,7,0.8182302446971685,51,5,0,0,1,2023-08,105728
5935,3914,713,37,5,0.2484092490729177,46,28,9,0,0,2023-07,105729
49940,8949,513,47,4,0.7643064440003986,66,27,4,0,1,2023-09,105730
27778,6290,691,54,6,0.5031520093959868,30,9,5,0,1,2023-07,105731
48298,7570,794,55,4,0.23327685550969665,41,11,7,0,1,2023-06,105732
21709,4446,681,23,3,0.8827756698334286,55,9,5,0,0,2023-06,105733
14726,4379,629,36,4,0.5901774905449322,42,4,1,0,0,2023-05,105734
45542,4483,723,34,6,0.6794551756929033,56,8,7,0,1,2023-05,105735
25245,5074,542,20,5,0.7856245532195656,42,5,4,0,0,2023-05,105736
39753,9945,680,28,9,0.7240595464009509,46,3,2,0,1,2023-06,105737
19252,3800,668,43,9,0.7846854966516894,53,29,5,0,1,2023-06,105738
26316,4246,763,46,8,0.8098253476622863,39,22,5,0,1,2023-06,105739
42371,7959,595,16,9,0.6713212244516887,34,4,2,0,1,2023-07,105740
24162,5737,702,20,1,0.4925102647262054,61,29,6,0,0,2023-08,105741
20960,8267,820,28,6,0.39451371977307415,23,16,6,0,1,2023-05,105742
35791,6495,834,8,0,0.9223225893222298,48,13,6,0,1,2023-08,105743
47230,7834,567,24,7,0.9759398757105762,59,3,7,0,1,2023-05,105744
30216,8470,591,6,3,0.4861302040785671,30,4,6,0,0,2023-09,105745
37467,6257,765,29,7,0.2898485832578402,68,29,3,0,1,2023-06,105746
12754,9558,830,54,7,0.378029861693145,26,1,4,0,1,2023-09,105747
9078,6877,677,16,3,0.7365338767897518,30,26,3,0,0,2023-05,105748
17853,3981,650,35,3,0.3383466959666646,61,8,1,0,0,2023-09,105749
9042,5476,816,55,4,0.8240978184487906,52,9,6,0,1,2023-09,105750
19389,5088,546,16,6,0.9384241918997709,49,22,2,0,0,2023-06,105751
35425,5952,502,44,5,0.9709212120630777,51,5,0,0,0,2023-07,105752
7575,4011,602,6,0,0.20746040477991257,59,12,0,0,0,2023-05,105753
44522,6464,772,17,5,0.9665233319635333,56,9,8,0,1,2023-06,105754
33179,5750,521,9,2,0.7921555353036942,32,4,2,0,0,2023-06,105755
39754,5126,615,30,8,0.2672401858110418,26,17,6,0,0,2023-07,105756
23624,7812,846,13,2,0.5321923750229811,43,12,8,0,1,2023-05,105757
25350,6861,603,20,8,0.7600363796636074,30,13,6,0,1,2023-07,105758
31681,8903,758,48,4,0.9653483941288394,50,11,7,0,1,2023-08,105759
28988,5591,807,35,9,0.3313131148891141,63,23,5,0,1,2023-06,105760
20470,4473,797,45,7,0.3021866255415632,33,17,2,0,0,2023-06,105761
29704,5521,629,37,8,0.5778776426095029,63,15,0,0,1,2023-07,105762
43736,4165,794,49,8,0.9744791149907914,45,28,9,0,1,2023-05,105763
34377,6322,801,40,6,0.9771033722064084,20,9,7,0,1,2023-06,105764
33572,9437,547,26,9,0.3823317928423275,25,4,5,0,1,2023-07,105765
12493,3609,526,36,0,0.4554777183771659,50,12,1,0,0,2023-06,105766
9103,5183,514,41,7,0.9264255885157235,62,3,9,0,1,2023-06,105767
39844,5531,762,32,6,0.7878731926816513,62,20,7,0,1,2023-09,105768
7994,8908,797,49,3,0.9778531429260946,31,17,3,0,1,2023-09,105769
8744,8431,764,13,5,0.9145186904124436,20,22,9,0,1,2023-09,105770
32332,5861,633,28,9,0.3720768402509947,25,7,8,0,1,2023-05,105771
10594,7650,575,28,1,0.8077814875301468,48,7,8,0,0,2023-06,105772
45299,4655,529,47,3,0.2388521852480933,49,21,8,0,0,2023-08,105773
12371,4755,839,38,7,0.8542662229931792,32,26,3,0,1,2023-09,105774
23028,3045,625,18,3,0.6812454099556865,49,12,5,0,0,2023-06,105775
40912,4259,583,44,9,0.9648807701091695,31,26,3,0,1,2023-09,105776
18990,8167,553,57,3,0.9680259643752629,29,21,9,0,1,2023-08,105777
21626,9341,782,40,3,0.24065208721948422,58,22,9,0,1,2023-09,105778
25469,9227,839,21,9,0.3284171884446143,29,10,4,0,1,2023-05,105779
45722,7638,762,17,8,0.5873656378549532,37,28,6,0,1,2023-06,105780
45037,6232,721,36,1,0.9035948199569195,25,8,6,0,1,2023-07,105781
12130,4451,827,10,6,0.851556113836845,27,9,9,0,1,2023-08,105782
11828,5118,501,55,2,0.971496021081423,39,14,5,0,0,2023-08,105783
46612,5567,805,45,3,0.6944672936890727,60,6,9,0,1,2023-09,105784
44099,4992,645,49,0,0.4052508156492965,35,19,3,0,0,2023-09,105785
22883,8008,517,30,2,0.22008531160414188,21,22,4,0,0,2023-05,105786
48059,6123,515,26,1,0.37834119257643917,30,15,4,0,0,2023-07,105787
23542,8164,807,8,9,0.7402185583628997,43,20,8,0,1,2023-07,105788
47932,5340,658,53,6,0.9410198586744105,38,20,5,0,1,2023-09,105789
15450,7907,839,15,5,0.4567229338466119,23,27,3,0,0,2023-07,105790
25423,4488,797,28,0,0.9005634642314364,22,27,5,0,0,2023-08,105791
7035,9004,708,22,7,0.5159185986729252,34,7,6,0,0,2023-06,105792
49231,4573,704,47,8,0.4466169994948403,59,22,6,0,1,2023-08,105793
45745,7962,612,40,0,0.6070753942446545,23,24,9,0,1,2023-06,105794
22241,5427,677,30,4,0.5538187939276922,62,27,2,0,0,2023-08,105795
28154,4766,708,7,6,0.9310398948136145,36,8,5,0,1,2023-09,105796
30625,6549,623,32,1,0.5746055579265013,28,3,6,0,0,2023-05,105797
49950,5309,514,51,5,0.4218683097784604,44,11,0,0,0,2023-07,105798
38066,7675,845,14,7,0.8740524620015229,20,4,3,0,1,2023-09,105799
38691,5404,797,54,7,0.9989996093276534,59,2,6,0,1,2023-05,105800
18331,4442,544,9,9,0.7185371353450591,21,1,9,0,0,2023-05,105801
25690,7793,593,31,9,0.4003690951490869,64,7,0,0,0,2023-07,105802
24183,4976,606,37,7,0.39105206161054346,52,24,7,0,0,2023-09,105803
44346,6973,777,34,5,0.24616535697220787,41,12,5,0,1,2023-07,105804
9875,5490,627,27,5,0.2618344308112679,61,8,5,0,0,2023-07,105805
17254,3725,537,52,2,0.93198647614621,31,13,2,0,0,2023-05,105806
33621,6803,596,18,1,0.27718968563964047,46,6,5,0,0,2023-09,105807
15905,7381,697,28,4,0.5874750786214231,30,7,3,0,0,2023-06,105808
20882,6827,691,36,8,0.7584974237545425,61,24,8,0,1,2023-06,105809
24041,8987,506,56,3,0.8802838262188826,33,20,3,0,1,2023-07,105810
34098,7665,543,46,4,0.3370167602029819,33,24,5,0,0,2023-07,105811
47431,6619,831,41,5,0.5502229433002854,59,6,5,0,1,2023-07,105812
38709,5887,506,58,5,0.40118415601102203,62,12,0,0,0,2023-08,105813
39675,9060,693,45,3,0.4046584719732813,41,7,3,0,1,2023-09,105814
9837,8609,815,36,3,0.44307144598934073,28,10,8,0,0,2023-05,105815
29489,3497,500,20,7,0.6696929715347739,34,7,9,0,0,2023-07,105816
22627,6976,561,19,4,0.21326197734847058,52,24,5,0,0,2023-07,105817
10696,9013,842,40,4,0.5270130290524224,38,27,3,0,1,2023-05,105818
18543,3704,588,29,8,0.3494641081862341,50,15,6,0,0,2023-09,105819
17615,8452,517,35,3,0.9736948068101079,37,21,9,0,1,2023-05,105820
6466,7657,607,35,6,0.6661833274002482,31,2,6,0,0,2023-05,105821
35771,9094,634,32,4,0.8944763750642581,59,8,4,0,1,2023-05,105822
23350,7127,809,54,8,0.35655198941568966,56,17,3,0,1,2023-06,105823
5375,6681,566,45,7,0.8480125594590302,64,16,3,0,0,2023-05,105824
38030,7138,592,19,7,0.5318259690441867,68,29,6,0,1,2023-06,105825
25746,4916,637,50,9,0.34215575107952195,20,13,5,0,0,2023-08,105826
27886,4374,688,52,9,0.8089961619105863,53,18,3,0,1,2023-05,105827
49348,4845,558,16,2,0.8096088780922248,26,21,2,0,0,2023-09,105828
47904,7654,686,52,8,0.9967103254912488,21,4,1,0,1,2023-06,105829
37651,9413,734,49,7,0.8247498094385313,41,12,3,0,1,2023-08,105830
12833,4436,568,31,2,0.3162137983417023,23,11,6,0,0,2023-05,105831
6893,8038,597,59,9,0.4580357934285826,64,2,1,0,0,2023-06,105832
35573,8694,507,26,0,0.5613815338329169,65,20,8,0,0,2023-05,105833
36371,6090,810,14,4,0.3013222445678361,39,23,8,0,1,2023-05,105834
45874,4370,633,59,3,0.8304311795582513,22,21,5,0,1,2023-07,105835
16826,4928,555,52,7,0.6213588303300692,28,16,8,0,0,2023-07,105836
39420,4636,613,6,5,0.9555596552766028,37,13,0,0,0,2023-05,105837
26924,9180,587,49,9,0.6714465156206562,35,4,5,0,1,2023-08,105838
38367,3091,637,11,4,0.6183192669906031,28,2,2,0,0,2023-05,105839
26199,4843,607,6,8,0.25714012234629147,38,18,5,0,0,2023-05,105840
30868,3184,522,27,5,0.31947672395566223,25,1,4,0,0,2023-06,105841
13792,7823,643,56,2,0.879620861411321,63,26,4,0,1,2023-07,105842
25597,8147,643,59,5,0.9925407822606467,34,22,0,0,1,2023-09,105843
41405,4571,555,18,3,0.5321433087186156,25,6,4,0,0,2023-07,105844
37696,9515,607,43,4,0.8480688669799432,24,20,5,0,1,2023-07,105845
48123,3831,505,54,5,0.7020686130645215,48,25,0,0,0,2023-05,105846
20989,7440,529,50,8,0.967247418937371,65,29,9,0,1,2023-08,105847
33931,8538,806,46,2,0.3905097883552746,46,20,6,0,1,2023-05,105848
14290,8315,844,45,0,0.6358685944063545,69,19,0,0,0,2023-08,105849
43367,5125,626,36,1,0.5270366546740766,64,27,6,0,1,2023-09,105850
19342,7262,801,20,7,0.6333727807544123,60,10,8,0,1,2023-08,105851
29941,3263,620,55,3,0.4150864667350842,45,9,6,0,0,2023-08,105852
18945,8591,598,7,6,0.5981969301725952,47,17,9,0,1,2023-08,105853
15762,8327,665,58,1,0.6998433173798122,51,29,4,0,1,2023-07,105854
35133,9867,824,36,9,0.2649727071995937,44,15,2,0,1,2023-05,105855
45150,4286,818,31,7,0.7943898038460986,26,2,6,0,1,2023-08,105856
32052,4529,740,7,9,0.765218370528334,49,17,5,0,1,2023-07,105857
46750,4808,549,16,8,0.9043660811611882,50,7,7,0,1,2023-08,105858
24953,9655,767,38,6,0.5406852414479404,31,28,7,0,1,2023-06,105859
45475,4877,824,23,9,0.2493353060917742,28,29,9,0,1,2023-06,105860
22130,4749,572,26,0,0.5691689032173495,53,16,5,0,0,2023-09,105861
36086,4909,799,36,1,0.3100873376495692,22,17,6,0,0,2023-06,105862
9633,5623,551,31,8,0.7179574508174542,56,27,2,0,0,2023-09,105863
22304,9865,764,35,9,0.23770521930504468,69,27,3,0,1,2023-09,105864
47037,8431,726,44,6,0.4991971249821561,47,1,6,0,1,2023-09,105865
37284,4197,692,26,2,0.2662743187899963,65,22,5,0,0,2023-05,105866
12008,5478,738,54,4,0.20269314725728266,41,22,2,0,0,2023-09,105867
32405,7863,509,21,0,0.9684457791212735,45,27,9,0,1,2023-07,105868
41386,5510,801,12,9,0.9969018784210242,38,16,6,0,1,2023-06,105869
30373,3100,727,27,2,0.6444023612254505,40,28,2,0,0,2023-05,105870
25827,6087,792,12,3,0.39116467995638715,56,21,9,0,1,2023-06,105871
38040,8828,551,7,3,0.9288792294469259,29,4,7,0,1,2023-05,105872
18007,4919,739,42,6,0.9384292776608854,35,16,6,0,1,2023-05,105873
23157,5291,598,19,4,0.8836071129365648,43,24,3,0,0,2023-09,105874
37157,8467,580,13,8,0.6354959876539057,44,3,0,0,1,2023-09,105875
40315,6320,512,34,6,0.25976172871682196,45,1,5,0,0,2023-08,105876
40932,3104,627,49,1,0.2707511420294383,20,17,4,0,0,2023-05,105877
26164,3693,803,12,7,0.9172958301701242,23,5,8,0,1,2023-05,105878
19414,8786,510,43,1,0.9006614779657836,56,3,9,0,1,2023-07,105879
19327,8406,580,50,6,0.5475177993449742,62,19,5,0,1,2023-08,105880
5946,6240,760,27,4,0.46252369558114026,33,11,0,0,0,2023-09,105881
19693,6491,505,49,9,0.7152991361152818,43,15,2,0,1,2023-09,105882
32241,8166,721,22,5,0.84559035860442,46,2,1,0,1,2023-09,105883
35254,8162,797,21,3,0.7853479536414569,62,25,2,0,1,2023-06,105884
20540,6392,580,38,4,0.692482350440565,46,27,0,0,0,2023-05,105885
11719,7913,502,44,4,0.38520883555586516,43,29,1,0,0,2023-06,105886
46203,5268,559,40,6,0.4100038953765721,59,22,7,0,1,2023-05,105887
30081,8632,720,43,3,0.7792539851181615,20,7,2,0,1,2023-08,105888
16350,6783,848,37,4,0.8420958819608249,58,18,8,0,1,2023-09,105889
41358,6512,548,58,3,0.29290815047967195,32,27,3,0,0,2023-06,105890
37021,9287,727,8,3,0.3498376381690449,39,1,1,0,0,2023-09,105891
47832,3889,789,59,7,0.7443762097418971,57,8,6,0,1,2023-05,105892
33369,8973,792,8,4,0.511189269977121,55,16,8,0,1,2023-08,105893
36728,8969,797,13,8,0.6506342938168246,31,26,4,0,1,2023-07,105894
22576,3789,692,51,4,0.691851962124509,24,15,0,0,0,2023-06,105895
34001,7648,756,36,7,0.8209627738138656,24,4,8,0,1,2023-08,105896
22848,7939,602,14,2,0.8445735605735261,36,13,8,0,0,2023-06,105897
5390,3658,645,10,6,0.4240769962091652,57,25,6,0,0,2023-07,105898
26999,9980,789,33,0,0.633037383137737,29,12,0,0,0,2023-08,105899
16569,4018,756,20,4,0.2988191508975042,35,9,3,0,0,2023-06,105900
18029,4953,808,54,1,0.873612134958039,43,13,0,0,0,2023-09,105901
27490,4190,777,32,7,0.8763583506665567,48,11,2,0,1,2023-09,105902
40328,6706,688,47,5,0.4396045751995652,33,12,6,0,1,2023-06,105903
10867,6657,677,36,4,0.32849616593763403,29,4,0,0,0,2023-07,105904
20284,7846,515,45,2,0.25607342256021326,48,26,7,0,0,2023-07,105905
38979,5296,585,23,0,0.6599811535292688,47,3,9,0,0,2023-07,105906
14121,3774,747,43,9,0.27314248031990385,36,5,3,0,0,2023-07,105907
6539,5811,716,54,9,0.74447587569648,24,6,3,0,0,2023-05,105908
30488,4380,541,59,9,0.7425011208273171,21,26,0,0,1,2023-09,105909
22027,6182,693,9,9,0.6911899257052997,55,4,4,0,1,2023-06,105910
13693,7787,826,26,7,0.9012484014904756,69,1,7,0,1,2023-05,105911
13921,9963,662,52,4,0.5026245541833054,59,23,7,0,1,2023-08,105912
15310,7814,775,47,8,0.9218156660996621,65,5,6,0,1,2023-08,105913
35908,7329,629,28,6,0.22954029507690468,64,2,6,0,0,2023-09,105914
9386,9167,762,50,0,0.29020559033712606,58,14,7,0,0,2023-08,105915
37263,6097,676,27,0,0.5297644500147547,28,11,7,0,0,2023-06,105916
33412,4404,764,6,6,0.6751944149508589,55,9,0,0,0,2023-09,105917
22303,6801,526,30,6,0.2259005093114925,24,8,1,0,0,2023-06,105918
17242,8101,584,59,8,0.6539475771394112,34,26,9,0,1,2023-09,105919
13947,4369,695,59,1,0.44591865318642515,28,7,7,0,0,2023-06,105920
10930,8497,815,46,6,0.9097174462494635,44,29,0,0,1,2023-05,105921
43170,9665,742,33,1,0.6266276733349847,69,15,8,0,1,2023-08,105922
5507,5064,841,42,9,0.670315126573947,47,9,8,0,1,2023-06,105923
6436,5292,676,16,9,0.9564974488919067,46,10,9,0,1,2023-06,105924
32151,5765,629,27,1,0.8113368213236749,65,18,1,0,0,2023-08,105925
16618,5817,644,59,4,0.5506186129174125,66,29,5,0,1,2023-06,105926
13750,3716,582,30,8,0.5815036919648156,52,19,3,0,0,2023-05,105927
21122,8658,587,58,8,0.7183390948475192,52,25,9,0,1,2023-07,105928
12354,7040,519,26,9,0.3601593733204105,57,22,6,0,0,2023-09,105929
49062,4711,729,41,0,0.27092067239529816,27,2,1,0,0,2023-05,105930
35979,4225,625,25,6,0.4489892127564947,23,22,9,0,0,2023-07,105931
25900,8367,550,21,9,0.8227062383489843,67,14,0,0,1,2023-05,105932
18840,9261,587,33,9,0.4058590390159609,62,21,8,0,1,2023-05,105933
42167,3008,669,34,2,0.3046073602687358,55,10,8,0,0,2023-06,105934
10037,3597,562,55,9,0.3752180787698082,62,5,8,0,0,2023-08,105935
33633,7118,588,31,9,0.7431783296045651,50,5,4,0,1,2023-06,105936
29495,9086,688,45,0,0.6911584453548151,29,2,2,0,0,2023-07,105937
20848,9383,689,7,1,0.7506519978371491,68,22,5,0,1,2023-07,105938
41483,4608,588,54,5,0.45756649814430567,60,13,9,0,1,2023-09,105939
12837,9170,847,15,9,0.9206849015466174,61,7,0,0,1,2023-09,105940
39069,6031,831,18,1,0.5614162858625164,27,25,9,0,1,2023-05,105941
12370,8200,525,20,1,0.6109704255415549,49,21,7,0,0,2023-07,105942
11411,6667,675,14,3,0.9590463808017018,33,27,9,0,1,2023-08,105943
44133,5246,763,32,2,0.9834218143559805,64,15,3,0,1,2023-09,105944
35499,6626,541,13,7,0.7292341807332414,54,27,1,0,1,2023-05,105945
35225,7071,618,11,7,0.955850554060633,65,21,3,0,1,2023-08,105946
5692,5822,668,41,5,0.6332059090723546,65,15,0,0,0,2023-09,105947
33926,3091,607,55,3,0.4458263564534174,22,25,9,0,0,2023-06,105948
39246,3850,646,29,6,0.4520742847732331,48,6,9,0,1,2023-06,105949
44164,9078,675,8,8,0.6471524719058764,35,7,7,0,1,2023-07,105950
13448,4107,688,31,1,0.6840288965241588,29,4,5,0,0,2023-09,105951
48390,3299,659,41,5,0.5516936559357992,23,4,0,0,0,2023-08,105952
15073,5343,801,26,6,0.9070171868094752,69,1,0,0,0,2023-07,105953
40414,9790,847,18,0,0.5413568949708405,23,11,1,0,0,2023-05,105954
10209,4477,573,57,5,0.4187389175981343,21,5,6,0,0,2023-07,105955
11533,8400,517,16,7,0.20638550267483186,30,2,1,0,0,2023-06,105956
26061,8096,639,13,6,0.9764554225261095,34,5,2,0,1,2023-05,105957
12211,4082,614,51,1,0.8594506265143556,30,5,8,0,0,2023-07,105958
14927,5956,827,51,1,0.6924476677482632,42,20,0,0,0,2023-06,105959
16927,5918,724,53,3,0.8644338031227692,57,13,8,0,1,2023-05,105960
29594,4365,545,19,4,0.8482313842007552,69,12,5,0,0,2023-08,105961
14316,5800,537,38,4,0.9454806241806601,49,10,8,0,0,2023-08,105962
17177,6536,705,7,1,0.5088541466882999,69,13,9,0,0,2023-08,105963
15846,6951,508,57,6,0.6438817936687526,20,9,7,0,0,2023-09,105964
12933,9485,752,6,7,0.2789024189761968,64,5,6,0,0,2023-06,105965
43244,5109,607,16,1,0.9722523405751786,52,6,9,0,1,2023-06,105966
45696,3775,597,11,3,0.9881016554259998,64,17,6,0,1,2023-07,105967
7080,9768,774,37,2,0.8312673983449614,56,28,5,0,1,2023-05,105968
11089,4452,570,20,3,0.5632967865186695,42,5,7,0,0,2023-09,105969
31123,4681,538,17,4,0.5972534007314861,68,28,8,0,0,2023-07,105970
12797,8847,797,42,5,0.5482935463902856,67,25,7,0,1,2023-06,105971
13346,5303,589,34,1,0.43464850921778436,37,28,8,0,0,2023-07,105972
24878,9971,718,49,9,0.6222331244390134,29,11,4,0,1,2023-06,105973
38672,4851,606,27,5,0.24275605560045346,36,6,2,0,0,2023-06,105974
22653,4897,595,51,8,0.9935096495497346,26,9,3,0,1,2023-07,105975
47742,8825,531,19,7,0.5392401081313127,34,12,3,0,1,2023-07,105976
31140,6418,625,24,0,0.9418932672296851,46,29,8,0,1,2023-07,105977
6184,6597,646,10,8,0.7794171685280029,28,4,8,0,0,2023-07,105978
39493,4327,779,40,9,0.43195433349114726,40,18,0,0,1,2023-08,105979
49148,3614,523,30,1,0.37764209453968195,56,15,4,0,0,2023-05,105980
29846,3244,708,55,0,0.996540347009885,48,25,1,0,0,2023-09,105981
27195,3756,619,43,5,0.8177010840432286,61,4,4,0,0,2023-06,105982
10606,3823,773,14,0,0.39972917931947277,64,14,4,0,0,2023-06,105983
8956,5827,639,12,5,0.2539560385418085,52,27,2,0,0,2023-07,105984
21555,6807,796,58,1,0.7575332362411029,25,18,3,0,1,2023-09,105985
29849,5779,842,23,6,0.4424131654488611,44,17,6,0,1,2023-05,105986
23690,4846,581,7,6,0.37706465010217394,54,2,9,0,0,2023-08,105987
31347,8531,707,57,3,0.787949932119469,36,21,3,0,1,2023-08,105988
38189,4240,532,15,1,0.743409058123478,63,19,2,0,0,2023-07,105989
43308,7611,523,49,6,0.585130139808153,46,29,9,0,1,2023-05,105990
30785,3473,560,7,0,0.9541247462162985,62,22,3,0,0,2023-08,105991
37698,7131,810,50,1,0.7437106928459929,59,14,1,0,1,2023-05,105992
20966,6249,688,13,1,0.9147356484959275,44,4,0,0,0,2023-05,105993
36097,8506,583,12,0,0.3524423538797753,31,2,4,0,0,2023-08,105994
20882,4792,724,40,8,0.437316728064711,62,13,8,0,1,2023-08,105995
9675,4734,667,28,5,0.2836161069549826,56,7,8,0,0,2023-09,105996
46850,7925,685,13,2,0.4436639982976283,59,28,0,0,1,2023-05,105997
18009,8188,571,26,5,0.9774226633651044,63,27,0,0,1,2023-06,105998
32843,6942,573,38,6,0.9702849968738405,57,22,7,0,1,2023-05,105999
34793,9509,840,52,2,0.8083090836407927,60,8,6,0,1,2023-06,106000
44516,8281,652,6,3,0.6168386102263659,44,29,6,0,1,2023-07,106001
43871,8858,595,17,9,0.8246238390337961,68,10,8,0,1,2023-07,106002
22857,3944,552,16,0,0.642789560970976,21,21,4,0,0,2023-06,106003
24627,4511,673,53,5,0.2028068037371547,20,3,7,0,0,2023-08,106004
23565,7081,609,35,5,0.6012376591548925,69,4,6,0,1,2023-07,106005
31025,7526,815,9,8,0.6791387568088421,22,21,1,0,1,2023-07,106006
32832,9118,550,39,1,0.41259868600240335,48,21,1,0,0,2023-09,106007
49116,3858,752,28,4,0.3626348513933293,33,6,3,0,0,2023-05,106008
14782,6560,572,37,4,0.41904727584452106,64,25,0,0,0,2023-06,106009
43650,3229,711,8,6,0.6989021996142926,53,20,9,0,1,2023-07,106010
27366,5417,711,33,4,0.316851291948442,41,7,4,0,0,2023-08,106011
33557,3177,750,9,9,0.7762626410635995,55,7,4,0,1,2023-07,106012
10798,6928,667,55,3,0.5381398567692877,34,22,0,0,0,2023-05,106013
14627,8529,762,17,9,0.48267828736426044,56,17,4,0,1,2023-09,106014
46183,5615,830,29,1,0.8457850333442825,29,25,3,0,1,2023-08,106015
17466,4613,729,38,7,0.6048505995492213,28,6,9,0,0,2023-08,106016
47614,5840,738,8,4,0.5027204489527426,69,19,4,0,1,2023-07,106017
17720,8859,774,9,3,0.9025237724484836,54,27,3,0,1,2023-07,106018
46913,5947,642,35,8,0.4946013057595806,65,18,8,0,1,2023-09,106019
42292,4774,569,11,1,0.8872002263546965,61,12,8,0,0,2023-07,106020
11559,8070,811,54,2,0.6033589587700466,36,28,2,0,1,2023-06,106021
45388,6871,673,35,7,0.3664056779640058,66,19,2,0,1,2023-09,106022
24158,3081,835,13,3,0.6902545504888671,37,11,2,0,0,2023-07,106023
35916,3845,608,23,8,0.428258821015969,68,17,6,0,1,2023-05,106024
27057,5809,702,21,9,0.3177241057409561,44,3,0,0,0,2023-07,106025
40892,4216,684,58,9,0.26922349711822363,54,15,3,0,1,2023-05,106026
46439,7713,790,11,9,0.39335786863795363,35,5,8,0,1,2023-07,106027
16706,6260,827,29,9,0.7892437136017529,64,4,7,0,1,2023-09,106028
17070,6145,591,56,8,0.8703993779005941,68,26,2,0,1,2023-07,106029
45902,5263,758,33,9,0.8893766767855373,44,1,7,0,1,2023-06,106030
5924,5337,821,37,8,0.41611861896795493,35,21,5,0,0,2023-09,106031
31478,3444,705,30,0,0.7287783463562736,60,3,9,0,0,2023-09,106032
10506,3922,551,33,5,0.38428324793194363,43,10,2,0,0,2023-06,106033
40163,9695,848,26,9,0.6982096911745923,31,27,8,0,1,2023-07,106034
29604,7288,680,13,5,0.9097687944333575,54,13,9,0,1,2023-09,106035
20310,8758,802,41,7,0.2327149460816651,28,7,6,0,1,2023-05,106036
13226,7384,502,14,6,0.9881805341803249,67,14,7,0,1,2023-06,106037
16781,5630,583,45,6,0.861670301966756,56,26,9,0,1,2023-07,106038
10515,4167,713,26,1,0.8093296930349587,51,27,1,0,0,2023-05,106039
41133,6963,533,56,3,0.7530903149694328,38,13,2,0,1,2023-06,106040
21972,8526,549,6,0,0.8162191111311028,41,24,6,0,0,2023-07,106041
37092,8930,788,58,6,0.9956762848324368,64,21,1,0,1,2023-06,106042
16410,6441,828,58,3,0.8161530376900326,53,26,5,0,1,2023-08,106043
24522,6512,758,9,8,0.4812806277346616,38,24,6,0,1,2023-06,106044
14095,9066,757,15,5,0.6911374823468026,69,22,5,0,1,2023-05,106045
28047,9924,771,31,5,0.46953841292786863,31,22,4,0,1,2023-08,106046
25470,3895,681,45,8,0.9760523546053366,37,5,8,0,1,2023-07,106047
48129,8015,532,8,7,0.9201117862605603,24,11,2,0,1,2023-09,106048
13531,6722,764,49,5,0.6540961819702629,45,26,4,0,1,2023-06,106049
42038,9707,812,14,5,0.8250190035947593,46,22,4,0,1,2023-05,106050
27403,9130,539,37,5,0.9277495543774112,39,14,7,0,1,2023-05,106051
47674,8648,807,8,3,0.39488021092524744,27,1,7,0,1,2023-08,106052
34122,8796,709,9,4,0.6635854855430436,35,24,0,0,1,2023-07,106053
21940,5060,771,11,2,0.5853730554020387,21,5,5,0,0,2023-09,106054
34831,8821,635,14,8,0.8172730838743532,64,24,5,0,1,2023-09,106055
16279,6034,586,31,1,0.503266017067063,20,3,9,0,0,2023-05,106056
43220,5387,559,7,6,0.7671837117665534,24,26,1,0,0,2023-09,106057
11477,4897,663,7,0,0.5223944712093902,50,22,4,0,0,2023-06,106058
22400,4799,502,55,9,0.2888598917156034,42,1,5,0,0,2023-07,106059
11470,7407,514,26,6,0.2856971452866538,40,17,2,0,0,2023-07,106060
7062,5780,601,27,1,0.29524505964254993,31,20,0,0,0,2023-05,106061
46798,4127,754,8,4,0.22601590074572941,23,12,8,0,0,2023-05,106062
24880,3338,724,40,0,0.6263785372774177,56,26,1,0,0,2023-07,106063
39581,9443,709,55,4,0.737522145586988,30,13,3,0,1,2023-08,106064
49439,7454,522,43,3,0.3013827214605517,61,6,8,0,1,2023-06,106065
19308,9312,734,38,0,0.6894864001772896,59,3,8,0,1,2023-07,106066
31027,4172,630,20,0,0.6781920626063296,28,29,7,0,0,2023-06,106067
35720,5808,657,16,6,0.3176752411174899,45,11,3,0,0,2023-08,106068
40081,7863,672,15,2,0.5232660799690106,58,11,0,0,0,2023-07,106069
14706,6029,516,41,9,0.8041085678167872,46,28,6,0,1,2023-09,106070
14837,5089,813,19,8,0.21340482044160922,48,28,1,0,0,2023-09,106071
43599,7297,684,7,8,0.3175583071187106,65,21,7,0,1,2023-09,106072
41824,6017,833,50,9,0.9966626994597958,62,10,9,0,1,2023-05,106073
38073,8788,683,53,8,0.7868359177192477,69,11,9,0,1,2023-07,106074
37088,7559,642,49,0,0.5713042233754047,44,16,1,0,0,2023-07,106075
33112,3448,543,59,3,0.7038411296733003,37,20,9,0,0,2023-09,106076
31299,8008,511,42,0,0.8769767764787797,49,10,2,0,0,2023-06,106077
39457,7893,507,56,0,0.8738436684429094,27,12,5,0,1,2023-07,106078
35063,3793,579,34,8,0.4597611483689657,21,19,3,0,0,2023-08,106079
8917,3436,796,40,4,0.5930331380361793,41,9,1,0,0,2023-05,106080
7936,9012,661,58,0,0.7104440771989149,40,4,0,0,0,2023-07,106081
41630,8869,801,25,2,0.25751753321168325,58,26,2,0,1,2023-06,106082
19506,7626,715,26,6,0.9566372795126019,45,15,3,0,1,2023-06,106083
33805,7660,747,39,1,0.5461934605298984,48,23,8,0,1,2023-06,106084
19318,4620,528,54,3,0.49668986180634156,24,21,8,0,0,2023-05,106085
31026,8392,771,58,1,0.9256802891598608,65,7,4,0,1,2023-05,106086
32672,6501,632,48,8,0.2946293190024838,33,5,4,0,0,2023-08,106087
43417,5919,504,38,8,0.23140863790968683,54,19,6,0,1,2023-09,106088
32281,7308,743,24,6,0.7480019298402192,25,22,7,0,1,2023-08,106089
33091,3948,529,13,6,0.5080023744840834,42,25,2,0,0,2023-06,106090
43328,6944,616,36,1,0.8115806470640847,36,15,4,0,1,2023-06,106091
23610,4127,677,16,9,0.2548356892214044,43,28,6,0,0,2023-07,106092
6079,3191,760,13,7,0.5070057148283091,59,6,1,0,0,2023-09,106093
34850,7012,734,30,0,0.3882601696368898,48,20,8,0,0,2023-06,106094
25590,6760,640,54,7,0.7916852263572778,49,15,2,0,1,2023-07,106095
35951,6730,804,25,4,0.3817360883418972,43,17,6,0,1,2023-07,106096
20327,4403,844,43,3,0.5663562678194839,54,19,8,0,1,2023-09,106097
17755,4990,549,12,9,0.8551020409093695,66,3,8,0,1,2023-07,106098
12235,4104,769,58,1,0.9323124283715758,56,18,2,0,0,2023-08,106099
22197,7800,607,18,2,0.7780846349326223,21,10,1,0,0,2023-05,106100
26473,3548,545,44,9,0.5433827292263629,40,15,4,0,0,2023-06,106101
7031,6448,581,48,1,0.6575886997941864,59,18,4,0,0,2023-08,106102
46282,4861,625,15,3,0.7517519577219951,60,24,7,0,1,2023-08,106103
46863,7249,583,13,2,0.8999461012592944,24,15,5,0,1,2023-09,106104
19287,8761,789,47,4,0.9108591878082335,54,24,6,0,1,2023-07,106105
43679,3570,570,59,6,0.9447755931906776,63,19,7,0,1,2023-06,106106
49463,4784,674,48,8,0.8485688791259058,54,20,8,0,1,2023-07,106107
37230,5287,815,25,4,0.31743834875333343,38,5,3,0,0,2023-08,106108
24037,5421,829,22,7,0.7981116267089945,35,11,4,0,1,2023-08,106109
32052,6972,836,16,1,0.8516738988505741,44,9,3,0,1,2023-09,106110
8340,3804,590,21,5,0.902297142141107,35,5,8,0,0,2023-05,106111
45644,3798,748,42,7,0.9398535156942607,50,11,1,0,1,2023-08,106112
6141,6275,631,47,8,0.6073278508147579,52,22,7,0,1,2023-06,106113
30425,3610,668,37,3,0.7240741560994484,36,7,6,0,0,2023-06,106114
24281,9831,559,31,3,0.20764222129357526,40,27,6,0,0,2023-05,106115
47049,9917,836,57,6,0.6582268541539472,54,2,7,0,1,2023-08,106116
25425,4806,740,42,3,0.5785587048591517,68,20,0,0,0,2023-09,106117
39806,7238,689,57,4,0.9698448357558396,42,22,0,0,1,2023-05,106118
37113,6260,839,14,1,0.9213674388821818,68,20,6,0,1,2023-09,106119
9270,7367,780,40,1,0.8380831435467087,35,21,1,0,0,2023-06,106120
47814,8651,731,8,9,0.24559534761621338,57,19,3,0,1,2023-07,106121
9683,6371,788,36,4,0.5216230738266666,69,18,5,0,0,2023-08,106122
44884,5473,774,47,9,0.7568337777556482,33,16,4,0,1,2023-07,106123
34809,5093,812,12,9,0.22372859485142485,59,1,4,0,1,2023-06,106124
39552,5142,514,7,1,0.38865103340224094,60,3,5,0,0,2023-09,106125
8786,7001,540,30,5,0.9100057520945031,69,26,9,0,1,2023-07,106126
26650,9207,707,45,5,0.3038246138395394,52,9,6,0,1,2023-09,106127
33706,9556,559,17,7,0.24109880347091536,40,17,1,0,0,2023-09,106128
14190,6080,739,35,0,0.6644686050277354,36,8,3,0,0,2023-09,106129
43196,7554,595,59,6,0.9571716923422242,23,21,6,0,1,2023-06,106130
44449,8834,777,35,6,0.8676997919269109,35,16,4,0,1,2023-09,106131
44661,4432,659,34,8,0.9798180037767645,49,12,9,0,1,2023-09,106132
34709,5517,781,46,3,0.8028185229569995,63,4,8,0,1,2023-06,106133
19892,5857,708,16,6,0.5498958192676573,64,5,5,0,0,2023-09,106134
14643,3505,632,56,5,0.9572931516718992,53,27,3,0,1,2023-08,106135
14943,8805,596,57,3,0.5413066227626495,41,7,9,0,0,2023-08,106136
48240,4096,718,28,9,0.4800756930753955,63,24,3,0,1,2023-05,106137
26042,7179,570,22,7,0.558556734213947,61,18,2,0,0,2023-05,106138
48894,7154,773,18,2,0.8511791635059716,48,22,5,0,1,2023-08,106139
11869,4044,633,38,7,0.9341548398791106,66,20,7,0,1,2023-06,106140
45437,8577,565,6,4,0.48614568796774044,24,14,0,0,0,2023-05,106141
49306,5204,626,45,3,0.56979796522581,20,8,1,0,0,2023-06,106142
47833,6902,704,18,2,0.9186618586435065,59,13,3,0,1,2023-09,106143
25918,4352,797,43,9,0.23763493162293514,44,28,6,0,1,2023-07,106144
33379,4596,616,8,6,0.8270949552910811,69,4,1,0,0,2023-08,106145
47939,3575,766,21,6,0.5633742065874713,25,12,9,0,1,2023-09,106146
30274,9980,781,47,5,0.5012146808397371,42,3,7,0,1,2023-06,106147
22696,3679,648,12,2,0.5575370334694713,52,5,2,0,0,2023-05,106148
7962,7298,693,59,8,0.5349525404012638,33,4,1,0,0,2023-06,106149
18851,6712,667,58,1,0.8052948945502447,61,15,6,0,1,2023-09,106150
10296,6828,811,8,2,0.9423580177953246,55,28,9,0,1,2023-07,106151
19745,4129,678,19,0,0.5931646603572629,37,5,8,0,0,2023-07,106152
10730,6904,647,21,6,0.8661870286260092,59,9,3,0,0,2023-08,106153
18921,6193,556,9,1,0.7855556285697909,63,14,1,0,0,2023-05,106154
37894,3317,504,36,9,0.4645446284451815,29,27,8,0,1,2023-08,106155
10602,8301,513,18,7,0.6698510516212381,64,16,9,0,1,2023-06,106156
22575,8734,779,32,8,0.7334525400125556,58,3,4,0,1,2023-06,106157
24023,8892,823,6,1,0.21879949751237043,68,15,9,0,0,2023-06,106158
20997,6696,803,30,5,0.5167644409793923,31,18,6,0,1,2023-05,106159
22750,7501,715,42,0,0.9941105406779656,57,18,9,0,1,2023-06,106160
46979,5996,674,55,7,0.7098051416560749,42,14,4,0,1,2023-05,106161
27837,6594,815,49,4,0.46739525543342086,26,25,4,0,1,2023-09,106162
19997,6209,502,16,8,0.4000192315205823,64,7,5,0,0,2023-06,106163
44439,5542,636,14,2,0.36758528168060506,65,26,4,0,0,2023-08,106164
28067,3678,599,12,1,0.521313127172166,44,28,7,0,0,2023-06,106165
25923,8366,582,19,6,0.3546125524860877,32,20,3,0,0,2023-06,106166
13876,4889,779,35,6,0.3081489456428226,57,6,2,0,0,2023-08,106167
7887,8643,631,29,9,0.4912506275415671,38,26,2,0,0,2023-08,106168
47422,4643,500,8,4,0.6855997541166348,64,16,1,0,0,2023-06,106169
41854,8455,615,53,6,0.3171193456689027,41,22,7,0,1,2023-08,106170
41948,8541,701,44,5,0.23547461909028808,60,19,6,0,1,2023-05,106171
7841,3834,639,32,8,0.22770625445095327,30,9,5,0,0,2023-05,106172
33756,5241,645,6,2,0.4139074019487747,61,20,1,0,0,2023-08,106173
11040,5355,765,43,3,0.35210583241304133,22,1,1,0,0,2023-07,106174
15304,4668,701,31,8,0.6314042882321218,38,18,9,0,1,2023-06,106175
35341,9026,651,11,9,0.5645761496407196,46,21,0,0,1,2023-07,106176
9758,5553,721,47,7,0.45981329147121497,26,14,9,0,0,2023-07,106177
22010,3280,578,17,9,0.8668342673207687,56,14,1,0,0,2023-08,106178
36658,9818,699,59,5,0.6039575943972212,46,8,8,0,1,2023-05,106179
42782,8909,749,56,2,0.27322399366727934,66,23,0,0,1,2023-09,106180
6375,8028,598,43,8,0.43661148325895627,53,25,9,0,1,2023-05,106181
38949,5762,712,51,8,0.9786714129572733,30,17,3,0,1,2023-07,106182
27092,7703,642,40,5,0.9815818566064116,57,18,1,0,1,2023-08,106183
5490,7578,689,15,1,0.4037373084376954,24,15,4,0,0,2023-06,106184
8729,4246,800,14,6,0.3337889030359311,26,10,9,0,0,2023-09,106185
10974,4772,551,28,8,0.5965505169737955,55,20,7,0,0,2023-08,106186
24680,5164,611,35,8,0.5851719345334773,24,16,0,0,0,2023-07,106187
23324,3191,634,57,2,0.5281101498152136,24,7,8,0,0,2023-05,106188
36334,5835,611,56,1,0.6234857819951625,46,29,6,0,1,2023-05,106189
26398,5665,512,27,4,0.3857563028145607,48,29,4,0,0,2023-09,106190
39650,9113,772,52,9,0.29194347323494974,46,17,4,0,1,2023-05,106191
26292,5563,732,14,6,0.656369166781148,51,5,8,0,1,2023-06,106192
40755,3306,543,24,2,0.9460783974258999,44,18,8,0,0,2023-05,106193
43353,3531,572,13,3,0.31019942129623834,61,14,1,0,0,2023-05,106194
8159,7217,760,59,9,0.76385177938517,69,18,7,0,1,2023-06,106195
37626,5696,730,9,1,0.550317349904308,53,18,4,0,0,2023-09,106196
34351,7687,532,10,9,0.4351812717830432,34,15,1,0,0,2023-08,106197
42298,8571,567,24,1,0.8824873747139408,60,25,8,0,1,2023-08,106198
22065,3058,515,51,6,0.5651933556297456,53,11,3,0,0,2023-09,106199
26638,9444,649,23,1,0.6666496112543921,54,26,4,0,1,2023-05,106200
6073,9696,791,34,0,0.5544450295519435,39,5,6,0,0,2023-09,106201
23771,4573,601,24,3,0.26499966533564234,43,16,1,0,0,2023-06,106202
40461,4140,685,11,5,0.6759237495201488,53,8,4,0,0,2023-05,106203
47330,4810,524,10,9,0.5350727800304971,53,13,7,0,1,2023-06,106204
34320,8901,571,48,9,0.26940528485410375,65,26,0,0,1,2023-07,106205
9340,6198,580,10,3,0.67664938753518,46,22,7,0,0,2023-05,106206
39924,6476,560,13,0,0.20789674563138202,69,27,1,0,0,2023-08,106207
21184,7494,517,32,0,0.36681631060367387,40,17,3,0,0,2023-06,106208
45734,5562,741,42,8,0.82485562952417,52,26,2,0,1,2023-07,106209
7580,5852,557,48,0,0.2303419398869876,58,9,1,0,0,2023-08,106210
45025,9641,831,50,6,0.717345678444111,59,15,9,0,1,2023-09,106211
33967,3941,556,43,6,0.9597655569658592,63,7,9,0,1,2023-09,106212
7159,7623,596,42,0,0.3369539665384054,55,27,1,0,0,2023-07,106213
18900,9541,714,23,0,0.5336894881676597,44,18,9,0,0,2023-09,106214
16440,4774,818,31,5,0.6603981578967986,26,14,5,0,0,2023-07,106215
19678,4421,511,47,7,0.5603326709870755,69,8,2,0,0,2023-07,106216
17021,8765,510,21,6,0.6963021489454138,69,2,9,0,1,2023-05,106217
11772,8646,662,27,5,0.5232780201335985,29,18,3,0,0,2023-05,106218
6627,3435,782,51,9,0.31880330321753636,29,4,3,0,0,2023-05,106219
49432,3839,716,28,2,0.2712354878595646,57,24,1,0,0,2023-07,106220
13219,7001,822,52,6,0.7955545249417155,43,23,3,0,1,2023-07,106221
28464,7455,740,8,5,0.39089915961752386,63,2,1,0,0,2023-06,106222
35232,8248,844,8,7,0.8779602502133788,29,10,3,0,1,2023-05,106223
47481,7959,544,17,3,0.7944217950574723,64,6,7,0,1,2023-06,106224
13488,5681,580,28,8,0.23956254747388936,45,11,8,0,0,2023-06,106225
39949,4650,754,52,0,0.36096889365098817,49,27,3,0,0,2023-08,106226
49362,8828,566,16,6,0.4335941252476306,46,20,3,0,1,2023-06,106227
44932,4245,601,47,8,0.6755857990608322,63,10,6,0,1,2023-07,106228
23981,5261,590,57,9,0.8478616002521113,38,29,0,0,1,2023-06,106229
5901,3915,541,52,0,0.2482666041267385,20,17,6,0,0,2023-05,106230
27444,5639,775,55,9,0.39968716150384875,52,24,8,0,1,2023-06,106231
47058,8894,803,51,2,0.5009678099037768,30,8,3,0,1,2023-05,106232
23061,9278,773,34,6,0.34670172367053304,69,6,1,0,1,2023-06,106233
7881,6889,576,11,8,0.6362336780050792,53,16,3,0,0,2023-06,106234
34863,9897,733,51,0,0.5824019834866483,57,10,1,0,1,2023-05,106235
10622,7481,701,21,5,0.45319651364092794,35,23,9,0,0,2023-08,106236
6378,4326,720,39,1,0.6135095095362855,20,28,6,0,0,2023-06,106237
22632,8901,761,56,4,0.4846572514808911,60,29,5,0,1,2023-08,106238
33311,6358,538,42,6,0.47455525397383264,47,19,1,0,0,2023-08,106239
10650,4585,510,16,6,0.412316420285594,34,25,5,0,0,2023-07,106240
47224,8308,611,16,9,0.6323503474515106,35,4,8,0,1,2023-07,106241
12036,6368,607,58,6,0.5552923155618614,65,27,7,0,1,2023-07,106242
44255,8645,593,30,3,0.35705982730177904,51,2,8,0,1,2023-06,106243
27499,3388,810,24,5,0.21037300871855935,58,20,4,0,0,2023-05,106244
42016,5791,583,37,9,0.32074363249033555,20,2,9,0,1,2023-08,106245
9603,6332,557,55,5,0.2342676811988314,67,12,1,0,0,2023-08,106246
32773,3703,792,13,6,0.5452790669107457,28,4,4,0,0,2023-07,106247
24937,8834,515,17,8,0.3800774831298867,48,16,9,0,1,2023-09,106248
17632,5820,825,46,5,0.5363642660197796,44,2,2,0,0,2023-07,106249
35607,7959,592,40,9,0.4635598986960071,30,16,3,0,1,2023-06,106250
31337,4059,664,11,0,0.6304118485492534,61,28,6,0,0,2023-08,106251
5220,7174,714,26,7,0.7790934630308808,30,15,1,0,0,2023-09,106252
9818,4298,643,58,1,0.5834511505070852,25,14,5,0,0,2023-08,106253
12349,4301,773,31,2,0.24957444875130472,53,11,0,0,0,2023-09,106254
10618,3673,637,6,4,0.21400838513192638,69,15,9,0,0,2023-05,106255
32464,5359,703,22,5,0.3705849330220313,63,24,2,0,0,2023-05,106256
47624,7299,801,40,6,0.539974008976683,33,6,6,0,1,2023-05,106257
42344,8080,709,32,3,0.23592402290181386,27,24,4,0,0,2023-08,106258
23255,9071,518,55,2,0.46218704387191123,44,27,7,0,1,2023-06,106259
29299,7112,793,55,8,0.9096205663161219,23,16,6,0,1,2023-07,106260
6462,7571,792,7,3,0.2720152174817355,69,1,6,0,0,2023-06,106261
20905,6582,800,41,8,0.9588132078156588,50,25,0,0,1,2023-08,106262
29920,4016,661,6,8,0.8853374204072957,40,28,0,0,0,2023-09,106263
21252,3209,629,15,2,0.865424924810831,64,11,5,0,0,2023-05,106264
46004,3498,543,36,2,0.8909268087010329,51,14,7,0,1,2023-05,106265
45581,3428,582,42,7,0.2640402122023865,33,2,2,0,0,2023-06,106266
39836,6639,623,10,0,0.3209344751829575,47,24,7,0,0,2023-06,106267
10753,6151,526,46,5,0.30749794124886576,44,16,7,0,0,2023-07,106268
45005,8425,803,51,5,0.28899344860110077,47,4,0,0,1,2023-08,106269
19175,5105,849,58,8,0.4621689756257834,34,14,4,0,1,2023-08,106270
11191,4553,506,18,1,0.8641735063604219,65,16,8,0,0,2023-06,106271
22898,8327,840,50,7,0.40156971490498344,63,15,9,0,1,2023-05,106272
23982,8630,698,29,6,0.395377343193808,41,2,9,0,1,2023-06,106273
19622,6206,611,32,1,0.7407110059364908,66,13,2,0,0,2023-05,106274
6001,8963,588,6,0,0.2775400817093737,25,17,8,0,0,2023-05,106275
48000,5569,627,54,3,0.4882239938895392,21,28,8,0,1,2023-06,106276
28283,5628,729,25,1,0.43634104547537683,25,20,0,0,0,2023-06,106277
26435,4876,517,13,2,0.877840691303537,42,10,1,0,0,2023-07,106278
32223,7994,788,8,1,0.611601022100368,45,15,2,0,0,2023-08,106279
42244,8202,660,54,8,0.7171788512975528,30,17,3,0,1,2023-06,106280
35024,9764,780,37,3,0.3032274705649882,20,8,4,0,1,2023-09,106281
35734,4067,665,49,0,0.9431346084447283,47,2,4,0,0,2023-05,106282
5515,4506,759,30,7,0.4579617233000837,41,24,9,0,0,2023-07,106283
6191,6013,689,30,3,0.7654710702745293,60,26,4,0,0,2023-08,106284
37264,4667,837,55,9,0.9637009439324349,32,1,2,0,1,2023-06,106285
48628,7588,765,19,7,0.606919089292802,60,23,5,0,1,2023-08,106286
11297,9642,790,48,7,0.6060282069870844,66,23,3,0,1,2023-09,106287
32856,7700,778,32,8,0.2937995388467616,69,5,8,0,1,2023-05,106288
13334,7066,716,53,9,0.5122204451385033,55,3,1,0,1,2023-07,106289
29162,3947,820,37,6,0.8819719511052284,41,22,0,0,1,2023-05,106290
11008,7389,837,32,3,0.3080852056791587,23,11,6,0,0,2023-06,106291
12987,4171,706,9,1,0.9340033044485259,63,16,8,0,0,2023-05,106292
35966,9114,652,55,5,0.7338475315093254,60,21,9,0,1,2023-08,106293
8332,3171,680,44,3,0.5367678680472308,37,9,8,0,0,2023-06,106294
5787,8682,711,16,5,0.6371987348205259,57,4,2,0,0,2023-06,106295
43990,7626,772,53,7,0.32039728618936075,36,9,0,0,1,2023-06,106296
14873,4143,702,53,2,0.37398663451018477,44,14,8,0,0,2023-06,106297
22006,4859,704,8,0,0.42912674165333825,36,10,6,0,0,2023-06,106298
25225,8856,652,30,4,0.5078768945395316,48,22,7,0,1,2023-08,106299
41444,9209,669,29,2,0.9324175959943879,64,16,5,0,1,2023-09,106300
40340,5188,740,14,5,0.4940552199721256,63,9,9,0,1,2023-07,106301
44683,5493,786,13,2,0.6190681923089768,65,3,5,0,1,2023-08,106302
10033,6577,744,44,0,0.32962092913427377,27,28,3,0,0,2023-09,106303
12788,3188,820,36,8,0.7887785608416567,48,29,1,0,1,2023-07,106304
20689,7076,579,22,4,0.6482246792533612,34,1,0,0,0,2023-06,106305
49220,3157,591,48,1,0.5519259663866976,60,28,5,0,0,2023-09,106306
26598,5717,648,36,1,0.9577491724465548,52,22,8,0,1,2023-09,106307
42480,4970,529,9,8,0.9125206753134694,68,20,9,0,1,2023-06,106308
34703,3245,622,9,0,0.7276090178755978,29,11,9,0,0,2023-08,106309
5066,5903,825,42,9,0.9374499249252217,56,26,1,0,1,2023-08,106310
12533,5795,528,13,2,0.6518254359464581,30,20,0,0,0,2023-08,106311
20103,6824,758,47,9,0.8615497213722134,54,20,0,0,1,2023-09,106312
9616,5377,685,54,6,0.5275681313481491,53,1,6,0,0,2023-08,106313
43498,9655,574,11,0,0.26939535307835816,51,5,0,0,0,2023-07,106314
48492,3849,544,14,1,0.9953188716232877,41,9,8,0,0,2023-09,106315
16772,4810,568,47,5,0.332505216661258,23,3,8,0,0,2023-06,106316
28849,8190,709,13,8,0.40120803140719147,21,12,2,0,0,2023-08,106317
17940,8432,738,37,8,0.33048271153987163,52,18,1,0,1,2023-08,106318
21932,6986,839,20,7,0.4699836143829961,28,28,8,0,1,2023-09,106319
34769,5126,807,23,2,0.43142410698107103,54,2,2,0,0,2023-09,106320
29648,7264,691,28,1,0.6808817988393879,57,10,1,0,0,2023-07,106321
37966,9953,602,10,0,0.9971680115354276,50,7,3,0,1,2023-07,106322
32777,6030,740,55,8,0.2420072443884548,33,22,6,0,1,2023-08,106323
37567,9323,752,32,4,0.8227544906346578,50,18,3,0,1,2023-08,106324
22174,8747,719,38,2,0.30239353952518927,52,16,7,0,0,2023-08,106325
47598,5307,835,7,9,0.21586801970577252,63,13,4,0,1,2023-06,106326
18798,8605,716,47,9,0.7108614560925559,35,1,1,0,1,2023-07,106327
22558,8891,701,43,4,0.8986521830954939,39,7,9,0,1,2023-06,106328
49237,6076,528,33,2,0.3410388053187162,69,11,3,0,0,2023-05,106329
5178,5344,711,29,8,0.4732910277135579,33,6,6,0,0,2023-08,106330
25470,3619,653,56,0,0.3350001633784617,54,21,0,0,0,2023-09,106331
22118,5902,730,26,0,0.9252060554423338,65,5,6,0,0,2023-09,106332
27616,5407,601,36,2,0.4162883459344981,68,10,2,0,0,2023-07,106333
5798,9260,814,16,5,0.555770313124882,64,29,6,0,1,2023-08,106334
12601,7452,676,55,1,0.9157930210264627,52,3,2,0,0,2023-08,106335
30363,6004,680,33,0,0.6422953630101375,48,27,7,0,0,2023-06,106336
7795,6914,731,53,7,0.9462798406149646,27,15,3,0,1,2023-05,106337
36926,5486,511,45,9,0.9411603317176314,53,12,0,0,1,2023-08,106338
42356,6402,685,9,8,0.5692808159149767,66,5,0,0,1,2023-06,106339
12297,6596,748,48,9,0.6659060901866964,33,14,3,0,1,2023-07,106340
8084,4677,765,47,0,0.38425141897034953,33,12,8,0,0,2023-07,106341
35329,8307,634,21,2,0.9924286550409307,69,22,4,0,1,2023-09,106342
16110,7039,744,17,4,0.422653328329436,34,11,4,0,0,2023-08,106343
5731,4304,530,27,6,0.8266455903847609,61,23,2,0,0,2023-09,106344
6129,8630,846,40,9,0.4503752481241808,69,23,4,0,1,2023-08,106345
33022,7093,758,48,3,0.45043380967182806,39,13,6,0,1,2023-09,106346
6605,8585,603,21,5,0.2830903413607569,47,10,2,0,0,2023-09,106347
16970,4963,500,29,0,0.6479166486372638,23,10,4,0,0,2023-06,106348
48705,6307,706,40,3,0.39586587050256744,26,24,2,0,1,2023-09,106349
49130,4361,634,33,7,0.3187158062060951,21,21,0,0,0,2023-06,106350
34265,9665,770,47,4,0.3813333556133868,28,14,5,0,1,2023-08,106351
37330,7294,588,34,7,0.40087452565122395,42,20,2,0,1,2023-09,106352
7933,4787,694,26,0,0.6032667648955888,55,16,1,0,0,2023-06,106353
20187,4073,621,53,9,0.5087384292444499,31,12,2,0,0,2023-09,106354
30791,4165,615,30,8,0.2603922248175681,42,23,4,0,0,2023-09,106355
29900,8902,695,44,3,0.6288228663166888,50,18,4,0,1,2023-09,106356
10074,6599,535,36,8,0.8301979612710118,61,24,8,0,1,2023-09,106357
31426,8633,566,20,7,0.6593881287151963,30,4,8,0,1,2023-06,106358
44867,5717,632,52,7,0.9796322018014167,20,10,1,0,1,2023-07,106359
5893,6153,780,47,1,0.2793201665155771,32,1,5,0,0,2023-08,106360
39158,7126,510,40,2,0.8569218694064875,58,18,8,0,1,2023-05,106361
24773,6055,717,43,9,0.6045541359178666,48,15,8,0,1,2023-09,106362
9239,9476,821,55,8,0.6172761420361825,25,17,5,0,1,2023-06,106363
25863,3659,655,27,2,0.6152799477196387,50,21,0,0,0,2023-07,106364
8432,9320,739,10,7,0.4602550623261108,28,1,0,0,0,2023-05,106365
40139,9513,559,53,4,0.459644011392202,37,27,8,0,1,2023-05,106366
6515,7642,637,18,6,0.7054756053139808,22,14,2,0,0,2023-07,106367
36670,5582,549,37,3,0.23581206830649315,51,12,4,0,0,2023-08,106368
44094,4129,666,8,7,0.6710288362414427,64,25,5,0,1,2023-06,106369
19605,9240,664,20,3,0.7796725745687325,22,27,0,0,0,2023-05,106370
10586,9373,818,32,4,0.4850610347803344,64,11,0,0,0,2023-07,106371
40685,5274,688,57,0,0.37388555156770664,49,20,3,0,0,2023-09,106372
36186,7466,591,32,9,0.3707095301783236,25,26,5,0,1,2023-06,106373
31928,8219,793,35,7,0.26547172267565283,69,19,7,0,1,2023-08,106374
37728,4468,788,11,6,0.27177545536512665,46,25,6,0,1,2023-06,106375
22551,8587,574,30,4,0.33335029455567416,21,4,1,0,0,2023-09,106376
26493,5102,544,33,5,0.2153383240424697,39,17,3,0,0,2023-05,106377
25711,6266,552,27,0,0.41298832601934743,36,18,4,0,0,2023-05,106378
25039,5471,674,9,7,0.4451214633983681,52,4,7,0,0,2023-05,106379
41561,9458,660,20,8,0.9961770026849048,36,27,6,0,1,2023-08,106380
14947,4151,566,31,4,0.9933501901249004,56,1,3,0,0,2023-09,106381
37335,9175,769,23,9,0.3496390774696678,48,6,7,0,1,2023-09,106382
20859,3092,623,14,6,0.3704257264775396,28,7,7,0,0,2023-08,106383
28122,5566,681,57,9,0.5935250964483461,23,1,3,0,1,2023-05,106384
6577,4281,681,9,3,0.31902746699016815,65,6,1,0,0,2023-06,106385
47256,5900,535,53,5,0.6032315265265533,59,3,2,0,1,2023-09,106386
33350,9021,711,55,1,0.5195117638440594,32,23,4,0,1,2023-08,106387
46932,8339,633,10,3,0.4596983128398979,25,16,0,0,0,2023-07,106388
38798,5799,677,50,4,0.8580841366478202,65,27,4,0,1,2023-08,106389
36898,6177,665,11,8,0.8624941599944462,28,2,3,0,1,2023-05,106390
20881,8667,836,59,8,0.9903115735869814,45,2,4,0,1,2023-09,106391
15785,7511,828,56,7,0.37847049126526583,68,11,0,0,1,2023-08,106392
11691,5604,826,17,3,0.910621997714997,58,20,9,0,1,2023-07,106393
22297,6881,545,36,5,0.6302767437391448,60,11,6,0,0,2023-07,106394
11358,5413,655,52,6,0.6731675450658816,66,8,9,0,1,2023-09,106395
24581,4544,735,14,0,0.9170345714660211,61,19,8,0,0,2023-06,106396
6462,6530,815,12,0,0.954104637102656,33,24,4,0,0,2023-05,106397
20511,5646,559,34,3,0.7814490061605099,67,23,2,0,0,2023-05,106398
15570,9474,504,19,2,0.4782739455480991,53,21,8,0,0,2023-05,106399
49414,7784,680,56,9,0.5917343917348044,23,15,5,0,1,2023-07,106400
20474,8761,644,25,3,0.692043091243288,40,28,5,0,1,2023-08,106401
12037,5058,814,53,8,0.8629120311888776,50,20,9,0,1,2023-09,106402
33129,9961,764,37,1,0.7263581643020445,66,14,9,0,1,2023-08,106403
47267,8626,722,27,3,0.49235809335009845,62,26,2,0,1,2023-07,106404
18386,7514,800,41,6,0.5343043610882355,40,26,0,0,1,2023-09,106405
11221,4145,835,49,1,0.24035016163141984,62,18,3,0,0,2023-09,106406
28474,3910,736,23,7,0.9394142883497087,48,25,3,0,1,2023-08,106407
45537,6306,512,45,9,0.2704952106635946,43,20,2,0,1,2023-05,106408
26045,8450,838,54,3,0.6639446325484358,64,5,4,0,1,2023-06,106409
30783,4566,767,30,8,0.8973215049910575,35,2,8,0,1,2023-06,106410
45157,5395,765,36,0,0.5366921996120058,28,2,8,0,0,2023-09,106411
9922,6005,515,40,6,0.8401003900090973,40,2,7,0,0,2023-07,106412
27706,7507,591,31,0,0.8430528637090362,21,26,9,0,0,2023-08,106413
47771,8343,747,9,9,0.24787683086899756,21,2,5,0,1,2023-09,106414
37479,7248,518,47,8,0.5297149805845773,56,9,3,0,1,2023-08,106415
10178,8331,602,53,9,0.7528203893496348,56,29,1,0,1,2023-05,106416
35022,3091,594,25,9,0.5378828072551063,24,12,9,0,0,2023-05,106417
20240,6992,782,39,0,0.636133798543485,65,21,2,0,0,2023-09,106418
31220,3330,712,17,2,0.675566323685312,25,27,8,0,0,2023-08,106419
41736,8760,536,21,6,0.320983501384994,67,22,0,0,1,2023-07,106420
7716,3954,560,47,0,0.5295849649188239,67,20,6,0,0,2023-06,106421
21574,6780,790,10,4,0.22277057734685268,27,18,9,0,0,2023-05,106422
22719,5601,802,49,5,0.31970086655627555,51,3,5,0,0,2023-05,106423
13181,5977,743,40,2,0.6098032507011989,56,19,1,0,0,2023-07,106424
49066,8347,810,49,5,0.6588687983510482,32,16,4,0,1,2023-07,106425
25213,7289,843,32,3,0.31698752527332985,22,11,1,0,0,2023-09,106426
11380,3529,505,6,5,0.8044954161699365,28,27,8,0,0,2023-09,106427
5615,5892,805,39,5,0.49839031029679415,23,26,4,0,0,2023-07,106428
5463,4266,664,48,3,0.9365199430621376,47,24,5,0,0,2023-09,106429
36973,4473,512,37,0,0.5101301786443253,59,24,3,0,0,2023-09,106430
14158,7734,524,49,2,0.31984878114608367,35,15,0,0,0,2023-08,106431
25651,8706,723,44,9,0.8063763669446062,30,22,2,0,1,2023-07,106432
8158,4597,622,38,6,0.6542406403514631,38,11,4,0,0,2023-06,106433
25008,5525,628,36,1,0.5093505345953246,61,29,2,0,0,2023-06,106434
9938,9623,804,18,3,0.4847657307458093,41,10,7,0,0,2023-09,106435
43185,9431,621,50,5,0.32061517884581686,58,27,1,0,1,2023-09,106436
27388,7793,534,7,4,0.47266770197280916,31,24,1,0,0,2023-05,106437
13881,6761,582,35,5,0.22347531278266805,49,19,0,0,0,2023-06,106438
10603,9141,808,15,4,0.6019215312606169,59,23,0,0,0,2023-07,106439
39980,8797,681,28,8,0.9173789934509888,61,5,3,0,1,2023-07,106440
27504,5742,575,38,1,0.8362646369722617,24,14,7,0,0,2023-06,106441
21766,7635,603,44,3,0.22281695776337146,56,9,7,0,0,2023-08,106442
33386,7425,731,50,0,0.905008261014586,64,25,7,0,1,2023-05,106443
16695,3469,802,34,6,0.5618598631060427,51,21,0,0,0,2023-06,106444
22796,6830,542,35,0,0.3527131723323955,53,6,0,0,0,2023-09,106445
47543,9992,592,39,5,0.8019295641723099,31,1,6,0,1,2023-08,106446
19559,3533,643,57,9,0.4582988401416371,62,28,6,0,1,2023-07,106447
43914,9058,753,44,9,0.4026547385094823,21,12,9,0,1,2023-09,106448
38139,7562,577,22,8,0.3290547254252381,66,14,4,0,1,2023-09,106449
43333,7055,762,27,1,0.5892975255201782,26,4,7,0,1,2023-05,106450
13802,9563,569,10,0,0.27471519963955626,51,15,5,0,0,2023-05,106451
13307,6679,648,16,9,0.8284905032910292,59,17,0,0,1,2023-06,106452
45205,7087,791,27,2,0.5765396613331288,54,20,6,0,1,2023-09,106453
38214,3761,713,37,5,0.5575811334551362,68,12,7,0,1,2023-09,106454
39159,8101,809,29,6,0.2014831651852168,25,1,7,0,1,2023-05,106455
16516,3890,646,16,7,0.8542910882468491,41,13,9,0,0,2023-07,106456
34086,5355,524,16,3,0.594269647230603,44,10,8,0,0,2023-08,106457
35480,4955,822,22,7,0.5519156158410783,66,4,2,0,1,2023-06,106458
49659,5971,608,37,6,0.8091079082275126,32,6,1,0,1,2023-08,106459
43737,9477,680,24,7,0.2503188392806087,42,9,7,0,1,2023-06,106460
14265,8049,750,32,4,0.493344364876163,64,18,3,0,0,2023-06,106461
10454,8539,702,37,9,0.6605871660430052,63,2,1,0,1,2023-06,106462
40918,4672,803,30,6,0.5684620501913502,65,6,1,0,1,2023-09,106463
31181,5836,669,33,3,0.3453111119023795,28,11,1,0,0,2023-09,106464
20386,7927,674,45,0,0.43942120614424945,61,26,4,0,0,2023-09,106465
44182,7939,846,57,2,0.4401604461181064,56,28,7,0,1,2023-09,106466
42425,6644,669,32,9,0.9935766422121817,56,13,8,0,1,2023-05,106467
48254,5297,501,19,8,0.4609576950453191,49,6,5,0,0,2023-09,106468
29327,7061,633,47,3,0.3641456500338392,39,12,7,0,0,2023-06,106469
26181,6166,626,44,4,0.8581097224833172,57,19,5,0,1,2023-09,106470
26452,4319,545,7,2,0.5369370040028869,63,18,0,0,0,2023-07,106471
43248,3183,693,22,5,0.5550909555896406,68,19,8,0,1,2023-06,106472
45801,4283,708,6,3,0.6391112507965899,35,28,9,0,1,2023-06,106473
38751,5846,795,50,4,0.6765513578100093,69,12,6,0,1,2023-07,106474
26991,8786,557,37,6,0.6724444803282716,41,20,1,0,1,2023-08,106475
46311,5233,577,24,6,0.22759977792883515,57,13,2,0,0,2023-08,106476
14916,7088,701,19,8,0.8550739463183623,29,20,1,0,1,2023-09,106477
15143,4432,788,36,1,0.3558822552598704,39,23,8,0,0,2023-06,106478
30855,6140,561,23,3,0.43387370222708865,60,4,7,0,0,2023-08,106479
20581,9981,767,57,7,0.33874361601654035,21,26,4,0,1,2023-08,106480
6907,4796,625,19,3,0.8136613260287022,22,22,3,0,0,2023-05,106481
34424,7722,548,52,2,0.6669263941003356,61,6,6,0,1,2023-06,106482
28308,5055,587,19,9,0.804236922201641,27,13,8,0,1,2023-09,106483
46984,6336,833,29,5,0.7227187243434403,28,10,7,0,1,2023-08,106484
46505,3782,760,10,2,0.28332690753552153,47,3,7,0,0,2023-07,106485
41942,4507,678,21,1,0.44119982068080427,40,9,1,0,0,2023-05,106486
31957,8880,568,10,8,0.6058121276720971,52,15,9,0,1,2023-05,106487
30464,7870,559,59,2,0.4439560251450909,53,26,8,0,1,2023-06,106488
28649,8855,801,18,0,0.3658431235248932,23,5,1,0,0,2023-06,106489
47065,8959,748,21,8,0.8958495752532798,67,26,7,0,1,2023-06,106490
32125,8102,668,20,4,0.7982269401723008,44,25,4,0,1,2023-05,106491
39758,6854,768,36,6,0.4761760484433413,51,26,5,0,1,2023-05,106492
10596,3676,611,10,1,0.8120098901031187,31,22,9,0,0,2023-09,106493
21374,4830,599,26,0,0.7020308947561824,21,22,8,0,0,2023-06,106494
8775,7090,714,35,5,0.2030285869059174,66,9,7,0,0,2023-07,106495
32388,7306,612,28,4,0.504209620809308,69,29,4,0,1,2023-05,106496
26029,8432,596,43,9,0.4323899993554644,67,26,5,0,1,2023-07,106497
23445,8723,806,34,5,0.3743268973647175,31,15,4,0,1,2023-06,106498
19645,4360,617,18,1,0.4012715152566759,69,13,8,0,0,2023-05,106499
36105,7585,535,37,6,0.9538918772604181,65,21,4,0,1,2023-09,106500
18668,8522,836,53,0,0.5890536543932299,45,3,5,0,1,2023-07,106501
20960,5686,789,47,7,0.8781669745792957,40,19,0,0,1,2023-06,106502
16357,3190,803,32,6,0.37137372172238603,63,2,7,0,0,2023-05,106503
42203,9814,846,39,6,0.3395230397167587,56,18,7,0,1,2023-07,106504
20804,3842,623,50,5,0.9110316706511279,55,14,7,0,1,2023-08,106505
19626,3334,539,54,9,0.5965637486259743,37,22,6,0,0,2023-06,106506
33132,8738,640,38,4,0.9161217002499304,43,24,6,0,1,2023-07,106507
12951,4110,525,9,8,0.2504230822970199,49,13,5,0,0,2023-06,106508
11449,3578,641,23,2,0.9331484177410463,36,27,6,0,0,2023-07,106509
24065,3061,835,11,8,0.5323562530737784,35,24,8,0,1,2023-08,106510
40967,3386,556,33,4,0.3242963899374782,61,8,4,0,0,2023-05,106511
44536,4169,649,49,7,0.7467061515481552,36,10,8,0,1,2023-07,106512
14130,5200,704,32,2,0.8375221466354057,63,23,8,0,1,2023-06,106513
28824,7714,575,31,6,0.2378997820651203,31,2,3,0,0,2023-05,106514
46401,4683,784,25,9,0.9897567795349489,46,10,8,0,1,2023-09,106515
41993,9841,709,18,3,0.7576215098529444,23,27,7,0,1,2023-06,106516
36875,8973,757,33,4,0.4571215933262755,54,2,4,0,1,2023-07,106517
11054,9321,758,39,3,0.3210350365563125,20,29,9,0,1,2023-06,106518
39273,9990,683,54,8,0.5140251317425718,31,26,2,0,1,2023-06,106519
46821,3486,827,28,6,0.3764525284469007,48,23,8,0,1,2023-07,106520
15832,6732,510,15,5,0.5953225788784766,27,4,2,0,0,2023-08,106521
34670,8373,659,56,5,0.8255141667922621,27,22,2,0,1,2023-08,106522
27852,9643,759,35,9,0.7281043111604426,31,9,2,0,1,2023-08,106523
28620,3540,587,27,6,0.5487479238253832,55,21,0,0,0,2023-07,106524
33307,8631,683,10,4,0.29515513966403967,67,10,5,0,0,2023-08,106525
6551,5060,515,58,9,0.9657255378944056,53,4,2,0,0,2023-07,106526
32812,7246,743,49,2,0.4162964203603894,55,3,9,0,1,2023-09,106527
18799,8169,585,55,2,0.4222676367000139,23,7,2,0,0,2023-07,106528
31312,4238,698,14,6,0.716401777470826,30,23,8,0,1,2023-06,106529
44620,3990,509,48,9,0.8164076977176822,22,23,6,0,1,2023-07,106530
6449,9787,663,9,0,0.9873222122538796,29,16,7,0,0,2023-07,106531
29426,7467,523,47,3,0.9753314085022451,31,5,0,0,0,2023-06,106532
40427,8232,563,6,9,0.9310084193856645,68,13,7,0,1,2023-05,106533
45277,5299,811,39,7,0.5482508539066799,28,10,7,0,1,2023-07,106534
36551,9196,737,46,3,0.3333357278051585,40,24,7,0,1,2023-09,106535
29277,8249,844,31,0,0.6675769626293022,53,27,5,0,1,2023-06,106536
40489,6907,737,23,4,0.21380520443741446,41,2,9,0,0,2023-06,106537
14637,7288,521,21,0,0.3569990711963148,37,16,4,0,0,2023-08,106538
48258,9734,679,28,8,0.2020235174358117,63,20,3,0,1,2023-05,106539
40693,4080,805,51,7,0.34442873005723107,25,1,8,0,1,2023-09,106540
14824,9240,546,41,6,0.5798056987170048,44,6,6,0,0,2023-08,106541
31950,3197,778,31,4,0.5146594488747327,69,22,0,0,0,2023-07,106542
28488,5194,723,7,3,0.4954372519413114,64,19,0,0,0,2023-06,106543
44008,4598,717,49,6,0.86476229114709,34,1,0,0,1,2023-05,106544
5215,4600,736,57,2,0.7399970437165424,20,28,3,0,0,2023-06,106545
45067,9866,703,10,7,0.9491454102968848,59,5,8,0,1,2023-08,106546
16523,6692,838,34,4,0.556272872542138,37,12,2,0,0,2023-09,106547
15364,6865,518,9,4,0.41778374038076144,63,17,9,0,0,2023-08,106548
8153,3683,679,52,0,0.29814763042668446,50,19,0,0,0,2023-07,106549
28834,6083,661,40,9,0.7376219165481168,39,8,0,0,1,2023-09,106550
39474,6989,784,27,7,0.8733928707773255,63,10,2,0,1,2023-09,106551
48066,3332,560,54,6,0.34699149140940505,44,25,6,0,1,2023-08,106552
39335,8339,584,13,0,0.9030021956100289,52,3,7,0,1,2023-05,106553
15400,8517,534,49,3,0.6210209613562665,29,9,3,0,0,2023-06,106554
15345,8461,504,26,3,0.31526450571276154,48,7,1,0,0,2023-06,106555
38896,8917,575,13,8,0.7142906599214041,38,24,6,0,1,2023-06,106556
24894,9655,752,57,9,0.6160421932297708,47,6,8,0,1,2023-06,106557
33899,9315,506,57,1,0.22254683785018586,46,15,9,0,0,2023-09,106558
45635,8587,668,10,3,0.5193945637812993,38,13,5,0,1,2023-08,106559
33229,4771,629,26,9,0.8278303943543288,62,14,1,0,1,2023-08,106560
10583,9106,637,32,2,0.6443390027376857,50,5,8,0,0,2023-07,106561
9897,9707,799,43,9,0.42563290101002443,54,26,6,0,1,2023-06,106562
11001,9655,825,10,4,0.9429134107060397,33,29,8,0,1,2023-05,106563
48881,8308,590,26,6,0.39022323043508794,69,24,1,0,1,2023-07,106564
9567,8239,662,13,4,0.40218880554609293,25,28,9,0,0,2023-06,106565
14271,7200,817,27,4,0.48371147702421047,28,2,3,0,0,2023-06,106566
16703,5721,752,23,3,0.9156302890049028,60,7,5,0,0,2023-05,106567
18329,3806,700,9,8,0.6061003163404131,46,1,9,0,0,2023-06,106568
40509,4064,519,9,5,0.7457432473806631,36,16,6,0,0,2023-05,106569
11256,3888,728,42,9,0.9810113380082244,55,7,2,0,1,2023-05,106570
5228,5923,662,20,5,0.8266370375138916,23,15,9,0,0,2023-09,106571
29746,9820,664,43,5,0.33808009492087465,43,6,4,0,1,2023-08,106572
21678,3320,731,32,5,0.8306831432319812,35,20,3,0,0,2023-07,106573
42052,6957,827,26,0,0.7986697193808152,36,19,4,0,1,2023-07,106574
28185,5382,737,53,5,0.3860935955817805,22,9,5,0,0,2023-08,106575
38686,6231,619,51,3,0.46027986471009275,58,22,5,0,1,2023-08,106576
16445,5311,606,51,1,0.7681025918904616,56,6,6,0,0,2023-09,106577
38266,6601,749,53,5,0.3907144752542869,22,29,5,0,1,2023-06,106578
7809,4500,835,59,0,0.36654949520209545,63,17,5,0,0,2023-08,106579
42729,9495,783,9,0,0.762778217704265,60,5,3,0,1,2023-09,106580
46785,4568,697,16,4,0.904476394255811,54,15,1,0,1,2023-05,106581
41547,8892,719,24,5,0.26001334609769605,22,28,9,0,1,2023-06,106582
47818,6281,650,24,1,0.5567261882064902,35,7,6,0,0,2023-07,106583
39886,4519,785,32,9,0.6857401762632063,39,14,6,0,1,2023-09,106584
11391,4918,764,45,7,0.7410214286656545,64,20,2,0,1,2023-05,106585
5145,7089,719,47,3,0.9969567298998632,25,28,4,0,1,2023-07,106586
18929,4865,715,33,3,0.7461535682533766,52,18,5,0,0,2023-09,106587
29326,4405,814,10,9,0.6961232903977232,62,29,9,0,1,2023-05,106588
34991,5723,655,53,4,0.9917873218472015,69,25,8,0,1,2023-05,106589
42333,8600,715,30,9,0.24853451230254706,46,22,2,0,1,2023-09,106590
21576,9055,834,8,3,0.25954951692247863,49,25,2,0,0,2023-09,106591
44405,3004,613,31,4,0.6485460211392674,54,24,4,0,0,2023-08,106592
33464,9177,660,15,9,0.4869316914796727,37,17,1,0,1,2023-06,106593
13243,4168,802,29,2,0.2773580109976448,49,18,2,0,0,2023-09,106594
36601,5398,597,34,7,0.4451591168742325,62,2,5,0,0,2023-09,106595
7410,5630,656,50,5,0.7394835899261152,45,29,2,0,0,2023-08,106596
6820,9608,661,12,7,0.9044919709493042,34,18,0,0,0,2023-06,106597
40289,3347,541,49,4,0.2754595813252434,51,14,6,0,0,2023-07,106598
43650,8861,679,28,6,0.6321160499872833,54,4,6,0,1,2023-05,106599
39635,7220,802,51,9,0.43689245183713754,31,7,1,0,1,2023-05,106600
12465,4813,829,32,6,0.7338609306350452,40,7,4,0,0,2023-08,106601
37439,6342,550,47,5,0.6395611955660054,31,1,8,0,1,2023-05,106602
32314,9500,751,14,9,0.9413688048177435,68,8,2,0,1,2023-05,106603
49229,5574,849,49,3,0.2301471095599105,20,20,7,0,1,2023-07,106604
24583,6825,619,8,5,0.5760298199521131,30,24,3,0,0,2023-05,106605
32155,7593,574,18,8,0.3542076442805672,44,10,2,0,0,2023-06,106606
43871,8272,661,11,3,0.6294253669313965,66,9,1,0,1,2023-06,106607
17197,3052,648,43,5,0.8828634752534745,28,7,8,0,0,2023-07,106608
34511,3148,622,26,5,0.9290532222288468,58,3,4,0,0,2023-06,106609
20424,3502,640,24,2,0.5185853305737615,62,12,8,0,0,2023-07,106610
5240,3869,681,30,3,0.8494244186126607,46,3,7,0,0,2023-06,106611
9631,6521,776,44,2,0.42440645978040437,48,5,2,0,0,2023-05,106612
14599,7314,756,9,2,0.20504395705534453,69,7,3,0,0,2023-09,106613
49462,6871,824,27,9,0.8841912460183752,46,12,5,0,1,2023-06,106614
29658,4300,744,10,3,0.2955297939252917,47,23,9,0,0,2023-08,106615
42845,5499,585,6,3,0.21408889869035877,58,25,4,0,0,2023-07,106616
37574,9226,570,55,5,0.4830381306943589,37,17,9,0,1,2023-05,106617
41536,7033,768,22,3,0.503503991699966,34,14,9,0,1,2023-05,106618
46910,6289,679,14,5,0.261776136617818,35,3,2,0,0,2023-09,106619
12995,7833,778,14,1,0.8513461171875769,66,1,4,0,0,2023-07,106620
30186,6853,648,58,3,0.5244741841666667,42,22,4,0,1,2023-07,106621
34245,9670,505,29,1,0.5919388910156755,49,28,8,0,1,2023-08,106622
27813,5451,647,15,7,0.4117002143622654,55,26,3,0,0,2023-05,106623
18276,7385,831,25,8,0.6092054018772783,54,23,7,0,1,2023-08,106624
24989,9563,667,22,6,0.8133851124938669,47,18,3,0,1,2023-07,106625
17746,3338,508,18,5,0.9249461724004135,65,14,9,0,0,2023-07,106626
49243,5824,677,34,7,0.9764236805881195,22,25,1,0,1,2023-08,106627
23557,9854,783,41,3,0.5413791396810912,35,13,2,0,1,2023-07,106628
33060,4693,615,28,9,0.9920270870147674,34,12,3,0,1,2023-05,106629
11568,8964,595,32,1,0.4359645693781451,38,5,7,0,0,2023-08,106630
40369,3986,830,23,3,0.20558074822804812,29,3,8,0,0,2023-08,106631
24041,8054,843,23,4,0.8140936351181078,68,14,5,0,1,2023-07,106632
11080,6490,555,59,8,0.3427485188329589,23,7,7,0,0,2023-07,106633
18854,8326,706,14,4,0.2419638704990903,41,7,9,0,0,2023-06,106634
7159,5733,604,8,8,0.939207138078159,37,17,4,0,0,2023-08,106635
32025,6767,534,12,8,0.8334486643975896,41,6,4,0,1,2023-09,106636
46081,8384,708,20,7,0.2821318412306051,61,15,7,0,1,2023-08,106637
9368,7076,780,35,4,0.8215281219074666,35,19,3,0,0,2023-08,106638
39085,5006,646,14,1,0.8751997579415971,22,15,2,0,0,2023-09,106639
32094,6107,786,46,4,0.924241332146057,63,7,9,0,1,2023-06,106640
6230,7468,580,32,0,0.634955253973088,54,5,1,0,0,2023-07,106641
22517,8607,549,41,7,0.7627296564224768,60,15,7,0,1,2023-07,106642
28991,6330,586,23,1,0.8097914231688088,58,20,4,0,0,2023-07,106643
6301,6041,690,36,6,0.7509111481248856,35,13,5,0,0,2023-05,106644
33610,3530,802,22,1,0.717466896244475,40,26,8,0,1,2023-07,106645
20927,3923,500,59,4,0.6380474022223069,40,7,2,0,0,2023-05,106646
39678,7118,637,58,9,0.5833563633564556,20,13,3,0,1,2023-09,106647
29466,9247,635,11,6,0.9969000156518646,49,13,1,0,1,2023-09,106648
19904,3240,653,44,5,0.47004862433772515,66,13,5,0,0,2023-06,106649
45875,8100,661,30,4,0.2706150163556389,53,23,8,0,1,2023-07,106650
31081,4896,518,47,5,0.812029572002902,67,8,1,0,0,2023-09,106651
29354,6324,827,47,1,0.37105950229559537,58,5,4,0,0,2023-06,106652
32761,8261,742,43,9,0.6261546876949646,65,4,9,0,1,2023-05,106653
23300,3813,628,43,0,0.27664121328045654,42,17,0,0,0,2023-08,106654
34491,7750,675,36,0,0.6954270886534326,53,20,3,0,1,2023-08,106655
40525,3782,779,56,7,0.9552059231225778,49,14,7,0,1,2023-07,106656
31532,9450,583,34,2,0.7781637700855664,69,11,2,0,1,2023-09,106657
11464,7055,721,45,2,0.3716278225812908,52,10,3,0,0,2023-09,106658
21562,3007,824,14,8,0.9769104362310885,35,1,1,0,0,2023-09,106659
46856,6773,644,6,5,0.4456695448196386,60,7,8,0,1,2023-06,106660
47511,8810,605,21,3,0.5492919891930836,49,6,4,0,1,2023-06,106661
13683,7670,824,43,3,0.5984936162982406,22,7,2,0,0,2023-09,106662
37634,6139,510,28,6,0.9925749946987783,64,24,9,0,1,2023-08,106663
5060,6789,665,13,5,0.2551131205753466,21,15,6,0,0,2023-06,106664
14269,8007,695,52,1,0.7573826355484561,45,6,0,0,0,2023-07,106665
28065,7051,730,17,8,0.4895447005541887,37,18,8,0,1,2023-09,106666
7895,3517,646,15,1,0.26266025528195147,21,2,6,0,0,2023-05,106667
20323,6190,737,21,7,0.9480253261062852,59,9,0,0,1,2023-09,106668
17352,6102,512,52,3,0.6718866553144522,22,6,3,0,0,2023-08,106669
49643,8637,718,48,9,0.8028144060710207,36,22,6,0,1,2023-08,106670
43591,7578,756,29,0,0.3923083484570238,43,17,3,0,0,2023-06,106671
35890,9350,501,44,0,0.8092327381035389,21,24,6,0,1,2023-07,106672
37016,5716,709,13,8,0.8627803520185733,25,11,2,0,1,2023-08,106673
16962,3578,724,16,3,0.5446635177715811,59,24,3,0,0,2023-07,106674
38302,7482,693,46,0,0.6575651781983722,45,4,2,0,0,2023-07,106675
24846,7507,695,31,2,0.9774980279436438,68,7,3,0,1,2023-07,106676
9011,4865,759,12,2,0.8773837133662072,25,15,9,0,0,2023-05,106677
24782,8489,556,20,6,0.5558800488545315,31,25,2,0,0,2023-09,106678
7155,4376,612,20,5,0.7316590870046766,40,27,9,0,0,2023-09,106679
44725,9063,712,53,7,0.8273851814420106,35,29,9,0,1,2023-06,106680
14196,8455,778,8,6,0.21946305646259878,25,17,4,0,0,2023-09,106681
48459,5938,743,21,0,0.6706927893002164,53,12,3,0,0,2023-08,106682
26709,3905,616,20,2,0.9876228907301667,22,13,2,0,0,2023-07,106683
18327,8408,586,30,8,0.957744519861065,60,21,4,0,1,2023-06,106684
40474,8058,762,38,3,0.8659523158099556,38,13,9,0,1,2023-06,106685
37769,3964,799,19,2,0.2849712745045483,48,8,8,0,0,2023-07,106686
46993,9283,612,29,4,0.9952331620129213,51,7,0,0,1,2023-07,106687
29700,4976,663,59,7,0.6876305225103594,29,29,3,0,1,2023-07,106688
19820,9443,503,16,0,0.37832659954359243,46,26,6,0,0,2023-06,106689
15891,8132,617,8,1,0.7394149516914534,48,4,3,0,0,2023-08,106690
39629,7759,522,14,6,0.885218849663745,32,3,7,0,1,2023-08,106691
10269,7920,732,11,0,0.2898622086781087,39,17,6,0,0,2023-09,106692
48880,4887,589,36,4,0.9331505146315398,47,16,4,0,1,2023-05,106693
13320,5447,754,21,9,0.9361634251351962,46,19,9,0,1,2023-05,106694
15740,3991,591,16,7,0.21077152498505428,32,2,3,0,0,2023-07,106695
40897,8228,654,55,5,0.9202552973307154,44,21,7,0,1,2023-05,106696
35930,6556,806,22,2,0.9574543345921251,48,14,0,0,1,2023-08,106697
22285,6959,614,54,6,0.23015343758427617,34,16,1,0,0,2023-05,106698
19380,9292,706,8,2,0.4353330588064406,64,17,4,0,0,2023-07,106699
16360,8835,580,24,4,0.4984860054529012,64,4,9,0,0,2023-08,106700
10398,9450,602,29,6,0.4791123776531121,49,8,6,0,0,2023-07,106701
10529,6604,579,52,1,0.8072025898161515,57,9,8,0,0,2023-06,106702
34062,4083,602,47,9,0.48648356737909365,51,16,2,0,1,2023-08,106703
41686,3434,739,13,3,0.965263047915794,69,16,4,0,1,2023-09,106704
22451,3020,764,54,1,0.9959941002437904,26,17,1,0,0,2023-06,106705
11937,5922,532,41,6,0.4534550965649973,54,3,5,0,0,2023-09,106706
44886,9525,534,45,2,0.6070406025652055,52,22,5,0,1,2023-06,106707
15860,9388,748,7,8,0.6461646722400061,31,21,3,0,1,2023-07,106708
30142,4925,549,28,5,0.6635222639736493,42,28,1,0,0,2023-06,106709
30279,4472,779,45,0,0.49936719535623975,24,17,7,0,0,2023-08,106710
43106,4099,741,35,9,0.33279480156706376,62,18,7,0,1,2023-05,106711
40908,9841,651,30,7,0.24364843338490216,63,18,0,0,1,2023-07,106712
45764,5637,646,12,6,0.2850789325198657,50,23,1,0,0,2023-09,106713
19201,3389,538,33,0,0.9210329900750731,35,6,3,0,0,2023-08,106714
45544,6413,688,46,2,0.42430000529640566,52,29,0,0,1,2023-09,106715
42711,5615,524,55,2,0.26145838656883563,69,6,5,0,0,2023-07,106716
13997,4354,743,22,2,0.6988237596354823,20,1,1,0,0,2023-05,106717
45566,9402,722,37,6,0.26024572100902826,41,29,2,0,1,2023-06,106718
25175,7521,729,6,5,0.25604235173521944,47,16,8,0,0,2023-05,106719
45860,8821,652,32,1,0.6972564046969772,24,17,6,0,1,2023-07,106720
8225,8125,787,49,4,0.6731161953588245,23,4,3,0,0,2023-08,106721
49578,3005,607,41,5,0.2331818295599681,20,16,9,0,0,2023-07,106722
40228,3190,532,54,1,0.5683822675495591,34,26,0,0,0,2023-07,106723
46505,3147,610,12,0,0.5486146463248277,56,22,3,0,0,2023-06,106724
28110,7500,620,8,3,0.637351303762044,58,27,9,0,1,2023-05,106725
15754,7353,515,35,3,0.7902757683494299,68,22,5,0,0,2023-07,106726
31655,9873,726,6,3,0.4262400380497553,57,21,7,0,1,2023-07,106727
48601,6550,510,56,0,0.5462242268670483,64,20,8,0,1,2023-09,106728
8114,9233,702,39,2,0.834194147488772,43,2,3,0,0,2023-06,106729
31502,7919,701,43,6,0.938045112368455,42,23,5,0,1,2023-08,106730
25028,7105,597,48,3,0.9130583784399025,66,12,1,0,1,2023-09,106731
22587,4110,615,58,1,0.5821047616752334,26,16,1,0,0,2023-06,106732
47719,6833,780,41,7,0.6166926376016815,50,6,5,0,1,2023-09,106733
40333,7933,848,38,0,0.6232843537217275,26,16,8,0,1,2023-06,106734
8174,8083,731,48,8,0.8949724557659879,32,7,2,0,1,2023-09,106735
40398,3624,610,21,4,0.8719516055504006,23,14,3,0,0,2023-05,106736
40929,7125,511,43,1,0.4492260228362761,37,3,8,0,0,2023-08,106737
9321,5175,520,16,3,0.33027975153762823,59,1,8,0,0,2023-08,106738
35435,6149,626,13,2,0.5031796491936813,38,17,4,0,0,2023-06,106739
12099,9564,784,57,6,0.43072510659952096,35,20,8,0,1,2023-05,106740
28760,4078,620,6,5,0.9606245798519277,37,4,4,0,0,2023-05,106741
16360,6551,623,19,8,0.41273254355092126,35,7,4,0,0,2023-05,106742
15313,5352,532,35,3,0.34496534538154844,67,29,6,0,0,2023-07,106743
25462,3545,669,26,2,0.9195832500473724,50,7,5,0,0,2023-09,106744
10801,8224,576,26,6,0.26918288348485686,44,4,9,0,0,2023-05,106745
19130,4195,796,39,5,0.4082128411411682,21,7,6,0,0,2023-05,106746
19271,8618,829,43,4,0.5512889552004707,65,8,9,0,1,2023-05,106747
21075,5069,562,31,9,0.6760859025277457,47,9,1,0,0,2023-06,106748
41919,6358,769,46,6,0.46213831709864506,35,22,8,0,1,2023-09,106749
46679,5438,715,19,4,0.596987197536804,55,15,5,0,1,2023-06,106750
23984,3616,689,59,8,0.3590649491444852,64,4,8,0,1,2023-07,106751
27559,7244,574,45,3,0.6594192961803884,59,26,0,0,0,2023-05,106752
17861,6343,673,40,0,0.5262534466237276,54,18,1,0,0,2023-05,106753
38434,4811,566,47,9,0.8794077498147603,43,25,6,0,1,2023-05,106754
21667,9442,592,23,4,0.5325873067109219,54,12,1,0,0,2023-06,106755
10840,3171,552,25,0,0.5550523343056402,49,23,5,0,0,2023-05,106756
8565,7142,593,14,0,0.67373999147393,56,6,1,0,0,2023-08,106757
48194,3625,612,46,0,0.29853600326155316,30,4,9,0,0,2023-07,106758
25977,8906,728,56,0,0.32543614136502486,64,4,4,0,0,2023-07,106759
26118,7063,749,50,7,0.8321901977817923,53,18,5,0,1,2023-06,106760
27641,5254,708,38,1,0.41873502331163764,57,1,6,0,0,2023-06,106761
12366,3452,681,54,8,0.7477575431427648,58,21,0,0,0,2023-05,106762
31636,4418,766,9,6,0.2779415759817617,43,6,1,0,0,2023-05,106763
20630,3753,780,9,2,0.8574773282544106,48,26,1,0,0,2023-05,106764
25056,6372,654,53,8,0.9905824887351657,23,9,0,0,1,2023-09,106765
12382,9851,582,21,3,0.4989527561662275,60,17,2,0,0,2023-06,106766
21149,8104,685,52,6,0.6044240815319173,69,21,5,0,1,2023-06,106767
5992,5723,848,31,2,0.5541695838718419,49,11,8,0,0,2023-07,106768
11858,9998,638,11,4,0.9153501989112189,33,29,2,0,1,2023-07,106769
7121,9926,554,42,3,0.20794723015750372,43,21,2,0,0,2023-08,106770
32160,8229,518,27,5,0.7227674569310689,57,9,1,0,0,2023-05,106771
25906,9827,847,47,8,0.7218946182428263,53,11,1,0,1,2023-07,106772
24572,6010,845,44,4,0.5059080066383626,55,27,6,0,1,2023-08,106773
9136,5911,766,12,0,0.3754669136936117,34,4,3,0,0,2023-06,106774
21727,4225,641,47,4,0.39174614513202854,54,13,5,0,0,2023-09,106775
37167,3167,815,35,4,0.840371296971113,48,29,7,0,1,2023-07,106776
20479,6685,663,15,8,0.25288247709996725,55,19,4,0,0,2023-08,106777
36376,3085,751,20,7,0.6510593170194872,23,3,2,0,0,2023-07,106778
9823,4677,731,11,4,0.44547248238261244,34,22,1,0,0,2023-09,106779
9920,4982,796,29,4,0.41219824997465637,30,27,5,0,0,2023-07,106780
24585,7944,559,7,1,0.6045901324248288,68,1,7,0,0,2023-09,106781
43239,4486,521,45,8,0.9182892050238136,34,17,9,0,1,2023-06,106782
22272,3441,625,57,3,0.6944735352298648,40,17,3,0,0,2023-09,106783
31619,3270,602,20,6,0.8308885022042589,54,7,1,0,0,2023-08,106784
14533,8696,720,58,9,0.6805470234103048,42,14,2,0,1,2023-08,106785
44895,3343,609,26,5,0.7581726238981925,29,5,2,0,0,2023-05,106786
8720,4206,557,23,4,0.5459261190346365,23,14,8,0,0,2023-06,106787
24267,9646,564,10,4,0.9407853081665472,64,11,9,0,1,2023-09,106788
20696,6081,557,30,6,0.6015512163513288,44,25,3,0,0,2023-06,106789
34968,9637,657,41,1,0.6414197353814105,21,28,5,0,1,2023-08,106790
28345,4257,575,15,8,0.6199724026038798,57,27,8,0,1,2023-09,106791
30693,5291,518,56,1,0.4529512161319348,38,3,9,0,0,2023-05,106792
24385,4532,689,51,8,0.38499074847934855,43,6,7,0,1,2023-07,106793
23122,6422,749,28,3,0.259067971292444,27,7,8,0,0,2023-05,106794
6364,7362,578,29,9,0.774539985602039,25,19,5,0,0,2023-05,106795
7708,4653,583,50,9,0.43142021053629664,39,9,1,0,0,2023-08,106796
17982,7988,671,15,5,0.5113583705564857,33,2,4,0,0,2023-05,106797
22308,9344,711,59,0,0.9359425301809703,59,28,9,0,1,2023-07,106798
37919,3238,648,11,4,0.653157879529499,25,12,2,0,0,2023-09,106799
30161,3914,509,18,5,0.27766245112315063,31,7,2,0,0,2023-06,106800
40089,4438,529,26,8,0.8396895302590799,60,10,9,0,1,2023-09,106801
18865,6016,779,37,8,0.4049044792875644,26,20,0,0,0,2023-06,106802
5495,9627,554,48,8,0.642164674116946,64,15,3,0,1,2023-06,106803
49755,4460,626,59,2,0.6079851798911925,49,25,6,0,1,2023-06,106804
7148,9389,679,20,3,0.3904630738815046,35,23,2,0,0,2023-05,106805
38324,8977,731,7,7,0.2926168278356649,27,24,6,0,1,2023-08,106806
18393,6079,592,20,7,0.3690092851959745,33,27,5,0,0,2023-07,106807
6552,9295,507,56,1,0.2778702396511725,67,26,0,0,0,2023-08,106808
40853,8511,746,22,7,0.42050241516168096,39,19,4,0,1,2023-06,106809
37924,5258,830,25,6,0.9978380085899716,47,6,5,0,1,2023-08,106810
13926,3366,695,55,8,0.521673812193106,25,20,8,0,0,2023-05,106811
35851,5991,662,11,4,0.8911107130680083,49,13,9,0,1,2023-08,106812
28889,6741,539,20,1,0.6393421537032491,23,20,5,0,0,2023-05,106813
44930,8689,753,22,4,0.7332664634669863,55,12,7,0,1,2023-07,106814
13055,3085,584,31,1,0.32507837580044496,22,18,1,0,0,2023-08,106815
9654,8832,771,27,4,0.4198446939375804,29,16,0,0,0,2023-09,106816
27634,8753,577,14,8,0.6083547384231405,57,11,0,0,1,2023-09,106817
37363,9137,712,17,6,0.9049147473814725,46,26,6,0,1,2023-07,106818
16468,5493,803,27,6,0.23431042870795216,37,25,7,0,0,2023-09,106819
37922,7715,754,28,0,0.6055359676525767,64,11,7,0,1,2023-07,106820
45718,9447,590,42,8,0.24080977000674395,30,1,2,0,1,2023-07,106821
22380,3131,692,19,5,0.565458141159426,55,1,4,0,0,2023-08,106822
31870,3903,752,29,6,0.7030945274661096,59,7,6,0,1,2023-09,106823
42394,6456,777,13,1,0.795778553142646,54,26,8,0,1,2023-08,106824
19259,8083,642,31,0,0.31082560420850136,63,7,4,0,0,2023-09,106825
19873,4221,743,37,3,0.3332602267690785,32,4,3,0,0,2023-06,106826
18016,9190,711,33,8,0.5760519373534325,42,14,3,0,1,2023-09,106827
47137,4763,694,37,8,0.9984291663832592,62,24,5,0,1,2023-06,106828
5153,5804,769,27,2,0.48483746852541076,28,5,8,0,0,2023-07,106829
12853,4226,828,54,0,0.5420219418903283,23,22,0,0,0,2023-08,106830
17379,4284,518,14,1,0.5459573942516412,62,12,0,0,0,2023-09,106831
20792,3689,539,8,8,0.2645606570856764,59,4,0,0,0,2023-06,106832
43367,8143,597,30,8,0.8193377162319964,69,3,3,0,1,2023-09,106833
23100,7782,503,44,0,0.402481219540886,50,18,3,0,0,2023-05,106834
16049,7881,532,17,8,0.762933645506336,22,24,7,0,1,2023-05,106835
5786,7435,798,34,0,0.5800719030684727,55,27,4,0,0,2023-09,106836
9368,7507,664,8,9,0.6894237937755072,36,5,9,0,1,2023-09,106837
35699,4996,526,46,3,0.243177309195997,35,26,3,0,0,2023-08,106838
42040,7381,672,51,4,0.911972547533253,58,6,7,0,1,2023-09,106839
32454,4109,836,28,7,0.3950854155357707,21,14,6,0,1,2023-05,106840
43762,7945,612,28,4,0.7360763100006695,24,6,5,0,1,2023-05,106841
28600,3429,594,23,4,0.8384152896529293,52,20,1,0,0,2023-09,106842
34238,8700,818,16,3,0.6320309738265577,32,25,4,0,1,2023-08,106843
30241,7126,732,41,8,0.46986721766289935,31,23,1,0,1,2023-09,106844
24810,6781,633,31,7,0.9823226995848615,38,12,5,0,1,2023-09,106845
25167,3602,623,13,8,0.4227517706165565,41,28,8,0,0,2023-08,106846
26811,3439,822,33,6,0.9589298696986164,59,26,8,0,1,2023-08,106847
44779,3984,615,23,6,0.32497930694778543,27,12,5,0,0,2023-06,106848
25085,8468,512,18,4,0.5113777052178748,63,29,3,0,0,2023-05,106849
14261,4918,819,41,9,0.31079646731784183,23,8,9,0,1,2023-08,106850
23733,7507,664,47,0,0.2017923784589568,26,23,8,0,0,2023-09,106851
44779,3527,707,45,5,0.4082068323171799,67,20,4,0,1,2023-07,106852
34079,7405,584,49,9,0.26976832073516377,41,25,7,0,1,2023-05,106853
38980,5996,747,56,5,0.9890764184722778,37,2,8,0,1,2023-05,106854
19141,6467,555,17,9,0.809322654361442,25,5,4,0,0,2023-05,106855
14344,8907,671,27,3,0.20296383705760707,69,18,5,0,0,2023-08,106856
44472,4361,640,7,1,0.3789172678588737,23,24,3,0,0,2023-07,106857
20896,9817,631,45,0,0.7360993930269737,60,25,0,0,0,2023-07,106858
28817,9134,700,33,2,0.5188416905318036,64,3,0,0,0,2023-07,106859
34813,9580,788,18,8,0.865474050435382,31,16,4,0,1,2023-06,106860
23895,3703,808,38,0,0.6038886227005853,67,5,2,0,0,2023-09,106861
5143,3662,844,8,4,0.7229211357859433,56,9,6,0,0,2023-06,106862
15681,3364,678,39,9,0.6776299180755845,21,6,3,0,0,2023-08,106863
12367,3922,528,28,5,0.7105351204989074,22,19,3,0,0,2023-06,106864
8228,9256,806,37,8,0.3840790830617441,64,22,3,0,1,2023-05,106865
9582,6856,805,25,0,0.4986315513649533,40,25,5,0,0,2023-06,106866
18147,3175,535,33,4,0.24050340229159312,58,27,8,0,0,2023-09,106867
16397,8268,608,13,0,0.670109211750567,32,27,8,0,0,2023-05,106868
43799,8297,815,8,1,0.5674067696606204,67,16,4,0,1,2023-05,106869
42011,3935,645,35,1,0.8085729192152578,33,26,7,0,1,2023-06,106870
18647,3381,775,30,4,0.36510597169731374,49,7,3,0,0,2023-09,106871
32718,8378,645,58,9,0.5494496928542414,37,4,7,0,1,2023-06,106872
49264,8308,667,35,3,0.344596346445909,32,16,9,0,1,2023-07,106873
47317,3305,756,34,5,0.6911833801987537,33,20,8,0,1,2023-06,106874
24097,8497,774,52,4,0.8784242052091618,60,17,7,0,1,2023-09,106875
41953,7697,586,35,1,0.812354598759188,59,19,7,0,1,2023-09,106876
45096,5390,653,39,8,0.9553583781047099,44,28,8,0,1,2023-07,106877
22107,5203,784,30,9,0.9773806254908728,56,25,9,0,1,2023-08,106878
8010,7807,814,22,7,0.8176270940655925,46,17,7,0,1,2023-06,106879
10555,4465,818,29,8,0.4294448683042069,42,13,3,0,0,2023-06,106880
5067,6271,597,43,5,0.3754091017722546,26,2,4,0,0,2023-08,106881
33412,3402,710,33,4,0.558039227639155,67,2,9,0,1,2023-06,106882
49953,7709,547,38,4,0.9951069556616965,29,24,5,0,1,2023-06,106883
39305,9940,817,41,1,0.5301344166537243,44,22,4,0,1,2023-09,106884
16549,5670,773,56,3,0.35925472845781503,54,23,8,0,1,2023-06,106885
10680,4801,693,12,1,0.9554743022265928,43,27,1,0,0,2023-05,106886
30739,5650,751,28,1,0.5087343820768182,68,4,5,0,0,2023-08,106887
26209,3176,782,59,7,0.7527191097821049,61,16,9,0,1,2023-06,106888
46515,7544,761,51,3,0.8305223828916695,30,27,1,0,1,2023-07,106889
27432,3742,761,31,3,0.8745247216476273,39,4,7,0,0,2023-05,106890
20116,8660,530,19,6,0.8570243096982324,29,20,7,0,1,2023-05,106891
25045,9074,604,47,3,0.8689974903999842,69,12,4,0,1,2023-07,106892
31327,5348,849,33,8,0.7341227420623047,40,22,9,0,1,2023-06,106893
40709,9850,811,29,8,0.523064855417968,47,28,7,0,1,2023-07,106894
48617,7402,668,12,2,0.7338294832510697,47,28,4,0,1,2023-09,106895
31905,3750,735,53,5,0.8693874672479307,46,29,3,0,1,2023-07,106896
12067,3868,773,41,6,0.48051397169953686,52,29,8,0,1,2023-08,106897
37559,7062,842,44,2,0.4372063922336321,23,20,7,0,1,2023-05,106898
47919,6967,729,20,3,0.47496577368413084,54,14,3,0,1,2023-09,106899
22985,3213,522,54,0,0.6410267168234947,39,1,1,0,0,2023-09,106900
32369,4617,663,8,8,0.24195509985115563,25,17,1,0,0,2023-07,106901
22864,8759,780,53,6,0.823176655213472,25,24,1,0,1,2023-05,106902
27614,5530,506,7,9,0.3110815667601616,36,18,9,0,0,2023-07,106903
20613,6333,709,12,6,0.3062709254272791,38,12,7,0,0,2023-06,106904
11447,4597,752,21,8,0.358127311484884,68,25,5,0,0,2023-09,106905
10499,9276,632,26,5,0.6615419479779987,36,10,0,0,0,2023-07,106906
44041,8768,773,14,7,0.4284547006431648,68,24,9,0,1,2023-07,106907
36315,3511,605,17,4,0.4944722631892418,22,15,3,0,0,2023-05,106908
6299,9354,731,34,7,0.9453192887825024,65,17,2,0,1,2023-06,106909
44469,8082,532,29,9,0.8777617439815881,53,26,9,0,1,2023-08,106910
9994,9860,578,38,0,0.8817524264838259,23,11,6,0,0,2023-07,106911
34878,3252,534,19,2,0.6621134666607903,42,24,9,0,0,2023-06,106912
20627,7133,609,48,3,0.8931729178323846,37,25,4,0,1,2023-06,106913
12489,3628,820,23,8,0.8228526602724429,53,20,0,0,0,2023-06,106914
31111,6476,562,59,7,0.9625894423288499,48,7,5,0,1,2023-05,106915
37355,3986,827,10,7,0.2514947240175325,63,20,3,0,0,2023-09,106916
13269,4725,796,20,1,0.2229817069231463,34,29,9,0,0,2023-08,106917
7831,5093,677,12,6,0.3400239525791129,64,19,5,0,0,2023-09,106918
49370,8573,731,30,2,0.9432678564063806,30,11,6,0,1,2023-07,106919
16819,4701,603,19,5,0.6844520847633968,58,1,8,0,0,2023-09,106920
29813,3304,793,57,3,0.5408900141562247,28,18,0,0,0,2023-06,106921
26637,8834,534,45,5,0.6101688491809214,66,23,5,0,1,2023-07,106922
6996,7078,693,41,3,0.863683670582136,54,22,7,0,1,2023-06,106923
49387,5280,673,40,2,0.9432879966431393,29,15,3,0,1,2023-08,106924
8089,7340,601,49,1,0.783759067448728,59,13,9,0,0,2023-07,106925
38291,8840,823,55,3,0.8078782663498372,57,24,8,0,1,2023-07,106926
25659,5807,792,29,9,0.4563024353310704,48,27,3,0,1,2023-09,106927
35429,5886,584,20,1,0.5736281562196314,65,16,3,0,0,2023-08,106928
20732,6454,700,16,6,0.9081681547769327,25,19,8,0,1,2023-09,106929
24506,9301,672,29,0,0.828747288058062,38,6,3,0,0,2023-07,106930
45935,4024,528,16,0,0.7474167347690781,45,28,8,0,0,2023-07,106931
10190,7312,796,49,4,0.25219746871049636,28,22,0,0,0,2023-08,106932
9575,5975,555,56,6,0.2316057755631639,60,28,7,0,0,2023-07,106933
45495,3506,515,22,0,0.30432875449119606,67,16,1,0,0,2023-07,106934
39565,7856,639,11,3,0.6651128793582668,64,18,7,0,1,2023-06,106935
39899,5951,565,26,4,0.62910947787292,32,1,4,0,0,2023-09,106936
28706,9724,646,13,1,0.9541526612376432,45,18,0,0,0,2023-07,106937
27884,4053,657,20,6,0.7558077120347171,63,9,0,0,0,2023-08,106938
22199,5674,568,59,3,0.4351780938763408,39,13,5,0,0,2023-06,106939
49100,5567,522,57,7,0.3291970350525578,21,16,0,0,0,2023-06,106940
44434,4904,689,37,0,0.8796265914627057,23,22,1,0,0,2023-06,106941
17479,7370,747,15,9,0.5676992829512193,26,19,2,0,1,2023-07,106942
39178,7587,808,33,0,0.7227755979270791,38,26,1,0,1,2023-05,106943
17665,7922,644,20,0,0.6521148852726424,54,23,8,0,0,2023-09,106944
5534,8046,804,17,3,0.28596507690930806,30,1,9,0,0,2023-09,106945
31292,5894,676,48,0,0.24564670694546165,38,29,5,0,0,2023-08,106946
41132,8274,694,23,4,0.5016145517731309,51,8,8,0,1,2023-06,106947
41110,4100,512,42,5,0.4892402380365741,33,10,4,0,0,2023-06,106948
27469,6661,665,49,6,0.739038490375125,68,7,3,0,1,2023-08,106949
42268,4636,649,29,7,0.7057603272809294,24,3,1,0,0,2023-06,106950
6172,4455,840,42,7,0.9751527427711955,44,13,3,0,1,2023-08,106951
32914,6613,544,59,1,0.8864796022172574,33,20,7,0,1,2023-09,106952
25901,3038,673,34,3,0.5972660206202303,58,11,1,0,0,2023-07,106953
45775,9382,666,15,6,0.6000202820501565,31,23,7,0,1,2023-07,106954
39409,6084,696,19,8,0.7393033832901554,68,20,1,0,1,2023-09,106955
24324,9265,705,21,8,0.29127246621862046,39,5,0,0,0,2023-06,106956
13738,7239,581,42,2,0.9999124517051141,37,13,3,0,0,2023-08,106957
42494,5731,567,16,6,0.6150464809948992,20,12,6,0,0,2023-08,106958
49557,9598,596,56,3,0.9279238991271759,62,16,1,0,1,2023-09,106959
29054,5415,666,31,8,0.9738850677217663,23,17,2,0,1,2023-09,106960
34709,3758,576,45,6,0.6653141919218124,31,14,5,0,0,2023-08,106961
48785,7342,736,24,5,0.2826789180198203,45,21,1,0,1,2023-08,106962
25107,6116,695,57,8,0.658676646735977,51,26,8,0,1,2023-06,106963
5363,3764,790,59,6,0.6781139497327895,56,10,5,0,0,2023-08,106964
15358,5422,635,23,7,0.831354509418665,34,13,5,0,0,2023-06,106965
41077,4314,807,35,4,0.23858341359592494,54,12,7,0,1,2023-07,106966
8240,7302,795,37,3,0.5730522937560751,45,4,0,0,0,2023-08,106967
11665,6995,535,28,0,0.9382162066694506,34,19,9,0,0,2023-08,106968
6936,9114,747,58,7,0.9930392629429228,27,12,2,0,1,2023-07,106969
30538,9662,753,17,5,0.3531061430073901,47,25,1,0,1,2023-05,106970
48965,7029,713,18,3,0.8964791941880281,49,1,0,0,1,2023-07,106971
16998,9385,751,26,2,0.3170004493045153,62,10,5,0,0,2023-06,106972
5882,6693,569,26,4,0.8729395476543178,63,21,3,0,0,2023-06,106973
25224,6185,733,34,3,0.42182218197413085,22,26,5,0,0,2023-06,106974
44691,5866,828,34,6,0.967700212839314,25,29,7,0,1,2023-08,106975
35825,9445,515,55,5,0.7563974007205096,50,2,6,0,1,2023-07,106976
10204,4317,673,32,2,0.5192884811118077,45,5,2,0,0,2023-06,106977
33885,3700,686,34,9,0.424778663926533,27,21,2,0,0,2023-09,106978
45056,7383,793,20,0,0.3881900219795563,58,26,5,0,1,2023-08,106979
8203,5201,724,52,6,0.7446338615996682,48,27,0,0,0,2023-07,106980
7244,4593,773,17,4,0.9166328020615053,36,17,2,0,0,2023-07,106981
37786,9566,511,46,0,0.8039535756914751,35,4,7,0,1,2023-09,106982
8083,6987,809,24,0,0.8678332304132339,68,7,2,0,0,2023-05,106983
26584,7945,718,17,5,0.8251070141076298,64,15,0,0,1,2023-08,106984
13521,7145,500,28,3,0.9833181331984155,23,1,9,0,0,2023-05,106985
38541,4230,610,10,7,0.8062439414610598,29,28,8,0,1,2023-05,106986
34063,9707,776,31,1,0.36818281477621906,35,29,1,0,1,2023-09,106987
9732,9997,628,58,3,0.833278772379612,38,14,6,0,1,2023-07,106988
32518,9805,592,57,7,0.45765548878784074,58,26,7,0,1,2023-06,106989
44563,5612,538,15,7,0.9966398901302866,69,15,2,0,1,2023-08,106990
44752,9356,815,27,4,0.5013380960801173,32,2,6,0,1,2023-09,106991
34697,6137,658,44,2,0.4342350046777839,23,20,9,0,0,2023-05,106992
7567,4908,685,28,3,0.39137278840712925,51,26,3,0,0,2023-05,106993
21121,9954,755,16,2,0.7268117216466958,37,2,1,0,0,2023-09,106994
6674,9993,738,33,1,0.287376870710025,35,16,3,0,0,2023-07,106995
15875,8782,603,36,3,0.9628479053863777,44,2,7,0,1,2023-09,106996
49340,8836,528,13,8,0.43545014291450973,69,16,1,0,1,2023-08,106997
5739,8439,588,58,5,0.43632048883077784,35,17,5,0,0,2023-07,106998
6545,4790,550,44,3,0.2368528765656473,41,18,9,0,0,2023-05,106999
34140,5928,646,53,0,0.3968140142988594,43,19,2,0,0,2023-06,107000
14327,9056,813,33,6,0.5351834845409902,47,16,2,0,1,2023-08,107001
10127,4088,535,21,1,0.49568511217937666,42,4,5,0,0,2023-06,107002
28331,8251,783,51,5,0.4184159371489762,40,17,2,0,1,2023-08,107003
28004,5381,600,52,9,0.2325950702713586,28,1,1,0,0,2023-06,107004
46833,7127,606,57,0,0.44046509888451396,21,23,1,0,0,2023-07,107005
15492,7963,844,36,6,0.822664750610496,57,21,2,0,1,2023-05,107006
18749,5945,790,46,3,0.5510338282475771,47,13,1,0,0,2023-07,107007
28508,6569,848,53,2,0.4326202780789709,45,7,5,0,1,2023-08,107008
14045,8362,604,21,9,0.44383370731836624,46,26,3,0,1,2023-07,107009
25116,8311,720,10,6,0.6435500611951206,44,9,0,0,0,2023-07,107010
23667,4165,575,40,2,0.4418341421912598,40,14,2,0,0,2023-06,107011
14521,8779,726,58,7,0.7046378558929558,57,1,9,0,1,2023-06,107012
13669,3600,583,30,3,0.991563610980092,44,8,2,0,0,2023-08,107013
32302,5025,575,18,2,0.23294111820304453,57,10,3,0,0,2023-08,107014
16283,4584,748,34,6,0.33498940455789494,65,4,5,0,0,2023-07,107015
35935,3987,754,32,6,0.3432860362312192,30,25,0,0,0,2023-06,107016
11998,8310,549,45,8,0.5576562543456121,47,13,1,0,0,2023-08,107017
33806,4965,709,22,9,0.23313496964269956,68,18,9,0,1,2023-07,107018
36624,9742,657,42,6,0.5820172621940134,55,9,2,0,1,2023-08,107019
18440,4439,827,43,5,0.9431398064613252,23,8,4,0,1,2023-06,107020
26797,7615,732,34,2,0.2092512709541616,38,6,6,0,0,2023-08,107021
6269,8854,576,39,3,0.49195109374814483,43,21,0,0,0,2023-06,107022
12868,3868,722,35,7,0.8087150176887719,41,19,1,0,0,2023-07,107023
35251,5063,620,36,5,0.3235956002670521,67,16,3,0,0,2023-05,107024
17373,8927,809,27,8,0.2620472020212337,44,1,9,0,1,2023-09,107025
23987,4129,826,51,7,0.7046228298101109,27,15,0,0,1,2023-08,107026
43729,7378,840,30,7,0.20796072723960615,39,6,0,0,1,2023-06,107027
20734,7456,606,9,9,0.8414163929357728,20,10,8,0,1,2023-09,107028
47429,6729,740,40,9,0.25348220285287903,23,5,5,0,1,2023-08,107029
46337,8154,527,46,6,0.6194834075362887,31,8,1,0,1,2023-07,107030
45325,9256,691,55,9,0.7921021681821818,44,1,9,0,1,2023-09,107031
23064,9451,748,49,0,0.39360879099718193,40,13,6,0,0,2023-06,107032
13433,4934,712,14,4,0.28283212953819004,38,26,9,0,0,2023-05,107033
14111,8054,520,31,6,0.3404982131348449,53,16,5,0,0,2023-08,107034
43450,4076,654,32,9,0.8837468575480067,25,17,5,0,1,2023-08,107035
20047,8200,526,32,8,0.7646242333216191,54,7,7,0,1,2023-05,107036
13084,4639,576,23,3,0.35847843937207824,22,15,9,0,0,2023-09,107037
26751,9977,805,35,7,0.7728966377047957,52,24,2,0,1,2023-08,107038
21453,4392,556,50,0,0.7668945361669495,28,14,9,0,0,2023-09,107039
25308,9385,618,51,3,0.9981800784847683,26,26,1,0,1,2023-05,107040
43968,3030,664,36,3,0.5132448188207299,60,28,8,0,1,2023-08,107041
35077,3703,563,47,1,0.8918827953142168,46,17,4,0,0,2023-06,107042
48046,3868,547,8,2,0.5571541487782521,20,25,5,0,0,2023-06,107043
39775,8480,649,34,2,0.9182081788935734,59,23,6,0,1,2023-06,107044
29503,3232,657,12,8,0.2732803992791595,37,7,1,0,0,2023-07,107045
7779,8153,655,23,6,0.3402501041001953,54,24,5,0,0,2023-05,107046
26304,8362,650,21,1,0.879963490453352,36,14,0,0,0,2023-06,107047
5755,3950,724,54,8,0.855440259284316,58,8,8,0,1,2023-05,107048
44263,3058,759,37,7,0.44434703348559,30,13,5,0,1,2023-07,107049
47955,5818,755,43,5,0.6774386545067635,56,1,6,0,1,2023-06,107050
47281,6600,560,30,5,0.5061597776816289,64,4,4,0,1,2023-07,107051
22400,6149,759,49,1,0.2082538794428171,30,29,1,0,0,2023-07,107052
45115,9861,820,37,2,0.22088330125370162,22,29,3,0,1,2023-06,107053
19249,3301,661,24,5,0.24340509238526115,32,11,4,0,0,2023-05,107054
49825,5850,848,8,2,0.675257723460463,47,9,9,0,1,2023-08,107055
29600,5944,530,40,6,0.42338218824442236,57,19,1,0,0,2023-08,107056
42706,9141,570,55,4,0.31515863865191246,66,22,8,0,1,2023-05,107057
24222,9255,501,34,3,0.9529048867551102,53,4,1,0,0,2023-09,107058
38505,4923,549,16,7,0.2970549336649727,47,1,1,0,0,2023-08,107059
43968,3316,634,11,1,0.7391853731399023,21,19,1,0,0,2023-06,107060
46139,4888,645,24,2,0.9153281462581269,65,19,1,0,1,2023-09,107061
46302,8264,678,42,9,0.3310637337907598,21,29,4,0,1,2023-09,107062
34148,5715,763,50,3,0.37178374578297213,56,19,6,0,1,2023-07,107063
27302,7785,810,32,9,0.6590508268607658,35,11,0,0,1,2023-09,107064
7623,4881,703,10,5,0.6067589491030382,27,6,8,0,0,2023-05,107065
13646,9049,798,31,4,0.616821933509014,59,25,5,0,1,2023-09,107066
18543,6898,686,40,4,0.6437424752144709,30,7,0,0,0,2023-05,107067
33960,7113,529,24,6,0.9599223327688355,64,23,0,0,1,2023-08,107068
27785,4178,558,22,7,0.24307043357355998,34,1,8,0,0,2023-06,107069
17817,6855,508,59,5,0.8083588165558553,23,29,8,0,1,2023-05,107070
36406,8625,823,40,2,0.3860051379253867,42,15,0,0,1,2023-09,107071
28456,7873,666,52,3,0.49894213613790567,27,25,0,0,0,2023-05,107072
28777,7455,836,54,0,0.27143289837205126,35,4,4,0,0,2023-09,107073
25914,3331,778,18,4,0.5565014153228349,35,13,4,0,0,2023-06,107074
34553,9037,690,19,9,0.8433754018200972,43,24,6,0,1,2023-08,107075
28548,3527,741,35,7,0.27899227082636396,29,12,3,0,0,2023-06,107076
42265,5059,777,53,2,0.4204828785762392,53,1,9,0,1,2023-07,107077
45701,4098,653,48,9,0.49844936694162006,37,8,0,0,1,2023-08,107078
11727,3211,659,22,3,0.2831193624701139,35,25,5,0,0,2023-07,107079
49924,4714,764,42,3,0.8098534479815469,55,21,9,0,1,2023-06,107080
37427,5688,734,58,5,0.8295576225739405,27,23,2,0,1,2023-06,107081
21692,5330,845,20,8,0.8687159982239745,39,11,6,0,1,2023-05,107082
36625,6266,698,23,9,0.6671169638450546,42,10,0,0,1,2023-09,107083
29918,9923,532,53,2,0.6057910566835008,59,2,3,0,0,2023-08,107084
46395,8149,588,19,3,0.41004195637699364,33,17,9,0,1,2023-07,107085
46136,4032,594,19,5,0.7241263738324382,35,28,8,0,1,2023-06,107086
20577,4332,720,50,5,0.5556507885244348,57,13,9,0,1,2023-07,107087
24619,8429,568,38,6,0.9766211248619108,37,27,5,0,1,2023-08,107088
38710,9820,793,43,0,0.9745435975795653,59,22,1,0,1,2023-05,107089
42388,9848,736,16,8,0.9241641054540501,49,9,5,0,1,2023-06,107090
21195,9569,659,16,1,0.48807131041146556,55,16,8,0,0,2023-06,107091
32689,4840,819,53,3,0.4943779642832473,55,28,0,0,1,2023-08,107092
16154,8891,827,31,2,0.8821385312349725,58,17,4,0,1,2023-08,107093
44121,8823,775,8,2,0.783307945393173,59,10,7,0,1,2023-06,107094
34412,7686,789,30,4,0.7634887758544351,60,17,6,0,1,2023-05,107095
26341,8810,541,22,6,0.42368880886729265,20,20,9,0,0,2023-05,107096
37018,5138,565,27,6,0.8666788892435806,36,10,1,0,0,2023-05,107097
14145,7551,520,34,6,0.6635364578103546,47,22,7,0,0,2023-07,107098
47262,7091,834,51,2,0.5574924593908586,26,14,8,0,1,2023-05,107099
27223,3443,569,31,8,0.8923376992864607,39,15,9,0,1,2023-07,107100
7880,7174,760,39,5,0.5153678110256912,61,9,7,0,1,2023-08,107101
26271,4498,745,31,9,0.7231406494942125,43,2,5,0,1,2023-09,107102
38313,3926,822,14,7,0.5727241456033112,20,14,8,0,1,2023-06,107103
18304,9246,734,45,0,0.674190244936845,37,21,7,0,1,2023-05,107104
39695,3622,771,16,3,0.23243717731878288,45,7,3,0,0,2023-05,107105
35225,4479,598,12,6,0.5688921305411073,33,28,5,0,0,2023-06,107106
25536,6037,828,35,8,0.6451930459974193,38,4,4,0,1,2023-08,107107
35831,6385,534,59,2,0.5941754677996848,37,13,9,0,1,2023-08,107108
16673,6318,838,7,5,0.877928298005455,64,22,8,0,1,2023-06,107109
26917,3233,670,35,7,0.44889917983345323,26,22,3,0,0,2023-05,107110
32829,4617,609,9,2,0.9072612248036325,21,4,0,0,0,2023-07,107111
20372,5691,794,19,5,0.5227695759255124,26,4,8,0,0,2023-05,107112
30938,5030,509,18,8,0.755621385808525,47,9,8,0,1,2023-09,107113
7663,9933,701,59,8,0.2693781824058382,47,11,6,0,1,2023-05,107114
14465,3386,756,30,5,0.3601232668550582,61,1,4,0,0,2023-08,107115
8326,9990,761,18,4,0.8089328089130174,36,13,6,0,1,2023-05,107116
8659,4634,680,18,0,0.20986294843091235,49,21,8,0,0,2023-09,107117
32594,7133,565,42,2,0.9748221913176796,40,27,2,0,1,2023-08,107118
9763,4184,793,49,2,0.35250312085057217,56,25,4,0,0,2023-06,107119
28121,8581,660,11,3,0.9210431889960986,28,9,2,0,0,2023-07,107120
15828,4967,566,31,4,0.6127560225810287,55,25,7,0,0,2023-08,107121
16221,8568,599,59,7,0.651660293517704,41,18,0,0,1,2023-05,107122
16211,3240,576,19,8,0.2673054303768201,34,7,3,0,0,2023-09,107123
18569,8145,534,13,6,0.49217500332589426,33,14,6,0,0,2023-07,107124
36358,8767,544,29,9,0.32497508862440116,46,26,8,0,1,2023-08,107125
42860,3561,649,27,5,0.6207451954887542,37,24,9,0,1,2023-07,107126
11022,4999,567,45,2,0.6405857165375597,29,17,1,0,0,2023-07,107127
18515,7901,753,44,8,0.7677335596674484,67,18,8,0,1,2023-07,107128
11159,4929,516,54,9,0.9026225263385468,41,1,5,0,0,2023-06,107129
46213,9441,760,26,0,0.5745438530158886,42,29,6,0,1,2023-08,107130
26691,7900,712,48,8,0.3866882960644853,61,9,3,0,1,2023-09,107131
29904,9297,812,31,2,0.4668573291533196,60,10,4,0,1,2023-09,107132
48790,5779,755,15,8,0.8776718503511498,67,16,0,0,1,2023-05,107133
8044,4675,715,18,9,0.3166907880630092,24,11,3,0,0,2023-08,107134
14612,5515,785,47,0,0.7018048626709461,44,21,7,0,0,2023-05,107135
10636,9192,506,58,7,0.21046870707424814,20,4,5,0,0,2023-05,107136
16593,4677,698,19,5,0.3965354627633942,43,24,6,0,0,2023-06,107137
7892,7141,590,14,8,0.6731267980011677,52,19,0,0,0,2023-06,107138
26672,6746,646,12,3,0.5651296320021366,56,8,6,0,0,2023-09,107139
10812,6356,649,44,4,0.594839592194585,26,3,5,0,0,2023-08,107140
36085,9923,551,36,5,0.7284496403676848,43,22,3,0,1,2023-05,107141
5654,4651,742,55,8,0.387668819534854,34,4,1,0,0,2023-06,107142
22143,7177,718,21,5,0.42464395226120194,30,29,1,0,0,2023-06,107143
6798,6841,505,13,8,0.7475665659422772,63,8,6,0,0,2023-07,107144
42927,9416,608,53,1,0.6306331260350952,36,23,2,0,1,2023-07,107145
34087,5441,565,56,3,0.2116694594070621,68,12,1,0,0,2023-08,107146
16618,8905,509,20,2,0.7362622362283531,42,5,9,0,0,2023-09,107147
13446,7885,701,30,3,0.6960736326018224,68,29,2,0,1,2023-07,107148
26646,3594,781,52,0,0.26288605903861906,23,29,9,0,0,2023-08,107149
41591,9201,713,43,1,0.798015595872789,50,3,1,0,1,2023-09,107150
32200,5612,567,46,3,0.6176811671576565,53,5,2,0,0,2023-07,107151
34571,7096,746,20,9,0.36379782716556774,29,4,4,0,1,2023-06,107152
27538,9359,826,30,3,0.6474850944931418,56,24,9,0,1,2023-07,107153
45555,4496,549,12,4,0.6763668113368027,29,11,9,0,0,2023-08,107154
48964,6555,516,31,8,0.9360949833521899,61,21,9,0,1,2023-08,107155
25900,7861,510,13,0,0.7937155404409364,30,26,4,0,0,2023-08,107156
27356,7766,808,23,7,0.4415394835929594,50,26,6,0,1,2023-08,107157
28023,6358,805,26,2,0.29450637405135405,29,16,9,0,0,2023-09,107158
44148,9654,623,21,8,0.8825472576646247,62,21,2,0,1,2023-08,107159
22392,4601,724,52,7,0.8768541503003568,57,18,2,0,1,2023-09,107160
25698,3914,743,8,7,0.3402480117791658,61,25,6,0,0,2023-07,107161
47470,4844,817,6,8,0.24970494815830932,27,6,5,0,1,2023-08,107162
31535,4995,831,18,3,0.7694917198528313,30,27,5,0,1,2023-09,107163
40450,3094,845,59,4,0.7780654646691874,39,16,3,0,1,2023-09,107164
38757,3492,528,37,6,0.34171500296430324,43,1,3,0,0,2023-08,107165
17476,9908,784,17,1,0.7345694876459643,26,19,1,0,0,2023-08,107166
46214,6069,558,36,6,0.4231389957575431,40,20,5,0,1,2023-06,107167
9711,3149,642,46,2,0.4084936223750433,63,16,9,0,0,2023-07,107168
11479,4046,825,7,5,0.459614347272274,25,10,2,0,0,2023-05,107169
36390,5803,799,46,5,0.6163170932134834,50,26,5,0,1,2023-07,107170
18161,8334,725,13,5,0.8435631386628983,31,14,2,0,0,2023-05,107171
37152,3398,663,30,9,0.598915000711701,56,18,2,0,1,2023-08,107172
19635,9553,583,10,1,0.43843415649925954,32,13,0,0,0,2023-09,107173
45843,9274,812,50,8,0.9071794389694794,68,27,4,0,1,2023-05,107174
35297,7950,616,7,7,0.24407196595389175,50,13,1,0,0,2023-06,107175
25836,9291,819,47,6,0.8376731871184644,28,26,9,0,1,2023-09,107176
29831,7476,703,43,8,0.8275054063374847,46,15,1,0,1,2023-07,107177
6007,3551,793,44,3,0.4028374481234745,36,4,8,0,0,2023-07,107178
31331,3294,644,8,1,0.35863614601622373,27,18,1,0,0,2023-07,107179
45456,4143,526,51,3,0.8997604491964779,46,15,1,0,0,2023-06,107180
15763,3455,516,53,9,0.6470970348482594,59,6,5,0,0,2023-06,107181
8908,4553,562,43,2,0.2368090861051317,34,29,9,0,0,2023-09,107182
32573,3168,766,27,1,0.9126660131737141,58,10,0,0,0,2023-08,107183
24187,7805,563,45,1,0.47920478748453904,25,15,7,0,0,2023-05,107184
16957,4946,538,38,7,0.47372524304802116,51,25,0,0,0,2023-06,107185
9379,9115,629,57,4,0.7146303497278987,67,1,8,0,1,2023-08,107186
32959,9180,614,37,5,0.7290487542388606,27,5,3,0,1,2023-06,107187
21482,8817,544,52,7,0.48265289666273187,54,9,2,0,1,2023-06,107188
32105,8380,715,22,6,0.31462314231750454,50,27,6,0,1,2023-06,107189
5877,9374,587,23,6,0.6418158106957379,61,23,7,0,1,2023-05,107190
23252,3253,835,8,6,0.7001433317401922,45,14,4,0,0,2023-08,107191
36334,5376,676,11,6,0.888177892047179,61,11,2,0,1,2023-09,107192
24049,4320,764,54,7,0.5875519898920527,43,6,3,0,1,2023-06,107193
22772,9153,604,18,0,0.7165568636545776,21,16,9,0,0,2023-05,107194
7637,9589,833,59,2,0.24352706225270015,60,23,5,0,1,2023-05,107195
12242,5883,800,36,0,0.9156183201649295,20,29,4,0,0,2023-09,107196
47025,6607,670,22,7,0.4617726505653617,29,9,3,0,1,2023-07,107197
46381,5125,607,26,1,0.7057768994738496,69,3,2,0,0,2023-07,107198
40651,6496,660,21,6,0.9328413050505933,42,8,5,0,1,2023-09,107199
38972,5240,782,22,5,0.8484206274917496,52,17,6,0,1,2023-07,107200
21928,3400,539,37,0,0.7101630859822925,63,26,1,0,0,2023-07,107201
33742,5156,525,6,5,0.7628862624560682,56,22,5,0,0,2023-09,107202
16831,9935,582,53,8,0.9367240927719811,30,9,2,0,1,2023-07,107203
24556,9042,672,43,2,0.849674544117436,39,17,9,0,1,2023-06,107204
30343,9406,672,13,6,0.6878872484297256,45,5,7,0,1,2023-07,107205
27834,5376,781,6,3,0.7269621649677012,65,24,1,0,0,2023-09,107206
44288,3362,569,7,0,0.3178147393321695,66,26,4,0,0,2023-09,107207
38422,6938,822,52,6,0.5761341438164798,21,11,7,0,1,2023-08,107208
28205,6851,505,42,0,0.44079811814693315,44,6,8,0,0,2023-07,107209
23830,6412,783,29,3,0.545576507599933,23,22,6,0,0,2023-09,107210
13412,5306,694,32,8,0.729797498824605,38,14,8,0,1,2023-07,107211
8666,8454,512,25,4,0.3193208748814045,32,3,8,0,0,2023-08,107212
42045,3084,562,52,6,0.21390077092900556,38,24,7,0,0,2023-05,107213
25786,8641,512,26,6,0.5175395225861836,32,17,6,0,0,2023-08,107214
10515,4824,748,47,2,0.4577474515904458,31,28,5,0,0,2023-06,107215
46973,6885,704,42,7,0.5363456477613658,21,4,2,0,1,2023-08,107216
31627,3307,752,40,0,0.9449767362951846,56,8,7,0,0,2023-07,107217
20198,7357,539,43,3,0.765667280971875,69,6,2,0,0,2023-06,107218
8985,4921,664,58,9,0.4619670196793282,42,11,8,0,1,2023-08,107219
45935,9940,530,20,3,0.3434230577893625,38,25,8,0,1,2023-07,107220
34475,3630,516,55,1,0.6947826354055492,22,1,9,0,0,2023-08,107221
45216,7775,636,51,5,0.7260610012076025,43,15,9,0,1,2023-09,107222
24403,7960,819,47,0,0.5868981471022681,42,16,8,0,1,2023-05,107223
8681,5371,812,35,2,0.3702086196977281,23,2,3,0,0,2023-07,107224
31019,6300,664,9,8,0.2228442086692243,37,13,8,0,0,2023-09,107225
32586,8821,780,48,9,0.41252855797381804,31,12,1,0,1,2023-09,107226
47292,8947,722,57,5,0.5657363994321473,54,14,0,0,1,2023-09,107227
42521,6667,621,44,1,0.8303474291539936,46,1,7,0,1,2023-09,107228
44850,3726,577,20,8,0.8830030630761379,62,11,5,0,1,2023-06,107229
41770,8356,812,28,1,0.5303476477335713,33,4,9,0,1,2023-05,107230
10629,4648,826,46,6,0.8368992437468223,50,13,8,0,1,2023-06,107231
32710,7312,587,20,0,0.9946822588409223,22,25,8,0,1,2023-06,107232
35328,4269,612,31,4,0.7732882998817836,24,20,2,0,0,2023-05,107233
17278,7543,599,17,6,0.7828792252811254,48,25,1,0,0,2023-09,107234
13417,3318,802,23,2,0.9276292012398648,58,6,6,0,0,2023-07,107235
39765,6475,738,11,3,0.47051530273352793,36,5,4,0,0,2023-05,107236
13963,9005,845,23,4,0.20896431444597702,38,26,9,0,1,2023-08,107237
42292,9180,610,55,2,0.9895818173405593,54,4,5,0,1,2023-06,107238
30009,5778,589,59,5,0.5923744621368191,52,13,4,0,1,2023-05,107239
32675,6058,638,29,2,0.8285420745298615,27,26,3,0,0,2023-05,107240
41175,8153,634,43,7,0.8499929100874366,56,18,0,0,1,2023-08,107241
11731,7134,511,33,6,0.5180133416640232,54,13,3,0,0,2023-08,107242
45563,4602,743,20,0,0.6330184373778547,39,8,9,0,0,2023-06,107243
16332,5256,681,24,1,0.6319324208501422,36,19,2,0,0,2023-07,107244
24177,3829,694,10,3,0.3761728074754004,64,15,2,0,0,2023-05,107245
28718,3855,621,9,4,0.2941111471154348,32,29,4,0,0,2023-06,107246
7911,5648,552,22,9,0.6348578439541004,23,1,0,0,0,2023-05,107247
23799,9903,672,58,3,0.2961145814811699,69,11,5,0,1,2023-05,107248
20194,4858,678,15,3,0.47687097908761056,49,16,1,0,0,2023-07,107249
9951,4102,792,17,8,0.3488666653127508,25,10,0,0,0,2023-08,107250
45866,8596,558,10,3,0.7655328866262225,21,7,7,0,1,2023-05,107251
33333,5481,553,12,3,0.8976070827999902,34,8,9,0,0,2023-05,107252
26673,4820,756,49,3,0.6623316878817441,53,23,2,0,1,2023-09,107253
45870,7937,744,28,1,0.528124645737278,39,20,5,0,1,2023-06,107254
10565,5079,648,7,7,0.9973141126570488,35,16,1,0,0,2023-08,107255
27821,6158,783,35,3,0.2169673081972314,62,24,4,0,0,2023-08,107256
30494,5440,515,57,4,0.4434728673631382,68,10,8,0,0,2023-06,107257
38941,6684,675,54,7,0.42293852211760036,48,4,6,0,1,2023-06,107258
13624,4255,527,50,3,0.4849628784463358,46,12,3,0,0,2023-06,107259
5835,5957,628,42,4,0.38447659292680214,20,21,2,0,0,2023-07,107260
23646,6651,722,10,4,0.41141026834516475,32,16,8,0,0,2023-06,107261
16824,5239,743,25,5,0.40614168793386185,59,24,3,0,0,2023-07,107262
42335,4939,737,31,6,0.6045952406019445,51,29,4,0,1,2023-09,107263
8815,3269,731,49,2,0.5128442216275448,22,18,5,0,0,2023-07,107264
7429,9881,825,49,9,0.7114240815879267,33,16,9,0,1,2023-09,107265
46950,9220,591,44,2,0.6115209278941484,47,13,4,0,1,2023-08,107266
46886,7830,502,11,8,0.34673748189578446,65,16,8,0,1,2023-06,107267
49398,7064,580,34,0,0.8480359831476063,45,26,0,0,1,2023-07,107268
7607,7979,543,15,9,0.5777561586724458,40,15,5,0,0,2023-09,107269
30650,9427,654,56,7,0.32258521432478626,65,8,3,0,1,2023-06,107270
43698,6775,523,21,9,0.3335038743429298,30,15,3,0,0,2023-08,107271
37353,4112,598,39,2,0.8375747283831647,46,21,2,0,0,2023-05,107272
41790,9687,670,36,4,0.7623945473784803,63,21,4,0,1,2023-09,107273
16991,3648,647,41,2,0.6052223620318089,20,7,7,0,0,2023-08,107274
26168,4179,622,46,9,0.44486520780186595,52,20,3,0,0,2023-05,107275
36099,9393,611,10,0,0.5684176294376608,65,19,6,0,1,2023-09,107276
44385,5142,629,38,9,0.7091868297104347,37,29,7,0,1,2023-05,107277
40919,3016,567,48,4,0.9034258539436115,21,22,4,0,0,2023-07,107278
36416,3116,846,24,7,0.644694294142983,23,14,9,0,1,2023-08,107279
10580,8078,815,37,4,0.42138823581900015,69,6,0,0,0,2023-09,107280
12054,9476,716,28,3,0.2341919317547829,23,13,7,0,0,2023-06,107281
29090,8942,595,8,8,0.3403640447333925,36,26,9,0,1,2023-09,107282
45387,4545,644,6,0,0.7201420965299703,67,12,2,0,0,2023-05,107283
20823,6151,532,41,4,0.32834957345932614,35,22,3,0,0,2023-05,107284
42341,5693,785,46,0,0.5852316425147608,28,7,9,0,1,2023-05,107285
20339,7089,504,33,5,0.7591640123811083,45,20,6,0,0,2023-08,107286
8491,9259,617,53,9,0.4465799211224886,29,3,8,0,1,2023-05,107287
5706,8058,639,44,8,0.735284711845829,26,3,3,0,0,2023-05,107288
36957,4276,729,10,1,0.664857649318255,28,3,3,0,0,2023-09,107289
20728,6240,659,18,3,0.5511512855427163,67,15,5,0,0,2023-06,107290
11997,7942,793,16,7,0.9177963831074087,46,16,8,0,1,2023-07,107291
43001,9459,748,51,2,0.753647112341955,51,13,3,0,1,2023-08,107292
43523,6788,772,27,6,0.48847762652206017,68,16,9,0,1,2023-05,107293
30163,9953,685,54,6,0.8434116268204332,42,2,7,0,1,2023-06,107294
22718,3371,539,28,1,0.7904817713357375,46,6,2,0,0,2023-08,107295
26972,5807,723,17,9,0.8333471724065316,44,17,1,0,1,2023-08,107296
23231,8702,651,58,3,0.7127647864327955,48,6,3,0,1,2023-09,107297
44619,3155,639,58,0,0.5034964926715989,43,24,3,0,0,2023-07,107298
17126,5661,627,26,7,0.47886281248341533,35,22,6,0,0,2023-09,107299
28595,9651,646,24,9,0.7233210886074115,35,18,6,0,1,2023-08,107300
45633,3464,784,10,9,0.3047200063735209,47,23,8,0,1,2023-07,107301
17118,7878,717,29,8,0.8559314803988607,39,12,9,0,1,2023-05,107302
8317,7899,719,35,0,0.4962683071984585,38,19,1,0,0,2023-07,107303
49980,7315,644,13,6,0.7042975914924392,29,25,3,0,1,2023-07,107304
49115,9158,828,7,0,0.5992511319467344,45,12,2,0,1,2023-08,107305
48158,4773,776,54,0,0.6154611936197232,21,27,2,0,1,2023-08,107306
44828,3116,741,39,8,0.7904049169610776,22,24,6,0,1,2023-07,107307
20504,9474,559,28,9,0.7013360429371347,58,22,9,0,1,2023-07,107308
8057,5103,597,8,9,0.4002471906765708,21,17,5,0,0,2023-08,107309
31660,4374,830,57,5,0.25938074513899023,44,2,2,0,0,2023-06,107310
42196,6203,680,29,0,0.8721872538922328,64,14,7,0,1,2023-05,107311
5402,9114,613,23,6,0.9079152598014861,23,28,7,0,1,2023-09,107312
13605,7403,602,52,2,0.33159722633385497,34,13,6,0,0,2023-09,107313
20761,6546,835,42,9,0.447581653535626,37,24,8,0,1,2023-07,107314
32043,6977,818,59,3,0.4258739055453859,26,6,2,0,0,2023-09,107315
38635,7317,556,54,3,0.949958848592124,46,17,4,0,1,2023-06,107316
18779,4196,784,36,7,0.36382190554455074,37,9,5,0,0,2023-05,107317
20155,6411,628,19,0,0.33323138567986565,26,8,8,0,0,2023-07,107318
45978,3796,814,6,7,0.3454708397985592,48,14,3,0,1,2023-09,107319
38132,8625,585,19,8,0.7838953408750136,60,2,4,0,1,2023-08,107320
28851,6892,699,46,6,0.9104158753971803,63,10,8,0,1,2023-05,107321
20366,3150,570,10,0,0.5146939285066146,52,28,3,0,0,2023-05,107322
33408,8816,844,36,6,0.30886392349308545,21,21,1,0,1,2023-08,107323
11571,6249,597,36,5,0.6685775979266719,37,3,8,0,0,2023-09,107324
19017,8652,799,35,4,0.3679479666631809,65,17,2,0,1,2023-06,107325
44236,3111,675,41,4,0.2513211578921879,42,7,5,0,0,2023-07,107326
9150,3682,732,6,0,0.908985102705981,25,25,8,0,0,2023-09,107327
24423,4161,574,8,5,0.8966730210669409,62,12,2,0,0,2023-07,107328
9137,5379,642,25,3,0.980728128207419,44,27,7,0,0,2023-05,107329
34992,8661,522,48,0,0.5792038039249063,38,7,8,0,0,2023-09,107330
33902,7988,680,53,7,0.43520095856833774,27,3,2,0,1,2023-07,107331
49921,8426,544,48,7,0.8158269964563221,56,6,2,0,1,2023-06,107332
18833,3160,591,26,3,0.3443959456671302,45,3,3,0,0,2023-05,107333
6381,4425,768,35,6,0.39463366145302453,48,4,0,0,0,2023-07,107334
13154,6661,533,47,2,0.4045461009659046,47,16,1,0,0,2023-08,107335
39235,3277,665,49,7,0.9612955279297442,26,15,0,0,1,2023-08,107336
18439,6391,569,35,6,0.7838583350648591,55,1,2,0,0,2023-07,107337
24122,4556,695,10,4,0.3069558340657228,34,2,5,0,0,2023-08,107338
28956,7592,632,15,4,0.27427670249912545,52,1,7,0,0,2023-06,107339
22264,8491,746,29,8,0.8742518828676094,24,26,4,0,1,2023-08,107340
49774,4915,667,50,5,0.8418194584358092,48,18,7,0,1,2023-05,107341
8149,7750,776,56,5,0.7367956624066843,36,4,5,0,1,2023-05,107342
29660,6107,655,44,1,0.3568805219172929,64,6,0,0,0,2023-09,107343
45660,3302,522,53,4,0.5842268311114169,46,11,2,0,0,2023-06,107344
25528,7533,699,11,3,0.6821807563658191,36,12,1,0,0,2023-06,107345
6168,5773,774,15,9,0.9457100214722813,23,8,5,0,1,2023-05,107346
40897,7281,549,47,2,0.3355389921579285,68,14,7,0,1,2023-06,107347
20032,6245,685,48,8,0.612357445716891,31,10,5,0,1,2023-05,107348
40294,8685,519,59,6,0.3262013111026496,42,25,3,0,1,2023-07,107349
48827,7768,615,15,3,0.5550794724593218,69,26,3,0,1,2023-09,107350
8516,8369,591,30,8,0.36010797970473835,30,23,8,0,0,2023-08,107351
24751,4000,848,19,8,0.868948966652169,55,4,0,0,1,2023-05,107352
35373,6834,838,52,6,0.4037890221100104,31,15,1,0,1,2023-06,107353
35270,7006,552,44,4,0.5336837729952194,28,16,3,0,0,2023-05,107354
15386,9422,622,18,8,0.5262301219937082,43,14,2,0,0,2023-05,107355
41323,7778,840,16,6,0.8930359680174069,37,15,8,0,1,2023-05,107356
19157,4718,837,44,8,0.8062379717858084,46,23,4,0,1,2023-09,107357
42879,6830,764,16,2,0.24606039121206724,28,17,7,0,0,2023-06,107358
44520,8020,503,51,8,0.2536699657345315,52,27,3,0,1,2023-06,107359
44132,6181,668,54,0,0.6409577961045634,25,12,3,0,0,2023-07,107360
8626,9523,780,21,4,0.5421752218862348,52,13,9,0,1,2023-08,107361
25400,5882,789,38,1,0.4204673764294737,59,14,2,0,0,2023-08,107362
41643,3998,572,46,0,0.8340967505659242,25,26,8,0,0,2023-09,107363
43265,3284,636,46,2,0.30290813751919954,23,11,9,0,0,2023-06,107364
20979,3420,837,37,6,0.9792455302961216,22,11,1,0,0,2023-06,107365
16529,5160,755,15,2,0.2192820054017288,32,6,2,0,0,2023-06,107366
21645,6065,640,56,9,0.2945845796886749,45,1,2,0,0,2023-07,107367
31424,5275,707,20,9,0.4490533234206816,53,24,2,0,1,2023-09,107368
18382,4494,759,21,8,0.6073192762044025,32,20,3,0,0,2023-06,107369
9025,6884,762,48,2,0.3729089267834591,66,8,4,0,0,2023-08,107370
48226,7623,770,32,5,0.7889721190832211,27,8,5,0,1,2023-06,107371
18844,5543,537,54,1,0.48603352274079187,31,18,4,0,0,2023-08,107372
9175,7126,702,56,7,0.23083066671755006,27,22,8,0,0,2023-08,107373
35519,7257,723,50,9,0.9021775739525155,38,13,6,0,1,2023-09,107374
14174,4841,846,37,4,0.9550925384688504,60,26,6,0,1,2023-07,107375
8443,7800,551,11,1,0.6948508979496354,29,14,6,0,0,2023-06,107376
26395,3721,580,52,6,0.8452291108563241,51,15,6,0,1,2023-08,107377
15725,4401,710,53,2,0.2968892309546415,40,4,1,0,0,2023-06,107378
38461,3445,506,41,4,0.41505622542933174,42,19,7,0,0,2023-05,107379
46115,5791,544,13,8,0.460185350142547,46,13,9,0,1,2023-09,107380
49548,7522,814,30,0,0.9686025335587971,44,9,0,0,1,2023-07,107381
36351,6767,776,12,1,0.609778111925894,26,16,5,0,0,2023-07,107382
23196,5551,758,22,4,0.20593084705116801,61,28,2,0,0,2023-09,107383
19254,8646,641,53,3,0.5041486582960764,54,26,5,0,1,2023-05,107384
19021,4967,757,35,0,0.20620048069246116,21,28,5,0,0,2023-07,107385
10724,6888,784,7,6,0.3902445923779567,47,9,7,0,0,2023-07,107386
33690,7816,536,22,8,0.5637600537129419,26,2,3,0,0,2023-09,107387
6407,5731,544,9,0,0.4587144443366693,61,21,2,0,0,2023-06,107388
13032,8897,619,31,7,0.2261873698281366,59,26,1,0,0,2023-07,107389
22794,5629,545,19,8,0.29306857792702357,31,10,5,0,0,2023-07,107390
24881,4964,639,13,1,0.6407092489781864,36,7,2,0,0,2023-05,107391
25756,4057,552,10,0,0.7564839235075882,41,9,3,0,0,2023-07,107392
45162,9140,800,10,5,0.5236392097863221,28,8,8,0,1,2023-07,107393
34416,7831,787,10,6,0.7851853971399256,22,26,6,0,1,2023-05,107394
49354,9834,773,32,1,0.33066631081211495,41,20,0,0,1,2023-09,107395
30752,3757,768,10,4,0.2976463582461489,55,19,3,0,0,2023-07,107396
17926,4795,778,8,4,0.8715629727546206,58,1,7,0,0,2023-06,107397
38765,4643,561,43,6,0.4713706787937597,37,1,9,0,0,2023-05,107398
19390,7849,553,35,0,0.5457983375555395,36,25,3,0,0,2023-05,107399
43867,3023,568,6,9,0.9580652818538373,46,20,0,0,1,2023-09,107400
26939,4239,741,13,7,0.5392898623496875,54,8,9,0,1,2023-09,107401
32307,7150,769,18,4,0.2027920846815234,51,4,1,0,0,2023-09,107402
35828,6097,751,25,2,0.9503775516398687,22,28,4,0,1,2023-07,107403
33513,4304,783,11,8,0.2112949067886624,32,22,5,0,0,2023-09,107404
29502,9947,570,55,2,0.7298290269833585,36,4,0,0,0,2023-09,107405
35063,9470,822,55,6,0.45831272762600284,37,15,4,0,1,2023-06,107406
27486,8065,599,53,9,0.576312605248164,36,2,7,0,1,2023-07,107407
43258,9329,560,13,6,0.6378281341569473,67,17,7,0,1,2023-09,107408
36692,5542,602,35,9,0.5267680458364434,35,8,1,0,0,2023-06,107409
43384,6712,618,54,7,0.8194950297457346,41,16,8,0,1,2023-08,107410
20958,6955,516,45,9,0.9445651277315568,44,6,1,0,1,2023-08,107411
40016,7529,804,20,7,0.2691296416950946,20,1,3,0,0,2023-07,107412
22232,7303,690,15,3,0.8402023049879785,46,5,9,0,1,2023-07,107413
15748,7228,711,38,0,0.30293691272051615,33,19,3,0,0,2023-07,107414
15514,8458,577,14,3,0.2642217465996862,47,18,3,0,0,2023-07,107415
27738,8315,545,54,5,0.9646651621777032,66,3,6,0,1,2023-05,107416
13695,8381,592,57,9,0.5914382251930193,55,2,7,0,1,2023-08,107417
13070,4305,512,38,5,0.3220826328074309,62,26,7,0,0,2023-08,107418
32765,7464,727,14,5,0.6559656905736717,69,2,3,0,1,2023-09,107419
46662,6174,800,19,6,0.41058971101564246,51,1,3,0,1,2023-06,107420
35761,8302,516,37,0,0.5714472134463954,48,3,5,0,0,2023-05,107421
21698,9566,802,42,9,0.6997276751039283,36,19,8,0,1,2023-06,107422
20123,6628,561,11,0,0.8954158630959959,47,4,4,0,0,2023-07,107423
40144,9387,542,10,6,0.20246511861544667,60,3,1,0,0,2023-06,107424
30616,3781,567,9,3,0.371312528732759,40,8,8,0,0,2023-07,107425
42146,9767,711,53,5,0.27701643433502365,43,12,8,0,1,2023-08,107426
16182,3566,702,21,5,0.27767816124725003,65,29,0,0,0,2023-05,107427
29833,7622,713,15,8,0.9566219305119239,54,4,8,0,1,2023-08,107428
38342,7132,608,36,1,0.948866347612042,39,14,6,0,1,2023-09,107429
36331,7273,783,36,3,0.7994464637609866,41,10,0,0,1,2023-06,107430
31128,3638,593,19,3,0.7144504339207325,23,17,1,0,0,2023-08,107431
36556,6700,724,18,6,0.8783763570861625,35,18,1,0,1,2023-07,107432
26969,9995,724,9,0,0.24672699047245406,40,7,7,0,0,2023-08,107433
26876,7167,738,51,4,0.29558863448098277,63,13,0,0,0,2023-08,107434
13949,5399,617,31,3,0.4536903386370672,40,22,2,0,0,2023-06,107435
29518,5670,590,29,1,0.8659939039172109,59,25,0,0,0,2023-08,107436
10670,4172,839,14,4,0.5777860342132082,60,13,4,0,0,2023-05,107437
29099,4720,788,40,8,0.6028598107500946,30,22,3,0,1,2023-09,107438
44335,3104,780,47,7,0.3834123437230461,56,2,2,0,1,2023-06,107439
17716,4682,518,20,8,0.718709984938821,63,8,7,0,0,2023-06,107440
43885,7316,674,29,6,0.9102737232498115,41,25,6,0,1,2023-05,107441
12837,4849,605,36,9,0.46361137588677404,39,21,3,0,0,2023-09,107442
24159,3862,788,24,6,0.6953487518159074,21,22,0,0,0,2023-07,107443
46266,6445,747,7,1,0.4655591712894577,62,20,6,0,1,2023-09,107444
41877,5565,822,7,2,0.8341752894674641,30,11,2,0,0,2023-08,107445
26560,3298,641,46,9,0.5799677895938538,40,2,4,0,0,2023-06,107446
22106,5908,797,41,7,0.4715752177757637,52,12,7,0,1,2023-09,107447
13720,7137,692,42,1,0.5360390833690336,68,5,8,0,0,2023-06,107448
42661,3770,802,39,6,0.2729820171169826,36,21,9,0,1,2023-06,107449
33362,5539,790,44,5,0.8928937226579525,55,16,9,0,1,2023-05,107450
33258,4462,831,24,9,0.9664552442704839,33,1,6,0,1,2023-06,107451
26782,6854,707,43,3,0.5819313437883333,56,12,5,0,1,2023-06,107452
46168,6118,747,28,3,0.37706976646251156,50,5,4,0,0,2023-06,107453
26120,5132,641,21,2,0.731724959271151,23,1,4,0,0,2023-06,107454
24790,4709,810,51,5,0.5619051836329142,25,3,3,0,0,2023-07,107455
32912,3990,721,49,2,0.4018400646707358,69,27,6,0,1,2023-06,107456
47907,3710,724,11,8,0.23074651479211924,40,25,0,0,0,2023-08,107457
39812,7304,683,31,3,0.9117635614308097,32,4,2,0,1,2023-05,107458
41160,8367,804,27,3,0.837387481636038,57,9,5,0,1,2023-09,107459
24156,8330,687,50,1,0.8632048461115036,34,22,9,0,1,2023-05,107460
15672,3038,612,52,1,0.5518717847451111,24,17,0,0,0,2023-09,107461
19444,4275,680,29,6,0.8026043135627421,57,12,6,0,1,2023-07,107462
11784,8922,698,51,4,0.6649802111039965,43,19,1,0,1,2023-08,107463
22929,7857,569,45,2,0.4998202371307945,37,29,6,0,0,2023-06,107464
6070,4436,585,26,5,0.874193670497744,48,3,3,0,0,2023-05,107465
27906,5993,538,35,5,0.9990060384355346,51,20,8,0,1,2023-09,107466
39618,4469,630,57,0,0.9194258458194879,26,10,4,0,0,2023-07,107467
7939,5099,509,16,2,0.8209535773490446,49,20,0,0,0,2023-07,107468
34841,3373,502,58,4,0.7980063777539015,57,8,3,0,0,2023-09,107469
47863,8026,801,14,6,0.7201990744134839,45,3,3,0,1,2023-06,107470
21301,7251,649,17,3,0.8828939974716616,27,11,3,0,0,2023-05,107471
12194,7025,566,31,7,0.5944649982597328,44,15,2,0,0,2023-07,107472
10851,8661,692,43,2,0.3453836081583944,49,20,2,0,0,2023-07,107473
21378,4113,596,56,5,0.8144397794153653,43,28,9,0,1,2023-08,107474
5678,5726,518,8,5,0.9356050993407083,49,12,4,0,0,2023-09,107475
35640,5398,817,38,8,0.47308183354439964,24,3,4,0,1,2023-06,107476
38756,9212,597,20,3,0.8263866383657086,23,7,1,0,0,2023-08,107477
34777,6234,556,52,6,0.4189781624659313,61,22,9,0,1,2023-07,107478
31183,4265,606,10,9,0.9540802186869457,28,1,9,0,1,2023-08,107479
32445,6123,587,59,0,0.7467687936110294,52,10,8,0,1,2023-05,107480
6502,3653,640,29,0,0.6554207897459177,48,17,2,0,0,2023-07,107481
26665,7158,643,16,1,0.8238961263228599,50,6,3,0,0,2023-05,107482
21198,3508,551,38,3,0.8505849364460334,63,19,1,0,0,2023-07,107483
26411,5339,711,28,5,0.9138959185802777,38,25,7,0,1,2023-05,107484
20867,6162,540,15,3,0.9208956262779444,64,12,6,0,0,2023-09,107485
19266,4687,803,57,5,0.24215266044283723,66,29,2,0,0,2023-07,107486
44422,8543,590,48,1,0.2983260864102364,21,28,4,0,0,2023-07,107487
40208,8788,538,33,8,0.8608487025497666,39,2,0,0,1,2023-09,107488
48002,9964,512,44,2,0.9568413227041426,31,12,5,0,1,2023-07,107489
36213,4388,595,22,6,0.4461374784991525,69,29,9,0,1,2023-08,107490
12367,5197,608,49,0,0.20688145474617228,40,19,5,0,0,2023-05,107491
18490,6911,603,31,7,0.4581641512281584,50,9,4,0,0,2023-08,107492
40362,8390,730,30,3,0.5062913087780574,55,28,8,0,1,2023-05,107493
43285,5928,542,41,4,0.8088266917787219,39,6,3,0,0,2023-08,107494
14219,8700,708,17,6,0.23806773251027133,63,17,1,0,0,2023-09,107495
11310,8235,587,8,2,0.3701121888741282,39,2,6,0,0,2023-06,107496
41307,7799,592,55,8,0.9151748689557118,64,7,4,0,1,2023-09,107497
34631,3515,673,34,8,0.32385632756114724,55,6,6,0,0,2023-07,107498
19744,6658,625,49,7,0.8073981215746742,65,14,6,0,1,2023-07,107499
24867,9033,608,29,0,0.4890483324632607,37,17,6,0,0,2023-07,107500
23625,4833,546,24,1,0.7301281719371089,25,26,2,0,0,2023-07,107501
11378,8360,713,18,1,0.25907720264239353,52,18,4,0,0,2023-09,107502
24149,3029,591,21,2,0.4292463560688347,29,6,0,0,0,2023-09,107503
47133,6214,680,45,1,0.539831789997376,37,12,5,0,1,2023-07,107504
16422,3325,540,32,0,0.8857701008622312,53,6,3,0,0,2023-07,107505
32926,6766,758,11,4,0.6507966861168941,34,22,1,0,0,2023-05,107506
42679,7111,620,47,5,0.23618023446215136,22,14,2,0,0,2023-06,107507
38171,3110,576,15,6,0.841493258660901,27,13,2,0,0,2023-07,107508
18180,9856,594,43,9,0.24361719116118608,30,9,0,0,0,2023-06,107509
32301,3106,768,13,6,0.9474932511935206,65,18,6,0,1,2023-07,107510
41931,5426,517,23,1,0.36937395683231167,51,10,9,0,0,2023-08,107511
29014,9305,792,37,6,0.5903409157256438,67,10,2,0,1,2023-08,107512
35936,7378,670,22,1,0.2578247750130473,61,27,6,0,0,2023-07,107513
19336,7364,661,47,1,0.6493699090382132,36,14,9,0,0,2023-08,107514
27200,5531,810,7,5,0.5977829605827853,66,9,9,0,1,2023-06,107515
10470,9810,551,49,5,0.5281988279050744,49,9,8,0,1,2023-07,107516
35859,6144,535,25,7,0.2284583336272318,62,26,5,0,0,2023-06,107517
19953,8316,686,15,4,0.9031491029212024,27,25,7,0,1,2023-08,107518
44044,8362,747,14,4,0.84210927905029,59,9,0,0,1,2023-07,107519
43507,7693,551,53,9,0.7064240162631927,26,3,7,0,1,2023-06,107520
32433,3798,518,44,0,0.6577839861071444,39,26,7,0,0,2023-06,107521
30957,8378,591,46,3,0.7559571450958651,31,9,2,0,0,2023-06,107522
11523,9941,638,30,0,0.3151920127314938,40,13,5,0,0,2023-09,107523
26387,8268,803,30,9,0.9461153970531873,47,10,5,0,1,2023-07,107524
36169,8986,719,29,4,0.42773863320371275,47,25,6,0,1,2023-08,107525
27990,5437,598,11,7,0.7251922179544019,35,3,2,0,0,2023-09,107526
34661,5011,735,35,0,0.6854045449135238,67,29,9,0,1,2023-05,107527
18419,9559,706,15,2,0.7092911837724869,29,20,0,0,0,2023-09,107528
19457,3425,643,44,0,0.9031616984656898,41,4,8,0,0,2023-07,107529
7064,6044,698,36,5,0.4367289653204958,26,14,5,0,0,2023-09,107530
43083,8821,802,23,9,0.7991585506021259,23,13,4,0,1,2023-05,107531
15566,6288,822,48,0,0.6787128511513354,43,20,1,0,0,2023-06,107532
38085,5914,786,38,9,0.26084826476371215,53,7,3,0,1,2023-05,107533
36528,9229,831,58,2,0.5313237447055801,60,21,4,0,1,2023-08,107534
11130,4239,763,24,4,0.8703612586125955,66,7,9,0,1,2023-05,107535
45187,9566,716,28,4,0.45227791114446875,33,6,3,0,1,2023-08,107536
7042,6391,688,10,1,0.5858111066503008,63,23,9,0,0,2023-06,107537
9598,7213,543,31,2,0.590910854522928,68,8,3,0,0,2023-06,107538
47982,6997,790,34,8,0.69440789344469,36,6,5,0,1,2023-06,107539
37886,6006,688,29,0,0.9072142878321467,64,25,3,0,1,2023-08,107540
38477,6039,693,11,0,0.33883135902812517,27,4,8,0,0,2023-09,107541
33716,9558,769,59,1,0.6036935061121005,61,28,1,0,1,2023-09,107542
17601,3598,759,44,7,0.5394138074300897,32,5,4,0,0,2023-05,107543
41018,5087,738,9,5,0.43673607208047716,26,25,2,0,0,2023-06,107544
13061,4184,611,53,3,0.9356865415630178,22,25,7,0,0,2023-08,107545
13609,5750,568,47,6,0.20653687392617118,43,18,2,0,0,2023-08,107546
40371,5584,548,31,5,0.2976838341043017,66,2,7,0,0,2023-06,107547
49814,9563,810,20,8,0.7866755599328876,43,25,7,0,1,2023-09,107548
22485,7759,650,18,5,0.4107532837495308,26,22,1,0,0,2023-05,107549
25805,9238,738,45,1,0.7785434088737948,49,24,9,0,1,2023-08,107550
12857,6513,836,27,2,0.8658028885724502,24,14,6,0,0,2023-06,107551
16620,8677,614,18,8,0.40369281346762415,59,24,5,0,1,2023-07,107552
13177,7745,574,44,6,0.35355543029041936,40,24,0,0,0,2023-06,107553
35111,7054,597,22,5,0.31624050614492627,68,14,1,0,0,2023-09,107554
28042,8585,610,41,4,0.360070888705957,27,5,3,0,0,2023-07,107555
23645,7383,784,44,2,0.4137483112937533,26,11,1,0,0,2023-09,107556
29405,6936,755,53,3,0.894999853232407,58,27,4,0,1,2023-06,107557
16826,4699,817,30,0,0.816003530601946,21,26,2,0,0,2023-08,107558
18890,7507,808,39,4,0.20147545353459329,62,20,5,0,1,2023-08,107559
21892,9543,616,26,6,0.8992953136784783,31,3,8,0,1,2023-09,107560
14484,5575,675,30,1,0.26304983976158214,47,16,9,0,0,2023-08,107561
10495,8137,727,30,7,0.7242124940374983,63,20,6,0,1,2023-08,107562
33481,3135,846,27,9,0.3211798145734611,38,8,4,0,1,2023-08,107563
16267,5025,605,28,5,0.24982064840876497,47,20,0,0,0,2023-09,107564
45166,6535,841,30,9,0.8078165580169423,54,15,0,0,1,2023-06,107565
11743,7854,738,19,2,0.5737624910846744,31,14,0,0,0,2023-05,107566
42939,8367,599,19,1,0.6792500106489273,47,14,2,0,0,2023-08,107567
31569,5890,675,31,7,0.5402824150379671,45,8,6,0,1,2023-05,107568
33552,5757,849,45,3,0.2537374900062737,57,24,8,0,1,2023-08,107569
48730,8120,748,35,6,0.7916945330295797,25,1,5,0,1,2023-06,107570
33948,6773,575,31,6,0.8562808969350613,38,16,6,0,1,2023-05,107571
15775,3380,502,43,9,0.23313643447096022,46,27,2,0,0,2023-08,107572
8557,9652,580,27,8,0.5005737575871515,28,27,7,0,1,2023-05,107573
8587,4528,787,44,9,0.6458532296561281,60,28,9,0,1,2023-06,107574
21535,7901,507,44,7,0.6841467382135338,69,12,5,0,1,2023-06,107575
5954,7571,586,39,7,0.6625223529130391,29,14,2,0,0,2023-05,107576
28544,6628,785,30,6,0.7543525231217036,29,9,1,0,1,2023-09,107577
38455,8049,573,41,9,0.9734529619356185,52,14,8,0,1,2023-08,107578
46269,3848,622,18,4,0.5124692169029689,37,13,6,0,0,2023-09,107579
20138,7992,793,34,8,0.6452988535644715,29,19,9,0,1,2023-08,107580
47462,7127,642,47,6,0.7592629035711993,26,22,9,0,1,2023-09,107581
8127,4927,657,14,2,0.6739390576622439,59,16,8,0,0,2023-07,107582
28147,5165,608,20,5,0.5094008240073453,51,19,3,0,0,2023-05,107583
16559,7286,833,36,2,0.699263430359861,62,25,3,0,1,2023-05,107584
8395,8866,694,49,5,0.7200892243521291,25,17,5,0,1,2023-07,107585
30389,8869,535,32,7,0.6679747802610694,38,23,1,0,1,2023-06,107586
5845,5121,589,36,8,0.36408852860189667,60,5,9,0,0,2023-05,107587
38932,7718,795,15,1,0.6047850865219455,62,28,0,0,1,2023-06,107588
43672,8222,829,56,5,0.9074854478085606,53,3,9,0,1,2023-07,107589
18731,5918,700,58,2,0.8948815024257948,62,28,2,0,1,2023-07,107590
38122,7681,545,42,6,0.8006303399968089,24,27,4,0,1,2023-09,107591
40585,9563,606,12,3,0.7577564115497801,38,23,1,0,1,2023-05,107592
8832,3472,669,37,4,0.3226233102083607,68,1,8,0,0,2023-06,107593
37332,4787,645,57,9,0.5675717316035593,69,22,0,0,1,2023-07,107594
17467,3113,677,16,5,0.28876104779799533,33,7,2,0,0,2023-05,107595
46025,8498,560,53,7,0.8538275597088159,29,25,4,0,1,2023-08,107596
18107,4336,502,50,1,0.4328345651518009,68,25,0,0,0,2023-07,107597
17458,9473,581,33,3,0.813492691399275,30,7,3,0,0,2023-07,107598
33666,3338,762,9,3,0.8516631132071222,50,21,9,0,1,2023-08,107599
48481,5285,786,53,5,0.9139968779292327,21,23,0,0,1,2023-06,107600
7581,4196,820,50,3,0.8030640627902108,29,27,6,0,0,2023-06,107601
14582,3078,594,36,4,0.651783200405905,40,17,0,0,0,2023-05,107602
13418,7559,563,34,4,0.678547931781357,20,7,2,0,0,2023-07,107603
33091,9017,745,38,7,0.4564658214580954,65,13,3,0,1,2023-06,107604
34113,5652,576,59,3,0.34159695311235627,50,28,3,0,0,2023-06,107605
23827,9083,758,9,5,0.30450896385902415,30,29,6,0,1,2023-05,107606
19419,7657,592,52,6,0.34561881689341717,62,13,4,0,0,2023-05,107607
16814,7380,790,31,7,0.9471615099222779,29,10,7,0,1,2023-05,107608
38804,7318,770,58,8,0.33154660336054703,39,20,2,0,1,2023-06,107609
15024,5640,520,36,9,0.7789899559428399,40,2,7,0,0,2023-07,107610
48700,8385,561,36,7,0.34770283465177976,56,6,8,0,1,2023-06,107611
12435,8786,838,32,3,0.9802318161726189,56,7,8,0,1,2023-09,107612
6548,9516,759,30,3,0.493267628380558,33,27,8,0,1,2023-07,107613
10065,4256,736,53,9,0.5297091432232559,24,13,0,0,0,2023-08,107614
27880,3827,640,41,4,0.5236092630257231,25,29,8,0,0,2023-06,107615
8407,9379,666,54,2,0.8531673472481669,43,23,7,0,1,2023-07,107616
38407,5718,566,36,1,0.37463241979368767,35,8,1,0,0,2023-08,107617
37940,7923,849,48,1,0.8648197887245035,42,21,2,0,1,2023-06,107618
10666,5810,557,42,8,0.725647083553665,66,13,6,0,1,2023-06,107619
42122,6385,711,50,7,0.37622413423754,57,26,2,0,1,2023-09,107620
30092,9056,629,49,5,0.25232603667272857,35,11,1,0,0,2023-09,107621
15109,4965,524,28,8,0.819994033151167,32,10,3,0,0,2023-07,107622
40654,5427,510,40,4,0.3751704366529494,64,29,8,0,1,2023-09,107623
39932,5841,756,9,9,0.9112534637782639,27,27,1,0,1,2023-08,107624
31505,3613,803,33,0,0.3038282218917913,57,24,0,0,0,2023-05,107625
41713,3562,580,47,7,0.6930916518460017,51,4,9,0,1,2023-07,107626
48169,9563,785,46,2,0.7537347149772089,41,10,6,0,1,2023-08,107627
12746,9195,518,47,8,0.7261619316457752,36,17,0,0,0,2023-07,107628
16975,8840,609,18,0,0.45282385159700356,24,28,5,0,0,2023-09,107629
45522,9962,533,6,2,0.9004188185763746,27,8,4,0,1,2023-06,107630
20596,8901,787,17,0,0.8158442533989978,69,20,7,0,1,2023-05,107631
42953,9064,831,48,0,0.6081650732970246,49,5,2,0,1,2023-08,107632
38861,9348,754,58,5,0.682634422350759,38,29,2,0,1,2023-08,107633
8880,7826,625,45,3,0.6530969815578989,31,20,0,0,0,2023-08,107634
48454,7352,708,31,9,0.9573588618763402,44,15,3,0,1,2023-05,107635
48539,3184,633,51,3,0.9171305894234314,63,23,9,0,1,2023-08,107636
48448,5192,585,51,4,0.38839782812485607,32,10,9,0,1,2023-05,107637
7785,9127,574,57,2,0.4102078221720361,23,19,5,0,0,2023-08,107638
27449,8809,634,28,1,0.985150457705946,29,18,4,0,1,2023-08,107639
19799,7065,800,54,9,0.389248561562295,67,26,6,0,1,2023-07,107640
44307,3245,672,27,7,0.9627834595860763,47,12,9,0,1,2023-07,107641
48333,7086,712,56,6,0.7198029640773962,24,2,0,0,1,2023-08,107642
45828,5234,820,57,9,0.24008755123285408,47,7,2,0,1,2023-05,107643
8990,3865,849,33,3,0.46858175956866693,63,11,3,0,0,2023-09,107644
24073,5087,518,58,1,0.5809232575303134,50,15,5,0,0,2023-06,107645
41863,3600,618,58,8,0.8664743131603614,35,12,3,0,1,2023-07,107646
19549,8057,802,22,7,0.4628683306202813,42,10,6,0,1,2023-07,107647
23259,8537,801,11,3,0.4484626496996372,48,13,9,0,1,2023-08,107648
24790,6033,784,19,4,0.9362106072229313,66,22,9,0,1,2023-05,107649
14979,5056,726,55,9,0.2632274763209388,40,2,2,0,0,2023-06,107650
25316,9493,711,22,5,0.6412169717719963,21,24,7,0,1,2023-08,107651
31183,5131,688,43,3,0.6033914158784827,42,15,6,0,0,2023-07,107652
33324,3532,820,10,1,0.24586780817800832,35,22,2,0,0,2023-06,107653
29624,8084,650,18,4,0.2702073764154485,30,8,8,0,0,2023-08,107654
43176,5042,722,53,0,0.5055739463824037,28,6,9,0,0,2023-05,107655
25245,3357,627,58,6,0.30732897547582483,21,4,4,0,0,2023-08,107656
28790,3377,747,14,8,0.5824575235582847,37,8,1,0,0,2023-07,107657
31756,5219,550,49,2,0.6871111083257435,32,20,8,0,0,2023-06,107658
7833,8144,690,47,5,0.7531173476023814,64,22,7,0,1,2023-07,107659
10285,7488,736,31,8,0.6371760527366117,27,5,7,0,1,2023-05,107660
14589,8222,521,18,3,0.50372801271465,29,20,0,0,0,2023-08,107661
19116,7797,609,24,5,0.30380690128370846,46,23,3,0,0,2023-08,107662
12645,6307,826,53,2,0.39798833184566207,36,8,6,0,0,2023-07,107663
49786,8529,532,22,8,0.5355373416126828,43,14,5,0,1,2023-06,107664
34150,5596,626,21,6,0.9392915867218405,40,22,8,0,1,2023-09,107665
15889,3783,543,35,6,0.36208046495551605,20,17,7,0,0,2023-07,107666
35286,8924,506,37,3,0.5306753847461243,35,23,8,0,1,2023-08,107667
42545,5379,627,19,5,0.7858470858992435,62,20,3,0,1,2023-05,107668
20994,9937,590,53,7,0.7641626816015157,52,2,7,0,1,2023-08,107669
40503,6603,629,20,5,0.9724740755791546,25,19,5,0,1,2023-07,107670
29662,9792,516,17,5,0.3527210373437395,31,26,8,0,1,2023-06,107671
44136,3982,820,42,3,0.21321568927996948,51,4,9,0,1,2023-09,107672
31639,6942,685,16,7,0.45785860878976226,67,14,0,0,0,2023-05,107673
22205,5590,609,10,9,0.31975408998617283,30,7,5,0,0,2023-05,107674
37930,4042,785,16,7,0.6387752419068049,37,25,9,0,1,2023-06,107675
12777,8267,847,39,8,0.9190232442001869,21,16,9,0,1,2023-06,107676
33315,5538,662,24,5,0.7505814663780344,51,10,1,0,0,2023-07,107677
31973,9426,574,31,1,0.30863908508009996,68,11,2,0,0,2023-07,107678
23316,3861,698,31,3,0.29287201951638997,68,22,8,0,0,2023-08,107679
32304,4876,786,22,3,0.9291598506203418,39,26,4,0,1,2023-08,107680
41303,4835,681,36,7,0.5900876399139203,40,5,4,0,1,2023-08,107681
35522,8794,596,24,4,0.9389383935914379,55,25,0,0,1,2023-06,107682
27340,7208,550,49,3,0.7889741724344133,57,12,9,0,1,2023-07,107683
24830,6526,813,25,7,0.9946787685083207,46,24,1,0,1,2023-08,107684
18403,4685,533,28,2,0.8969821941287788,66,24,8,0,0,2023-05,107685
19516,6401,520,30,1,0.5313697538094442,30,24,6,0,0,2023-09,107686
24091,4622,683,33,3,0.8065822620412724,37,15,3,0,0,2023-07,107687
12959,8518,792,42,0,0.576982533855956,36,24,6,0,0,2023-09,107688
36932,7957,563,17,0,0.3864578344792917,53,24,9,0,0,2023-08,107689
35554,5657,623,53,4,0.3928234070050876,64,10,1,0,0,2023-06,107690
41701,4932,600,6,0,0.5178577155694508,45,26,4,0,0,2023-05,107691
8385,3507,618,7,3,0.2891729808097403,25,23,8,0,0,2023-09,107692
38690,8763,840,15,7,0.3422130279109151,62,2,1,0,1,2023-06,107693
15367,7561,577,39,7,0.6004869469760792,49,18,2,0,0,2023-06,107694
38332,9967,680,37,1,0.9631379818894448,58,11,4,0,1,2023-09,107695
24642,6478,698,30,2,0.6621490736137801,69,5,4,0,0,2023-09,107696
15789,5656,689,15,2,0.5267973993504179,51,6,7,0,0,2023-06,107697
40268,4121,827,55,0,0.3941602558954414,36,13,6,0,0,2023-05,107698
25950,3289,602,6,2,0.3567210437651525,32,25,2,0,0,2023-05,107699
30563,8858,832,37,7,0.7267256235031165,65,17,4,0,1,2023-07,107700
44649,5829,774,42,5,0.8786602539373269,60,27,7,0,1,2023-07,107701
41404,5209,629,17,4,0.5190847411513309,32,16,4,0,0,2023-06,107702
37991,9767,740,54,9,0.6405272370986262,25,23,1,0,1,2023-06,107703
44065,8962,633,56,8,0.7653814089992312,41,23,9,0,1,2023-06,107704
5350,7812,656,23,6,0.24663646004446066,52,24,1,0,0,2023-06,107705
23312,4400,817,35,5,0.4807176379489468,52,29,0,0,0,2023-09,107706
29127,3566,657,18,4,0.7838023118096873,23,1,5,0,0,2023-08,107707
33853,4473,689,59,4,0.7476952212154175,33,28,0,0,1,2023-09,107708
42500,8089,599,8,9,0.2426781795328731,69,13,7,0,1,2023-09,107709
38785,8236,551,26,8,0.390254798698724,67,10,0,0,1,2023-07,107710
23610,4987,548,47,9,0.7439657715560011,54,13,7,0,1,2023-07,107711
28590,6787,599,19,5,0.41713283388472366,46,20,5,0,0,2023-09,107712
34443,6865,750,45,3,0.85152823514991,25,26,8,0,1,2023-09,107713
12170,6260,553,15,3,0.22360388735932749,20,21,2,0,0,2023-08,107714
18303,6547,636,7,3,0.35227762343475605,62,18,6,0,0,2023-07,107715
11207,9739,661,50,5,0.42505038404044654,47,18,1,0,0,2023-07,107716
17316,9089,791,42,0,0.9402318678480708,48,27,4,0,1,2023-09,107717
40187,6251,580,16,8,0.8370551650965325,51,4,0,0,1,2023-09,107718
11240,8905,719,6,1,0.9073160692234541,47,3,4,0,0,2023-07,107719
6893,8300,584,31,1,0.55238331774183,46,16,7,0,0,2023-06,107720
18753,8054,582,47,4,0.858049673021136,29,29,9,0,1,2023-05,107721
43090,4716,818,18,3,0.8827948574773989,37,7,2,0,1,2023-07,107722
16232,4012,566,33,2,0.5199654590999998,23,7,5,0,0,2023-06,107723
22509,8914,733,41,4,0.9955694781954023,57,2,3,0,1,2023-06,107724
8117,4310,697,26,6,0.8809909033726955,60,16,7,0,1,2023-05,107725
41929,7570,758,15,9,0.9792775749958309,61,5,1,0,1,2023-05,107726
9042,3617,676,17,1,0.8931976869161324,51,21,4,0,0,2023-08,107727
42201,7736,797,51,5,0.8209629122044864,24,8,5,0,1,2023-05,107728
31746,9405,779,32,3,0.9550750987716368,41,8,7,0,1,2023-09,107729
19016,7257,799,8,1,0.5358553956676722,67,11,1,0,0,2023-06,107730
30022,9099,628,33,0,0.8266667467974902,41,29,8,0,1,2023-08,107731
40426,4982,679,7,7,0.37031296473288766,21,20,6,0,0,2023-09,107732
32938,5228,791,33,4,0.7862350837768617,60,10,9,0,1,2023-08,107733
48678,7820,706,56,9,0.8282826264419143,62,1,3,0,1,2023-09,107734
40712,3468,793,36,1,0.7732195279068719,53,6,9,0,1,2023-06,107735
44978,8905,837,48,7,0.8798504522857293,69,28,1,0,1,2023-09,107736
13787,7116,674,26,2,0.5306683574796845,21,7,7,0,0,2023-06,107737
6986,7355,528,12,6,0.6358145056603932,65,17,1,0,0,2023-09,107738
15942,9609,678,55,1,0.2085339285562168,55,24,1,0,0,2023-07,107739
22458,4139,540,36,6,0.31684253040481924,59,16,8,0,0,2023-05,107740
17161,4436,691,19,3,0.7153551405022573,27,14,3,0,0,2023-08,107741
25689,3536,843,44,9,0.6498537597160361,52,25,6,0,1,2023-08,107742
34163,3951,736,59,0,0.35786601083312325,52,24,9,0,0,2023-05,107743
40775,5813,803,44,4,0.39477183532822524,23,3,3,0,0,2023-09,107744
38737,6006,724,14,3,0.4752657615387665,37,9,4,0,0,2023-05,107745
13772,6994,613,28,7,0.7731317703548075,38,10,0,0,0,2023-05,107746
40592,9075,777,17,0,0.6877732821306408,29,3,9,0,1,2023-09,107747
6211,4840,516,34,1,0.2556570113402319,69,12,0,0,0,2023-06,107748
5229,8952,585,43,4,0.8079513192098886,61,4,9,0,1,2023-05,107749
19345,3850,816,44,9,0.41012765041762367,60,12,9,0,1,2023-09,107750
40953,4971,844,27,9,0.7374077427235362,49,22,2,0,1,2023-07,107751
36819,8376,680,9,1,0.2986902757292404,41,23,5,0,0,2023-07,107752
21885,4191,836,53,0,0.9983370213753344,58,13,0,0,0,2023-07,107753
31708,6920,644,12,5,0.26426813655017134,57,24,3,0,0,2023-08,107754
5048,7628,814,45,9,0.7933872227207961,20,7,8,0,1,2023-09,107755
24950,5062,724,13,3,0.6330642874024763,49,19,1,0,0,2023-08,107756
20173,9193,553,57,4,0.2687513530273107,24,27,1,0,0,2023-08,107757
38737,6046,803,40,2,0.22144836604060442,66,27,1,0,0,2023-05,107758
33036,7399,567,14,9,0.4901325740133429,45,18,9,0,1,2023-06,107759
10820,6558,606,56,5,0.8417791456057151,65,27,9,0,1,2023-07,107760
19292,7511,833,18,3,0.232920992225114,50,18,6,0,0,2023-08,107761
8052,3304,576,44,5,0.7635189306624433,58,28,6,0,0,2023-06,107762
49377,9339,526,25,4,0.7243010210113909,60,29,5,0,1,2023-09,107763
28781,7908,843,26,1,0.41243014141821377,31,9,1,0,0,2023-05,107764
7302,5847,654,52,3,0.26199362858791225,36,7,4,0,0,2023-05,107765
7283,5435,571,24,1,0.9322575684432497,37,7,5,0,0,2023-06,107766
47567,5804,679,7,4,0.4402798421893792,21,21,5,0,0,2023-08,107767
20620,4984,546,49,2,0.2891065854294089,68,13,9,0,0,2023-05,107768
35461,6936,741,45,5,0.7452136626887329,43,6,5,0,1,2023-09,107769
25750,9598,776,35,4,0.37334498303330244,47,7,5,0,1,2023-09,107770
37890,3712,812,28,1,0.5805046044501039,58,13,0,0,0,2023-05,107771
28183,9848,604,45,9,0.24032443538882645,29,25,3,0,1,2023-07,107772
14472,5895,594,18,7,0.9943871591264839,66,26,0,0,1,2023-06,107773
8727,4681,718,38,5,0.5580969014203939,52,20,2,0,0,2023-07,107774
30523,4333,669,37,8,0.9992879850476275,43,6,1,0,1,2023-07,107775
35766,6198,782,33,2,0.5085399015472531,30,17,1,0,0,2023-09,107776
42726,3174,627,29,3,0.47828204475377556,27,23,5,0,0,2023-05,107777
5524,6205,699,47,7,0.9316578626136589,46,20,0,0,1,2023-09,107778
14079,8185,831,33,6,0.4635726830755905,45,18,3,0,1,2023-09,107779
13399,4416,534,35,7,0.5456044378530166,31,20,8,0,0,2023-07,107780
32370,4987,643,58,8,0.26248834937132604,54,8,2,0,0,2023-07,107781
21532,9422,791,46,7,0.9643699104283805,34,18,7,0,1,2023-07,107782
21821,7853,565,34,7,0.26812099268072176,40,15,8,0,0,2023-05,107783
48162,9506,718,39,5,0.8169479468282594,56,1,1,0,1,2023-08,107784
8749,4772,555,56,1,0.6308923150489416,49,1,4,0,0,2023-07,107785
16353,7266,644,27,6,0.2491241152380278,24,7,5,0,0,2023-06,107786
33477,4074,712,30,3,0.20136306243284496,36,16,4,0,0,2023-07,107787
29570,8447,593,19,2,0.9484429108217036,45,23,5,0,1,2023-06,107788
25837,7760,605,15,3,0.7937387233884352,53,20,4,0,0,2023-08,107789
16437,3591,583,15,3,0.749148994831532,52,14,6,0,0,2023-08,107790
43104,5978,635,13,2,0.5508452244793776,37,28,4,0,0,2023-06,107791
9551,8264,645,19,8,0.39089102936878195,44,21,4,0,0,2023-06,107792
7823,9417,748,50,2,0.7438904597844591,60,29,6,0,1,2023-09,107793
17916,6982,517,43,1,0.6866408548936793,49,12,2,0,0,2023-08,107794
20167,9651,624,37,0,0.7810737558786691,56,5,9,0,1,2023-08,107795
46445,5410,501,58,0,0.4926340148002097,39,7,6,0,0,2023-08,107796
13391,8444,831,50,4,0.9895390084105522,64,12,7,0,1,2023-05,107797
17658,3847,699,37,4,0.2536069243428263,21,19,4,0,0,2023-05,107798
34685,9798,637,8,8,0.26376129362897127,32,5,3,0,0,2023-07,107799
28380,9441,702,25,3,0.9335006780644921,59,7,1,0,1,2023-09,107800
47431,3493,781,18,4,0.7181651479352349,61,28,4,0,1,2023-07,107801
33919,3545,802,28,5,0.46106725454568354,39,27,5,0,1,2023-09,107802
7311,9447,529,24,9,0.809562206160501,25,7,8,0,1,2023-05,107803
44993,8586,555,21,6,0.5622187102824319,30,13,5,0,1,2023-08,107804
49333,7999,618,41,8,0.2168972070461857,65,25,5,0,1,2023-06,107805
48038,5286,631,40,5,0.7208829355359658,44,20,5,0,1,2023-07,107806
18560,5697,730,52,0,0.39448954967321836,61,17,7,0,0,2023-06,107807
43553,6837,651,52,7,0.29226809328805425,29,5,5,0,1,2023-08,107808
30993,4540,520,55,1,0.38021854599952337,50,14,0,0,0,2023-07,107809
35492,3883,567,59,8,0.5809263049033988,62,11,0,0,0,2023-07,107810
25981,6956,625,12,6,0.2398851450265922,23,20,9,0,0,2023-06,107811
29143,9553,542,57,6,0.9065219094236381,44,19,1,0,1,2023-06,107812
17067,9869,681,42,9,0.6479344132554896,47,23,0,0,1,2023-05,107813
28916,6094,599,13,9,0.4343969440923326,43,25,2,0,0,2023-07,107814
46508,5365,848,30,4,0.7496038784709464,54,4,2,0,1,2023-05,107815
8815,9668,739,28,7,0.8433891975839531,60,22,3,0,1,2023-06,107816
36836,8000,699,15,9,0.6911397023867842,24,17,5,0,1,2023-07,107817
42477,6347,615,35,0,0.36199574552841884,52,17,9,0,0,2023-06,107818
42275,6071,614,38,2,0.288230736117155,30,3,6,0,0,2023-07,107819
44343,6675,641,16,8,0.8879197576267093,27,14,8,0,1,2023-05,107820
9773,7715,618,40,0,0.3877499308413924,40,21,7,0,0,2023-09,107821
17446,3952,592,32,7,0.21606594454199818,51,6,5,0,0,2023-08,107822
35733,6300,508,58,5,0.7143216865234017,24,25,8,0,1,2023-07,107823
15464,6735,572,8,9,0.32230826389145034,53,25,3,0,0,2023-09,107824
26576,6179,525,52,4,0.9927758558116602,28,10,5,0,1,2023-09,107825
8320,9944,738,54,5,0.8957846653915296,57,27,6,0,1,2023-06,107826
15750,5963,644,55,4,0.6867565808009741,62,17,1,0,0,2023-05,107827
42466,7027,567,13,8,0.8670925140868349,51,2,0,0,1,2023-06,107828
31572,6247,687,18,1,0.5764285606149571,29,27,9,0,0,2023-06,107829
22948,7415,630,47,9,0.8307889955699481,31,12,7,0,1,2023-08,107830
43826,6357,720,8,5,0.717226841917721,54,24,7,0,1,2023-07,107831
28515,7971,780,25,3,0.22291571837572477,58,21,6,0,1,2023-09,107832
32867,9472,776,51,2,0.959006134042274,37,16,8,0,1,2023-07,107833
5726,8996,639,50,4,0.8887356625573497,42,16,8,0,1,2023-08,107834
30820,7848,553,40,1,0.9627259124745775,31,3,2,0,0,2023-06,107835
11697,5704,500,18,2,0.7850927476486527,50,25,0,0,0,2023-08,107836
49678,8475,627,25,6,0.5296487373292977,30,18,8,0,1,2023-08,107837
47025,4037,500,29,0,0.3655881786290258,53,7,0,0,0,2023-08,107838
17963,3070,672,14,1,0.3439970780526952,46,10,0,0,0,2023-08,107839
6081,5874,765,35,2,0.3159329987102173,40,8,4,0,0,2023-06,107840
25269,8931,795,30,9,0.3764877141132142,29,28,1,0,1,2023-06,107841
15776,8642,755,21,6,0.6405088106779162,32,18,1,0,0,2023-06,107842
36816,3105,673,13,3,0.7469960506302729,64,17,4,0,0,2023-08,107843
19196,3769,544,49,7,0.4512452488130146,66,3,6,0,0,2023-06,107844
47112,5009,842,33,7,0.6389975756062909,44,8,5,0,1,2023-06,107845
20958,5940,640,17,0,0.4730021275630802,32,20,4,0,0,2023-09,107846
28369,9339,526,56,4,0.7572079789391968,60,29,2,0,1,2023-06,107847
16689,5192,732,29,0,0.990788976256201,25,5,8,0,0,2023-06,107848
22331,8469,708,54,6,0.7512135747063069,54,25,7,0,1,2023-08,107849
42528,6495,549,34,3,0.24722446147012267,47,20,2,0,0,2023-09,107850
18436,9614,560,20,7,0.5817879662671914,39,12,6,0,1,2023-05,107851
5066,8805,742,59,7,0.8163099941076246,39,25,2,0,1,2023-09,107852
35725,7311,768,23,8,0.6337932850028658,60,6,5,0,1,2023-05,107853
30212,8212,639,12,5,0.9608504237783184,23,28,2,0,1,2023-06,107854
38332,7355,656,18,6,0.243817343363369,39,23,7,0,1,2023-07,107855
30401,3933,584,24,6,0.43292443463654245,24,24,2,0,0,2023-08,107856
18393,3574,583,53,4,0.3765744861118309,41,10,4,0,0,2023-09,107857
8670,8660,775,48,6,0.8140977614108711,43,10,2,0,1,2023-05,107858
30601,8906,530,10,8,0.6190344547872054,63,1,7,0,1,2023-08,107859
7251,6930,507,31,3,0.3106753690824047,36,9,9,0,0,2023-06,107860
38572,7380,779,7,1,0.4284746107691424,24,18,8,0,0,2023-09,107861
32027,7087,702,38,7,0.6181274583970999,45,3,5,0,1,2023-06,107862
36846,5531,532,53,6,0.9969031850029195,55,1,9,0,1,2023-08,107863
26015,9050,797,42,5,0.4914338859322975,27,10,3,0,1,2023-05,107864
14583,5419,642,30,6,0.32546087787175626,28,27,9,0,0,2023-09,107865
28104,3069,849,30,2,0.5976532206333265,36,3,3,0,0,2023-05,107866
17224,7474,536,44,5,0.4481491017864526,27,18,4,0,0,2023-06,107867
43784,4302,646,35,9,0.6527734590628385,24,7,2,0,1,2023-08,107868
35836,6814,727,46,6,0.5733682422281807,29,7,3,0,1,2023-09,107869
34299,5349,533,9,6,0.7515919373700182,69,22,3,0,0,2023-09,107870
18036,3254,736,24,4,0.9314325670940131,33,10,0,0,0,2023-05,107871
24933,4707,711,32,2,0.36041148061500083,46,28,0,0,0,2023-06,107872
17392,7787,808,57,1,0.8569440562947186,46,27,8,0,1,2023-09,107873
12938,8383,639,52,6,0.9594125724388283,24,13,2,0,1,2023-05,107874
9141,3833,689,44,3,0.49888774521436974,34,4,4,0,0,2023-08,107875
28350,5764,595,29,1,0.2909301604773591,47,12,1,0,0,2023-07,107876
14546,5471,693,55,7,0.8575289366263135,24,3,0,0,0,2023-08,107877
10335,9356,803,42,1,0.7608766475505913,41,23,6,0,1,2023-07,107878
10077,6742,795,58,5,0.37016976386724143,31,16,9,0,1,2023-08,107879
10611,5035,651,30,3,0.5561788745460401,61,11,8,0,0,2023-08,107880
45857,4967,722,34,8,0.6623937651919102,27,3,3,0,1,2023-08,107881
40660,3099,695,36,4,0.3358832693211394,20,25,3,0,0,2023-08,107882
10577,4852,587,50,3,0.7719302613036478,54,26,2,0,0,2023-07,107883
25002,6183,798,40,7,0.7519061931154853,35,8,2,0,1,2023-08,107884
44451,5355,516,33,2,0.9097012900093029,49,7,1,0,0,2023-08,107885
39275,9821,710,43,8,0.6538183715425561,62,14,2,0,1,2023-08,107886
33647,9618,731,49,7,0.6594504245565096,60,2,4,0,1,2023-09,107887
39831,8667,682,58,7,0.6955098847754413,29,10,7,0,1,2023-06,107888
39768,3111,661,55,9,0.41902660910552525,53,3,7,0,1,2023-08,107889
35962,6158,569,55,4,0.8068846810224024,30,24,4,0,1,2023-09,107890
34583,3182,559,9,0,0.729999409010105,39,28,0,0,0,2023-06,107891
6294,9740,678,33,9,0.8713165003687287,62,11,9,0,1,2023-08,107892
20096,6852,576,57,8,0.8148688039780831,26,19,1,0,1,2023-06,107893
41833,3164,534,36,1,0.71085778440325,40,8,7,0,0,2023-05,107894
32328,9958,515,28,0,0.3287137207276792,30,20,9,0,0,2023-07,107895
29398,5137,793,19,5,0.9353178585670641,56,5,8,0,1,2023-09,107896
22706,5023,670,33,0,0.4937697451065187,42,9,6,0,0,2023-06,107897
27340,3454,531,19,9,0.9714388548134099,63,13,8,0,1,2023-06,107898
23825,5285,762,6,9,0.5214966416004377,50,11,8,0,1,2023-06,107899
22482,9118,714,48,9,0.3167506341465367,37,26,5,0,1,2023-06,107900
14318,9677,545,37,6,0.9078717979997346,43,2,5,0,1,2023-08,107901
46256,7822,688,59,6,0.8360469921029641,41,12,6,0,1,2023-06,107902
49009,9201,773,46,0,0.8290368448905117,56,3,0,0,1,2023-09,107903
48185,3541,570,23,9,0.27152860058489453,66,15,8,0,1,2023-06,107904
20574,9033,795,10,4,0.9034238664415737,63,28,0,0,1,2023-07,107905
19650,8117,587,47,2,0.6771205097302888,20,28,7,0,0,2023-07,107906
33930,5665,833,20,1,0.576284589018363,69,1,9,0,1,2023-09,107907
25171,5449,760,47,4,0.9305372971305108,25,24,1,0,1,2023-07,107908
39864,7937,681,21,4,0.7328330819855522,57,28,9,0,1,2023-07,107909
16801,8798,841,41,1,0.30642465908238875,48,11,6,0,0,2023-08,107910
27372,6933,521,41,5,0.615629740845363,62,25,4,0,1,2023-05,107911
21559,8785,573,45,6,0.7092932710780502,30,10,7,0,1,2023-05,107912
37334,5886,589,35,0,0.9188405581853074,35,25,9,0,1,2023-07,107913
44937,7614,834,43,2,0.4239152813399201,25,3,6,0,1,2023-07,107914
18288,7292,665,28,3,0.8353871085179323,20,14,7,0,0,2023-06,107915
27398,6904,733,16,1,0.8398503230677969,67,21,1,0,0,2023-07,107916
15694,9189,628,30,9,0.3024395878589446,54,16,9,0,1,2023-08,107917
17191,9673,833,50,4,0.21378654620469836,43,9,8,0,1,2023-09,107918
23051,8516,791,56,3,0.6651277567187652,57,14,5,0,1,2023-08,107919
15737,4688,594,48,1,0.8315831090327885,22,21,5,0,0,2023-07,107920
30251,8095,527,7,0,0.6435446594618377,59,1,5,0,0,2023-05,107921
10147,9919,534,40,7,0.8506779881599003,21,1,0,0,0,2023-06,107922
24643,9217,730,52,1,0.6978425123740113,34,4,6,0,1,2023-06,107923
43967,4637,817,29,3,0.7226338893378403,41,23,1,0,1,2023-07,107924
38314,9478,842,18,9,0.22252354061002047,65,23,1,0,1,2023-08,107925
42999,8966,624,47,4,0.2708785623355409,65,23,4,0,1,2023-08,107926
45733,7728,578,42,1,0.7800236941726999,23,29,5,0,1,2023-09,107927
23467,9831,560,35,9,0.8102746259010314,43,22,0,0,1,2023-06,107928
39808,7670,716,16,8,0.6337423824514608,38,29,0,0,1,2023-06,107929
6752,9439,781,28,1,0.6721321019608277,49,1,0,0,0,2023-05,107930
6849,7082,662,51,5,0.6914926718760621,41,27,6,0,1,2023-09,107931
7642,8203,556,33,6,0.28399305508315953,58,19,0,0,0,2023-08,107932
6600,8134,690,34,5,0.7343268834007441,67,21,8,0,1,2023-05,107933
25786,4890,631,57,3,0.5827759814096403,59,12,2,0,0,2023-06,107934
49565,6205,541,20,0,0.6820183813498233,46,20,9,0,1,2023-05,107935
25183,3477,672,50,1,0.6505134630484181,34,27,1,0,0,2023-09,107936
6132,9776,666,8,9,0.8104001987632312,56,4,5,0,1,2023-06,107937
43259,5366,749,14,9,0.4548546109727851,20,9,1,0,1,2023-07,107938
36076,5526,692,13,5,0.49882099605396163,31,7,4,0,0,2023-06,107939
43563,9511,777,52,7,0.5132850452196638,28,25,4,0,1,2023-07,107940
31691,3366,737,38,2,0.80996487933921,38,29,8,0,1,2023-09,107941
48299,4836,729,39,6,0.5448900974424282,37,14,3,0,1,2023-06,107942
15931,9521,664,14,8,0.3416598173600438,58,23,7,0,1,2023-06,107943
12633,4715,742,58,3,0.9864327763336231,30,26,6,0,1,2023-06,107944
42777,9606,589,22,6,0.5947054911716383,30,3,6,0,1,2023-05,107945
39881,8713,678,46,6,0.28739846652485046,49,15,0,0,1,2023-08,107946
6044,3012,557,6,9,0.7362199647941619,39,11,5,0,0,2023-06,107947
40199,3535,762,45,8,0.7913298860227871,34,10,5,0,1,2023-07,107948
29363,6239,635,10,2,0.6001782711271164,44,20,9,0,0,2023-08,107949
6582,5317,737,35,0,0.7171657746218572,68,15,7,0,0,2023-05,107950
19374,7042,806,16,7,0.33813989158618396,22,25,5,0,0,2023-08,107951
6308,3375,742,33,3,0.4943379082243031,62,17,7,0,0,2023-07,107952
26301,4724,650,43,1,0.32946288269729296,45,19,5,0,0,2023-05,107953
13793,3256,845,22,4,0.5097882050918467,64,11,7,0,0,2023-05,107954
6620,5264,746,55,3,0.6502404177495353,47,20,4,0,0,2023-07,107955
34883,3449,718,28,0,0.5540315257455306,25,16,8,0,0,2023-06,107956
42534,3893,508,23,6,0.6745718725885925,65,4,3,0,0,2023-07,107957
42960,6212,793,42,3,0.6014073386948415,51,7,5,0,1,2023-08,107958
44390,4184,512,32,7,0.4542514987214051,30,11,1,0,0,2023-05,107959
11093,9175,762,30,8,0.31473279849680974,32,20,2,0,0,2023-08,107960
27259,8943,724,10,7,0.40213828913702176,36,26,3,0,1,2023-09,107961
25655,6223,730,24,0,0.36057060151567993,65,24,2,0,0,2023-05,107962
38005,8379,677,32,7,0.7659378349525685,65,17,6,0,1,2023-06,107963
36629,4308,746,18,4,0.8559734755299047,55,19,8,0,1,2023-06,107964
28610,7705,566,59,0,0.7763108842395405,49,26,5,0,1,2023-07,107965
26602,3916,796,12,8,0.7149873175961268,23,10,2,0,0,2023-08,107966
25409,9685,656,31,8,0.4462810830510157,33,15,8,0,1,2023-05,107967
16110,8721,664,19,6,0.7687884472852091,65,6,0,0,0,2023-05,107968
11073,3147,683,32,6,0.684066767991317,47,13,4,0,0,2023-08,107969
40310,7751,707,13,0,0.23751469335010056,26,3,9,0,0,2023-08,107970
20282,5114,515,36,8,0.9260896947147323,35,8,9,0,1,2023-07,107971
15195,7016,799,40,0,0.26396307288131143,33,7,4,0,0,2023-07,107972
6537,6940,805,32,6,0.6021663233270711,56,5,1,0,0,2023-06,107973
22138,9713,740,9,8,0.6104553221752518,58,18,4,0,1,2023-06,107974
49328,7071,729,47,8,0.8696057510067055,68,27,0,0,1,2023-06,107975
45164,8912,517,9,4,0.9304540008338931,46,21,0,0,1,2023-08,107976
29207,8398,646,23,5,0.9517406332078344,49,16,3,0,1,2023-07,107977
25619,5795,743,28,1,0.6557377067831826,34,9,5,0,0,2023-08,107978
29845,3442,550,37,1,0.7432337841692829,58,11,1,0,0,2023-07,107979
29310,5944,758,17,9,0.27081588993005046,61,21,4,0,1,2023-07,107980
42899,6936,737,57,8,0.5903328086752178,37,28,9,0,1,2023-06,107981
35562,3398,745,25,0,0.9182853633938277,30,19,4,0,0,2023-06,107982
33036,4151,844,52,9,0.5645577208304489,41,14,2,0,1,2023-09,107983
13697,9625,809,50,4,0.25567514834674454,65,7,3,0,1,2023-07,107984
22513,6792,548,17,6,0.36051291393316287,23,12,1,0,0,2023-07,107985
48039,5995,783,13,9,0.5436055379483957,22,19,6,0,1,2023-05,107986
8145,9329,537,59,5,0.39002264392724195,43,8,2,0,0,2023-08,107987
32818,5216,783,27,5,0.5138340682733765,33,21,5,0,1,2023-08,107988
35544,4707,531,32,5,0.46636950026884727,22,5,8,0,0,2023-08,107989
18100,6331,742,46,7,0.4551432422527617,50,6,6,0,1,2023-05,107990
25104,4987,540,57,6,0.27293168780546834,54,11,3,0,0,2023-06,107991
9067,8766,791,46,4,0.9061717528692692,50,26,1,0,1,2023-06,107992
41963,8677,602,22,9,0.7541650027723306,31,29,6,0,1,2023-09,107993
35728,7602,791,37,1,0.6987055267752997,29,22,7,0,1,2023-09,107994
37317,5568,606,38,9,0.6851755264763255,39,3,2,0,1,2023-07,107995
36416,3160,745,36,5,0.517201779771727,37,11,6,0,0,2023-07,107996
47012,7435,586,11,9,0.8586522470811999,63,23,0,0,1,2023-05,107997
45049,6904,565,44,4,0.944031995142351,55,25,7,0,1,2023-05,107998
7509,6573,637,14,3,0.2044937991963529,38,12,6,0,0,2023-05,107999
26400,6177,825,47,9,0.2633587814704059,36,1,5,0,1,2023-08,108000
11533,4825,699,37,4,0.7399804938930234,59,4,2,0,0,2023-05,108001
19670,8594,834,41,8,0.3888533781784578,30,20,3,0,1,2023-08,108002
8932,6924,592,21,1,0.9293639990159055,24,1,7,0,0,2023-07,108003
43328,4623,847,17,5,0.7339304520930039,56,6,0,0,1,2023-09,108004
41784,8582,777,46,8,0.4946330041269705,64,2,1,0,1,2023-09,108005
28723,8602,519,8,9,0.5322259222235441,55,27,0,0,1,2023-09,108006
5719,9847,788,32,4,0.7527060041972464,64,13,3,0,1,2023-07,108007
5074,4176,589,32,5,0.3127712820817147,67,16,5,0,0,2023-08,108008
31498,7918,549,14,9,0.9067295041972876,63,11,4,0,1,2023-08,108009
36345,6720,509,22,3,0.20381735874414222,33,14,5,0,0,2023-05,108010
25541,7880,578,51,4,0.9831575626430931,47,6,1,0,1,2023-06,108011
39917,6220,536,10,7,0.3341163842904754,28,16,4,0,0,2023-09,108012
31028,6259,558,31,0,0.793689086891106,57,17,0,0,0,2023-08,108013
34545,3130,587,26,0,0.23193976563452845,48,10,5,0,0,2023-06,108014
19033,8571,603,6,9,0.5451431192344742,44,29,3,0,1,2023-06,108015
36673,9659,818,6,3,0.70425094585131,27,21,9,0,1,2023-06,108016
35974,6562,776,40,9,0.25618196607446725,67,22,8,0,1,2023-06,108017
28097,4499,603,14,2,0.5546348231199391,38,26,2,0,0,2023-09,108018
41975,9679,753,28,4,0.44250912248817803,21,13,2,0,1,2023-07,108019
32608,5788,729,43,9,0.5985948895737543,25,13,8,0,1,2023-06,108020
28525,7876,834,46,7,0.6036612287753185,49,2,3,0,1,2023-06,108021
20043,6708,536,9,0,0.8281852846738469,21,1,6,0,0,2023-09,108022
46846,4707,800,57,4,0.29880362275591815,38,23,9,0,1,2023-09,108023
16725,4769,641,24,4,0.26617568083797316,32,1,1,0,0,2023-06,108024
41704,4318,542,42,1,0.5215121865910326,68,7,0,0,0,2023-08,108025
47075,9034,615,10,4,0.9100159355012261,27,13,9,0,1,2023-09,108026
42383,8554,840,33,7,0.8842156157376744,28,17,0,0,1,2023-07,108027
34483,9731,583,51,9,0.6479943274251272,42,9,5,0,1,2023-07,108028
12265,6379,758,47,6,0.9110190551768858,56,13,3,0,1,2023-07,108029
27763,5773,586,53,1,0.8442748780389695,27,16,1,0,0,2023-05,108030
15116,5990,842,28,5,0.4223515680744395,28,5,6,0,0,2023-06,108031
20733,6044,846,43,9,0.3360850243566641,35,22,7,0,1,2023-08,108032
30502,3375,790,57,0,0.4409252007813647,35,7,6,0,0,2023-09,108033
42420,9347,595,28,9,0.38169430275105154,31,1,9,0,1,2023-07,108034
48241,6036,754,51,9,0.6981750341269577,44,8,8,0,1,2023-05,108035
14247,3660,841,23,2,0.6679192902197202,30,6,0,0,0,2023-07,108036
28840,9218,635,34,5,0.6787499067622254,37,12,9,0,1,2023-07,108037
26058,4403,747,33,8,0.35144282919315906,32,2,5,0,0,2023-05,108038
39929,3740,591,14,0,0.833490180221151,54,1,7,0,0,2023-06,108039
23635,3303,746,44,5,0.5469008668341051,37,15,8,0,0,2023-07,108040
30628,4085,757,55,1,0.5779615362932264,62,17,7,0,1,2023-06,108041
36362,9713,686,15,8,0.9975694769689918,49,20,5,0,1,2023-06,108042
25953,7881,623,7,1,0.42581742877019857,62,3,7,0,0,2023-06,108043
24128,6179,759,18,2,0.5153104032861686,56,27,7,0,0,2023-08,108044
17061,4210,668,43,1,0.7411705663232699,49,6,0,0,0,2023-07,108045
11041,6034,610,32,3,0.9043304161521932,22,16,7,0,0,2023-07,108046
17673,3228,789,46,3,0.30142480534722493,48,10,6,0,0,2023-05,108047
26059,6119,586,25,9,0.7880366451417311,44,13,7,0,1,2023-05,108048
39328,4854,512,45,0,0.9346244207964405,21,8,7,0,0,2023-05,108049
49722,3267,762,15,7,0.5383396907414952,66,17,9,0,1,2023-05,108050
22548,5774,787,21,4,0.42938153834681403,24,28,9,0,0,2023-06,108051
20078,5849,522,20,7,0.7421897174199499,50,7,5,0,0,2023-05,108052
10419,7349,699,18,5,0.39685892099063325,24,24,8,0,0,2023-08,108053
40490,7965,741,55,1,0.5074317972378288,40,5,2,0,1,2023-08,108054
15550,5134,738,43,6,0.9175306992718422,67,8,9,0,1,2023-06,108055
35337,8300,802,25,9,0.6722660420731019,68,29,0,0,1,2023-05,108056
6468,8144,664,29,8,0.2759818132798755,45,27,8,0,1,2023-05,108057
29309,6459,725,46,6,0.46375802515709674,26,1,9,0,1,2023-06,108058
5808,5269,675,55,4,0.7018121320939008,49,2,9,0,0,2023-06,108059
29747,3989,528,12,3,0.5851981097237423,53,4,1,0,0,2023-05,108060
11719,7492,664,28,7,0.7282714534012726,47,1,2,0,0,2023-07,108061
21363,3937,522,29,5,0.8091531341442726,33,29,3,0,0,2023-09,108062
33718,9654,793,34,4,0.5844920961637665,37,21,7,0,1,2023-07,108063
33801,9704,543,10,6,0.9895613490415507,63,10,8,0,1,2023-05,108064
48359,9989,760,48,2,0.9317391005391202,36,3,2,0,1,2023-07,108065
42841,3439,679,50,8,0.24792592485492504,44,2,1,0,0,2023-07,108066
13012,9023,795,40,3,0.4131449102001747,25,7,1,0,0,2023-09,108067
23029,5358,638,6,3,0.44043480984782724,24,2,8,0,0,2023-06,108068
46017,5007,833,41,7,0.34743228533600845,40,25,7,0,1,2023-08,108069
5767,6345,747,56,5,0.4496132024403842,58,6,1,0,0,2023-05,108070
8895,7130,740,23,0,0.5398565063483682,69,8,7,0,0,2023-08,108071
47968,9360,605,11,1,0.24124078319396622,39,3,3,0,0,2023-05,108072
45097,7816,672,28,8,0.3018401889059316,30,21,5,0,1,2023-06,108073
20332,6743,548,15,5,0.2769967030347871,24,19,4,0,0,2023-09,108074
19621,3518,622,12,6,0.23705355131732048,57,9,4,0,0,2023-08,108075
16334,3268,534,49,8,0.5851976162412948,58,1,9,0,0,2023-09,108076
23174,7733,605,13,2,0.4670424665809161,54,8,9,0,0,2023-07,108077
38653,9618,827,18,4,0.948357783719769,54,6,6,0,1,2023-08,108078
45502,8444,695,35,4,0.2822084283533903,44,23,7,0,1,2023-07,108079
41674,8475,608,23,9,0.9408282685885379,49,2,4,0,1,2023-07,108080
42260,7185,624,19,6,0.2692364939195674,21,23,3,0,0,2023-07,108081
47498,8161,826,16,1,0.695373877283548,39,14,1,0,1,2023-05,108082
7073,4388,794,47,3,0.39818426990105626,55,1,4,0,0,2023-05,108083
11269,4694,846,43,3,0.8614445171951,56,7,7,0,1,2023-06,108084
22194,6273,536,18,7,0.24917986163197592,21,11,0,0,0,2023-06,108085
31811,4389,687,59,9,0.9620065246157004,67,16,5,0,1,2023-07,108086
11841,6865,836,47,2,0.23780576026632014,63,24,1,0,0,2023-08,108087
48723,6029,522,49,1,0.3928906146410671,66,2,1,0,0,2023-05,108088
39800,5335,760,38,8,0.571347780853912,46,26,7,0,1,2023-07,108089
14699,6674,693,55,3,0.8048463092529723,51,18,5,0,1,2023-06,108090
15762,7576,651,18,8,0.9608901740346953,23,19,5,0,1,2023-07,108091
44897,9780,517,30,5,0.5424339450355009,46,10,5,0,1,2023-08,108092
46556,3500,526,29,0,0.8058480750542982,49,4,8,0,0,2023-07,108093
7147,4661,523,34,2,0.7817300435561909,22,24,2,0,0,2023-06,108094
38383,5099,528,41,6,0.6569351162327253,65,28,1,0,1,2023-08,108095
38715,3102,638,11,8,0.7527353408806559,64,3,4,0,1,2023-08,108096
43445,8543,645,23,7,0.23045334645294233,46,13,5,0,1,2023-09,108097
45634,5746,622,33,4,0.5532619207180108,57,6,8,0,1,2023-08,108098
7013,6276,627,10,7,0.8286885552480243,55,29,8,0,1,2023-08,108099
25081,6085,616,23,1,0.5793769160021848,20,10,1,0,0,2023-09,108100
21874,9059,631,42,2,0.8988036673815587,54,27,8,0,1,2023-05,108101
42755,8735,788,12,7,0.8669103012517683,31,8,8,0,1,2023-08,108102
13733,9613,705,14,8,0.8907568241378925,54,10,5,0,1,2023-06,108103
14479,6537,735,40,9,0.30399734850255955,37,2,0,0,0,2023-09,108104
14825,4327,541,17,7,0.39531289965285643,65,20,7,0,0,2023-07,108105
26304,5474,659,57,3,0.22367781856970428,56,15,7,0,0,2023-07,108106
40694,4679,751,51,5,0.9862405814904442,42,1,7,0,1,2023-06,108107
45050,9253,678,45,4,0.3889105115334096,52,11,7,0,1,2023-08,108108
20635,6746,624,49,3,0.4936746675857938,33,24,9,0,0,2023-05,108109
25760,8684,759,44,8,0.419941157782749,63,1,4,0,1,2023-08,108110
14490,5562,775,29,9,0.23183489827633386,20,28,1,0,0,2023-05,108111
26252,7163,712,14,2,0.4090064076880868,46,25,8,0,0,2023-06,108112
44754,6317,823,17,0,0.27855653296616584,43,22,5,0,0,2023-05,108113
11862,5436,689,41,6,0.5154264691076678,21,16,2,0,0,2023-06,108114
49927,8769,557,42,9,0.9734592946694205,31,12,0,0,1,2023-06,108115
9423,3307,702,14,7,0.7586098976510542,32,29,4,0,0,2023-06,108116
15450,6996,579,44,2,0.765520631846305,46,12,3,0,0,2023-06,108117
45927,8471,727,51,2,0.5625407466330042,39,19,3,0,1,2023-09,108118
39841,8918,594,57,5,0.8490432085515582,66,13,8,0,1,2023-06,108119
27554,4089,503,27,1,0.9266273335340471,67,8,5,0,0,2023-08,108120
36826,7555,664,22,5,0.9692400048670566,56,2,7,0,1,2023-06,108121
47879,5394,799,38,4,0.2791921781971349,53,27,8,0,1,2023-09,108122
11825,9468,541,52,6,0.9037152069171823,25,19,0,0,1,2023-08,108123
48420,7004,784,29,8,0.38006630686068865,27,14,6,0,1,2023-08,108124
17454,3666,728,20,8,0.5178135215926671,40,23,6,0,0,2023-07,108125
29251,8718,742,34,0,0.47638175576962105,58,27,8,0,1,2023-09,108126
25648,8152,711,37,6,0.7401040320694359,40,1,0,0,1,2023-06,108127
45736,7163,799,38,2,0.6783396321870333,64,25,1,0,1,2023-08,108128
29530,5234,554,34,3,0.2872838998144288,25,26,5,0,0,2023-08,108129
17516,9335,835,20,1,0.8262581036116134,60,9,3,0,1,2023-09,108130
45544,4236,672,32,0,0.5517163214411969,63,19,4,0,0,2023-05,108131
13558,4623,776,39,9,0.20177747466371737,49,14,4,0,0,2023-05,108132
13719,9571,833,9,2,0.5316026134886651,29,4,9,0,0,2023-07,108133
9886,4374,728,54,9,0.6130652605977529,30,2,0,0,0,2023-09,108134
33185,6311,529,53,8,0.25509974816658343,20,10,0,0,0,2023-05,108135
42387,9359,522,23,0,0.32090820753296123,29,27,6,0,0,2023-06,108136
26575,3176,504,26,2,0.9948577371926888,44,29,2,0,0,2023-06,108137
48113,8684,562,53,4,0.8969563216179886,35,15,4,0,1,2023-06,108138
44643,4353,720,13,2,0.3066619354773183,38,1,7,0,0,2023-05,108139
15100,9704,814,11,3,0.6642475197570051,29,29,4,0,1,2023-09,108140
12856,5928,581,59,3,0.5033946377738745,66,11,9,0,0,2023-05,108141
43169,3625,741,25,0,0.6349923269599358,33,16,8,0,0,2023-07,108142
33804,5654,752,7,5,0.5764281548539099,22,13,3,0,0,2023-05,108143
40790,6608,551,56,6,0.23851914002054775,23,8,6,0,0,2023-08,108144
35988,6715,820,50,6,0.45233624879262646,59,27,7,0,1,2023-08,108145
49443,7274,538,27,5,0.30041646562250135,52,9,6,0,1,2023-08,108146
15912,3394,758,59,6,0.5911744738325981,39,15,3,0,0,2023-08,108147
43506,4168,826,26,2,0.9258533759836347,34,25,7,0,1,2023-09,108148
27368,7971,770,11,4,0.9964262180556351,26,26,9,0,1,2023-07,108149
6770,8057,571,37,6,0.9554024547859772,63,29,9,0,1,2023-09,108150
17305,3197,569,11,9,0.988557699979848,22,5,9,0,0,2023-05,108151
14969,3968,719,18,4,0.21219705262428415,46,21,3,0,0,2023-07,108152
17404,6908,503,6,9,0.7835575827552224,56,21,9,0,1,2023-05,108153
13989,6155,849,27,1,0.41835904814122904,48,22,7,0,0,2023-06,108154
40983,7764,789,58,5,0.8924943826153096,45,20,7,0,1,2023-07,108155
49748,5504,791,29,6,0.850986792499234,46,18,3,0,1,2023-09,108156
44462,4276,730,46,1,0.5389396607063632,44,2,4,0,0,2023-06,108157
24360,9006,579,35,9,0.578608540082526,59,28,4,0,1,2023-08,108158
25121,7167,565,27,7,0.4120733351940311,62,22,4,0,0,2023-09,108159
31287,7318,635,49,4,0.4310432289762416,49,5,2,0,0,2023-06,108160
48429,9419,690,17,7,0.9849395386883877,63,20,1,0,1,2023-05,108161
39160,4269,846,31,2,0.9110823109361397,39,16,0,0,1,2023-07,108162
11789,4364,835,9,1,0.35349517769197986,26,16,2,0,0,2023-06,108163
32181,9716,558,24,6,0.4204197422919464,48,22,8,0,1,2023-08,108164
19385,3923,765,21,4,0.28691839444980805,65,29,6,0,0,2023-05,108165
22061,3470,506,17,4,0.9910966263837531,53,4,1,0,0,2023-05,108166
5105,9597,701,38,7,0.9257678804244382,45,26,7,0,1,2023-08,108167
49247,6016,831,26,8,0.641678389589918,46,20,7,0,1,2023-09,108168
26137,5054,736,41,7,0.7543144831577007,63,22,6,0,1,2023-06,108169
39714,7283,767,14,9,0.7983575516725236,28,11,5,0,1,2023-08,108170
10544,5051,578,44,1,0.36304898196818,41,29,1,0,0,2023-07,108171
18275,8764,545,47,9,0.947733069864926,31,20,3,0,1,2023-09,108172
44753,5954,742,50,6,0.6213941709772933,25,29,0,0,1,2023-06,108173
39550,4148,787,13,4,0.27396123000034156,25,16,6,0,0,2023-09,108174
24641,6086,659,25,6,0.5176660862669353,46,25,1,0,0,2023-05,108175
11213,3959,614,15,2,0.6813172449412536,38,29,5,0,0,2023-09,108176
19485,9668,613,37,3,0.4822585531733625,25,23,8,0,1,2023-09,108177
20605,3629,625,33,6,0.7593635422014648,68,12,4,0,0,2023-09,108178
42637,3774,589,15,1,0.9056399843263638,36,29,4,0,0,2023-09,108179
25390,3359,560,13,1,0.8175136995057055,48,6,3,0,0,2023-09,108180
14867,3517,816,57,0,0.7141264160778431,42,16,0,0,0,2023-09,108181
8981,4343,601,52,0,0.6097259851293322,36,19,3,0,0,2023-09,108182
14493,4969,613,38,0,0.4035707886303307,40,11,8,0,0,2023-07,108183
10682,8016,673,52,5,0.5639569319979466,29,12,8,0,1,2023-09,108184
10782,6227,591,54,4,0.43436232571054173,62,4,6,0,0,2023-06,108185
34799,5899,682,18,9,0.94721870487178,27,13,3,0,1,2023-08,108186
46905,3934,704,49,7,0.9258489255893287,33,2,8,0,1,2023-08,108187
21984,4986,694,40,4,0.3246611066428637,50,19,4,0,0,2023-09,108188
27760,7996,804,56,0,0.8580961769553759,37,11,9,0,1,2023-08,108189
30993,8824,524,34,7,0.7623317574045922,66,1,1,0,1,2023-05,108190
6524,9542,733,10,5,0.9801693764484838,49,9,8,0,1,2023-08,108191
31120,8465,515,8,7,0.5706452548801428,37,10,5,0,0,2023-05,108192
5078,8314,640,58,1,0.7777394971315066,44,3,4,0,0,2023-07,108193
40891,9311,607,42,9,0.614307136102701,68,8,9,0,1,2023-09,108194
30473,3376,799,46,7,0.2555203973538846,56,16,7,0,1,2023-09,108195
44832,6560,838,11,5,0.23741179978941418,44,4,1,0,0,2023-09,108196
13417,4774,802,53,0,0.2976891543038287,49,11,4,0,0,2023-08,108197
18362,4505,579,47,0,0.43695285108193355,49,8,9,0,0,2023-05,108198
6209,8363,575,21,9,0.40729048464950024,55,7,7,0,0,2023-07,108199
42921,5654,775,40,4,0.7826613349647202,30,20,3,0,1,2023-07,108200
9898,4010,767,23,6,0.7727381879376993,67,15,9,0,1,2023-06,108201
23562,9732,611,16,3,0.9771156638794976,58,23,9,0,1,2023-07,108202
15871,8290,815,56,9,0.4483126603539169,46,28,8,0,1,2023-09,108203
12610,6477,574,28,4,0.9507616670244745,35,8,6,0,0,2023-07,108204
48845,4230,713,52,9,0.690280482790188,57,10,6,0,1,2023-08,108205
32382,4177,533,16,2,0.5962469687920964,51,19,8,0,0,2023-07,108206
20791,6857,640,34,1,0.7342731022505726,48,5,2,0,0,2023-08,108207
40312,5095,665,59,1,0.7622043612684695,29,27,2,0,1,2023-05,108208
43290,4672,730,47,4,0.33754322308739315,49,3,9,0,1,2023-09,108209
7370,4928,791,32,3,0.8013724028282059,30,7,6,0,0,2023-07,108210
24665,6839,527,14,1,0.7801382115735813,34,6,1,0,0,2023-08,108211
9710,6178,794,40,4,0.9980258271590232,63,17,9,0,1,2023-08,108212
5328,7268,832,14,9,0.9295582245379805,42,10,2,0,1,2023-08,108213
43347,5553,590,23,8,0.7477281853474331,67,21,5,0,1,2023-05,108214
25612,5445,614,49,7,0.7698909704773222,42,29,8,0,1,2023-09,108215
11794,7389,658,26,8,0.9567885070676683,69,29,3,0,1,2023-09,108216
37888,3551,757,53,8,0.9737426183873399,26,20,4,0,1,2023-09,108217
11749,8566,837,41,7,0.861572157772102,33,15,5,0,1,2023-07,108218
25608,5897,589,6,8,0.8139148364057287,28,2,2,0,0,2023-08,108219
20450,4039,744,32,3,0.2890926586919129,47,1,1,0,0,2023-07,108220
8675,8758,797,50,7,0.8642577531845086,25,12,3,0,1,2023-07,108221
23460,3884,530,45,1,0.40255654276463243,62,13,5,0,0,2023-08,108222
43411,8468,816,43,8,0.6510274368153703,64,12,3,0,1,2023-08,108223
16560,6051,811,34,8,0.5242979763502682,41,12,7,0,1,2023-05,108224
37463,8322,727,45,2,0.4764858405097928,37,7,8,0,1,2023-06,108225
36663,7229,838,24,5,0.44820000117364805,63,7,7,0,1,2023-08,108226
8170,7866,627,29,6,0.8843416645259918,57,6,6,0,1,2023-09,108227
38123,6597,769,49,2,0.8153088965374755,41,13,1,0,1,2023-09,108228
33810,5555,769,6,4,0.6187590019269612,28,21,9,0,1,2023-09,108229
14718,4089,708,41,0,0.7315843950915655,37,9,1,0,0,2023-06,108230
5028,7575,677,28,2,0.9876223602752072,40,16,9,0,1,2023-07,108231
22397,7958,805,18,7,0.5180281086223545,34,2,4,0,1,2023-07,108232
48662,3458,690,35,2,0.64088048480766,28,27,3,0,0,2023-07,108233
46787,7721,567,54,7,0.6268189700595883,61,11,3,0,1,2023-05,108234
7024,7254,826,56,8,0.9487779001213881,21,3,3,0,1,2023-05,108235
43607,9304,766,56,5,0.4812499340886873,33,9,6,0,1,2023-05,108236
18503,8373,769,59,6,0.9890038001741963,40,12,2,0,1,2023-08,108237
15303,5007,627,42,5,0.44375809085854795,62,29,1,0,0,2023-07,108238
22138,4920,763,16,7,0.2871256282592257,64,2,4,0,0,2023-06,108239
30345,8035,720,12,6,0.3530988361936449,53,19,5,0,1,2023-07,108240
34505,8668,741,40,9,0.5409770734913746,26,6,7,0,1,2023-06,108241
6906,9298,743,16,0,0.719804759866598,34,26,2,0,0,2023-08,108242
45167,9629,518,54,2,0.6134601760192157,58,23,3,0,1,2023-05,108243
12961,7527,654,48,2,0.5010225412595557,31,18,3,0,0,2023-05,108244
31140,8146,728,52,2,0.6496266125654206,26,13,3,0,1,2023-08,108245
17031,4003,557,56,3,0.8710450210517346,24,14,6,0,0,2023-06,108246
20128,6083,780,45,0,0.8711448221107838,66,8,3,0,0,2023-08,108247
20663,5114,544,53,1,0.7809823105457847,58,9,6,0,0,2023-05,108248
39228,5589,601,26,4,0.961958766594674,42,13,3,0,1,2023-06,108249
20682,5143,547,52,5,0.6721637339502704,47,17,9,0,1,2023-05,108250
20193,7310,549,8,8,0.2061261101232712,53,6,7,0,0,2023-06,108251
33561,5241,580,35,1,0.43274370624972613,44,20,4,0,0,2023-06,108252
48813,8766,799,29,8,0.4625781635920806,21,10,1,0,1,2023-07,108253
12766,8409,558,43,6,0.6378608618426942,28,11,8,0,0,2023-07,108254
34844,7980,660,8,8,0.9239115771099857,53,10,8,0,1,2023-08,108255
34432,5086,602,42,3,0.8704919708344754,65,21,0,0,1,2023-06,108256
34504,8983,833,38,6,0.3857383882466463,66,6,4,0,1,2023-07,108257
42146,3938,773,27,0,0.6155121887552554,51,6,2,0,0,2023-09,108258
45297,8034,682,36,7,0.7273189083431693,31,15,9,0,1,2023-06,108259
25858,7301,615,51,6,0.9900092325049179,38,7,4,0,1,2023-05,108260
8071,6970,766,17,6,0.2250422554882464,66,25,3,0,0,2023-09,108261
21939,8037,663,50,1,0.5711018534162557,57,12,2,0,0,2023-07,108262
29931,6999,642,19,9,0.9904869232061762,29,20,6,0,1,2023-09,108263
49460,7650,817,17,8,0.981764637622476,29,9,4,0,1,2023-07,108264
6040,9627,803,32,7,0.4645812140781034,54,1,0,0,0,2023-05,108265
7686,6408,593,18,0,0.2000133890063478,60,25,3,0,0,2023-06,108266
17666,8615,749,29,0,0.6693876679618673,56,28,0,0,0,2023-08,108267
40321,3770,842,43,4,0.8935510806343125,51,24,2,0,1,2023-07,108268
6779,3248,805,58,1,0.4594377793423114,26,16,9,0,0,2023-07,108269
18186,8193,815,52,0,0.9474159718670161,29,18,9,0,1,2023-09,108270
21459,3372,739,59,9,0.4661619496890104,62,23,4,0,1,2023-07,108271
25710,8950,558,53,7,0.6881610559780553,57,7,5,0,1,2023-08,108272
27219,5926,514,14,3,0.7776368585453082,46,18,0,0,0,2023-08,108273
10057,6857,784,13,1,0.47633261159628937,51,8,9,0,0,2023-05,108274
23733,7930,702,42,4,0.48176512961542406,26,22,8,0,1,2023-07,108275
24157,3701,736,20,5,0.5759958637470193,67,15,8,0,0,2023-09,108276
40030,5185,795,12,7,0.86817874248366,45,6,0,0,1,2023-08,108277
24613,9600,786,29,6,0.2806806140497828,41,28,6,0,1,2023-06,108278
48076,9957,572,54,6,0.7051835083190332,31,27,3,0,1,2023-06,108279
22492,9966,713,21,0,0.7418783434474081,43,21,1,0,0,2023-06,108280
25746,3941,510,29,2,0.6462982079913093,69,12,1,0,0,2023-08,108281
10188,6914,836,48,2,0.9486707099004981,65,27,5,0,1,2023-05,108282
46570,9587,724,12,6,0.6815925735476374,48,15,5,0,1,2023-06,108283
34680,9496,817,48,1,0.70766140086163,51,24,4,0,1,2023-07,108284
42825,8091,702,33,9,0.6798080223318721,35,15,2,0,1,2023-07,108285
41766,3793,730,7,6,0.7776150199425336,45,29,6,0,1,2023-08,108286
13864,9554,550,39,8,0.3083275325231156,25,10,2,0,0,2023-08,108287
41445,3677,556,43,0,0.9154210588194456,20,9,6,0,0,2023-05,108288
10796,8909,631,8,1,0.2339938583352426,32,14,1,0,0,2023-06,108289
44131,4561,779,6,5,0.7125951680431859,57,21,7,0,1,2023-09,108290
13123,7053,796,36,1,0.6923847457624863,25,14,1,0,0,2023-09,108291
13222,3452,804,28,1,0.3664969019413228,57,17,1,0,0,2023-09,108292
29074,5466,724,25,4,0.23256877894730926,31,11,3,0,0,2023-06,108293
34825,9593,673,21,6,0.3110683176384873,28,6,9,0,1,2023-05,108294
41839,6656,791,51,3,0.4173376439609773,39,12,0,0,1,2023-07,108295
46576,8234,765,37,5,0.9056845524472352,58,28,6,0,1,2023-09,108296
7786,7146,746,22,2,0.8845875233439922,46,17,1,0,0,2023-06,108297
38638,8488,577,23,3,0.2510844594128414,22,29,5,0,0,2023-09,108298
41964,6754,634,9,3,0.4314144064245479,43,5,4,0,0,2023-05,108299
49564,8634,639,40,3,0.9114529945992431,34,6,4,0,1,2023-06,108300
30988,3209,841,45,0,0.38932722275569626,53,3,3,0,0,2023-06,108301
40507,7983,752,41,3,0.9967722430567094,69,28,4,0,1,2023-05,108302
38708,4926,675,28,3,0.40547215662984526,51,1,8,0,0,2023-09,108303
38108,7945,559,20,5,0.7912906053367998,40,18,0,0,1,2023-07,108304
34715,6966,753,18,8,0.5336473388571148,20,14,1,0,1,2023-05,108305
28806,4877,507,19,9,0.30899564163561966,52,12,6,0,0,2023-05,108306
41901,3626,606,19,5,0.4041236906630431,30,12,8,0,0,2023-07,108307
22043,5726,670,42,5,0.7400944604971611,22,11,2,0,0,2023-05,108308
15225,4458,557,10,6,0.46964512162916006,41,28,5,0,0,2023-05,108309
14752,5824,836,27,6,0.6833025764803826,29,19,4,0,1,2023-05,108310
8457,4250,841,33,0,0.3644248342151677,63,3,8,0,0,2023-05,108311
47616,7758,789,50,7,0.5588647777462407,57,2,8,0,1,2023-09,108312
14241,7363,583,9,0,0.6097966242273805,43,22,9,0,0,2023-07,108313
5453,5163,616,55,8,0.5302276506514595,26,7,2,0,0,2023-08,108314
14896,4623,699,43,3,0.3583344250804751,68,21,9,0,0,2023-08,108315
26826,4853,521,34,8,0.56924281968539,68,23,9,0,1,2023-09,108316
15976,3753,718,42,7,0.7543204484312243,55,12,1,0,0,2023-05,108317
38586,8448,725,40,8,0.9719245302606889,20,19,9,0,1,2023-07,108318
9868,4868,770,25,5,0.8316172963823596,20,27,3,0,0,2023-06,108319
21396,8159,601,40,8,0.3291763852152372,45,21,8,0,1,2023-07,108320
36634,3181,644,40,3,0.4181614798428321,36,13,2,0,0,2023-06,108321
17171,4513,646,25,2,0.26305911636268003,30,19,3,0,0,2023-05,108322
29111,3902,760,7,2,0.3085196194080624,22,4,1,0,0,2023-08,108323
38688,6344,778,57,7,0.40054637189475806,29,22,0,0,1,2023-05,108324
26304,8238,838,23,1,0.359621893038576,21,12,4,0,0,2023-09,108325
47274,6453,513,35,5,0.37091940061330936,51,4,3,0,0,2023-05,108326
44243,6607,765,47,8,0.3846161811514304,35,13,9,0,1,2023-08,108327
33253,9401,786,58,8,0.44054295662688914,67,20,1,0,1,2023-08,108328
35980,8602,640,34,7,0.30046885490140696,45,7,5,0,1,2023-05,108329
7017,5556,792,44,7,0.422267987054636,59,6,4,0,0,2023-09,108330
12957,5139,530,57,0,0.7507294618256453,58,12,0,0,0,2023-06,108331
47188,9098,670,27,6,0.3891207998603663,29,12,9,0,1,2023-09,108332
9792,8280,704,34,0,0.33747074212214995,55,16,2,0,0,2023-05,108333
18237,7244,790,51,8,0.25415652974756864,49,13,3,0,1,2023-08,108334
21251,5164,610,15,2,0.5999771889576306,28,17,0,0,0,2023-05,108335
24252,9601,567,25,0,0.873586182297821,24,8,7,0,0,2023-07,108336
15707,5612,682,21,7,0.24721331541099342,26,1,2,0,0,2023-07,108337
39206,9957,695,11,6,0.6338608217905193,55,12,4,0,1,2023-07,108338
33740,9188,625,22,1,0.7204951323379987,20,25,2,0,0,2023-06,108339
8543,8896,674,11,6,0.6739693254230752,46,20,3,0,0,2023-08,108340
49135,5021,761,27,4,0.902098562852681,31,7,8,0,1,2023-09,108341
44111,5821,785,23,6,0.8931164641668508,35,21,2,0,1,2023-06,108342
40031,8938,654,37,9,0.24584607402276745,67,12,7,0,1,2023-07,108343
47929,9132,568,33,6,0.4887551753789495,27,26,5,0,1,2023-07,108344
5211,5281,607,47,1,0.7366638643982022,44,19,5,0,0,2023-07,108345
44795,8494,534,15,1,0.9619557243940249,32,13,0,0,0,2023-05,108346
5331,4570,543,46,6,0.8437478371624418,60,24,6,0,0,2023-09,108347
28244,8969,642,27,2,0.3412714484270555,29,10,3,0,0,2023-08,108348
13169,4972,710,33,3,0.4233670701978396,59,2,7,0,0,2023-07,108349
27104,6986,784,20,6,0.8108750908989908,52,27,8,0,1,2023-08,108350
46901,5244,505,48,1,0.5771798778181405,54,26,1,0,0,2023-09,108351
19591,9168,717,34,1,0.6378419536177233,56,3,7,0,1,2023-09,108352
36711,5442,526,12,8,0.6871838561405657,58,12,7,0,1,2023-08,108353
5727,3713,726,55,0,0.28263321418059156,47,5,5,0,0,2023-07,108354
26359,8904,783,39,2,0.8847696267466034,35,5,2,0,1,2023-07,108355
48822,6545,555,37,9,0.8905075515013818,27,5,4,0,1,2023-07,108356
41011,3222,809,7,3,0.5745915553026939,52,7,1,0,0,2023-07,108357
42863,3863,835,31,4,0.7014761748005305,54,8,5,0,1,2023-08,108358
27998,7625,604,50,2,0.7279232960203921,57,24,2,0,1,2023-09,108359
15929,8307,517,16,8,0.3517780677839073,31,27,3,0,0,2023-05,108360
19842,4425,704,30,4,0.29006786277302354,34,19,8,0,0,2023-06,108361
28519,5304,542,24,6,0.21653835712300024,36,24,9,0,0,2023-06,108362
22393,3653,588,25,6,0.9303054614220809,46,16,4,0,0,2023-09,108363
39318,4159,573,38,8,0.4765706311557531,69,10,6,0,1,2023-07,108364
13995,4842,656,22,1,0.26866474800880247,40,13,8,0,0,2023-07,108365
33656,9734,765,57,2,0.5726399827983772,40,2,4,0,1,2023-07,108366
45260,3443,633,35,3,0.26050009067694013,36,4,0,0,0,2023-09,108367
20567,5465,588,23,7,0.26820060224556397,46,2,1,0,0,2023-07,108368
33840,7669,735,37,0,0.5911082765636202,31,21,2,0,0,2023-08,108369
28831,9272,631,45,8,0.6070693277733081,67,3,2,0,1,2023-05,108370
18265,8106,728,50,4,0.6641144682623286,63,10,0,0,1,2023-08,108371
10424,7436,533,9,3,0.7250491840068813,55,26,8,0,0,2023-06,108372
25625,5857,582,37,7,0.7346138961432953,47,11,8,0,1,2023-09,108373
19086,4280,631,24,8,0.546397350041214,44,3,3,0,0,2023-08,108374
34187,6039,703,8,2,0.714826446829901,28,5,8,0,0,2023-05,108375
40929,6795,786,43,3,0.44379180497161275,66,20,3,0,1,2023-05,108376
25539,6637,835,33,0,0.5530465529241104,56,6,7,0,0,2023-06,108377
30103,6758,815,43,2,0.5146616388258243,42,21,2,0,1,2023-05,108378
32874,3099,757,59,9,0.4632880009749092,30,26,8,0,1,2023-08,108379
14215,5086,791,11,4,0.390856660488773,69,13,3,0,0,2023-09,108380
44385,5310,624,45,7,0.2627672004326986,20,5,7,0,0,2023-08,108381
27044,7245,650,22,0,0.6047283822285566,35,3,1,0,0,2023-06,108382
16926,8752,746,47,0,0.6298305489647158,69,20,6,0,1,2023-07,108383
36501,5737,674,10,2,0.46892403528164545,32,12,1,0,0,2023-09,108384
34774,9956,801,24,8,0.9806750904283568,39,29,4,0,1,2023-09,108385
30008,8449,579,48,8,0.6455689682451666,35,3,8,0,1,2023-05,108386
22560,8239,606,47,0,0.9112084151321904,35,19,4,0,0,2023-07,108387
29340,4607,799,40,3,0.6560682476172959,54,15,3,0,1,2023-07,108388
29976,9362,804,27,7,0.35193268237732894,69,10,7,0,1,2023-07,108389
32626,5953,843,29,1,0.9796980316815358,51,25,4,0,1,2023-07,108390
37720,6981,557,15,3,0.9082680083592383,42,26,8,0,1,2023-07,108391
40001,8933,590,7,6,0.5770189427501384,44,6,8,0,1,2023-06,108392
9700,6194,634,33,6,0.39444631344585157,62,16,1,0,0,2023-05,108393
48795,7339,849,46,4,0.37813569301188077,47,15,9,0,1,2023-07,108394
12860,7682,668,42,6,0.844816341733005,64,26,8,0,1,2023-09,108395
12526,9661,833,58,5,0.25529488916100757,21,2,7,0,1,2023-05,108396
43327,6092,621,22,1,0.710448305130839,22,17,9,0,0,2023-08,108397
44500,9333,735,11,8,0.7121079388334683,50,16,6,0,1,2023-06,108398
7513,5962,575,48,4,0.34596363818064707,52,3,5,0,0,2023-06,108399
12830,5662,808,10,1,0.7639298947477304,52,19,3,0,0,2023-09,108400
19781,3855,522,44,5,0.7643250313563847,66,4,6,0,0,2023-08,108401
12910,9609,832,12,9,0.480024693953107,54,20,5,0,1,2023-08,108402
20847,5146,572,37,4,0.5867007301735934,55,29,7,0,0,2023-08,108403
10649,9131,587,9,1,0.8662108409191951,45,5,0,0,0,2023-06,108404
14120,7925,602,26,9,0.6185226187737962,31,13,2,0,0,2023-08,108405
6951,4386,593,47,9,0.6945256807879808,63,20,7,0,1,2023-07,108406
15165,4716,815,37,6,0.5302157203890223,65,28,1,0,1,2023-09,108407
19352,8783,765,23,9,0.31967927133192164,30,2,8,0,1,2023-07,108408
14746,7151,752,38,1,0.9984533053072728,25,27,1,0,0,2023-08,108409
48738,4725,557,19,6,0.625229216226086,44,12,8,0,1,2023-09,108410
33997,4953,508,11,5,0.4691571691364087,65,17,6,0,0,2023-09,108411
46954,8141,512,16,3,0.7710298607945072,53,10,3,0,1,2023-07,108412
29183,9723,630,51,3,0.6966574133292017,54,23,2,0,1,2023-06,108413
13804,3184,721,25,5,0.3863266242394848,40,9,7,0,0,2023-09,108414
32169,3521,828,34,8,0.9015403995180427,37,9,9,0,1,2023-05,108415
5595,8697,652,40,9,0.25672234953698947,27,27,6,0,0,2023-06,108416
34592,5311,570,21,5,0.6845586014687226,53,17,9,0,1,2023-05,108417
45643,4248,844,53,5,0.5823107931826672,67,9,0,0,1,2023-05,108418
25823,4658,519,12,0,0.4545587310282576,33,14,6,0,0,2023-08,108419
10972,8157,580,45,4,0.8611041026081936,38,17,0,0,0,2023-09,108420
20882,4002,727,41,0,0.7250216594314105,39,17,0,0,0,2023-05,108421
5858,9266,845,49,8,0.8075995975020605,23,2,4,0,1,2023-08,108422
10519,6227,518,49,9,0.5317269941156171,57,26,9,0,1,2023-06,108423
28769,9444,664,36,3,0.9539186650452083,51,27,4,0,1,2023-08,108424
30020,9976,606,47,1,0.47577873817520006,45,15,1,0,0,2023-08,108425
47748,9113,847,49,8,0.6248359395645166,47,11,6,0,1,2023-08,108426
42085,6138,713,48,5,0.9469200894492471,31,22,2,0,1,2023-05,108427
24838,4928,738,48,9,0.2665511663084873,29,25,0,0,0,2023-05,108428
49912,9788,646,52,2,0.2870483497335662,60,5,6,0,1,2023-09,108429
17879,3393,680,11,1,0.9953502130587741,54,9,3,0,0,2023-05,108430
38798,4617,835,34,5,0.9771129255645279,52,9,3,0,1,2023-06,108431
47255,6641,697,32,9,0.8173612846697089,33,14,2,0,1,2023-07,108432
29290,3660,786,48,5,0.5873506208569319,59,8,6,0,1,2023-09,108433
15255,8524,552,7,8,0.6048486789091545,42,11,1,0,0,2023-08,108434
6447,8250,739,27,4,0.40577029882994853,37,12,6,0,0,2023-07,108435
48005,7164,789,14,8,0.54618482890826,63,7,9,0,1,2023-08,108436
34195,9905,786,16,4,0.5450795022930659,31,3,7,0,1,2023-09,108437
7850,3319,687,21,1,0.22887201514139097,61,26,1,0,0,2023-06,108438
33400,5224,505,50,0,0.5625265664269357,55,3,7,0,0,2023-05,108439
16953,3583,782,18,8,0.5838355268139737,44,14,6,0,0,2023-05,108440
45874,6600,762,59,9,0.7326265393838902,56,4,9,0,1,2023-05,108441
28535,8960,548,59,6,0.613162330710142,59,25,7,0,1,2023-05,108442
15000,8279,699,23,2,0.8893463459001623,41,28,2,0,0,2023-08,108443
14503,3581,559,58,5,0.49404946019345897,25,14,5,0,0,2023-09,108444
20493,6696,532,30,9,0.5277740729644818,35,14,0,0,0,2023-08,108445
9055,4767,802,38,3,0.6571860109248596,42,3,6,0,0,2023-05,108446
43170,4556,743,57,8,0.3621781796090236,28,13,3,0,1,2023-08,108447
37408,4798,671,15,1,0.5147984684657756,62,8,3,0,0,2023-07,108448
47049,7206,706,35,3,0.7489339774026622,54,24,8,0,1,2023-09,108449
39440,3998,782,56,0,0.5294469914198433,48,6,6,0,0,2023-09,108450
33251,3757,521,54,6,0.9252932080079661,33,2,7,0,1,2023-08,108451
9532,3282,546,6,3,0.6922404167523544,24,6,5,0,0,2023-07,108452
9924,8838,848,38,4,0.3230141999370914,40,20,1,0,0,2023-07,108453
17546,9337,657,54,0,0.5899554727914891,25,14,2,0,0,2023-09,108454
31579,8166,757,20,1,0.8118229964766128,20,7,3,0,0,2023-05,108455
11085,9485,642,34,3,0.7146761322452291,50,27,1,0,0,2023-05,108456
17390,9665,546,7,1,0.9082108589376958,64,17,0,0,0,2023-06,108457
18280,8489,526,16,0,0.7999863172180934,60,3,8,0,0,2023-08,108458
29118,7896,526,58,9,0.24929101808790932,47,14,9,0,1,2023-05,108459
9864,3130,644,39,0,0.29001011939052435,22,24,1,0,0,2023-06,108460
47084,4293,574,57,5,0.7197989590168787,57,1,4,0,1,2023-06,108461
38989,9059,686,46,1,0.3907263668095509,42,29,6,0,1,2023-07,108462
40628,9957,509,24,2,0.67026792211139,59,26,1,0,1,2023-07,108463
31849,3060,620,7,4,0.8337740736751813,23,12,5,0,0,2023-08,108464
32566,5211,788,53,2,0.6615452702456417,25,3,9,0,1,2023-08,108465
15702,4548,664,25,5,0.5323908560050314,31,19,7,0,0,2023-09,108466
46196,7367,763,46,6,0.7170162488901752,31,12,6,0,1,2023-05,108467
20385,4781,660,57,9,0.3148955554197054,26,24,5,0,0,2023-07,108468
14336,9276,826,36,5,0.7785663964026255,47,14,7,0,1,2023-07,108469
36225,8363,796,58,1,0.7576200909696178,45,1,1,0,1,2023-05,108470
41021,8553,617,9,8,0.6115226919618313,67,26,3,0,1,2023-05,108471
8782,3037,810,34,1,0.42305079601053786,26,5,3,0,0,2023-06,108472
28341,8990,762,35,5,0.8380510293037999,22,7,6,0,1,2023-08,108473
29094,8438,583,18,8,0.6084402425824138,32,20,6,0,1,2023-05,108474
28866,6631,645,20,8,0.24734152468757503,60,26,2,0,0,2023-06,108475
24049,5664,670,25,1,0.9348900414725281,30,19,3,0,0,2023-08,108476
47719,3473,833,39,8,0.8141731491895137,58,26,0,0,1,2023-07,108477
35992,3058,808,33,7,0.6678441181461454,42,6,7,0,1,2023-05,108478
19567,5636,513,25,6,0.549460413826321,66,21,3,0,0,2023-09,108479
49451,9059,648,55,7,0.9679197584333525,20,18,4,0,1,2023-05,108480
8513,9642,750,30,9,0.8200164594123212,53,6,4,0,1,2023-05,108481
18335,9014,556,32,7,0.6279944538294693,50,11,0,0,0,2023-06,108482
49140,5614,846,35,0,0.7225231161471088,52,29,0,0,1,2023-05,108483
43590,5614,801,46,8,0.42460032138383935,66,29,6,0,1,2023-05,108484
19837,7999,846,25,5,0.3565727541991079,55,29,0,0,1,2023-07,108485
17122,7478,632,6,0,0.4186556378432629,55,3,8,0,0,2023-09,108486
39840,4411,669,40,0,0.43450887942618144,33,9,5,0,0,2023-07,108487
36007,3084,601,54,6,0.7917907605109686,56,3,0,0,0,2023-06,108488
46297,4533,605,48,9,0.31204883257538607,51,25,0,0,1,2023-09,108489
32684,6797,670,29,1,0.822069761374143,47,6,4,0,0,2023-05,108490
31393,5674,627,30,5,0.6187162506889698,20,24,2,0,0,2023-07,108491
27754,5873,749,45,4,0.5076584835014415,66,9,7,0,1,2023-06,108492
25799,9436,531,58,4,0.440316887674951,26,8,7,0,0,2023-06,108493
43727,6120,715,17,9,0.6105604836374041,35,27,9,0,1,2023-07,108494
14107,4090,761,16,5,0.45401477010403957,51,2,7,0,0,2023-07,108495
10993,5834,829,35,7,0.5435615939431897,43,19,5,0,1,2023-07,108496
35805,7224,743,18,4,0.7912122317458798,33,24,4,0,1,2023-09,108497
33114,5076,784,52,7,0.7007988050825205,66,16,4,0,1,2023-05,108498
42789,8664,789,30,4,0.7983859011785466,34,5,5,0,1,2023-08,108499
47942,6190,762,57,9,0.7703789517144977,20,10,5,0,1,2023-05,108500
21138,7787,836,30,5,0.8520579946583375,47,20,9,0,1,2023-07,108501
49527,9056,832,22,7,0.3613519677653703,38,22,8,0,1,2023-06,108502
14190,7228,813,17,1,0.996098399578641,26,12,6,0,0,2023-09,108503
31723,4208,584,56,6,0.5806163598972527,37,12,5,0,0,2023-08,108504
17886,6577,828,57,2,0.7745863504646966,66,29,9,0,1,2023-07,108505
21779,7741,544,16,8,0.7422001304010573,32,6,6,0,0,2023-09,108506
33174,9832,802,15,9,0.6529200676936228,37,14,2,0,1,2023-08,108507
34086,5581,832,22,6,0.9966529748846942,23,7,1,0,1,2023-09,108508
22322,8708,699,59,2,0.37385267970950925,69,21,9,0,1,2023-08,108509
47596,6787,700,50,7,0.5373830938232225,23,1,6,0,1,2023-05,108510
40278,3515,828,21,9,0.3021844473803456,46,14,2,0,1,2023-08,108511
23033,9141,667,57,1,0.34546837758603954,35,15,3,0,0,2023-09,108512
25074,8959,739,25,9,0.7703712508614133,33,13,1,0,1,2023-06,108513
8435,5212,785,54,7,0.20387414301062404,33,24,4,0,0,2023-08,108514
40969,5974,689,10,6,0.9118565210957204,26,1,4,0,1,2023-05,108515
33942,3932,570,46,4,0.7065475866149213,64,20,9,0,1,2023-07,108516
34059,4663,644,59,3,0.552724042973064,33,19,9,0,1,2023-05,108517
37826,3556,708,37,9,0.4650888857975405,61,19,0,0,1,2023-06,108518
35297,4671,707,32,9,0.301019238879933,64,6,3,0,1,2023-08,108519
48890,9823,721,9,0,0.9372500691631003,25,24,2,0,1,2023-05,108520
26322,3992,786,46,3,0.7698578600282084,62,5,6,0,1,2023-06,108521
40739,4628,662,53,5,0.4691143991408329,57,22,4,0,1,2023-08,108522
14719,4691,571,12,5,0.2567489435524964,46,28,5,0,0,2023-09,108523
19017,7852,739,51,1,0.4605462652328141,30,22,1,0,0,2023-06,108524
13314,4104,626,19,8,0.34770743584726677,50,28,0,0,0,2023-05,108525
33295,4270,584,44,0,0.8290186505849673,68,17,2,0,0,2023-06,108526
14628,5902,514,29,3,0.7756789478050878,22,15,9,0,0,2023-06,108527
47122,9636,747,53,3,0.5985285018583402,20,7,2,0,1,2023-08,108528
16492,7744,811,23,1,0.908672882472807,35,17,9,0,1,2023-09,108529
41113,4409,782,43,7,0.3445445505112672,63,12,6,0,1,2023-07,108530
20357,6646,501,44,1,0.5615724683467956,46,7,6,0,0,2023-06,108531
38329,8087,573,56,1,0.7684962431712965,65,29,9,0,1,2023-08,108532
25365,4330,563,45,1,0.25424187977494334,69,13,5,0,0,2023-05,108533
44029,7723,760,6,0,0.49814188871576875,22,8,3,0,0,2023-05,108534
6737,9768,846,22,4,0.6573318417457441,27,4,7,0,1,2023-08,108535
14096,9686,823,31,3,0.49344283098961894,69,8,9,0,1,2023-06,108536
24938,5054,738,56,1,0.5841591914182007,35,22,1,0,0,2023-06,108537
17682,9045,836,27,0,0.6864946794936575,66,16,6,0,1,2023-06,108538
32499,3953,840,44,0,0.494712491343668,21,16,0,0,0,2023-09,108539
49491,9658,778,23,1,0.2848114847379746,48,22,7,0,1,2023-06,108540
49866,4842,700,43,0,0.3115555978737059,35,11,4,0,0,2023-07,108541
46894,5802,792,33,8,0.6216031756433577,48,27,5,0,1,2023-06,108542
46034,9216,785,26,1,0.3397920205055178,50,9,5,0,1,2023-05,108543
5294,3009,720,43,2,0.9118669377151174,61,22,0,0,0,2023-07,108544
37536,8692,661,38,8,0.8673485480990608,30,28,6,0,1,2023-09,108545
29596,5609,682,35,4,0.4792256552048123,51,11,2,0,0,2023-06,108546
37649,3121,764,47,7,0.8647897375959439,43,5,1,0,1,2023-08,108547
16434,7782,631,13,6,0.626550264272876,38,10,6,0,0,2023-05,108548
43098,9105,821,35,5,0.32724074288235294,51,26,9,0,1,2023-06,108549
9655,5560,619,44,1,0.691369483633059,29,6,8,0,0,2023-05,108550
22493,6037,718,14,3,0.7435608937731253,68,16,3,0,0,2023-07,108551
8771,3440,659,38,8,0.2671132627761269,51,12,6,0,0,2023-09,108552
13563,5749,799,48,6,0.4515624723376306,42,8,4,0,0,2023-06,108553
22558,3590,608,34,2,0.20430719008953516,52,25,9,0,0,2023-08,108554
38932,4368,737,36,5,0.4531430426849011,49,26,9,0,1,2023-09,108555
47243,4989,792,8,7,0.468356266335399,49,29,6,0,1,2023-06,108556
31567,4361,566,55,7,0.7041669014232679,26,13,0,0,0,2023-06,108557
37376,6773,815,43,7,0.359234623719332,35,13,9,0,1,2023-05,108558
26922,8303,686,16,7,0.22407278938223413,62,16,8,0,1,2023-06,108559
17388,9210,535,10,9,0.45250762679462514,69,26,5,0,1,2023-08,108560
34332,5064,548,36,5,0.860495637007139,20,11,7,0,0,2023-09,108561
28495,8502,755,25,9,0.5193161644462609,49,24,8,0,1,2023-08,108562
13434,5415,606,9,2,0.5320750158672158,53,8,0,0,0,2023-05,108563
25991,5951,507,13,8,0.5752220502772818,53,23,4,0,0,2023-05,108564
32472,8435,735,47,2,0.8014310646479892,57,13,6,0,1,2023-08,108565
45030,8616,677,40,3,0.5840199139028575,50,1,7,0,1,2023-09,108566
31849,5768,741,18,9,0.27302620202942596,27,20,2,0,0,2023-08,108567
6541,6416,540,54,0,0.3651198396797197,39,20,7,0,0,2023-06,108568
7765,4576,744,10,1,0.35031789359406007,65,28,4,0,0,2023-05,108569
48074,8003,612,45,5,0.6062906547234685,48,19,0,0,1,2023-09,108570
42259,9616,755,24,0,0.22394357205218018,50,4,3,0,0,2023-05,108571
34283,3114,665,23,8,0.4268932868102109,40,28,1,0,0,2023-05,108572
40851,9243,841,38,7,0.6857559528345349,45,2,4,0,1,2023-07,108573
39625,9581,577,9,1,0.48372054042528134,50,19,3,0,0,2023-05,108574
5769,4368,706,23,1,0.7661697267350573,39,19,1,0,0,2023-06,108575
22806,9492,810,51,7,0.5129770694854323,41,10,6,0,1,2023-05,108576
29982,3138,695,29,7,0.9834060227022228,59,17,1,0,1,2023-09,108577
7972,7923,820,48,0,0.9722850296466514,45,23,1,0,1,2023-05,108578
23256,9467,563,34,4,0.839872571571673,36,20,3,0,1,2023-09,108579
43367,7941,639,36,1,0.963512422441209,44,8,4,0,1,2023-06,108580
23653,6373,541,33,0,0.3638225932941304,56,9,9,0,0,2023-09,108581
43043,9437,805,14,2,0.8007385326370722,46,18,2,0,1,2023-09,108582
26133,9076,708,50,2,0.45732690665556563,22,2,8,0,0,2023-07,108583
44339,8648,803,31,9,0.7802354551543391,43,18,9,0,1,2023-08,108584
30757,4315,572,54,8,0.4991147693065594,44,8,5,0,0,2023-06,108585
42840,3073,652,52,9,0.43153652779534846,69,2,7,0,1,2023-06,108586
47399,6846,634,7,0,0.967036076177328,29,22,4,0,1,2023-07,108587
49013,3483,763,11,1,0.36790835340467054,55,16,7,0,0,2023-09,108588
37069,7111,715,34,8,0.8068548756852503,61,5,9,0,1,2023-08,108589
19706,4549,708,31,4,0.7397377305636443,37,10,5,0,0,2023-05,108590
43231,4359,703,33,8,0.4427821134464514,64,9,6,0,1,2023-06,108591
32909,9936,609,12,5,0.5666744139938237,36,2,1,0,0,2023-09,108592
45218,4896,530,39,9,0.3143544767394634,33,16,5,0,1,2023-06,108593
16095,9659,511,50,9,0.9369668834965781,38,16,4,0,1,2023-06,108594
25343,8246,626,15,2,0.9744958412219444,37,17,7,0,1,2023-06,108595
31469,9967,812,53,7,0.7859704254010877,42,2,4,0,1,2023-05,108596
6313,9661,693,46,8,0.8795362750661038,27,26,6,0,1,2023-06,108597
12847,7224,639,45,1,0.26609394464105496,69,5,3,0,0,2023-09,108598
14166,3510,526,52,8,0.5071748943651132,35,8,1,0,0,2023-09,108599
14930,3422,545,27,3,0.46464889190577185,44,24,2,0,0,2023-07,108600
8285,5432,634,32,7,0.6519612524952552,62,2,9,0,0,2023-08,108601
40863,4906,816,44,4,0.34668423573934765,51,12,3,0,1,2023-07,108602
21704,7327,557,27,5,0.6507050565015982,68,13,2,0,0,2023-05,108603
23705,3958,512,24,3,0.7234922924612708,69,16,6,0,0,2023-08,108604
5555,3824,599,41,4,0.3058824734858102,38,5,4,0,0,2023-09,108605
26323,3064,548,14,0,0.30537656709235517,37,12,2,0,0,2023-06,108606
10432,7928,790,24,2,0.22833871187452087,51,15,2,0,0,2023-09,108607
6386,7710,593,7,3,0.8087139596993154,65,29,8,0,0,2023-09,108608
49007,6348,594,33,0,0.4648068294710438,68,2,8,0,0,2023-05,108609
15619,9124,644,44,2,0.38033636459584175,59,12,4,0,0,2023-09,108610
11854,3800,571,27,3,0.8224755160361832,34,23,1,0,0,2023-08,108611
47964,9063,509,56,8,0.3146045520716316,68,10,9,0,1,2023-07,108612
12637,3277,661,11,2,0.541746741677844,40,8,4,0,0,2023-06,108613
26225,9109,713,52,2,0.7958293404148218,30,21,3,0,1,2023-08,108614
31739,4717,503,12,3,0.6590658540697413,48,11,5,0,0,2023-09,108615
15618,5413,723,11,8,0.6432001147939386,51,12,9,0,1,2023-05,108616
41561,9659,528,38,8,0.32597072857282006,25,17,5,0,1,2023-07,108617
12373,4238,801,19,0,0.34474618226779286,38,29,5,0,0,2023-08,108618
40281,9582,702,6,7,0.666047035127793,35,7,6,0,1,2023-05,108619
25187,7523,576,30,9,0.21885348886452807,31,15,1,0,0,2023-09,108620
7327,9872,558,11,0,0.8952943911707283,34,19,3,0,0,2023-09,108621
37391,9539,695,33,1,0.48037664051277984,30,29,8,0,1,2023-08,108622
46577,8620,821,23,9,0.5332929736138616,58,2,4,0,1,2023-05,108623
23549,4486,606,32,4,0.4067458677860801,29,6,0,0,0,2023-09,108624
44220,7681,841,54,5,0.9013368794104826,56,2,5,0,1,2023-09,108625
12642,6298,508,7,1,0.714003258244724,68,14,4,0,0,2023-05,108626
19435,7470,519,45,9,0.5599267752280535,43,26,1,0,1,2023-07,108627
38760,8619,648,26,4,0.6682470365277929,55,8,2,0,1,2023-05,108628
43192,5995,516,28,2,0.5042956767803127,20,16,2,0,0,2023-05,108629
9381,3092,511,7,6,0.5724659826275298,65,19,6,0,0,2023-05,108630
36047,6531,581,21,0,0.48610575473142764,36,18,4,0,0,2023-06,108631
24558,8696,566,9,4,0.5285398353686683,33,24,8,0,0,2023-09,108632
35782,9464,632,39,2,0.4519812352075443,57,29,0,0,1,2023-05,108633
9782,8009,552,10,1,0.2621128620368176,44,13,2,0,0,2023-08,108634
30881,8441,705,54,2,0.22987702253053507,56,6,9,0,1,2023-09,108635
45228,4840,732,39,9,0.3392849634141909,54,29,7,0,1,2023-08,108636
34409,6527,553,27,3,0.4013101950629843,41,4,2,0,0,2023-09,108637
24462,8397,567,51,1,0.9123774884717459,66,21,2,0,1,2023-09,108638
7983,4621,790,25,1,0.6889989236184838,26,10,7,0,0,2023-08,108639
36933,4561,843,44,2,0.9666377356991929,30,15,9,0,1,2023-08,108640
7523,8849,668,52,1,0.4717174881565037,29,23,2,0,0,2023-05,108641
14677,4416,660,55,5,0.5213904030403496,33,12,1,0,0,2023-07,108642
15292,5964,514,18,1,0.7758025820718857,54,28,2,0,0,2023-07,108643
20089,7190,690,49,0,0.6623216621072243,65,20,1,0,0,2023-07,108644
9581,8875,514,39,7,0.6223040643056788,68,12,7,0,1,2023-07,108645
16907,8054,786,49,9,0.6604512332511403,55,27,4,0,1,2023-09,108646
10609,4130,509,11,3,0.6673082498211678,25,7,2,0,0,2023-09,108647
49143,4413,556,34,1,0.8125923393636252,24,6,7,0,0,2023-05,108648
27936,8879,698,38,3,0.7344656218520071,61,5,7,0,1,2023-07,108649
47725,6597,660,58,1,0.9658513989456545,26,19,3,0,1,2023-09,108650
38988,6744,762,6,4,0.9583704144451466,34,14,8,0,1,2023-07,108651
34506,5118,752,52,6,0.5375382797425836,40,1,0,0,0,2023-09,108652
18163,3663,618,53,5,0.22857808760952836,37,24,6,0,0,2023-06,108653
17537,8064,579,59,1,0.20885982577498183,20,11,4,0,0,2023-06,108654
27419,5634,623,12,3,0.29855472391030224,23,23,6,0,0,2023-06,108655
47578,5774,812,27,7,0.25991791911847645,30,22,9,0,1,2023-05,108656
14455,9511,571,37,6,0.4986928391766949,29,4,7,0,0,2023-09,108657
14063,9194,667,19,6,0.24229967910720235,64,21,2,0,0,2023-06,108658
5834,6969,783,56,3,0.6999312289096944,38,14,2,0,0,2023-06,108659
37214,8262,535,29,0,0.3521393807962218,61,21,0,0,0,2023-08,108660
32398,6490,811,24,6,0.6111722548556702,49,18,4,0,1,2023-07,108661
39492,4571,674,32,5,0.28246302610698815,69,6,7,0,0,2023-06,108662
7413,4523,698,28,7,0.8621832526626336,60,27,0,0,0,2023-09,108663
14505,3987,615,50,4,0.8239670625546529,60,5,1,0,0,2023-09,108664
42266,6238,814,26,7,0.5091897768411162,39,17,1,0,1,2023-09,108665
7105,9403,719,49,9,0.9284746660204672,46,25,9,0,1,2023-08,108666
7568,8321,565,34,7,0.34856051694830176,31,7,1,0,0,2023-08,108667
47098,6845,764,6,8,0.8511493641704291,33,11,4,0,1,2023-06,108668
42679,8304,633,36,0,0.6366843475013104,53,14,9,0,1,2023-05,108669
38560,9301,618,32,2,0.46366405463899246,61,2,6,0,1,2023-05,108670
19195,6693,621,49,5,0.2674887479340862,69,22,2,0,0,2023-08,108671
20762,3098,820,41,3,0.3370489011262008,57,17,0,0,0,2023-05,108672
46294,5288,586,32,7,0.89029008428455,21,2,8,0,1,2023-09,108673
20898,4514,788,20,9,0.6855088601533723,68,15,8,0,1,2023-08,108674
26577,7297,636,30,0,0.38967644671719964,51,7,3,0,0,2023-06,108675
6214,3633,552,53,4,0.5966823019644517,37,3,4,0,0,2023-06,108676
25803,7841,704,20,3,0.28626933586019354,69,23,3,0,0,2023-08,108677
28698,7585,847,45,0,0.2790739933348742,40,6,7,0,0,2023-09,108678
37980,3578,550,24,9,0.9262117213097347,65,21,0,0,1,2023-09,108679
6658,6959,826,52,5,0.5662850314103274,30,26,3,0,1,2023-08,108680
17270,9670,539,55,9,0.48925372316090954,49,9,3,0,1,2023-05,108681
42792,3272,749,16,2,0.9592574613154086,38,10,2,0,0,2023-09,108682
27301,8338,717,46,4,0.5192005428857358,67,21,3,0,1,2023-08,108683
10141,7881,678,38,5,0.4689937024428643,59,21,6,0,1,2023-09,108684
43756,6954,538,46,3,0.4183889369262739,69,8,4,0,0,2023-05,108685
18777,6927,682,28,9,0.6520502565976762,49,7,2,0,1,2023-08,108686
43346,3452,723,17,9,0.6467284738205692,54,1,5,0,1,2023-09,108687
34441,4175,663,7,5,0.21295534079756928,23,10,9,0,0,2023-06,108688
33469,9490,733,48,6,0.7232498591658454,40,18,8,0,1,2023-08,108689
8845,7911,692,26,1,0.830645682421163,24,16,2,0,0,2023-06,108690
49650,3413,584,19,6,0.6927716339443117,55,4,1,0,0,2023-06,108691
28290,4550,742,39,6,0.8959105106272303,46,9,8,0,1,2023-07,108692
35699,7526,672,20,1,0.42113308882934075,26,23,4,0,0,2023-09,108693
49252,9522,536,26,2,0.353583522214994,50,18,9,0,1,2023-05,108694
38146,7990,586,28,2,0.757822475055979,39,11,4,0,0,2023-09,108695
8293,9571,628,26,0,0.3508472817602619,44,12,6,0,0,2023-08,108696
49398,4946,693,55,0,0.2728839035002104,57,8,1,0,0,2023-06,108697
21608,8203,818,19,9,0.2772920548317295,44,1,9,0,1,2023-06,108698
5737,3191,542,26,5,0.8147147945805744,36,8,4,0,0,2023-07,108699
21619,3040,658,17,8,0.22298984133448352,65,5,7,0,0,2023-09,108700
17470,8983,604,47,8,0.43156536387135996,56,1,7,0,1,2023-05,108701
27372,4859,728,51,0,0.3033491279552615,34,3,9,0,0,2023-07,108702
21117,8892,716,59,6,0.8039281174396042,29,27,6,0,1,2023-05,108703
19779,4332,763,52,5,0.6027944684583872,53,13,4,0,0,2023-05,108704
34294,6449,548,10,3,0.36439393159813377,63,29,3,0,0,2023-08,108705
26630,3135,622,7,2,0.8003287189210138,62,29,1,0,0,2023-06,108706
45039,8909,802,27,8,0.8002932073105307,26,16,1,0,1,2023-05,108707
17178,7201,524,11,9,0.6184181176549206,58,23,2,0,0,2023-05,108708
24935,7614,630,49,4,0.4206798296441678,44,12,2,0,0,2023-06,108709
27784,4941,723,7,7,0.6690216794097773,58,7,6,0,1,2023-08,108710
28027,9957,598,34,3,0.9468240806033534,65,8,5,0,1,2023-08,108711
36008,4565,789,41,3,0.24130911010097505,63,11,0,0,0,2023-08,108712
6823,7221,696,12,5,0.4135598772974339,47,13,5,0,0,2023-06,108713
11852,9543,608,21,5,0.42797535631414246,61,11,4,0,0,2023-05,108714
18072,9222,847,38,2,0.7054493308679062,46,4,5,0,1,2023-09,108715
16133,3388,719,38,1,0.7209315173295578,56,6,7,0,0,2023-05,108716
20111,4558,763,19,8,0.3650523159549708,58,28,0,0,0,2023-06,108717
37312,8820,707,48,1,0.3728804781300086,57,23,5,0,1,2023-06,108718
29161,5121,818,17,8,0.9425701476153356,47,24,3,0,1,2023-06,108719
44287,4028,581,48,7,0.8050390541302488,53,19,8,0,1,2023-08,108720
6777,9038,524,11,9,0.9474157588253755,48,21,9,0,1,2023-05,108721
29014,6534,685,17,6,0.8637303905301588,64,8,7,0,1,2023-07,108722
19772,3081,507,58,4,0.5216943842109588,67,6,6,0,0,2023-08,108723
49627,8656,623,36,2,0.29752610947613456,27,17,2,0,0,2023-09,108724
23161,3775,648,17,1,0.7036402930053902,32,18,8,0,0,2023-06,108725
47264,6038,597,15,7,0.4815928498061235,65,3,2,0,1,2023-06,108726
12490,7373,715,45,1,0.5403295924734548,56,12,5,0,0,2023-06,108727
46661,5887,600,32,7,0.5407037927552466,22,15,1,0,0,2023-07,108728
29502,4878,717,57,4,0.9492156973313703,33,7,7,0,1,2023-06,108729
40757,5271,758,56,8,0.2550899353540749,51,13,0,0,1,2023-06,108730
46111,4607,510,12,3,0.35448300917579073,42,10,0,0,0,2023-06,108731
37737,6139,558,51,7,0.6863542968119538,42,19,7,0,1,2023-08,108732
22709,3605,749,41,6,0.9070064527095147,32,9,8,0,1,2023-06,108733
49682,9162,639,38,7,0.9343541214959927,68,25,9,0,1,2023-09,108734
13998,7735,834,32,4,0.6469543412119442,60,28,8,0,1,2023-06,108735
33906,6414,537,13,1,0.22764897506751736,58,12,7,0,0,2023-08,108736
40490,6665,621,10,6,0.49030482747157916,69,28,9,0,1,2023-09,108737
9656,8885,564,13,2,0.9350666337381432,40,11,7,0,0,2023-09,108738
41901,8852,645,45,9,0.5999552687784739,62,24,3,0,1,2023-07,108739
30735,8462,801,26,9,0.7812906233467873,67,25,7,0,1,2023-05,108740
34092,5144,624,29,9,0.41535473635959574,50,8,6,0,1,2023-09,108741
6242,7270,811,12,9,0.2200055762687245,69,9,8,0,1,2023-05,108742
46307,6765,690,24,1,0.6626881489825793,26,4,9,0,1,2023-09,108743
6831,4376,762,36,2,0.8679848035491364,55,20,7,0,0,2023-08,108744
33511,6462,795,41,3,0.9922149575120478,38,5,9,0,1,2023-09,108745
12246,3347,681,32,9,0.8773016862710981,41,7,1,0,0,2023-08,108746
36467,3000,658,34,6,0.6431954898569003,43,9,7,0,1,2023-09,108747
23302,3062,807,28,9,0.6869820710404304,43,4,7,0,1,2023-07,108748
8232,4783,786,25,0,0.8593312318969326,40,23,9,0,0,2023-06,108749
41526,6814,661,11,5,0.21584855746209294,62,12,9,0,1,2023-06,108750
43765,3225,762,17,5,0.9613154785555715,32,12,8,0,1,2023-06,108751
15972,9566,716,55,7,0.6249769966785852,25,6,2,0,1,2023-07,108752
39592,4042,680,17,1,0.9616417955919367,47,13,7,0,1,2023-09,108753
15683,9174,590,55,1,0.8116145332646652,51,9,7,0,1,2023-07,108754
28664,3844,516,8,0,0.3218541428917611,32,25,9,0,0,2023-08,108755
41828,5680,624,47,2,0.33220785171170186,53,9,3,0,0,2023-06,108756
38172,7119,759,44,6,0.48291678081017064,51,21,4,0,1,2023-09,108757
23105,9980,713,40,7,0.41119041754863783,33,3,1,0,1,2023-06,108758
26700,4234,738,24,6,0.5514390074380211,51,13,5,0,0,2023-05,108759
16017,4984,679,50,8,0.6831230967003119,64,6,9,0,1,2023-08,108760
41613,7256,671,9,7,0.5492635995893933,24,18,8,0,1,2023-09,108761
25594,4278,642,36,7,0.24513646776577502,54,23,2,0,0,2023-06,108762
16384,4594,816,47,1,0.9805052921207218,23,14,5,0,0,2023-07,108763
35348,9257,743,43,0,0.5400977073610798,33,29,7,0,1,2023-07,108764
21448,5551,731,38,5,0.8808600034573764,37,23,1,0,1,2023-06,108765
14491,4952,671,11,6,0.2591634338089217,30,2,9,0,0,2023-09,108766
18112,4695,776,13,5,0.8480519037733456,38,6,0,0,0,2023-08,108767
36021,3954,576,33,6,0.338723710169044,21,20,5,0,0,2023-07,108768
49553,6291,802,20,7,0.7435239543975698,53,7,2,0,1,2023-07,108769
5968,3356,830,36,1,0.7294453570040722,22,8,1,0,0,2023-05,108770
5368,9312,548,13,0,0.9278453746134876,48,10,9,0,0,2023-08,108771
13424,6595,747,59,9,0.4565413442805909,42,13,7,0,1,2023-09,108772
40010,3968,782,11,7,0.28716780793251406,67,27,8,0,1,2023-08,108773
40851,3241,786,34,7,0.8916526530079003,20,1,6,0,1,2023-07,108774
30496,6446,531,56,7,0.46526202371229375,61,5,8,0,1,2023-05,108775
35936,7234,657,51,9,0.38602703124837545,25,25,6,0,1,2023-09,108776
18322,5144,517,39,6,0.5889668895906901,36,2,2,0,0,2023-06,108777
6469,3146,562,12,1,0.3169085520094319,38,4,0,0,0,2023-06,108778
42493,8176,627,45,3,0.4375706824575753,63,24,0,0,1,2023-07,108779
9259,8161,515,15,8,0.5082245072517224,67,12,4,0,0,2023-07,108780
41390,3542,662,18,7,0.4218042347928555,21,5,8,0,0,2023-09,108781
15292,3691,750,27,3,0.5602076005944656,34,24,9,0,0,2023-05,108782
31841,4025,636,26,7,0.5077205378272998,42,15,5,0,0,2023-08,108783
33365,7050,817,57,9,0.8196728248884797,38,10,1,0,1,2023-05,108784
22207,7005,794,6,5,0.9347269415397679,52,26,5,0,1,2023-06,108785
41199,6359,678,46,8,0.28073857339828207,25,17,3,0,1,2023-08,108786
27912,8257,728,47,0,0.858642034755353,69,14,8,0,1,2023-09,108787
41919,8736,679,57,5,0.9454169661615486,38,7,9,0,1,2023-07,108788
41981,5951,571,7,3,0.7492905167749406,49,22,2,0,0,2023-08,108789
20235,3729,817,57,2,0.9971357409365507,41,2,6,0,1,2023-09,108790
46757,9474,582,34,4,0.46803439973191363,22,23,9,0,1,2023-09,108791
38547,9760,635,16,9,0.8642479532679723,24,3,7,0,1,2023-06,108792
48810,7499,717,42,7,0.7389620037415112,49,4,1,0,1,2023-06,108793
24276,5555,608,55,9,0.4587430297579661,22,16,9,0,1,2023-08,108794
36923,9035,618,12,5,0.7637411868082762,58,16,6,0,1,2023-08,108795
10534,4150,517,40,0,0.6076974712460463,58,27,4,0,0,2023-06,108796
31469,4735,831,35,5,0.3511791126376981,47,22,0,0,0,2023-06,108797
41074,4038,653,21,6,0.3391037459275702,20,3,6,0,0,2023-08,108798
40670,9369,510,20,5,0.7707190774126784,41,17,9,0,1,2023-07,108799
37563,5912,637,45,2,0.7695443698533868,64,26,7,0,1,2023-05,108800
41486,7840,561,25,8,0.6246190087691468,64,17,0,0,1,2023-08,108801
5021,5540,570,33,9,0.6011325338221978,66,22,3,0,0,2023-08,108802
39268,7414,560,42,9,0.3440307565510895,58,20,3,0,1,2023-06,108803
46802,4242,631,8,3,0.5434288984034439,36,7,4,0,0,2023-09,108804
20799,3772,560,34,4,0.8971180168248809,61,25,4,0,0,2023-05,108805
31336,4916,768,42,4,0.8837818448761208,47,8,3,0,1,2023-07,108806
8641,6412,511,14,2,0.728735121446479,69,19,0,0,0,2023-09,108807
26596,5499,534,32,1,0.9978853423757865,49,7,8,0,0,2023-05,108808
37959,6440,550,37,7,0.9145426773516965,59,1,4,0,1,2023-05,108809
18306,8039,542,53,6,0.3161843388544816,27,16,0,0,0,2023-06,108810
13587,9991,727,51,4,0.5193091224749624,46,18,2,0,1,2023-06,108811
36359,9110,610,55,0,0.3055499878074195,60,25,0,0,0,2023-06,108812
26498,6545,821,44,9,0.5728716931433625,64,26,6,0,1,2023-09,108813
9662,4213,514,36,0,0.8211062597958656,44,8,9,0,0,2023-06,108814
42094,5931,676,52,7,0.3246309679430076,32,7,9,0,1,2023-05,108815
46833,3418,661,31,3,0.9043376259359228,53,27,9,0,1,2023-09,108816
32197,6781,538,45,3,0.655246041232405,58,10,6,0,0,2023-07,108817
25719,7960,525,8,8,0.7991555638377961,26,2,5,0,0,2023-08,108818
29665,3788,611,16,1,0.23612464968608027,41,15,8,0,0,2023-06,108819
48239,4871,550,57,4,0.2750705226806974,52,14,6,0,0,2023-09,108820
30032,7590,597,34,5,0.6966889491181283,65,2,4,0,1,2023-06,108821
17641,8158,669,32,5,0.8705535303430301,57,7,6,0,1,2023-08,108822
46964,9305,555,55,9,0.8990920676201739,50,23,9,0,1,2023-09,108823
35028,5025,720,52,2,0.7506954602136653,64,22,3,0,1,2023-06,108824
20651,9264,824,15,9,0.3607509761178748,52,26,9,0,1,2023-09,108825
13536,5446,645,40,5,0.3560173717285574,41,12,8,0,0,2023-08,108826
11273,9081,759,52,9,0.9050901978857231,46,5,5,0,1,2023-09,108827
11284,7823,628,28,9,0.29058830841382033,46,6,3,0,0,2023-09,108828
30692,3560,549,11,4,0.7488566912867811,40,16,4,0,0,2023-06,108829
13817,5651,839,16,7,0.6268054712293964,54,12,7,0,1,2023-07,108830
33955,8248,825,48,3,0.5371360769096685,66,9,6,0,1,2023-09,108831
31555,6904,519,56,9,0.5522676529310845,69,20,5,0,1,2023-05,108832
25378,3539,673,32,9,0.9561658901881525,29,12,1,0,1,2023-08,108833
46182,9499,782,36,2,0.889154559917597,66,10,2,0,1,2023-06,108834
22127,7755,525,35,5,0.8919870911053969,47,17,0,0,0,2023-08,108835
22952,9575,659,8,9,0.5252946465148978,59,25,2,0,1,2023-08,108836
16539,8959,509,18,8,0.28558496698984587,56,24,1,0,0,2023-08,108837
19692,6136,581,59,7,0.9982715464941125,60,11,9,0,1,2023-09,108838
23120,6289,755,45,9,0.3162744698043852,52,18,5,0,1,2023-07,108839
18334,5610,604,26,7,0.6124658642629264,27,4,3,0,0,2023-07,108840
33615,8546,639,48,2,0.4116953508787137,56,3,9,0,1,2023-07,108841
12903,7912,701,16,0,0.6085942893199268,69,19,2,0,0,2023-09,108842
33527,4944,843,50,2,0.44394655528211846,60,6,7,0,1,2023-09,108843
20629,6145,523,8,2,0.9175093124967677,52,23,4,0,0,2023-09,108844
22740,5758,545,43,5,0.9746732765670878,38,8,3,0,0,2023-09,108845
38782,8311,716,36,2,0.5280514261103064,49,7,5,0,1,2023-09,108846
31708,6260,554,29,1,0.25615171246204843,33,15,3,0,0,2023-09,108847
15860,7107,577,47,8,0.7306688794763856,33,12,9,0,1,2023-05,108848
22438,9382,658,56,5,0.5013004512387746,55,15,9,0,1,2023-05,108849
6764,4895,843,17,4,0.9887749247651418,26,9,4,0,0,2023-09,108850
11009,5500,771,51,2,0.27149982230793634,62,2,3,0,0,2023-08,108851
25842,9526,647,48,6,0.2953011525561302,53,26,8,0,1,2023-09,108852
47372,5829,537,32,6,0.7595384913492376,69,20,1,0,1,2023-08,108853
38435,6873,610,26,3,0.8069196818830078,51,15,0,0,0,2023-05,108854
8370,3047,514,30,9,0.5768771234324508,61,18,6,0,0,2023-09,108855
43744,5364,577,35,1,0.4218116819521089,52,13,8,0,0,2023-08,108856
25454,5256,575,35,1,0.44784803930436184,33,16,8,0,0,2023-07,108857
46381,8666,827,15,7,0.4703783731370167,44,15,3,0,1,2023-07,108858
43367,7672,774,8,3,0.3802255925130984,47,11,3,0,0,2023-07,108859
8650,9458,696,18,6,0.8805140385178796,61,3,0,0,0,2023-06,108860
30708,3753,718,32,2,0.252061766043838,69,29,0,0,0,2023-09,108861
47662,8155,562,23,8,0.5258222592626517,58,10,0,0,1,2023-09,108862
8190,5802,531,50,9,0.798082515872794,49,17,5,0,1,2023-06,108863
13789,7649,732,29,8,0.20306037955738132,50,8,5,0,0,2023-05,108864
37125,6652,609,51,6,0.9024260134247428,43,5,4,0,1,2023-06,108865
38159,3402,664,19,6,0.7650345699034915,23,21,9,0,1,2023-08,108866
22459,8226,693,44,0,0.2586991654672544,33,8,9,0,0,2023-09,108867
40418,5086,506,49,9,0.9159972711955506,28,15,1,0,1,2023-06,108868
23768,9724,638,9,7,0.5898439941046544,55,11,5,0,1,2023-05,108869
20563,5227,842,21,1,0.7217914671122492,25,9,0,0,0,2023-09,108870
32885,9155,786,56,7,0.9056266996150735,43,25,2,0,1,2023-06,108871
26885,6410,800,15,1,0.9049298757515722,45,26,4,0,1,2023-06,108872
11895,5990,555,53,0,0.5269952948060013,53,25,9,0,0,2023-05,108873
28958,7643,659,42,7,0.3901515880199473,20,2,4,0,0,2023-09,108874
6531,4149,648,32,3,0.4059372354769414,42,7,6,0,0,2023-06,108875
10481,3062,786,53,9,0.8127532691069823,36,16,4,0,1,2023-05,108876
28932,7939,756,6,5,0.9435442888033123,55,7,9,0,1,2023-09,108877
26360,6153,638,10,9,0.25778453865092,56,4,5,0,0,2023-06,108878
48642,4008,848,18,9,0.21201578245921102,69,5,6,0,1,2023-08,108879
29829,8938,823,50,0,0.8583480491781925,64,14,1,0,1,2023-06,108880
24932,5031,791,8,8,0.5092820826032467,39,22,2,0,0,2023-08,108881
43931,4322,834,22,6,0.42115939596652885,45,7,2,0,1,2023-06,108882
43032,5081,686,24,4,0.35069907809267353,30,13,0,0,0,2023-08,108883
20890,3751,822,42,5,0.4771844878625957,39,18,8,0,1,2023-07,108884
23807,7144,683,10,2,0.9771744714224064,20,10,9,0,0,2023-08,108885
16767,3657,806,52,8,0.9816638196349576,63,2,8,0,1,2023-08,108886
13071,4660,761,47,1,0.46521082124536356,32,13,8,0,0,2023-09,108887
31149,3700,809,49,9,0.9709520946312922,55,2,8,0,1,2023-06,108888
20540,4080,843,29,0,0.4398907597916936,63,29,7,0,0,2023-08,108889
40676,5156,644,48,0,0.883584876213658,57,15,4,0,1,2023-09,108890
9712,4540,760,38,9,0.3696033673238077,32,5,8,0,0,2023-06,108891
31201,6032,501,26,1,0.8611900706975928,33,22,6,0,0,2023-06,108892
49958,9167,813,8,5,0.4829843180457467,31,11,1,0,1,2023-08,108893
24899,9364,511,9,5,0.35657881595436103,53,6,6,0,0,2023-07,108894
24787,4983,760,56,8,0.9478239259389047,46,19,3,0,1,2023-06,108895
25982,3314,668,37,9,0.3713474659429359,31,28,6,0,0,2023-07,108896
27606,9437,647,29,3,0.9934681806073935,57,15,6,0,1,2023-09,108897
15150,6081,699,57,7,0.2868591139107919,55,4,2,0,0,2023-05,108898
25393,8796,811,40,3,0.20801662671216584,20,7,2,0,0,2023-07,108899
42259,8113,569,23,2,0.8966348368616666,45,23,9,0,1,2023-05,108900
32750,7733,811,8,3,0.6692835266467849,59,22,9,0,1,2023-09,108901
13593,5314,553,44,0,0.5373010416600252,59,17,5,0,0,2023-05,108902
22358,5135,758,59,8,0.26557114042567537,40,10,1,0,0,2023-05,108903
21607,9598,527,31,4,0.6599140247853552,51,22,7,0,1,2023-09,108904
42381,4649,619,58,6,0.5149804681887196,44,29,7,0,1,2023-07,108905
29811,6219,632,29,2,0.5868975303909463,31,17,3,0,0,2023-09,108906
33074,9900,589,6,4,0.7043134891217668,44,11,1,0,0,2023-07,108907
25595,6800,515,56,9,0.7119468845044505,45,21,8,0,1,2023-07,108908
49194,5478,786,55,3,0.9684793930824316,55,22,8,0,1,2023-09,108909
31853,7067,783,39,6,0.7240427307514758,35,16,1,0,1,2023-09,108910
13183,4775,729,17,4,0.4715233121457847,33,7,9,0,0,2023-08,108911
25661,4966,636,22,1,0.46370626221206274,65,8,3,0,0,2023-09,108912
46169,9059,794,26,2,0.5817287623261219,53,16,0,0,1,2023-09,108913
41495,4767,726,26,7,0.4074621598945465,68,16,5,0,1,2023-07,108914
18703,6815,526,8,2,0.5011511825010311,43,25,0,0,0,2023-09,108915
35815,3241,831,49,6,0.873690217543867,27,22,6,0,1,2023-06,108916
34565,7797,616,33,4,0.8878092822937578,46,27,8,0,1,2023-09,108917
27942,5949,588,30,6,0.7022339825602724,58,23,8,0,1,2023-06,108918
47986,7836,606,49,9,0.6662727535952666,32,4,1,0,1,2023-05,108919
38161,9209,720,11,8,0.5416798653868233,48,26,7,0,1,2023-08,108920
46803,9521,722,47,6,0.7087191324550772,50,7,2,0,1,2023-09,108921
14716,9531,621,35,5,0.844842676585192,62,26,4,0,1,2023-06,108922
46563,8910,532,37,0,0.7902776463271843,38,17,3,0,1,2023-07,108923
38349,7876,590,27,3,0.22836761254214874,29,3,5,0,0,2023-08,108924
47899,5256,683,43,7,0.7849039988845068,62,17,6,0,1,2023-06,108925
5132,7111,757,19,0,0.7759581337400014,67,11,8,0,0,2023-05,108926
8385,6368,512,39,5,0.2791924293509621,59,8,9,0,0,2023-06,108927
41538,8081,523,48,1,0.3201978916713009,53,19,4,0,0,2023-07,108928
40036,3366,824,52,8,0.8303268089442617,65,7,1,0,1,2023-08,108929
38743,5827,533,31,7,0.6471916625972816,68,18,3,0,1,2023-05,108930
45373,4252,746,45,8,0.8573031924685299,68,28,1,0,1,2023-09,108931
12213,5487,842,59,8,0.3477953079247869,62,28,0,0,1,2023-07,108932
49223,7785,518,18,1,0.2244918117650695,20,21,1,0,0,2023-09,108933
31119,6603,529,35,1,0.329553403736943,38,15,6,0,0,2023-07,108934
7835,6521,548,24,8,0.5620560362264153,20,19,1,0,0,2023-07,108935
7738,8155,679,47,1,0.6186342044879214,43,26,3,0,0,2023-06,108936
47317,7942,725,46,3,0.8861608976421333,44,3,4,0,1,2023-05,108937
9134,7517,577,55,1,0.772960423881651,23,16,2,0,0,2023-06,108938
30892,4643,706,44,0,0.9923125124232637,43,15,3,0,0,2023-07,108939
44601,4212,534,8,9,0.26297567310029113,58,5,9,0,0,2023-07,108940
13353,7703,749,36,6,0.30417685803193706,39,14,2,0,0,2023-09,108941
20690,8434,570,17,4,0.2674844750564558,52,24,7,0,0,2023-07,108942
6909,3019,809,20,2,0.6307664372625102,47,2,9,0,0,2023-06,108943
30703,3675,778,59,7,0.4134886166450608,62,27,7,0,1,2023-09,108944
19496,7477,651,58,4,0.7469063520776837,64,4,2,0,1,2023-08,108945
17062,3608,726,50,0,0.3061527107653243,54,20,8,0,0,2023-06,108946
14850,9286,742,43,8,0.2825531196497011,43,13,8,0,1,2023-05,108947
32701,3061,509,45,4,0.5681323759943583,59,16,6,0,0,2023-06,108948
39731,4265,816,19,2,0.5007186826106591,63,12,0,0,0,2023-05,108949
10153,5285,547,40,5,0.8633319327960793,21,27,9,0,0,2023-09,108950
15481,4154,611,21,7,0.870043260034399,42,5,2,0,0,2023-08,108951
38734,4628,703,55,1,0.29394293429878016,52,22,7,0,0,2023-09,108952
5889,4626,656,29,2,0.8498582238736365,33,25,5,0,0,2023-09,108953
24445,6716,842,22,6,0.651331985902897,34,21,8,0,1,2023-05,108954
11461,8242,525,23,1,0.6028466191013601,51,12,9,0,0,2023-07,108955
43934,8559,807,47,4,0.2758107009956918,42,26,8,0,1,2023-09,108956
33205,8022,665,22,8,0.791704615195667,23,8,0,0,1,2023-06,108957
28351,9485,748,21,6,0.24770702591791682,39,5,5,0,1,2023-05,108958
21006,4442,761,26,2,0.42215341571968,50,3,2,0,0,2023-06,108959
49149,4653,763,29,1,0.2763452278112185,26,22,4,0,0,2023-07,108960
15940,5502,516,39,9,0.6246140878727389,20,13,0,0,0,2023-05,108961
16258,6269,575,57,8,0.7161840469676739,24,4,6,0,1,2023-07,108962
29485,3281,753,41,8,0.9126841171843398,33,21,5,0,1,2023-06,108963
28763,7981,705,48,8,0.7870975367970108,49,8,9,0,1,2023-06,108964
45048,4024,533,32,9,0.9688835191310134,57,27,4,0,1,2023-06,108965
6067,7818,646,44,2,0.8087598663075561,42,27,1,0,0,2023-05,108966
25607,8894,825,22,0,0.4384584826339614,26,4,7,0,0,2023-05,108967
48883,6403,837,30,8,0.6380678484505324,63,7,4,0,1,2023-07,108968
14018,4235,727,56,6,0.5663517114560126,58,3,1,0,0,2023-09,108969
20187,7182,617,43,1,0.6527749789098756,69,4,3,0,0,2023-09,108970
42375,7760,664,47,5,0.6576714715299139,35,24,9,0,1,2023-09,108971
8985,7957,537,26,8,0.761680868375221,28,8,7,0,0,2023-08,108972
48052,8818,795,9,7,0.2664350517164515,58,13,7,0,1,2023-09,108973
24563,9204,636,30,5,0.7973961031054011,65,13,2,0,1,2023-09,108974
42306,9940,808,35,5,0.3149948905866058,53,9,9,0,1,2023-08,108975
23608,9238,745,38,7,0.22096584393601246,50,20,7,0,1,2023-08,108976
44139,3785,697,44,8,0.6151244335691698,64,26,9,0,1,2023-06,108977
6726,8672,565,31,7,0.6651815685297575,26,20,8,0,1,2023-05,108978
31582,6317,579,30,0,0.22788085609362316,21,5,1,0,0,2023-05,108979
10791,4667,551,58,1,0.6122968918240184,25,14,5,0,0,2023-08,108980
13458,6008,628,21,5,0.6276561666923773,63,5,2,0,0,2023-05,108981
22221,9440,500,54,7,0.24199592101198492,53,3,4,0,0,2023-09,108982
25968,6194,666,29,3,0.7692682280917409,36,1,3,0,0,2023-06,108983
22070,7789,515,10,3,0.3682317614275099,45,10,7,0,0,2023-05,108984
32937,6775,644,59,1,0.8355673710602367,31,15,6,0,1,2023-07,108985
46831,5446,611,47,9,0.4486577038399136,39,17,6,0,1,2023-08,108986
47933,6790,601,44,0,0.5823140251713734,60,12,0,0,0,2023-06,108987
42415,8350,581,18,9,0.9134807035350936,65,14,5,0,1,2023-05,108988
47770,3533,598,35,8,0.8449435734820381,54,24,1,0,1,2023-08,108989
25802,3401,658,12,6,0.8254908628683642,54,4,7,0,0,2023-09,108990
48601,6663,539,52,8,0.3283473580923373,48,29,5,0,1,2023-07,108991
15420,3129,654,22,1,0.23851390935968705,67,11,8,0,0,2023-07,108992
11642,5339,535,32,9,0.6846071605444833,57,26,9,0,1,2023-08,108993
24775,7371,746,40,4,0.5285533139910783,50,15,0,0,0,2023-08,108994
33754,5959,503,10,1,0.9272618211443793,59,14,7,0,0,2023-05,108995
48310,4858,780,47,9,0.4796746108504816,32,27,1,0,1,2023-06,108996
9357,5973,833,10,6,0.5284386807983379,45,18,6,0,0,2023-09,108997
26263,7150,748,29,8,0.6208004344391356,41,22,2,0,1,2023-09,108998
18201,6649,511,12,2,0.8371205325056896,27,9,6,0,0,2023-07,108999
7739,5786,782,12,0,0.414639243280642,59,15,0,0,0,2023-07,109000
18231,6097,715,59,3,0.9534565257298995,26,21,9,0,1,2023-05,109001
47278,6512,818,19,3,0.6319368901772306,24,3,8,0,1,2023-08,109002
47495,7860,810,20,5,0.8727818089395274,20,20,5,0,1,2023-06,109003
26168,4220,581,10,4,0.6204947867648151,64,13,6,0,0,2023-05,109004
37624,3641,513,42,4,0.8175945565920106,59,2,8,0,0,2023-06,109005
15635,6314,555,9,8,0.24113660198743575,30,15,9,0,0,2023-08,109006
14964,8943,841,35,0,0.8393699853464109,51,14,0,0,0,2023-07,109007
32785,3723,781,25,7,0.6191675438479539,26,7,7,0,1,2023-06,109008
34510,8309,698,58,7,0.5595324705492661,48,29,6,0,1,2023-08,109009
22261,7897,847,31,7,0.2892877332894943,49,4,1,0,0,2023-09,109010
24254,3737,665,14,2,0.7932500311268105,40,4,0,0,0,2023-09,109011
16392,7853,791,35,9,0.3049309220033111,58,24,9,0,1,2023-07,109012
17336,8687,645,49,7,0.3538542502431945,67,10,0,0,0,2023-08,109013
16939,9710,577,53,1,0.3011386045677187,63,21,3,0,0,2023-09,109014
32412,4299,611,27,7,0.20526048617092496,62,19,4,0,0,2023-09,109015
21676,8937,522,45,7,0.7295310240537469,60,13,6,0,1,2023-07,109016
14843,6480,615,46,2,0.4166752358172852,58,28,7,0,0,2023-06,109017
30112,3339,641,49,3,0.31957636735264106,39,6,1,0,0,2023-09,109018
35598,3152,696,35,8,0.4559779860114661,41,8,8,0,1,2023-06,109019
40454,8684,777,25,8,0.5992677532373418,48,10,6,0,1,2023-08,109020
38001,4421,527,33,9,0.602730016707429,65,17,5,0,1,2023-09,109021
32228,8563,798,12,8,0.49375680666556754,23,9,7,0,1,2023-08,109022
19429,6051,575,58,9,0.5959458168331433,22,14,1,0,0,2023-08,109023
23758,3426,517,9,5,0.5418731662359952,28,29,0,0,0,2023-05,109024
7272,6558,599,33,0,0.8581321975875886,24,20,4,0,0,2023-06,109025
22350,9347,623,40,7,0.22369117399294558,22,5,8,0,0,2023-08,109026
27538,4135,791,38,8,0.8944241066584375,44,26,6,0,1,2023-08,109027
8400,5372,624,12,7,0.3951322045429003,51,3,6,0,0,2023-05,109028
20371,6329,506,14,0,0.7774257720290005,52,9,8,0,0,2023-05,109029
42310,3949,522,39,5,0.5240316930724047,37,29,4,0,0,2023-06,109030
41291,4373,661,44,8,0.4354663716038289,64,12,4,0,1,2023-08,109031
23147,9126,616,47,8,0.6922778983999076,55,22,6,0,1,2023-07,109032
8291,3956,520,39,6,0.8151075350904835,69,1,5,0,0,2023-05,109033
40256,4701,751,18,6,0.559949162482883,60,25,9,0,1,2023-05,109034
15892,5941,825,34,3,0.5732430744523849,48,11,5,0,0,2023-08,109035
39326,5482,808,40,6,0.24708518781414357,58,5,7,0,1,2023-06,109036
42458,4303,583,50,9,0.9391967845022751,66,19,3,0,1,2023-05,109037
43889,3370,540,15,4,0.8775173571570072,64,4,1,0,0,2023-05,109038
49966,5980,702,35,9,0.5183942300339486,21,12,2,0,1,2023-09,109039
42207,5296,627,49,4,0.8119604905284468,30,16,9,0,1,2023-07,109040
45288,9324,641,31,0,0.4506233405667674,50,16,3,0,1,2023-07,109041
30995,7798,843,40,1,0.7843374344102199,23,21,4,0,1,2023-05,109042
10409,8770,602,33,8,0.6133533732512483,48,1,1,0,0,2023-07,109043
47438,5125,606,34,1,0.5686133777758011,69,26,7,0,1,2023-08,109044
49874,5966,516,57,9,0.2452183978064918,22,3,4,0,1,2023-05,109045
49702,9479,524,11,1,0.9723375374470904,21,23,6,0,1,2023-09,109046
34823,7145,563,8,8,0.8699271759027363,63,25,8,0,1,2023-08,109047
12869,9228,841,34,2,0.8347104543891573,55,22,6,0,1,2023-09,109048
40724,5742,736,7,1,0.4439329581229794,33,20,3,0,0,2023-07,109049
27401,9147,675,27,6,0.4316721475389869,67,15,2,0,1,2023-06,109050
30958,8088,790,51,8,0.6585544772757195,23,20,7,0,1,2023-08,109051
15766,7021,792,52,5,0.876978556980919,63,25,8,0,1,2023-06,109052
24768,5364,810,55,6,0.9477027249349219,49,17,4,0,1,2023-05,109053
35794,8230,655,32,2,0.41514322080624444,38,22,5,0,0,2023-07,109054
31145,8453,552,56,2,0.6859318402555339,38,4,9,0,1,2023-07,109055
15086,8970,572,27,7,0.7791222399147724,63,3,9,0,1,2023-05,109056
48203,3762,682,15,6,0.3811137161465792,50,11,5,0,0,2023-07,109057
31442,9755,688,57,4,0.5259749041779395,34,1,2,0,1,2023-07,109058
21412,7062,512,54,5,0.34997941897091256,48,5,3,0,0,2023-09,109059
30596,4004,546,54,8,0.7591240622146673,22,4,8,0,1,2023-08,109060
15255,6755,659,24,2,0.8910281092361583,38,26,5,0,0,2023-06,109061
47406,5846,783,29,2,0.902027483641324,41,20,4,0,1,2023-09,109062
45524,9262,552,32,5,0.7360710963941657,66,8,8,0,1,2023-09,109063
28332,3349,786,41,7,0.4777218881394907,39,11,7,0,1,2023-08,109064
49624,5964,507,48,4,0.7288323014834035,26,11,8,0,1,2023-08,109065
20764,3686,571,22,0,0.891413381736655,23,18,8,0,0,2023-06,109066
32563,7637,597,15,2,0.7006846671486266,20,27,3,0,0,2023-09,109067
27139,6126,586,59,7,0.5303135522366924,60,10,7,0,1,2023-05,109068
41370,7456,829,22,3,0.9358422005751992,26,27,9,0,1,2023-08,109069
10062,5755,600,49,8,0.8681732746155413,41,26,8,0,1,2023-06,109070
49645,6524,780,15,5,0.9059481921982495,56,13,4,0,1,2023-06,109071
12244,6624,788,15,9,0.9225536168322355,49,20,3,0,1,2023-06,109072
11372,5732,736,43,3,0.5150498461282506,28,16,9,0,0,2023-07,109073
44873,9473,695,22,3,0.8877112060058681,46,27,0,0,1,2023-08,109074
24965,9362,596,31,9,0.6562797369973583,57,17,2,0,1,2023-09,109075
49997,9351,595,31,4,0.23052717884323207,42,18,9,0,1,2023-07,109076
21956,4693,760,56,6,0.7086690852160942,31,26,1,0,1,2023-08,109077
45473,5892,620,39,6,0.5764951394355962,32,26,6,0,1,2023-08,109078
18894,6811,772,9,9,0.42012372734983794,52,3,3,0,0,2023-05,109079
38382,7180,831,55,6,0.9763065120376317,34,28,8,0,1,2023-09,109080
9050,3684,551,32,4,0.2440566866343793,35,1,8,0,0,2023-06,109081
21709,7340,817,26,8,0.9567019125656533,53,2,1,0,1,2023-09,109082
20722,5919,662,41,1,0.3274136485077105,28,23,2,0,0,2023-09,109083
20210,6756,689,43,7,0.5015905434404258,61,26,7,0,1,2023-05,109084
41545,8454,776,51,9,0.5337881403354794,46,26,9,0,1,2023-09,109085
43674,6283,584,36,7,0.7848164149286512,67,6,2,0,1,2023-08,109086
39489,7691,693,12,2,0.37248736698936363,34,18,3,0,0,2023-09,109087
22733,9828,680,49,4,0.9888814745820314,54,17,2,0,1,2023-05,109088
25080,7026,520,39,7,0.7992094822112183,53,26,1,0,1,2023-09,109089
41664,4156,702,23,9,0.8319621106776438,59,14,0,0,1,2023-08,109090
44709,6061,701,29,8,0.2851430181719156,49,25,2,0,1,2023-07,109091
43014,8919,650,18,6,0.5810496076075602,67,17,8,0,1,2023-07,109092
46152,8893,658,18,3,0.9564874803826311,42,26,7,0,1,2023-08,109093
32250,7445,809,30,3,0.41605285724144525,28,21,8,0,1,2023-06,109094
25229,5329,525,10,2,0.31630692396068777,51,25,9,0,0,2023-09,109095
21475,9436,808,44,7,0.5883155678113506,54,29,4,0,1,2023-06,109096
48876,4292,565,34,5,0.9443144557209666,68,9,4,0,1,2023-09,109097
34011,4884,762,49,9,0.5894324995445018,51,22,7,0,1,2023-05,109098
13128,4560,666,51,5,0.5238674423357272,64,19,4,0,0,2023-09,109099
37450,3983,787,38,9,0.7202179493710212,35,2,3,0,1,2023-09,109100
23897,5067,653,29,9,0.9495071990804411,51,3,8,0,1,2023-05,109101
13168,9902,842,15,8,0.23924595936325288,44,16,0,0,0,2023-08,109102
11861,4863,705,30,2,0.322716436381353,49,16,5,0,0,2023-06,109103
46758,4979,652,46,3,0.30620344803540833,56,1,6,0,0,2023-07,109104
18750,4736,683,15,2,0.26826638583933254,56,19,5,0,0,2023-05,109105
21988,5452,658,44,2,0.4416848645187167,54,18,9,0,0,2023-06,109106
7979,8234,693,21,0,0.3834472264962481,64,24,7,0,0,2023-09,109107
28524,4918,501,33,9,0.6389530129674683,27,10,7,0,0,2023-07,109108
12065,3700,714,17,5,0.46183153738056265,59,23,4,0,0,2023-05,109109
42684,7046,674,49,8,0.524166289166301,68,17,3,0,1,2023-07,109110
28184,5073,574,37,4,0.9534917523998501,66,1,6,0,1,2023-09,109111
38365,7661,784,56,9,0.324524513015525,55,5,8,0,1,2023-06,109112
28704,6753,626,34,1,0.5107658614358417,44,4,1,0,0,2023-05,109113
10622,3394,548,50,9,0.4056654724150255,37,24,6,0,0,2023-08,109114
23261,4956,531,58,3,0.6393327858862017,58,24,5,0,0,2023-09,109115
49932,6048,657,55,5,0.7890689812373155,29,19,2,0,1,2023-09,109116
33419,6452,514,32,6,0.853590298734292,20,21,1,0,0,2023-08,109117
39467,3522,817,31,6,0.6122373556138925,23,7,0,0,0,2023-05,109118
30605,4562,833,8,3,0.8839332732215541,45,8,1,0,0,2023-08,109119
34171,5909,742,31,9,0.828060406301854,30,19,4,0,1,2023-09,109120
27164,8202,516,44,9,0.3256032491469908,34,8,0,0,0,2023-09,109121
18796,5849,521,6,4,0.39634300721599613,51,26,7,0,0,2023-07,109122
41854,3549,743,40,3,0.7373764226667368,34,9,3,0,0,2023-07,109123
36320,4468,580,58,9,0.9798352157924863,47,19,2,0,1,2023-05,109124
5665,9230,643,32,5,0.5009037604800002,42,28,9,0,1,2023-08,109125
37694,3832,507,51,6,0.38384627251579256,22,18,1,0,0,2023-08,109126
29230,7482,666,9,1,0.8953035474364632,51,14,0,0,0,2023-05,109127
27995,8058,786,24,9,0.3596895676343061,39,18,7,0,1,2023-05,109128
31784,9811,767,27,2,0.7579266192398892,33,5,8,0,1,2023-09,109129
19605,4421,788,11,7,0.22739925628469165,54,28,2,0,0,2023-05,109130
22463,3285,685,57,6,0.21518441207832295,59,26,2,0,0,2023-08,109131
13419,5745,511,14,0,0.5612533711553318,61,28,8,0,0,2023-07,109132
38837,6765,780,16,3,0.7252321020399226,28,1,6,0,1,2023-08,109133
10263,7464,803,27,4,0.3139475631670148,66,6,8,0,0,2023-05,109134
45719,9798,582,52,2,0.8111059624012305,43,7,1,0,1,2023-08,109135
39131,4445,554,14,3,0.30298918592957724,60,28,6,0,0,2023-08,109136
42276,8837,630,34,9,0.6269662462973398,23,29,7,0,1,2023-09,109137
39523,9797,624,48,9,0.4466393538216644,31,5,3,0,1,2023-07,109138
5519,9840,824,15,9,0.8018026214265643,43,27,9,0,1,2023-08,109139
36106,4466,550,39,6,0.8432934028511072,20,8,3,0,0,2023-07,109140
49504,4776,526,36,7,0.2528729916499769,33,6,1,0,0,2023-09,109141
15514,8639,664,27,8,0.354083655445972,50,1,1,0,0,2023-07,109142
12233,6655,780,51,1,0.9141152876555165,29,25,3,0,0,2023-08,109143
6102,3914,532,9,3,0.5324902692806934,52,12,3,0,0,2023-05,109144
5597,3287,561,7,0,0.5813886922984364,55,5,4,0,0,2023-07,109145
24657,7190,644,10,2,0.33441907333005316,61,29,9,0,0,2023-05,109146
43549,9812,670,51,7,0.9959158372007944,54,5,9,0,1,2023-05,109147
48565,5088,785,20,6,0.9384381462714608,67,15,9,0,1,2023-07,109148
11256,7426,796,24,7,0.20161973678579495,37,17,8,0,0,2023-06,109149
48148,8932,616,43,5,0.6405877461263081,44,5,8,0,1,2023-07,109150
34401,4804,503,20,4,0.8978139068825237,31,19,6,0,0,2023-07,109151
46548,4178,565,51,9,0.5444268849871682,47,10,5,0,1,2023-05,109152
11554,5551,559,13,8,0.5494514068613479,28,29,9,0,0,2023-06,109153
17664,7370,786,25,4,0.5034777253810314,43,3,4,0,0,2023-09,109154
47367,4588,844,17,8,0.2230626681242588,39,11,3,0,1,2023-09,109155
29386,9322,728,9,3,0.8322266686829622,45,26,1,0,1,2023-07,109156
9846,4956,599,58,4,0.5654281627128759,24,8,3,0,0,2023-08,109157
31205,4775,618,43,0,0.6248525107229806,46,25,6,0,0,2023-08,109158
30570,9280,568,48,5,0.40454809344531073,47,13,0,0,0,2023-05,109159
35255,7862,651,59,2,0.8272947936534556,56,6,2,0,1,2023-08,109160
26182,3987,779,44,9,0.8349988373635584,59,3,3,0,1,2023-09,109161
44373,8855,720,41,1,0.6423366534814074,26,24,6,0,1,2023-07,109162
48019,4203,722,20,5,0.923702340640131,38,19,2,0,1,2023-07,109163
21043,6330,664,6,0,0.2927073845813135,41,7,3,0,0,2023-07,109164
40754,9386,710,36,8,0.8293013317148794,37,2,0,0,1,2023-07,109165
5400,4119,778,14,4,0.6468673138565317,34,22,0,0,0,2023-08,109166
24239,3196,562,28,6,0.3848105336291594,52,24,9,0,0,2023-08,109167
15416,6975,761,57,9,0.3058430261215159,58,19,2,0,1,2023-06,109168
8412,3525,505,31,8,0.4408056322582707,24,13,6,0,0,2023-07,109169
21440,7727,747,45,8,0.8850527344811616,59,25,5,0,1,2023-07,109170
29406,4410,728,49,6,0.8300954797409088,56,11,4,0,1,2023-07,109171
6875,7503,785,44,3,0.7161059406544321,24,9,7,0,0,2023-06,109172
42066,4292,756,23,3,0.27226160622694195,56,19,7,0,0,2023-05,109173
41536,4194,562,38,6,0.9638645117946429,62,19,3,0,1,2023-05,109174
10752,4948,527,46,7,0.4443521059003257,26,21,9,0,0,2023-06,109175
26217,6655,844,44,6,0.6855999866760467,21,25,5,0,1,2023-07,109176
17489,7786,552,19,9,0.8424814966443475,49,14,0,0,0,2023-08,109177
6353,5217,751,6,3,0.30628466756700645,68,12,9,0,0,2023-09,109178
31986,7254,537,18,3,0.7217573938046986,30,29,9,0,1,2023-09,109179
26371,6580,807,57,7,0.22583679736337006,56,1,8,0,1,2023-09,109180
44365,9590,833,20,8,0.2814314492034729,58,1,4,0,1,2023-09,109181
19691,8785,638,42,6,0.7785149075417135,52,17,7,0,1,2023-07,109182
9311,9033,552,10,2,0.32406572445823534,28,4,9,0,0,2023-06,109183
15794,4017,593,19,9,0.5548053786443027,30,13,9,0,0,2023-07,109184
7934,6153,593,19,0,0.39866604062189537,31,23,0,0,0,2023-05,109185
21406,8176,762,51,4,0.5369836069359537,29,28,3,0,1,2023-07,109186
15394,6590,822,10,5,0.2617761922331767,30,11,1,0,0,2023-05,109187
31872,7207,636,16,8,0.8039204352327916,52,18,1,0,1,2023-05,109188
46708,7069,755,37,4,0.26323294191529156,39,12,1,0,0,2023-08,109189
46093,3047,536,56,0,0.8703315978883761,24,19,1,0,0,2023-06,109190
25800,6663,641,10,3,0.730087091335649,66,20,7,0,1,2023-07,109191
48397,9006,646,41,1,0.5332684605314266,43,1,5,0,1,2023-09,109192
42909,7471,507,20,3,0.8931892347763934,51,18,8,0,1,2023-05,109193
26352,3827,750,58,6,0.34890502294106285,50,2,1,0,0,2023-05,109194
41439,9176,634,12,8,0.41165138193186035,61,11,0,0,1,2023-06,109195
33312,9647,558,10,2,0.3096989293273653,63,15,7,0,0,2023-08,109196
45060,7722,622,35,2,0.505254954632028,33,15,9,0,1,2023-06,109197
20438,9015,762,20,3,0.9893865477872701,38,6,2,0,1,2023-09,109198
28385,8122,619,35,6,0.32882190224055574,61,4,2,0,0,2023-06,109199
49999,8987,758,19,5,0.8647811886926389,43,12,7,0,1,2023-06,109200
23482,5089,822,29,4,0.7215040573384577,51,23,4,0,1,2023-06,109201
37471,5056,517,29,3,0.21265130448948766,31,28,7,0,0,2023-07,109202
48877,3818,800,40,7,0.9559121543501601,69,11,1,0,1,2023-09,109203
46212,7752,591,10,3,0.9768730121799878,40,28,9,0,1,2023-07,109204
18026,6984,663,17,2,0.9399205614892348,55,8,8,0,1,2023-06,109205
47089,6680,643,25,6,0.601391726165627,44,2,1,0,1,2023-07,109206
24648,4811,834,51,1,0.37630014598070316,33,16,8,0,0,2023-09,109207
10435,7885,814,10,3,0.5130117419763851,27,2,9,0,0,2023-06,109208
13493,8555,737,41,7,0.6913532371329849,48,21,5,0,1,2023-08,109209
11691,6114,673,26,3,0.5030691047339598,44,4,4,0,0,2023-06,109210
7763,8250,582,53,9,0.7665373206957462,42,28,6,0,1,2023-08,109211
25389,4629,656,44,6,0.8364604382212149,55,26,6,0,1,2023-09,109212
36498,4543,608,8,1,0.36751431891844616,67,2,3,0,0,2023-07,109213
41009,9741,677,34,4,0.5239535266262405,31,25,6,0,1,2023-09,109214
40825,6579,749,59,3,0.966195500820848,69,9,2,0,1,2023-08,109215
21934,8769,752,30,8,0.39984544101011044,31,29,2,0,1,2023-09,109216
10574,4904,554,32,6,0.4771579908755432,37,26,6,0,0,2023-08,109217
43179,4436,654,41,8,0.22852840308157785,55,13,0,0,0,2023-08,109218
6587,8031,590,57,9,0.4658928328828811,67,28,7,0,1,2023-09,109219
47782,6317,838,27,6,0.49674511848328207,69,20,1,0,1,2023-05,109220
43688,6520,625,43,1,0.2798684477014579,38,2,0,0,0,2023-06,109221
16688,6059,836,40,1,0.2011537999879658,67,19,5,0,0,2023-06,109222
9409,7116,668,6,1,0.660324387494968,54,8,3,0,0,2023-05,109223
10783,3998,638,8,4,0.44122128106297503,68,29,6,0,0,2023-09,109224
38480,4431,504,29,0,0.21425906980807366,46,11,2,0,0,2023-05,109225
31751,7552,565,13,6,0.8879554431737435,22,8,1,0,0,2023-06,109226
43174,8563,610,53,1,0.6675277416533127,32,16,3,0,1,2023-06,109227
17041,9123,683,59,3,0.33693468039345636,57,28,3,0,1,2023-08,109228
28227,6061,767,44,8,0.8921972983527813,60,23,3,0,1,2023-08,109229
40201,3264,669,23,7,0.4028687763783843,38,29,2,0,0,2023-08,109230
41069,6731,743,46,9,0.38195658522900483,62,20,6,0,1,2023-08,109231
21654,9327,830,8,1,0.9157072455978152,54,17,4,0,1,2023-07,109232
31370,5274,637,23,3,0.34356630356757895,34,26,3,0,0,2023-09,109233
34482,6875,527,21,3,0.9031886345352595,35,25,4,0,0,2023-05,109234
16586,6317,506,37,1,0.8423786409982408,54,15,6,0,0,2023-06,109235
10322,5046,832,58,1,0.4478220326633867,24,7,3,0,0,2023-09,109236
18932,6144,816,6,4,0.22751766492250847,26,29,9,0,0,2023-06,109237
34299,6221,550,58,3,0.2660584828410536,40,1,4,0,0,2023-08,109238
30179,6140,635,31,7,0.287622614215662,60,14,5,0,0,2023-06,109239
10257,8064,677,57,3,0.9126390681283825,20,16,5,0,1,2023-05,109240
14777,7900,628,53,7,0.5232287824299805,44,21,6,0,1,2023-07,109241
16249,4253,696,17,4,0.22602380582919546,49,3,9,0,0,2023-08,109242
26390,3722,766,43,0,0.6452387696445437,38,18,2,0,0,2023-05,109243
25369,8191,606,26,8,0.36639380048559334,43,19,7,0,1,2023-07,109244
17881,8097,547,46,7,0.38810083408641516,65,6,4,0,0,2023-08,109245
14587,3083,637,58,0,0.3286733879344629,34,28,0,0,0,2023-08,109246
33264,7835,602,18,2,0.8096171699189738,54,23,3,0,1,2023-06,109247
13791,6370,546,17,2,0.2004903150442181,43,26,3,0,0,2023-07,109248
46473,6819,652,18,4,0.5511873311174762,55,9,7,0,1,2023-09,109249
27375,6364,505,23,6,0.26949693312198675,68,13,9,0,0,2023-06,109250
27611,4757,510,24,0,0.6418996808036428,33,26,8,0,0,2023-09,109251
47026,9089,516,24,0,0.47679387692907405,41,12,2,0,0,2023-07,109252
12833,7318,642,56,9,0.22268126462114257,58,15,9,0,1,2023-06,109253
20754,9936,771,11,5,0.5687793849240352,27,27,0,0,1,2023-05,109254
47048,5780,811,53,4,0.656468398291842,67,7,7,0,1,2023-05,109255
17577,6287,565,12,2,0.39812322533017375,35,12,8,0,0,2023-08,109256
36095,5452,838,12,2,0.8124095176568471,65,17,3,0,1,2023-08,109257
26248,8288,830,33,3,0.4968390126354266,36,13,4,0,1,2023-06,109258
40282,3328,755,33,9,0.7994772113152115,24,23,3,0,1,2023-09,109259
41737,3425,626,24,1,0.6632125832070142,60,29,3,0,0,2023-09,109260
36891,8673,630,21,8,0.895402454389508,54,17,2,0,1,2023-06,109261
29124,3769,517,22,3,0.6375398327858173,56,29,9,0,0,2023-06,109262
9566,8315,706,27,9,0.3485017546565648,37,8,3,0,0,2023-05,109263
7196,6975,588,24,2,0.8580729554229491,40,18,8,0,0,2023-08,109264
36115,3607,742,53,9,0.8264282001398324,61,2,6,0,1,2023-08,109265
24859,4852,849,34,6,0.9778846517874613,20,17,5,0,1,2023-06,109266
16345,9669,516,53,8,0.27486553528602964,36,25,8,0,1,2023-08,109267
39077,5672,722,24,1,0.6729849298446795,27,12,1,0,0,2023-09,109268
5864,5124,709,52,5,0.5933351871547858,48,13,3,0,0,2023-08,109269
17055,9142,598,40,4,0.7366976923841322,39,15,8,0,1,2023-08,109270
43157,4300,512,52,0,0.9841438784985839,68,11,7,0,1,2023-06,109271
24747,8015,818,30,6,0.6258176616926046,69,24,0,0,1,2023-05,109272
49484,3465,769,53,0,0.7485909079571433,56,9,8,0,1,2023-09,109273
16978,4964,686,25,9,0.4777707549776342,58,8,9,0,1,2023-08,109274
29599,8567,773,42,8,0.43917639013734605,24,20,1,0,1,2023-08,109275
40771,4945,632,24,3,0.46823725254693366,29,25,0,0,0,2023-05,109276
22615,8279,513,47,7,0.23088631487755312,25,15,1,0,0,2023-08,109277
45727,5539,780,18,0,0.427792516330076,26,24,9,0,0,2023-08,109278
49748,5360,543,52,4,0.3383571150457617,54,17,5,0,1,2023-07,109279
44349,8750,794,17,2,0.5659423838684454,46,26,1,0,1,2023-08,109280
34377,5039,603,54,3,0.5686598111189851,61,14,0,0,0,2023-09,109281
35031,4184,561,20,3,0.812183864981203,40,5,4,0,0,2023-05,109282
47733,9451,552,9,7,0.6018333183136232,43,16,1,0,1,2023-05,109283
16760,6934,808,20,9,0.5704652706585929,48,25,3,0,1,2023-09,109284
38714,6217,617,22,9,0.38530104936039317,46,29,7,0,1,2023-05,109285
30762,8794,820,32,2,0.881984008115742,57,28,9,0,1,2023-09,109286
39332,9834,630,16,0,0.27280072454777526,21,8,5,0,0,2023-05,109287
45100,9232,798,28,4,0.9858367719834289,44,17,7,0,1,2023-08,109288
9944,5782,805,20,1,0.5808599966811985,21,22,4,0,0,2023-09,109289
18877,3777,698,57,5,0.34878959967657897,57,11,1,0,0,2023-08,109290
34990,9894,535,36,3,0.4834624446147864,37,22,0,0,0,2023-08,109291
47907,6379,778,58,8,0.21229614616703102,61,18,7,0,1,2023-05,109292
39076,5418,715,31,6,0.3332181434065895,26,27,0,0,0,2023-06,109293
8258,9594,573,12,1,0.46827185545014177,68,2,9,0,0,2023-09,109294
36629,7077,805,18,6,0.6435322230015899,23,1,8,0,1,2023-09,109295
42579,7262,554,59,9,0.30358467571588355,63,22,3,0,1,2023-05,109296
27958,5439,511,18,7,0.7407706369464926,59,9,5,0,0,2023-09,109297
44465,7831,582,57,2,0.8754211919913439,60,8,5,0,1,2023-07,109298
25317,9634,531,25,2,0.6578716883791247,29,21,2,0,0,2023-07,109299
20775,8020,585,39,1,0.43752115778017936,60,24,0,0,0,2023-05,109300
16039,8269,731,15,0,0.29711386038869714,47,2,5,0,0,2023-06,109301
34097,8587,774,55,2,0.21242805038715842,49,12,9,0,1,2023-07,109302
39207,4989,700,57,9,0.7854418663986296,43,27,4,0,1,2023-08,109303
27553,4066,550,42,6,0.702783494650179,55,6,3,0,0,2023-08,109304
49402,3944,819,57,8,0.5810267248282992,35,28,8,0,1,2023-07,109305
5055,3028,755,56,8,0.2815964417761103,52,2,3,0,0,2023-05,109306
28161,4897,740,32,5,0.36562014501117296,29,24,0,0,0,2023-05,109307
37873,8751,704,39,5,0.8521378429493138,67,12,9,0,1,2023-05,109308
40969,8968,695,41,4,0.5838811744162956,40,18,5,0,1,2023-09,109309
20184,8150,743,21,1,0.9702662876954982,46,5,6,0,1,2023-09,109310
5669,9836,819,26,6,0.9999777178943858,40,13,0,0,1,2023-09,109311
17663,4697,500,21,0,0.8405657010924703,46,28,8,0,0,2023-05,109312
30318,9271,588,22,5,0.40654688792567556,51,23,9,0,1,2023-09,109313
38734,5814,781,20,3,0.38489196974409734,24,23,1,0,0,2023-05,109314
21691,6365,638,18,2,0.4029074563390581,54,4,6,0,0,2023-07,109315
23522,5488,586,38,0,0.9894280630532422,41,8,7,0,0,2023-08,109316
16656,8507,501,59,5,0.4682723824546333,55,23,7,0,1,2023-05,109317
20893,8885,848,10,6,0.7651573949157513,29,10,0,0,1,2023-07,109318
21493,4665,667,32,0,0.9672141678490889,53,21,9,0,0,2023-06,109319
8632,7619,618,57,0,0.8556769174148962,25,14,0,0,0,2023-07,109320
35336,4570,579,6,6,0.6780830473045222,33,20,9,0,0,2023-06,109321
28112,4733,610,49,5,0.33517241973738565,56,2,3,0,0,2023-08,109322
43452,3759,664,35,6,0.33995059574267716,38,2,1,0,0,2023-07,109323
18266,5157,718,28,7,0.5939384684547067,51,4,9,0,1,2023-06,109324
21940,4351,504,20,7,0.9615555966993945,39,24,3,0,0,2023-09,109325
29003,6476,714,41,8,0.9235949566005239,40,11,5,0,1,2023-09,109326
37872,4268,694,24,8,0.3329536443635337,34,22,2,0,0,2023-09,109327
39815,4785,781,35,6,0.4301757958198727,36,9,9,0,1,2023-07,109328
35869,6949,505,21,8,0.6710490524447802,63,18,2,0,1,2023-09,109329
22257,8948,799,23,5,0.5819443938023718,64,29,0,0,1,2023-08,109330
21682,9306,557,31,8,0.2954902475012099,43,23,4,0,1,2023-05,109331
24622,5607,836,22,1,0.49544574959865556,40,17,6,0,0,2023-05,109332
35408,3398,801,16,1,0.9637714941242372,67,2,5,0,0,2023-08,109333
13837,5630,601,57,5,0.9611537797956022,34,27,3,0,1,2023-08,109334
20407,5446,547,50,2,0.6475407048212732,30,25,5,0,0,2023-09,109335
34309,4669,775,34,1,0.7082090437417821,56,29,2,0,1,2023-09,109336
11382,3238,662,59,7,0.3775250246871661,49,24,2,0,0,2023-08,109337
32654,6536,831,14,6,0.793562181136505,37,25,6,0,1,2023-05,109338
23895,8699,695,54,7,0.24199694970790508,47,7,8,0,1,2023-07,109339
38551,6861,823,22,5,0.37654575053114475,32,12,0,0,0,2023-07,109340
26376,6103,631,32,8,0.20470695013200668,62,16,3,0,0,2023-06,109341
5370,4146,565,42,8,0.5085610070010151,29,10,9,0,0,2023-08,109342
5486,4557,582,27,1,0.8802089589616735,66,28,4,0,0,2023-05,109343
28762,6738,764,13,9,0.9860051816879758,58,11,1,0,1,2023-08,109344
31613,5157,728,8,4,0.7342047803044458,31,9,9,0,1,2023-08,109345
8196,8390,772,43,8,0.7958933483411459,69,4,2,0,1,2023-06,109346
47320,6451,718,40,2,0.41019966257195206,57,16,4,0,1,2023-07,109347
34401,3299,724,37,4,0.616266154791052,60,19,7,0,1,2023-05,109348
40029,6698,612,13,7,0.7892623190602919,67,20,2,0,1,2023-05,109349
15813,7053,639,49,1,0.5978206607734233,59,5,2,0,0,2023-05,109350
46916,8861,684,32,5,0.27083711369123675,45,12,5,0,1,2023-05,109351
13572,7859,672,37,3,0.7926913545314473,63,10,7,0,1,2023-09,109352
33225,3248,510,41,5,0.3756515134998016,38,14,0,0,0,2023-07,109353
37275,5568,658,39,2,0.2781581367501247,42,20,6,0,0,2023-05,109354
11843,7129,704,30,5,0.5824463590603056,67,20,6,0,1,2023-09,109355
6105,7323,729,36,6,0.2596872622396905,55,12,2,0,0,2023-07,109356
48209,7680,525,47,9,0.7035549335853231,46,23,2,0,1,2023-05,109357
36639,5860,818,52,2,0.7123786002505963,35,4,8,0,1,2023-08,109358
47487,3723,658,18,4,0.4053615785064074,26,20,9,0,0,2023-07,109359
23051,9727,777,20,7,0.9716275374460748,32,25,0,0,1,2023-07,109360
33708,3569,647,59,1,0.8595612693971921,31,9,0,0,0,2023-08,109361
40459,3219,765,56,6,0.287669566319782,46,14,1,0,0,2023-05,109362
16864,4394,582,55,0,0.7988097018712761,52,5,5,0,0,2023-09,109363
39764,5834,525,18,6,0.48245975008786757,50,9,7,0,0,2023-06,109364
6425,9671,570,57,0,0.8002308173191672,30,27,9,0,1,2023-08,109365
11849,5122,536,57,3,0.8406358338820872,36,2,0,0,0,2023-09,109366
41015,8737,632,38,3,0.3211024448483693,57,12,0,0,0,2023-06,109367
23976,7231,625,36,4,0.729473587870322,21,28,1,0,0,2023-08,109368
39258,7000,614,30,1,0.890183968391447,22,12,6,0,1,2023-09,109369
36113,9217,591,53,5,0.45869889924053875,53,13,3,0,1,2023-09,109370
20401,7349,741,45,5,0.2642626433447715,69,21,0,0,0,2023-08,109371
17884,6089,699,28,7,0.221813983951359,51,11,7,0,0,2023-07,109372
23824,9050,706,43,9,0.28800076831738286,43,23,3,0,1,2023-07,109373
42563,3049,616,8,0,0.2033647370264111,43,8,6,0,0,2023-07,109374
39414,3514,718,57,3,0.46155675391426265,32,28,7,0,1,2023-08,109375
21142,5791,804,21,1,0.4394628703699585,41,21,0,0,0,2023-05,109376
10956,5778,742,7,7,0.28827301414993456,38,12,1,0,0,2023-09,109377
18928,5618,791,28,3,0.7208943024822383,49,9,1,0,0,2023-05,109378
14721,4837,781,39,7,0.993525086271688,58,12,4,0,1,2023-05,109379
16157,7671,800,35,1,0.9207411318756709,40,11,4,0,1,2023-07,109380
40135,4165,816,52,3,0.40228047974164394,67,19,5,0,1,2023-06,109381
11696,7998,671,15,8,0.8159853063772375,42,29,1,0,1,2023-06,109382
32862,5249,575,6,4,0.9494906106280154,35,28,7,0,1,2023-06,109383
10190,9350,708,27,5,0.9250913896364388,61,8,0,0,1,2023-06,109384
9663,3414,813,57,9,0.9076396170490308,26,27,8,0,1,2023-06,109385
44830,5268,604,52,8,0.8291604097420748,39,25,4,0,1,2023-07,109386
9331,9901,525,38,8,0.434393180888838,67,7,9,0,1,2023-07,109387
49648,4104,578,30,6,0.2668504529686338,61,21,7,0,1,2023-09,109388
33549,7858,627,27,1,0.5902554822767643,33,25,7,0,0,2023-06,109389
21246,7658,636,21,6,0.2438329074850695,45,27,1,0,0,2023-06,109390
30761,6356,833,35,8,0.9987789476280231,41,14,8,0,1,2023-07,109391
8262,5416,535,23,1,0.48664774645179076,60,29,5,0,0,2023-05,109392
12036,8611,558,29,6,0.9666719347111155,55,24,2,0,1,2023-05,109393
27322,4934,729,10,6,0.8184967935207326,45,28,0,0,0,2023-09,109394
24131,8465,623,58,2,0.5290327629526399,31,24,8,0,1,2023-07,109395
9677,3203,587,42,5,0.29464913017283173,68,22,2,0,0,2023-05,109396
12972,8672,836,28,7,0.38975447227577287,50,2,0,0,0,2023-07,109397
20329,3068,640,47,9,0.738435660919522,59,20,4,0,1,2023-06,109398
42032,3515,772,32,7,0.8639481627030043,23,12,7,0,1,2023-06,109399
40901,6563,550,17,2,0.9835523934650543,59,1,6,0,1,2023-06,109400
49380,9383,554,15,5,0.30572974721096363,46,28,4,0,1,2023-05,109401
25493,7456,836,39,1,0.32475787630794883,28,26,1,0,0,2023-07,109402
23595,4464,649,38,1,0.2339515813521171,31,21,1,0,0,2023-07,109403
26923,8150,652,21,7,0.408291620401751,48,29,2,0,1,2023-08,109404
14735,9018,718,34,9,0.8568539510490487,47,10,5,0,1,2023-09,109405
39457,4652,718,23,4,0.35860548538472614,35,1,3,0,0,2023-05,109406
47531,3706,841,32,4,0.6382917999160551,27,22,8,0,1,2023-07,109407
12727,4625,757,12,3,0.5571257584048159,66,10,2,0,0,2023-07,109408
12764,9833,544,41,9,0.46066099387210885,68,8,5,0,1,2023-07,109409
32599,7752,768,32,3,0.6946771307635713,32,13,3,0,1,2023-08,109410
5818,6785,810,15,7,0.6018606314641565,33,14,0,0,0,2023-06,109411
42289,4345,659,15,2,0.46781053878766565,34,10,0,0,0,2023-08,109412
38892,3343,777,16,2,0.751080708096004,28,1,7,0,0,2023-06,109413
10660,6786,844,35,7,0.4239745528308319,63,6,2,0,0,2023-05,109414
34521,3535,554,8,2,0.7145466718355848,51,12,1,0,0,2023-09,109415
43409,3354,644,34,1,0.9657966946732408,41,20,0,0,0,2023-07,109416
39470,6542,734,19,4,0.7831615833452132,44,15,7,0,1,2023-06,109417
23385,8023,678,18,2,0.5347196477090624,60,13,8,0,0,2023-09,109418
28296,3982,707,24,5,0.79804745696202,45,15,0,0,0,2023-08,109419
28616,9113,635,30,6,0.8473934534401202,64,25,7,0,1,2023-08,109420
31382,9248,774,15,2,0.46067237359838037,48,28,0,0,0,2023-05,109421
16139,4345,822,20,8,0.7641057725266309,37,16,9,0,1,2023-06,109422
37060,8691,682,33,9,0.5475169568587318,55,24,1,0,1,2023-07,109423
27419,9002,560,45,0,0.8548179854254949,39,12,0,0,0,2023-08,109424
32785,6009,562,54,6,0.43630207614028865,52,20,1,0,0,2023-06,109425
20702,3526,714,43,3,0.9502077360195462,39,11,1,0,0,2023-05,109426
34217,9647,638,12,6,0.6598295498111788,22,12,4,0,1,2023-08,109427
44291,3930,633,19,8,0.4826426511485722,62,27,9,0,1,2023-08,109428
17397,5756,533,35,8,0.5354970149694577,53,2,2,0,0,2023-09,109429
45879,5282,692,45,0,0.47823889065122605,25,29,0,0,0,2023-07,109430
40169,4946,819,17,9,0.31699706868572425,50,29,9,0,1,2023-06,109431
31940,6927,586,33,3,0.2547939175099754,54,22,1,0,0,2023-09,109432
47249,8382,709,55,6,0.4574229561106088,51,3,3,0,1,2023-08,109433
33341,5541,580,19,9,0.566952352862552,61,17,6,0,1,2023-05,109434
15067,4916,821,6,5,0.4894535515488152,28,14,0,0,0,2023-07,109435
18824,6360,838,9,8,0.21113560293384978,65,27,4,0,1,2023-05,109436
18444,4593,689,54,6,0.6632049967619829,67,7,1,0,0,2023-06,109437
38307,5925,847,23,2,0.3158531839127526,46,20,7,0,1,2023-05,109438
15974,6625,732,56,6,0.3688042228492928,43,14,1,0,0,2023-06,109439
43383,8469,668,41,9,0.2965988274249604,69,9,3,0,1,2023-07,109440
34290,4223,750,37,4,0.6163461840228135,41,29,5,0,1,2023-06,109441
21016,4959,667,33,1,0.2761274339312161,49,10,8,0,0,2023-05,109442
37112,3965,730,33,9,0.40508579934713024,55,26,9,0,1,2023-07,109443
33513,8059,649,43,2,0.5613669740959943,45,11,3,0,0,2023-08,109444
7956,7992,651,37,5,0.33416710813749695,69,11,3,0,0,2023-05,109445
13077,8454,537,13,5,0.5569930893614665,21,27,6,0,0,2023-09,109446
41490,6678,796,30,6,0.4741881005739136,61,19,0,0,1,2023-08,109447
49827,7312,774,52,5,0.8884777418956846,63,29,4,0,1,2023-07,109448
42855,3622,604,25,8,0.8359225701026316,26,28,4,0,1,2023-06,109449
48106,7448,847,38,4,0.9942836667724253,46,13,0,0,1,2023-06,109450
39938,7787,561,35,4,0.6231293863723579,35,10,5,0,1,2023-06,109451
41159,9818,515,42,7,0.6603176748460401,68,16,8,0,1,2023-05,109452
44710,7726,849,21,7,0.9573166784925864,65,10,6,0,1,2023-05,109453
23000,5372,649,58,0,0.5196737717500148,48,10,1,0,0,2023-06,109454
18806,5948,641,30,2,0.6445461476065538,40,28,3,0,0,2023-08,109455
17809,6299,615,43,5,0.503268396580379,45,12,7,0,0,2023-06,109456
19855,4168,811,58,5,0.6366885647184743,37,1,0,0,0,2023-09,109457
46876,9451,564,47,0,0.2646131460140316,20,28,5,0,0,2023-06,109458
34388,7749,809,15,1,0.8270352746749852,21,18,2,0,1,2023-08,109459
11458,9428,693,10,9,0.9882239579432353,33,20,2,0,1,2023-07,109460
40524,3391,841,13,6,0.25259232195164316,57,28,0,0,0,2023-07,109461
11853,6809,660,38,0,0.8408317841851796,34,28,7,0,0,2023-06,109462
45477,5407,805,42,9,0.393387840396027,55,11,4,0,1,2023-07,109463
37222,7864,777,6,4,0.35803764262158505,43,7,0,0,0,2023-05,109464
23320,7892,795,36,0,0.7546963186187652,44,14,4,0,1,2023-06,109465
33618,8027,538,12,5,0.23530579884526537,28,8,4,0,0,2023-07,109466
22352,9066,668,52,6,0.5705914778018883,34,4,8,0,1,2023-08,109467
12297,7260,567,28,7,0.20115557273225707,56,3,9,0,0,2023-07,109468
32940,7828,506,29,2,0.6435152229171792,25,10,2,0,0,2023-08,109469
8203,3580,584,19,2,0.5696653341852986,62,9,8,0,0,2023-05,109470
44267,3820,698,28,0,0.932386085344538,64,15,7,0,1,2023-05,109471
42941,4247,631,14,2,0.7762175222275323,31,8,9,0,0,2023-07,109472
22273,3123,575,13,4,0.300804937503153,46,13,1,0,0,2023-07,109473
30368,9067,749,13,5,0.48363196780155787,26,22,8,0,1,2023-08,109474
16650,7439,846,8,2,0.9452638157430495,47,25,4,0,1,2023-06,109475
35984,4874,708,37,3,0.7802673178192718,31,24,7,0,1,2023-05,109476
46941,3523,583,57,4,0.6754200919890312,61,7,7,0,1,2023-08,109477
12382,6123,722,9,4,0.6472572726295214,54,13,3,0,0,2023-09,109478
5801,7224,752,54,8,0.518478773123102,21,6,0,0,0,2023-06,109479
46002,8254,530,43,7,0.6681611701351821,45,10,8,0,1,2023-08,109480
24733,9800,700,7,0,0.8173315318940724,39,19,5,0,0,2023-07,109481
14969,6198,551,14,1,0.302030141085094,44,28,1,0,0,2023-07,109482
40969,5785,571,51,4,0.9758645117184999,40,11,3,0,1,2023-09,109483
21733,5118,520,6,2,0.3914918952711796,20,29,9,0,0,2023-08,109484
37449,9416,515,54,6,0.5581941451499,47,16,4,0,1,2023-08,109485
31143,4210,515,16,5,0.2181724997182256,57,22,5,0,0,2023-05,109486
30705,4026,674,34,1,0.6402767383667883,32,20,4,0,0,2023-05,109487
33363,8404,811,31,7,0.505493477809299,49,21,8,0,1,2023-08,109488
35720,7117,837,32,4,0.39980469781839867,29,23,9,0,1,2023-07,109489
14972,7261,577,43,5,0.9884194030258846,64,29,1,0,1,2023-08,109490
38351,8429,739,34,7,0.5425129141378195,41,14,2,0,1,2023-05,109491
41145,8596,536,38,5,0.5314370908751177,48,23,9,0,1,2023-07,109492
27412,3497,731,33,9,0.570482611584781,24,28,2,0,1,2023-07,109493
29078,7529,712,36,2,0.29292302325292907,27,9,2,0,0,2023-09,109494
27580,5805,692,24,6,0.5144768878519561,30,16,5,0,0,2023-05,109495
19855,9377,559,53,3,0.4691234072844491,45,9,7,0,0,2023-06,109496
41169,7932,688,31,5,0.5720995670100435,38,6,4,0,1,2023-05,109497
24569,4693,766,55,5,0.8852969334730256,38,6,5,0,1,2023-07,109498
30738,7758,625,34,4,0.35422831564728546,49,29,0,0,0,2023-09,109499
11772,3724,702,16,0,0.6861914605756981,55,18,9,0,0,2023-08,109500
29874,3375,821,46,7,0.23010967180154251,61,24,2,0,1,2023-08,109501
24731,9873,531,37,9,0.4534340016800168,28,19,3,0,1,2023-05,109502
15131,7398,811,26,1,0.578126095274154,26,17,6,0,0,2023-07,109503
5788,5452,760,43,3,0.2594233206380452,37,4,4,0,0,2023-09,109504
21184,6859,845,39,2,0.6351743476988008,28,21,0,0,0,2023-09,109505
35897,4686,593,45,5,0.44826049685766406,25,19,2,0,0,2023-09,109506
7889,7803,827,27,0,0.9942480108738503,25,23,1,0,0,2023-07,109507
14569,8012,599,53,8,0.7047756017485372,64,27,5,0,1,2023-05,109508
26657,9164,784,32,4,0.3953401568125739,41,21,4,0,1,2023-09,109509
15141,3256,814,13,4,0.28213859635802846,36,11,2,0,0,2023-09,109510
24656,7494,524,45,3,0.2325758234972316,34,26,1,0,0,2023-09,109511
26618,6600,616,51,3,0.2726186115001693,28,21,0,0,0,2023-08,109512
16934,3050,698,36,0,0.7440476216231469,25,22,1,0,0,2023-06,109513
47537,9590,778,6,8,0.8839938207954721,42,11,4,0,1,2023-05,109514
28286,9970,569,44,8,0.3253864917688623,36,11,4,0,1,2023-08,109515
12612,3594,834,39,3,0.5217075628422037,51,22,8,0,0,2023-05,109516
37069,7913,578,52,9,0.4833882745567133,51,25,5,0,1,2023-09,109517
21205,7731,513,29,9,0.7156144729504581,56,19,2,0,1,2023-07,109518
32331,6873,528,33,3,0.34614230537893564,22,8,9,0,0,2023-05,109519
18934,6436,643,55,6,0.9626554483580092,35,27,2,0,1,2023-05,109520
15095,4072,842,9,3,0.7828451055125252,21,23,2,0,0,2023-06,109521
30958,8748,509,23,0,0.9640575031077161,22,16,7,0,0,2023-08,109522
42008,8237,546,34,8,0.4218953959626932,60,25,8,0,1,2023-08,109523
23706,4476,759,28,1,0.6701725102868445,33,21,2,0,0,2023-06,109524
48516,7870,511,42,4,0.7858143496882686,33,23,0,0,1,2023-08,109525
43066,6020,797,32,3,0.7687649782141872,49,8,7,0,1,2023-05,109526
36472,9066,725,21,7,0.21707687954269084,68,9,9,0,1,2023-05,109527
39629,4664,759,50,5,0.9986313307919081,59,24,1,0,1,2023-07,109528
28004,7492,583,32,6,0.9424479782150281,68,12,6,0,1,2023-08,109529
25431,5730,847,14,1,0.2958016650180886,46,12,6,0,0,2023-09,109530
45088,9854,847,10,3,0.6348534194361364,36,2,8,0,1,2023-07,109531
49135,4395,505,13,3,0.4516451642555329,58,27,7,0,0,2023-05,109532
43015,6897,746,23,1,0.9031152127394293,28,6,8,0,1,2023-09,109533
39502,8216,534,40,9,0.7580157044705234,55,4,0,0,1,2023-07,109534
36385,7624,674,11,3,0.37881372538591446,29,29,2,0,0,2023-07,109535
9663,7780,564,48,8,0.22708891629383265,48,13,3,0,0,2023-09,109536
43677,7045,646,28,7,0.4333934420918193,23,4,2,0,0,2023-07,109537
17818,5660,556,51,0,0.23050981824627048,40,9,7,0,0,2023-06,109538
27686,5233,692,31,7,0.31304857039868983,56,7,6,0,0,2023-07,109539
28977,9839,512,56,8,0.708910433290969,21,6,4,0,1,2023-08,109540
45931,9358,517,44,7,0.7960680544944199,34,18,4,0,1,2023-09,109541
23454,6322,745,29,9,0.5744135200046074,47,15,3,0,1,2023-06,109542
18358,9359,662,15,0,0.6802302965553029,44,16,4,0,0,2023-07,109543
11668,9172,842,20,7,0.3247080290128076,45,1,4,0,0,2023-09,109544
45769,7197,613,43,4,0.4534361364261657,28,10,3,0,0,2023-05,109545
14921,7218,781,25,8,0.7703070778222032,49,4,4,0,1,2023-05,109546
39959,5101,732,34,8,0.49191289286807605,28,25,6,0,1,2023-06,109547
37328,4306,665,11,5,0.4790489788702316,20,4,8,0,0,2023-08,109548
13859,4637,821,53,2,0.35519410962083653,31,18,6,0,0,2023-09,109549
28970,4140,525,14,6,0.675859900852193,64,13,0,0,0,2023-05,109550
13872,3615,625,56,2,0.8476308848153584,32,24,8,0,0,2023-06,109551
24230,7652,812,55,6,0.5755560228845085,33,22,2,0,1,2023-09,109552
31708,7209,780,10,7,0.2924314051768714,29,1,1,0,0,2023-05,109553
23847,9998,785,53,4,0.8706939455275597,36,20,9,0,1,2023-06,109554
32105,4566,782,44,4,0.2571176836812267,36,10,8,0,0,2023-08,109555
9922,9819,638,24,3,0.5773818985609604,50,21,1,0,0,2023-05,109556
9392,3976,600,10,2,0.4088618689257971,65,1,9,0,0,2023-09,109557
18541,7796,510,25,7,0.9490545250560678,68,2,8,0,1,2023-07,109558
24551,4316,715,16,5,0.7900345583588317,45,9,4,0,0,2023-07,109559
24381,5339,529,55,5,0.6531271863743362,54,1,5,0,0,2023-05,109560
40995,7356,593,32,1,0.734204352551485,55,15,6,0,1,2023-08,109561
27948,9707,615,34,3,0.6261818102499924,30,27,6,0,1,2023-09,109562
31728,5096,770,12,4,0.31808075617552795,35,15,3,0,0,2023-08,109563
7024,8125,790,55,9,0.7672789439972307,48,24,3,0,1,2023-06,109564
21713,3378,538,8,4,0.5941391618155931,64,28,4,0,0,2023-08,109565
7486,6465,523,10,2,0.7074474170581873,37,27,8,0,0,2023-07,109566
6155,9005,763,18,9,0.236161331181816,30,25,9,0,1,2023-09,109567
15082,5271,542,21,4,0.3136278340506025,30,2,0,0,0,2023-07,109568
42245,4046,669,59,4,0.6714963807455923,28,12,7,0,1,2023-06,109569
23569,4007,839,17,1,0.5675431224663595,44,18,7,0,0,2023-05,109570
12086,9800,668,44,4,0.3814989351629232,51,23,6,0,1,2023-06,109571
7317,3109,802,32,2,0.39260873642684385,53,10,5,0,0,2023-07,109572
41389,5771,525,59,2,0.7053266500447541,22,13,2,0,0,2023-05,109573
9491,6883,679,50,4,0.24717362154325917,33,9,7,0,0,2023-05,109574
20916,5600,649,38,8,0.5474066753788587,67,26,6,0,1,2023-07,109575
20248,8518,632,20,1,0.6184828037812875,59,25,7,0,0,2023-06,109576
7511,6243,642,26,8,0.4465140821938673,44,3,1,0,0,2023-07,109577
29226,4005,663,49,2,0.856439862793869,35,23,7,0,1,2023-07,109578
30025,7793,600,22,6,0.24541566605507478,55,22,6,0,0,2023-08,109579
47314,9869,562,57,0,0.8926262281975608,28,8,5,0,1,2023-09,109580
12848,3305,592,42,0,0.7786103943102167,23,14,8,0,0,2023-06,109581
19274,8701,706,54,7,0.5570035031465574,64,24,7,0,1,2023-09,109582
35958,8827,810,20,8,0.9395739121700062,21,24,4,0,1,2023-06,109583
40233,3958,571,25,2,0.7617906371957734,44,24,4,0,0,2023-08,109584
21304,3953,559,24,5,0.9448362797272352,69,27,8,0,1,2023-08,109585
16294,8270,528,6,2,0.5780718235324529,41,26,7,0,0,2023-05,109586
31425,5668,518,9,5,0.5623784807963089,24,16,3,0,0,2023-08,109587
8175,6538,572,8,6,0.624594105156943,68,6,8,0,0,2023-09,109588
45617,5677,745,13,4,0.25234136318864214,40,9,5,0,0,2023-09,109589
32775,4630,812,46,2,0.9267954010693089,29,21,4,0,1,2023-08,109590
14425,4791,823,49,7,0.7341736413134807,42,4,9,0,1,2023-08,109591
31013,5603,586,10,4,0.6940685423274948,46,23,6,0,0,2023-05,109592
32928,4971,682,14,0,0.9411708291764509,49,19,8,0,0,2023-05,109593
49990,3066,696,6,8,0.9949097420867095,23,24,0,0,1,2023-06,109594
46212,8275,743,48,2,0.33071471252678153,25,15,8,0,1,2023-07,109595
13210,3834,827,35,1,0.799197587924019,45,24,9,0,0,2023-06,109596
7759,3205,617,12,2,0.663956139590709,29,11,4,0,0,2023-08,109597
21091,5833,581,27,6,0.5687977508722237,68,21,8,0,1,2023-07,109598
5002,7250,746,25,9,0.9820900813177165,24,10,4,0,1,2023-08,109599
45958,4714,733,34,7,0.8802104089240905,58,8,6,0,1,2023-08,109600
35160,4532,652,32,1,0.7573999872747754,56,3,6,0,0,2023-08,109601
25707,8691,771,30,6,0.5061409337521117,59,19,8,0,1,2023-09,109602
20248,9141,534,51,4,0.7328326433237475,20,4,4,0,0,2023-09,109603
10773,6145,712,40,8,0.6253552988475228,53,29,6,0,1,2023-08,109604
17786,6120,710,32,6,0.39949475979415905,67,13,4,0,0,2023-05,109605
20037,9926,638,16,0,0.5603050585165393,27,9,3,0,0,2023-08,109606
6885,8586,688,22,0,0.36976957448136993,40,21,0,0,0,2023-05,109607
44828,9728,799,36,5,0.6003362345641476,50,22,4,0,1,2023-08,109608
21331,3707,751,23,8,0.7761904607560963,66,20,3,0,1,2023-05,109609
45612,9030,649,24,0,0.22931697905530318,42,13,0,0,0,2023-09,109610
27495,3178,840,55,2,0.8123037674549216,30,9,9,0,1,2023-08,109611
18450,8167,718,43,4,0.21599519360667463,35,20,0,0,0,2023-05,109612
14491,8191,581,34,3,0.6138221623674602,46,19,4,0,0,2023-07,109613
14268,3112,689,20,0,0.6587813657201307,26,16,8,0,0,2023-09,109614
32757,3756,733,12,9,0.8089947677022327,68,18,0,0,1,2023-05,109615
46907,3896,675,42,3,0.8088230586726535,43,19,7,0,1,2023-07,109616
11791,9022,731,42,3,0.533964356674325,51,17,8,0,1,2023-05,109617
44939,5868,562,12,9,0.25309800871874777,54,12,9,0,1,2023-08,109618
33314,3158,736,27,3,0.7548001222206537,50,11,3,0,0,2023-05,109619
33583,3785,532,17,2,0.6087888059139346,66,24,7,0,0,2023-06,109620
26550,4803,712,13,6,0.46644676533048124,48,17,0,0,0,2023-07,109621
5093,4839,559,23,0,0.38789902620239236,23,6,3,0,0,2023-05,109622
40755,6168,501,33,1,0.2958065704883806,54,27,9,0,0,2023-09,109623
14967,5298,556,23,0,0.43611399776688425,30,15,1,0,0,2023-07,109624
21218,7078,800,36,3,0.5667917001002345,53,2,9,0,1,2023-06,109625
48220,4542,786,22,4,0.5820873345434019,58,14,3,0,1,2023-08,109626
13627,7208,637,28,9,0.6661911451318289,34,27,1,0,1,2023-09,109627
9947,7354,778,16,4,0.4899748554832405,33,27,2,0,0,2023-09,109628
44419,5154,713,20,1,0.9359182953910372,40,3,0,0,0,2023-07,109629
28178,3574,738,35,2,0.5966956904660945,26,25,9,0,0,2023-06,109630
33876,6038,784,57,3,0.5389800320947644,36,12,2,0,1,2023-09,109631
27908,4381,530,36,9,0.23853437468118646,61,29,6,0,0,2023-05,109632
40912,8902,705,11,5,0.679212065706307,37,25,7,0,1,2023-08,109633
24971,4222,773,17,5,0.6822951488533748,33,6,5,0,0,2023-05,109634
37584,5474,510,28,1,0.6666317040245624,57,23,0,0,0,2023-07,109635
13959,4501,546,44,1,0.9100775340865763,48,5,6,0,0,2023-09,109636
33261,3858,502,45,8,0.8103206660714319,29,7,2,0,0,2023-07,109637
46065,6574,629,41,1,0.8939244956739414,36,6,8,0,1,2023-07,109638
44462,6729,571,40,1,0.24753804552794456,51,21,1,0,0,2023-05,109639
20835,5965,658,8,2,0.4545011458038736,39,19,8,0,0,2023-06,109640
24257,6191,629,47,8,0.45496955495576374,36,14,9,0,1,2023-05,109641
8346,4596,521,33,5,0.7256360462148961,65,18,1,0,0,2023-09,109642
35807,4561,634,20,5,0.5588920389636082,26,21,1,0,0,2023-08,109643
35418,9770,519,18,9,0.8219780826016334,58,14,3,0,1,2023-05,109644
16340,5522,719,24,4,0.5075444533245559,63,8,1,0,0,2023-06,109645
38012,5599,832,45,6,0.377286061849927,49,14,6,0,1,2023-09,109646
40393,5391,629,23,3,0.43276085463542274,57,21,2,0,0,2023-05,109647
41617,5675,531,36,9,0.3459757809206515,59,19,3,0,1,2023-06,109648
14597,5183,589,42,9,0.35831415341032,60,26,0,0,0,2023-07,109649
30557,3276,758,26,2,0.37347113234452123,69,3,9,0,0,2023-05,109650
12737,9108,797,44,6,0.21287576920577964,29,15,3,0,0,2023-06,109651
49768,6882,832,10,9,0.7728704278100365,51,21,3,0,1,2023-09,109652
46101,6604,748,56,0,0.5196818738169084,45,16,3,0,1,2023-07,109653
22276,5078,672,22,5,0.21813706550546313,67,25,8,0,0,2023-08,109654
12310,7342,546,24,1,0.49600603557267225,36,15,2,0,0,2023-08,109655
40167,7506,696,9,1,0.9242945016923296,20,14,6,0,1,2023-06,109656
42408,7077,533,59,7,0.6089954535739559,58,15,3,0,1,2023-09,109657
24344,9170,753,31,2,0.9894016090770805,45,24,0,0,1,2023-05,109658
15391,7168,747,29,8,0.6319675455024449,49,7,9,0,1,2023-09,109659
15892,4120,541,44,3,0.9702391992408512,28,5,2,0,0,2023-06,109660
16197,7768,788,59,5,0.36144058304353016,63,9,8,0,1,2023-09,109661
18050,8465,622,43,0,0.4319478501754941,52,16,9,0,0,2023-08,109662
41142,5523,526,51,9,0.7599760881438091,45,28,5,0,1,2023-05,109663
46615,8419,558,59,9,0.9894572935995574,61,2,7,0,1,2023-05,109664
48728,6370,646,24,2,0.8602379288155009,29,22,8,0,1,2023-05,109665
18535,7382,614,35,3,0.6429642213406008,61,23,7,0,1,2023-06,109666
46002,4908,698,31,4,0.2681220914871323,51,7,4,0,0,2023-08,109667
48271,6520,627,57,0,0.49150328799983517,58,12,5,0,1,2023-07,109668
10122,7307,652,16,3,0.26914056047727253,66,27,9,0,0,2023-08,109669
14852,7496,770,59,4,0.4490250894932036,61,29,1,0,1,2023-05,109670
10387,7750,838,44,3,0.40703368053225963,67,16,8,0,1,2023-05,109671
36759,6105,582,8,9,0.5108442373093747,67,4,5,0,1,2023-08,109672
45399,3497,522,57,9,0.8698212719919352,52,2,7,0,1,2023-09,109673
44994,9991,510,27,6,0.3203013370483041,46,17,6,0,1,2023-06,109674
42876,6587,686,22,7,0.4448511590828861,62,17,9,0,1,2023-05,109675
39878,8447,615,16,7,0.40889379545728605,48,3,1,0,0,2023-06,109676
38725,7193,661,52,2,0.4369133177095263,38,16,1,0,0,2023-07,109677
12146,5413,602,44,4,0.4884987798456738,37,23,4,0,0,2023-08,109678
5560,6800,742,52,9,0.3954493999469108,54,27,2,0,1,2023-07,109679
6312,3462,506,32,7,0.9540650177784986,66,5,0,0,0,2023-09,109680
23205,9171,671,54,6,0.5360813711301238,47,7,9,0,1,2023-07,109681
16595,5760,755,48,8,0.29129061215781454,57,28,2,0,1,2023-05,109682
27030,6457,746,34,9,0.5741268880218567,29,13,6,0,1,2023-06,109683
26329,3272,691,17,6,0.347545521489087,22,9,9,0,0,2023-07,109684
43142,9969,613,18,1,0.372904514001056,61,8,8,0,1,2023-08,109685
7651,4150,522,16,3,0.4280331341158662,48,1,3,0,0,2023-09,109686
15006,9345,813,36,7,0.29980788482075743,35,4,7,0,1,2023-05,109687
47701,9593,775,16,8,0.7768951460640001,55,21,5,0,1,2023-05,109688
40645,8207,635,46,6,0.8335571797849992,20,7,3,0,1,2023-09,109689
26966,6389,694,48,4,0.5154279375324801,37,11,2,0,0,2023-06,109690
32846,3018,757,41,0,0.7511940315468362,23,8,4,0,0,2023-09,109691
26774,4616,777,7,8,0.5111634321365566,24,8,2,0,0,2023-07,109692
9083,6178,569,28,5,0.3312618589090912,40,20,7,0,0,2023-07,109693
38513,8577,535,41,1,0.5177344490650226,23,11,5,0,0,2023-05,109694
13749,7081,607,19,9,0.6455899163853116,39,7,5,0,0,2023-08,109695
35783,9454,523,42,9,0.23279545126151113,38,28,6,0,1,2023-09,109696
22325,3411,639,54,1,0.7235875125458961,54,11,6,0,0,2023-07,109697
23680,3741,521,32,9,0.7940863752038285,64,18,7,0,1,2023-07,109698
22323,5671,838,17,0,0.887976206166849,43,25,4,0,0,2023-08,109699
27684,5779,828,34,3,0.2822164481994456,39,22,4,0,0,2023-07,109700
39493,9778,703,11,9,0.2000748750866179,69,4,5,0,1,2023-08,109701
17213,9641,723,49,1,0.2586130952177299,47,6,3,0,0,2023-05,109702
36831,9387,722,52,9,0.9392934430288866,57,7,1,0,1,2023-09,109703
47296,9833,580,28,8,0.8124445768330089,43,10,1,0,1,2023-06,109704
32713,5624,829,56,1,0.8683485174089336,39,8,1,0,1,2023-05,109705
46621,8499,690,15,8,0.6136110377327779,43,4,1,0,1,2023-05,109706
12187,3514,785,39,0,0.6213758996511003,25,9,4,0,0,2023-09,109707
37800,3206,646,49,6,0.43880447187134763,57,6,1,0,0,2023-05,109708
37583,3947,781,17,5,0.8742024415745311,44,17,6,0,1,2023-09,109709
19408,5441,510,37,5,0.8638156664670276,51,19,3,0,0,2023-07,109710
27369,4828,775,31,1,0.5137370765777292,36,14,9,0,0,2023-08,109711
8414,6598,555,12,0,0.46341365637717913,36,1,4,0,0,2023-08,109712
24510,9861,672,37,9,0.79069861700242,24,6,1,0,1,2023-06,109713
17120,9094,802,38,7,0.220934510670347,36,22,0,0,0,2023-09,109714
39311,9345,703,23,7,0.8879591188147102,28,7,8,0,1,2023-09,109715
38039,5167,844,40,1,0.5569983914513383,39,1,5,0,0,2023-06,109716
10295,8768,747,25,3,0.5530753972342888,21,17,4,0,0,2023-09,109717
25460,8926,813,36,3,0.7352622779099158,38,21,4,0,1,2023-08,109718
19963,9532,765,10,1,0.7165994882484252,28,21,1,0,0,2023-07,109719
16580,8656,521,37,8,0.4127792528450934,59,17,7,0,1,2023-06,109720
27286,8943,826,57,3,0.9546228836112773,38,7,3,0,1,2023-07,109721
32328,9377,523,52,3,0.9890639834661246,64,14,3,0,1,2023-06,109722
24093,4656,693,47,3,0.620791211436948,23,7,7,0,0,2023-07,109723
26605,3601,595,24,4,0.6491046385362776,25,22,3,0,0,2023-09,109724
49813,8439,762,6,9,0.6434543707388989,55,13,0,0,1,2023-06,109725
47705,3711,571,12,7,0.5886299265426087,30,23,3,0,0,2023-08,109726
11722,8077,742,27,3,0.9561496429422605,40,28,9,0,1,2023-06,109727
45969,4203,537,55,2,0.3958019591819298,61,22,0,0,0,2023-07,109728
41912,4391,588,39,0,0.28636654100431125,67,26,5,0,0,2023-05,109729
43374,9219,527,56,1,0.9436378274598651,44,18,1,0,1,2023-08,109730
11766,5696,591,15,3,0.37043065136892217,49,21,8,0,0,2023-08,109731
20928,9793,553,52,8,0.7993242828336689,37,7,9,0,1,2023-06,109732
26274,9639,658,47,0,0.3630986473856921,44,2,3,0,0,2023-07,109733
39416,6272,727,31,5,0.9681488124978872,40,21,7,0,1,2023-09,109734
25612,7925,540,37,5,0.8328974162698477,42,19,1,0,1,2023-05,109735
39898,9626,536,47,9,0.9349745376918872,49,14,4,0,1,2023-09,109736
34047,6131,624,32,2,0.9607878560893273,63,25,7,0,1,2023-07,109737
48356,6730,678,17,9,0.26753950741519983,65,26,0,0,1,2023-09,109738
42134,5666,831,45,8,0.546711084659958,37,1,5,0,1,2023-09,109739
6506,3549,536,28,9,0.7184802696226475,52,16,1,0,0,2023-05,109740
20222,7741,600,19,2,0.8419648833009847,64,7,4,0,0,2023-08,109741
17363,6982,530,39,0,0.393177395531522,54,26,0,0,0,2023-08,109742
24613,4244,689,22,1,0.9316838875114308,65,16,3,0,0,2023-05,109743
49563,6886,645,11,3,0.3767810632785077,41,20,2,0,0,2023-09,109744
35628,7012,589,32,3,0.8929411212325493,69,12,9,0,1,2023-08,109745
47626,5549,505,13,1,0.6101700637313521,43,5,4,0,0,2023-05,109746
9136,6204,638,38,9,0.6123377374961518,42,17,7,0,1,2023-05,109747
16161,3845,594,40,5,0.49920449238559295,20,21,8,0,0,2023-07,109748
40457,9196,618,52,5,0.2828041851349524,34,27,4,0,1,2023-05,109749
28574,7545,619,22,2,0.47767205049563055,67,24,8,0,1,2023-05,109750
31902,9205,622,31,0,0.5413893719859784,47,13,9,0,1,2023-09,109751
7810,3043,784,12,9,0.5832168452423765,61,14,3,0,0,2023-08,109752
16663,9963,678,51,8,0.7912762323281068,39,22,4,0,1,2023-08,109753
11152,8677,824,29,3,0.48165608837204693,55,29,8,0,1,2023-06,109754
5012,3658,506,30,8,0.5252742882511892,62,16,8,0,0,2023-06,109755
16162,7823,811,40,4,0.9248788818576956,35,13,1,0,1,2023-07,109756
27322,9995,626,31,6,0.8020538357068765,24,18,4,0,1,2023-08,109757
12999,9190,576,55,2,0.21828461560303325,62,18,7,0,0,2023-05,109758
12219,6930,733,59,2,0.84967100617843,69,27,0,0,1,2023-05,109759
10328,5867,817,10,7,0.9919551394802875,34,9,3,0,1,2023-09,109760
8621,8143,573,57,0,0.9518141930942576,21,28,7,0,0,2023-09,109761
29256,8776,770,59,7,0.8687647195968717,43,1,9,0,1,2023-08,109762
49433,9232,808,52,7,0.7033389978698137,32,28,1,0,1,2023-07,109763
16314,8293,619,43,2,0.42255369773220885,42,2,0,0,0,2023-05,109764
5652,6647,534,40,0,0.723544489104077,31,8,5,0,0,2023-05,109765
21182,8238,706,35,8,0.7564739767006916,65,13,5,0,1,2023-09,109766
46580,5782,769,55,3,0.42524652882453645,52,6,0,0,1,2023-06,109767
41558,4691,592,30,6,0.40426369952675173,63,19,2,0,0,2023-08,109768
20659,5225,676,29,8,0.5175390872738164,64,19,9,0,1,2023-07,109769
39413,6066,773,35,2,0.7129175752268282,44,27,7,0,1,2023-08,109770
15435,8951,678,25,4,0.4344498154258991,54,25,8,0,1,2023-05,109771
33067,4947,628,59,9,0.6445332177428269,54,2,7,0,1,2023-07,109772
27258,4365,624,8,2,0.9193899214833463,20,10,0,0,0,2023-06,109773
33287,6130,526,37,4,0.43608025990339966,62,5,3,0,0,2023-06,109774
8688,7533,563,13,1,0.9727789889020093,23,23,8,0,0,2023-07,109775
12689,8547,559,56,3,0.5786783829385725,50,22,0,0,0,2023-07,109776
6379,7521,718,55,1,0.28072667011671515,47,1,3,0,0,2023-07,109777
42011,3967,716,52,2,0.24403151498365894,30,13,9,0,0,2023-07,109778
48005,4404,668,28,4,0.47093961143945207,51,12,6,0,1,2023-05,109779
32624,3485,648,51,8,0.40700716538389836,21,10,6,0,0,2023-06,109780
30964,4755,769,21,2,0.8749706617626019,63,3,6,0,1,2023-06,109781
27891,6630,615,40,9,0.7901107371335652,32,15,9,0,1,2023-08,109782
43379,9603,744,30,5,0.9076370294960467,36,5,3,0,1,2023-05,109783
17516,5968,647,20,3,0.6714027985694957,23,28,7,0,0,2023-06,109784
18886,4579,591,56,3,0.5483657980724006,50,19,2,0,0,2023-09,109785
25307,5795,584,13,9,0.41645434246858964,57,19,8,0,1,2023-06,109786
29843,8992,586,39,9,0.6664870675385998,22,21,5,0,1,2023-05,109787
10912,3050,619,30,4,0.6944198225889224,62,29,6,0,0,2023-08,109788
26514,9452,839,54,6,0.5143580509934933,31,13,8,0,1,2023-05,109789
26823,8153,523,49,3,0.949276337461912,63,8,3,0,1,2023-07,109790
33797,4659,588,24,7,0.7119636706796126,37,26,4,0,1,2023-09,109791
11449,8708,536,48,8,0.8699849604812264,49,8,0,0,1,2023-09,109792
6725,9023,841,55,8,0.6963125978951649,65,24,9,0,1,2023-06,109793
20870,9778,770,18,8,0.45322942826536394,30,6,7,0,1,2023-06,109794
14304,7300,511,51,1,0.7892953263029601,43,9,1,0,0,2023-07,109795
12522,5787,594,17,2,0.3842036247069319,40,14,4,0,0,2023-06,109796
18663,8189,530,20,4,0.6772874919988867,68,5,4,0,0,2023-05,109797
9784,7628,849,28,0,0.5218930744155215,67,16,9,0,0,2023-07,109798
14472,5155,732,58,3,0.31990789504349615,54,14,3,0,0,2023-05,109799
33952,8360,839,45,4,0.5305924604223142,23,10,3,0,1,2023-09,109800
15055,7346,827,7,8,0.4482246635632716,45,23,1,0,0,2023-06,109801
34508,7230,799,45,7,0.28977766536673716,27,17,2,0,1,2023-06,109802
17676,6161,785,28,0,0.8590625829278868,43,16,9,0,1,2023-08,109803
30192,4614,534,10,2,0.5988660451476663,62,20,1,0,0,2023-06,109804
29722,5736,520,39,2,0.47708501781713636,64,17,0,0,0,2023-08,109805
12446,3406,610,15,5,0.6039713997623607,31,16,3,0,0,2023-05,109806
9725,6379,818,32,3,0.8036664940067653,24,10,8,0,0,2023-07,109807
25061,7197,847,47,3,0.21463631457539967,35,18,5,0,0,2023-08,109808
27671,4384,644,9,0,0.6374014084588968,51,6,7,0,0,2023-07,109809
6409,6695,511,9,9,0.5833206266271743,48,17,1,0,0,2023-05,109810
13205,9836,743,13,3,0.914456153212059,52,9,1,0,1,2023-08,109811
21365,8647,645,11,0,0.644777327030251,60,22,1,0,0,2023-07,109812
5256,8727,738,30,4,0.3098582740312539,33,8,7,0,0,2023-06,109813
20704,8412,591,32,2,0.5109465722281122,44,26,0,0,0,2023-09,109814
34902,7499,815,52,9,0.6968554976420684,27,26,4,0,1,2023-09,109815
40758,7909,822,55,4,0.2367470456446279,46,8,3,0,1,2023-05,109816
6195,5902,614,58,2,0.9077192779180907,54,12,0,0,0,2023-07,109817
39012,4629,514,59,4,0.25422587257036344,41,18,9,0,0,2023-06,109818
16415,6262,771,45,3,0.22447290227709882,26,2,6,0,0,2023-05,109819
44534,4026,521,25,8,0.2016124592801762,55,3,0,0,0,2023-05,109820
26686,5989,617,32,5,0.746995593306284,66,27,5,0,1,2023-07,109821
16662,8116,594,12,9,0.5647360697781345,31,24,0,0,0,2023-06,109822
33743,5224,756,28,1,0.2822541553832807,28,11,8,0,0,2023-08,109823
37161,8376,830,25,0,0.8849668181244488,69,24,2,0,1,2023-07,109824
48081,5920,761,54,0,0.3621762192739252,64,21,1,0,1,2023-08,109825
7402,9620,586,56,0,0.4610593271768553,54,13,6,0,0,2023-09,109826
18275,9541,817,39,8,0.34217717907862166,58,18,0,0,1,2023-08,109827
33182,8615,557,34,4,0.9414050381780856,38,11,6,0,1,2023-07,109828
19915,7315,729,49,3,0.8064534265376286,47,14,8,0,1,2023-09,109829
5909,9100,607,56,9,0.7791627173154181,48,20,3,0,1,2023-06,109830
5372,7268,518,10,4,0.23519682405823455,27,4,9,0,0,2023-07,109831
27620,5783,640,32,8,0.6181613633914924,62,23,1,0,1,2023-07,109832
39112,4413,659,17,2,0.6603619493957924,46,4,3,0,0,2023-07,109833
13515,7597,599,22,2,0.5060166720661461,24,10,8,0,0,2023-05,109834
7431,6648,764,42,1,0.457405000238118,67,22,7,0,0,2023-06,109835
26054,8908,737,39,7,0.8815542881750293,48,27,4,0,1,2023-06,109836
37624,5808,737,35,6,0.21841327308362565,54,2,7,0,1,2023-09,109837
15585,6331,548,41,1,0.7002838786216536,52,18,6,0,0,2023-08,109838
36958,5178,664,11,3,0.5153975311662133,51,28,3,0,0,2023-06,109839
6695,3797,786,37,6,0.7327605449146324,40,11,2,0,0,2023-07,109840
39675,5846,558,37,0,0.3583340366360294,29,5,0,0,0,2023-09,109841
38787,3929,682,14,0,0.3909274837029503,61,17,2,0,0,2023-09,109842
49225,7818,646,27,7,0.6694830453414409,35,2,7,0,1,2023-05,109843
6403,6091,800,15,5,0.983950837028641,30,3,8,0,1,2023-08,109844
22810,5262,595,34,1,0.9797468663890538,38,25,8,0,0,2023-09,109845
13855,4333,542,16,9,0.39918478704854865,32,25,4,0,0,2023-07,109846
43636,4274,756,33,9,0.2818808242605685,34,7,3,0,1,2023-09,109847
15839,7583,712,7,0,0.6722745903439975,61,29,5,0,0,2023-09,109848
5010,6480,688,26,2,0.5359860864589027,55,21,6,0,0,2023-08,109849
44098,6342,630,36,3,0.8093493703765973,51,2,5,0,1,2023-09,109850
14230,9053,846,46,4,0.6223869802227993,38,2,4,0,1,2023-06,109851
45232,4217,799,57,9,0.6084694447965129,34,8,1,0,1,2023-09,109852
40771,4464,788,22,2,0.7171678945766553,57,16,2,0,1,2023-07,109853
34256,7408,636,32,4,0.3011347558791873,41,3,8,0,0,2023-07,109854
30651,7174,529,35,6,0.7417293837332541,68,23,6,0,1,2023-09,109855
37383,9323,645,46,8,0.5908157605243629,32,29,9,0,1,2023-09,109856
44963,7770,811,13,4,0.856117652507554,39,22,1,0,1,2023-08,109857
18662,8833,604,42,3,0.31096546696385474,68,29,0,0,0,2023-05,109858
18739,3013,786,10,9,0.4405976392931232,34,6,0,0,0,2023-07,109859
6789,5293,690,31,8,0.9601970992124194,26,19,0,0,0,2023-09,109860
24420,5045,677,11,7,0.642458303432017,41,22,5,0,0,2023-07,109861
28761,4037,844,21,4,0.943440799803192,62,13,4,0,1,2023-09,109862
45366,9242,738,6,8,0.7512280824895032,69,4,6,0,1,2023-09,109863
42606,7128,500,14,8,0.9411450919481006,39,17,4,0,1,2023-07,109864
43640,4459,609,26,0,0.45426102748838404,38,28,8,0,0,2023-07,109865
49135,3256,837,12,5,0.2724270066953258,46,24,0,0,0,2023-05,109866
42067,7129,774,48,4,0.8417934119184791,27,9,8,0,1,2023-08,109867
22357,9162,733,20,5,0.8435750019698693,37,3,3,0,1,2023-06,109868
44851,7073,563,29,9,0.6950614357138516,29,27,9,0,1,2023-08,109869
43262,4283,743,10,2,0.6636561625294657,69,1,6,0,0,2023-08,109870
16317,9732,552,56,2,0.9319265365410274,68,1,1,0,0,2023-07,109871
26534,8945,761,43,9,0.3411987736172247,60,17,2,0,1,2023-05,109872
30734,6487,516,34,4,0.6932303770966137,54,25,3,0,0,2023-09,109873
40897,5184,801,51,6,0.23981648865776856,34,26,4,0,1,2023-07,109874
37872,3358,733,57,3,0.31269194940610334,42,13,1,0,0,2023-06,109875
45201,6791,572,51,5,0.5498178787546397,31,5,6,0,1,2023-08,109876
12689,7849,590,16,4,0.8569658955107327,68,19,5,0,0,2023-08,109877
8567,8698,505,9,1,0.7865061526000474,46,26,8,0,0,2023-05,109878
25732,6187,697,15,0,0.9792515128367956,25,25,6,0,0,2023-08,109879
25774,7499,695,39,5,0.23587891877591938,43,10,9,0,1,2023-06,109880
28195,4225,795,9,4,0.505081775060988,41,9,9,0,0,2023-09,109881
42412,8495,846,57,8,0.32703264126012876,28,6,1,0,1,2023-09,109882
49098,5297,821,15,6,0.22956902723960138,29,21,2,0,1,2023-05,109883
27257,9589,636,38,0,0.41151804503557987,22,17,2,0,0,2023-09,109884
9394,3277,766,51,9,0.3955774753497731,25,22,7,0,0,2023-09,109885
41302,7207,615,23,5,0.5360221747697534,45,21,7,0,1,2023-06,109886
27228,4986,542,17,6,0.3120649663204746,64,25,2,0,0,2023-05,109887
17388,6544,730,56,2,0.5908540633808941,33,7,7,0,0,2023-08,109888
16319,5793,557,28,8,0.9360786618513937,55,16,4,0,1,2023-06,109889
11475,9831,705,49,1,0.798551145278652,61,19,3,0,1,2023-05,109890
36555,3391,793,30,0,0.8737418635946135,38,5,3,0,0,2023-05,109891
23158,3968,593,42,9,0.8437828746572267,67,22,3,0,1,2023-05,109892
19728,5190,535,9,9,0.5117010691525072,58,27,0,0,0,2023-06,109893
49774,8151,729,18,8,0.7671688290382681,42,18,6,0,1,2023-08,109894
34545,5228,726,23,6,0.8034049915383981,24,7,9,0,1,2023-08,109895
36100,5626,682,34,9,0.3645184845593885,63,25,9,0,1,2023-07,109896
21150,5845,761,49,0,0.8882098932958187,34,26,3,0,0,2023-07,109897
38214,7364,630,35,3,0.5661979188178108,49,25,1,0,1,2023-09,109898
37876,6307,564,53,9,0.21308779160750754,52,5,0,0,0,2023-09,109899
8239,5600,685,43,2,0.7147072868910804,57,8,2,0,0,2023-09,109900
43699,5680,616,33,6,0.7414104735343721,38,9,0,0,1,2023-06,109901
41821,9125,685,12,4,0.6414098373414667,24,22,4,0,1,2023-06,109902
35615,7370,773,29,8,0.36993224067772523,28,28,5,0,1,2023-09,109903
18746,7838,650,46,2,0.5858224218848522,26,20,5,0,0,2023-09,109904
25921,3085,650,15,5,0.5201019601964056,43,4,5,0,0,2023-08,109905
27745,6134,535,42,9,0.9797488590751406,60,3,6,0,1,2023-08,109906
6245,7499,825,32,1,0.8597427478047506,35,12,0,0,0,2023-07,109907
29853,5239,594,26,2,0.8095196840697718,56,9,3,0,0,2023-06,109908
32632,6364,633,41,3,0.3448589624001305,29,10,9,0,0,2023-06,109909
17856,5045,661,48,5,0.46483201393697327,40,11,9,0,0,2023-05,109910
10105,4054,543,56,0,0.5037694684553762,40,16,8,0,0,2023-08,109911
40690,6401,799,34,5,0.5941020258403836,66,29,9,0,1,2023-08,109912
7513,6729,782,12,3,0.22417960965237713,34,11,1,0,0,2023-06,109913
7801,9250,739,18,7,0.6744073824597212,32,22,7,0,1,2023-05,109914
37345,8990,551,50,8,0.48628523517768507,69,8,6,0,1,2023-09,109915
18895,5669,780,58,7,0.649341716340732,26,14,6,0,1,2023-07,109916
44749,3275,573,28,7,0.20718270740536557,59,2,2,0,0,2023-09,109917
13221,7746,794,55,1,0.45714651119801897,27,4,1,0,0,2023-08,109918
11038,8717,737,30,9,0.8149328448103912,62,15,1,0,1,2023-05,109919
37031,7090,666,46,1,0.600865242021632,60,18,2,0,1,2023-06,109920
20082,9699,639,50,5,0.8311098626765105,57,11,2,0,1,2023-08,109921
19648,4105,638,18,4,0.7591683140139094,21,27,9,0,0,2023-08,109922
5364,9009,734,42,5,0.8839364601207818,56,19,1,0,1,2023-06,109923
39568,9710,502,35,8,0.2059548708417389,41,18,6,0,1,2023-05,109924
19110,7681,755,31,9,0.40906039347551515,23,9,1,0,0,2023-06,109925
10958,5932,777,17,6,0.6390413812808653,66,25,5,0,1,2023-08,109926
14096,3128,503,6,4,0.952814461321746,26,22,4,0,0,2023-06,109927
12436,7351,769,23,9,0.7438321441060314,20,28,6,0,1,2023-08,109928
26177,7326,711,26,6,0.5652710290254788,38,23,6,0,1,2023-09,109929
31754,6568,715,58,7,0.3041130644061465,49,5,7,0,1,2023-06,109930
29544,8256,769,59,0,0.5945722838059618,69,10,3,0,1,2023-05,109931
17638,5402,515,29,9,0.5528695779648529,21,17,9,0,0,2023-05,109932
5179,4647,563,22,6,0.8227546197509616,32,20,4,0,0,2023-06,109933
8873,6556,738,47,3,0.5306789123972384,47,13,9,0,0,2023-05,109934
22570,6891,515,14,4,0.45507045986666644,33,4,3,0,0,2023-06,109935
22157,5193,551,57,1,0.2717757459750567,22,28,6,0,0,2023-07,109936
9460,5047,518,45,9,0.23720085114029343,35,14,2,0,0,2023-05,109937
5352,6104,824,33,4,0.5513075420179017,44,8,9,0,0,2023-05,109938
26586,7355,592,20,8,0.47748958360174776,65,21,1,0,1,2023-09,109939
10344,5134,760,18,0,0.6442593356102873,66,15,3,0,0,2023-07,109940
9507,3842,797,33,2,0.7695427496920544,22,3,4,0,0,2023-09,109941
42598,4971,516,58,3,0.2320054508590424,53,17,0,0,0,2023-05,109942
48988,7360,610,22,8,0.5969736877622523,22,15,2,0,1,2023-05,109943
37885,6903,827,14,1,0.8895775153455838,60,1,7,0,1,2023-08,109944
21865,6613,593,26,6,0.5641332689122627,48,5,4,0,0,2023-07,109945
42055,3391,509,35,8,0.6169937687606195,59,8,0,0,0,2023-09,109946
32213,5279,711,16,9,0.5894334725733408,38,9,3,0,1,2023-08,109947
9477,3900,736,35,3,0.5118343347867282,39,26,7,0,0,2023-07,109948
11533,7683,753,41,4,0.28809561913869797,40,26,7,0,0,2023-07,109949
28396,5494,515,30,9,0.30108497254602135,39,2,1,0,0,2023-09,109950
17755,4152,643,12,3,0.34327139339015467,47,5,8,0,0,2023-09,109951
5865,4294,541,25,6,0.834051712718124,66,4,9,0,0,2023-06,109952
16173,3465,502,59,7,0.4202658404493706,46,12,0,0,0,2023-08,109953
43097,8289,655,40,7,0.9584990254203285,63,19,9,0,1,2023-08,109954
38371,5175,672,15,2,0.8481361332293031,65,27,7,0,1,2023-09,109955
43524,6245,523,40,1,0.747632534558945,69,24,7,0,1,2023-09,109956
16254,9068,774,6,5,0.7763149035165922,44,2,5,0,1,2023-06,109957
9018,8145,574,19,0,0.23810576694268093,21,16,0,0,0,2023-09,109958
10192,9716,539,50,8,0.6547114935892362,62,2,8,0,1,2023-09,109959
7015,9654,801,10,6,0.9528455279373838,43,21,9,0,1,2023-05,109960
47618,3487,539,45,7,0.23128814671400716,52,10,2,0,0,2023-07,109961
8380,5938,561,49,6,0.4328132148108321,38,26,0,0,0,2023-07,109962
33343,5626,737,43,4,0.2412091937071483,45,10,6,0,0,2023-07,109963
8770,3949,744,39,4,0.6557932622929324,65,17,9,0,0,2023-08,109964
10829,7501,517,29,6,0.29296050173642324,60,12,4,0,0,2023-05,109965
39381,4049,639,9,6,0.5834001249795193,22,7,1,0,0,2023-09,109966
20545,8202,581,32,1,0.7759595494300358,46,9,0,0,0,2023-05,109967
23263,7075,688,10,1,0.3315508279483741,33,14,5,0,0,2023-07,109968
43140,7459,607,48,6,0.8042915496626166,39,18,0,0,1,2023-06,109969
48306,4390,733,18,4,0.24816356955991897,54,10,5,0,0,2023-08,109970
30675,4083,767,45,1,0.3196995842055974,42,16,0,0,0,2023-07,109971
30362,7646,603,26,0,0.4240882905457788,44,1,6,0,0,2023-09,109972
5148,4658,633,42,8,0.8368792539296699,23,9,6,0,0,2023-09,109973
6754,7387,843,37,7,0.8801095112987207,21,13,9,0,1,2023-06,109974
31745,9932,532,43,1,0.3763038514929897,21,29,3,0,0,2023-07,109975
12378,9056,736,36,1,0.2766270604203969,44,16,6,0,0,2023-06,109976
25140,9959,835,37,2,0.8783630258778012,66,16,7,0,1,2023-08,109977
14371,4817,677,20,3,0.7194939500176856,42,2,7,0,0,2023-07,109978
31999,3190,511,53,8,0.3262843491189451,40,9,2,0,0,2023-05,109979
17779,3460,728,35,5,0.646173428120602,64,13,7,0,0,2023-08,109980
36075,9807,808,48,2,0.897897146308428,44,8,2,0,1,2023-05,109981
35697,9015,768,12,7,0.2556119536414104,46,23,4,0,1,2023-06,109982
14795,9376,630,43,5,0.2669769869186242,30,11,0,0,0,2023-09,109983
43460,5521,748,36,7,0.4188862085300545,33,17,6,0,1,2023-05,109984
9218,6476,557,49,9,0.7218098604789254,36,20,9,0,1,2023-07,109985
42571,5705,503,31,1,0.34240680757647884,34,11,7,0,0,2023-08,109986
16672,7366,735,41,7,0.8530937634537314,65,11,3,0,1,2023-09,109987
36042,4157,672,51,4,0.8003441414359682,50,16,6,0,1,2023-07,109988
40950,7266,821,48,9,0.6488038829023843,53,7,6,0,1,2023-05,109989
16009,8534,535,31,3,0.2928541634962746,55,22,5,0,0,2023-09,109990
24544,3027,778,49,2,0.9905758626497583,59,1,4,0,0,2023-08,109991
34381,7231,736,7,8,0.5920269036502599,63,23,9,0,1,2023-06,109992
30287,5972,774,48,9,0.5616585182938236,32,15,3,0,1,2023-06,109993
7586,9548,795,50,6,0.9964552637338526,37,18,4,0,1,2023-05,109994
7648,6024,827,48,6,0.891094610777069,36,28,6,0,1,2023-05,109995
45081,7983,557,14,5,0.5650941872251851,64,29,7,0,1,2023-08,109996
23101,8624,517,58,8,0.5350423887490177,63,14,3,0,1,2023-05,109997
26692,4264,535,53,2,0.2767275060535889,58,13,4,0,0,2023-05,109998
12407,3855,628,10,0,0.9412093971112638,47,24,5,0,0,2023-05,109999
22254,7025,500,32,6,0.8750198781753584,45,2,8,0,1,2023-06,110000
